-- MySQL dump 10.13  Distrib 5.1.43, for debian-linux-gnu (i486)
--
-- Host: localhost    Database: mondelli
-- ------------------------------------------------------
-- Server version	5.1.43-1

/*!40101 SET @OLD_CHARACTER_SET_CLIENT=@@CHARACTER_SET_CLIENT */;
/*!40101 SET @OLD_CHARACTER_SET_RESULTS=@@CHARACTER_SET_RESULTS */;
/*!40101 SET @OLD_COLLATION_CONNECTION=@@COLLATION_CONNECTION */;
/*!40101 SET NAMES utf8 */;
/*!40103 SET @OLD_TIME_ZONE=@@TIME_ZONE */;
/*!40103 SET TIME_ZONE='+00:00' */;
/*!40014 SET @OLD_UNIQUE_CHECKS=@@UNIQUE_CHECKS, UNIQUE_CHECKS=0 */;
/*!40014 SET @OLD_FOREIGN_KEY_CHECKS=@@FOREIGN_KEY_CHECKS, FOREIGN_KEY_CHECKS=0 */;
/*!40101 SET @OLD_SQL_MODE=@@SQL_MODE, SQL_MODE='NO_AUTO_VALUE_ON_ZERO' */;
/*!40111 SET @OLD_SQL_NOTES=@@SQL_NOTES, SQL_NOTES=0 */;

--
-- Table structure for table `ezapprove_items`
--

DROP TABLE IF EXISTS `ezapprove_items`;
/*!40101 SET @saved_cs_client     = @@character_set_client */;
/*!40101 SET character_set_client = utf8 */;
CREATE TABLE `ezapprove_items` (
  `collaboration_id` int(11) NOT NULL DEFAULT '0',
  `id` int(11) NOT NULL AUTO_INCREMENT,
  `workflow_process_id` int(11) NOT NULL DEFAULT '0',
  PRIMARY KEY (`id`)
) ENGINE=InnoDB DEFAULT CHARSET=utf8;
/*!40101 SET character_set_client = @saved_cs_client */;

--
-- Dumping data for table `ezapprove_items`
--

LOCK TABLES `ezapprove_items` WRITE;
/*!40000 ALTER TABLE `ezapprove_items` DISABLE KEYS */;
/*!40000 ALTER TABLE `ezapprove_items` ENABLE KEYS */;
UNLOCK TABLES;

--
-- Table structure for table `ezbasket`
--

DROP TABLE IF EXISTS `ezbasket`;
/*!40101 SET @saved_cs_client     = @@character_set_client */;
/*!40101 SET character_set_client = utf8 */;
CREATE TABLE `ezbasket` (
  `id` int(11) NOT NULL AUTO_INCREMENT,
  `order_id` int(11) NOT NULL DEFAULT '0',
  `productcollection_id` int(11) NOT NULL DEFAULT '0',
  `session_id` varchar(255) NOT NULL DEFAULT '',
  PRIMARY KEY (`id`),
  KEY `ezbasket_session_id` (`session_id`)
) ENGINE=InnoDB DEFAULT CHARSET=utf8;
/*!40101 SET character_set_client = @saved_cs_client */;

--
-- Dumping data for table `ezbasket`
--

LOCK TABLES `ezbasket` WRITE;
/*!40000 ALTER TABLE `ezbasket` DISABLE KEYS */;
/*!40000 ALTER TABLE `ezbasket` ENABLE KEYS */;
UNLOCK TABLES;

--
-- Table structure for table `ezbinaryfile`
--

DROP TABLE IF EXISTS `ezbinaryfile`;
/*!40101 SET @saved_cs_client     = @@character_set_client */;
/*!40101 SET character_set_client = utf8 */;
CREATE TABLE `ezbinaryfile` (
  `contentobject_attribute_id` int(11) NOT NULL DEFAULT '0',
  `download_count` int(11) NOT NULL DEFAULT '0',
  `filename` varchar(255) NOT NULL DEFAULT '',
  `mime_type` varchar(255) NOT NULL DEFAULT '',
  `original_filename` varchar(255) NOT NULL DEFAULT '',
  `version` int(11) NOT NULL DEFAULT '0',
  PRIMARY KEY (`contentobject_attribute_id`,`version`)
) ENGINE=InnoDB DEFAULT CHARSET=utf8;
/*!40101 SET character_set_client = @saved_cs_client */;

--
-- Dumping data for table `ezbinaryfile`
--

LOCK TABLES `ezbinaryfile` WRITE;
/*!40000 ALTER TABLE `ezbinaryfile` DISABLE KEYS */;
/*!40000 ALTER TABLE `ezbinaryfile` ENABLE KEYS */;
UNLOCK TABLES;

--
-- Table structure for table `ezcobj_state`
--

DROP TABLE IF EXISTS `ezcobj_state`;
/*!40101 SET @saved_cs_client     = @@character_set_client */;
/*!40101 SET character_set_client = utf8 */;
CREATE TABLE `ezcobj_state` (
  `default_language_id` int(11) NOT NULL DEFAULT '0',
  `group_id` int(11) NOT NULL DEFAULT '0',
  `id` int(11) NOT NULL AUTO_INCREMENT,
  `identifier` varchar(45) NOT NULL DEFAULT '',
  `language_mask` int(11) NOT NULL DEFAULT '0',
  `priority` int(11) NOT NULL DEFAULT '0',
  PRIMARY KEY (`id`),
  UNIQUE KEY `ezcobj_state_identifier` (`group_id`,`identifier`),
  KEY `ezcobj_state_lmask` (`language_mask`),
  KEY `ezcobj_state_priority` (`priority`)
) ENGINE=InnoDB AUTO_INCREMENT=3 DEFAULT CHARSET=utf8;
/*!40101 SET character_set_client = @saved_cs_client */;

--
-- Dumping data for table `ezcobj_state`
--

LOCK TABLES `ezcobj_state` WRITE;
/*!40000 ALTER TABLE `ezcobj_state` DISABLE KEYS */;
INSERT INTO `ezcobj_state` VALUES (2,2,1,'not_locked',3,0),(2,2,2,'locked',3,1);
/*!40000 ALTER TABLE `ezcobj_state` ENABLE KEYS */;
UNLOCK TABLES;

--
-- Table structure for table `ezcobj_state_group`
--

DROP TABLE IF EXISTS `ezcobj_state_group`;
/*!40101 SET @saved_cs_client     = @@character_set_client */;
/*!40101 SET character_set_client = utf8 */;
CREATE TABLE `ezcobj_state_group` (
  `default_language_id` int(11) NOT NULL DEFAULT '0',
  `id` int(11) NOT NULL AUTO_INCREMENT,
  `identifier` varchar(45) NOT NULL DEFAULT '',
  `language_mask` int(11) NOT NULL DEFAULT '0',
  PRIMARY KEY (`id`),
  UNIQUE KEY `ezcobj_state_group_identifier` (`identifier`),
  KEY `ezcobj_state_group_lmask` (`language_mask`)
) ENGINE=InnoDB AUTO_INCREMENT=3 DEFAULT CHARSET=utf8;
/*!40101 SET character_set_client = @saved_cs_client */;

--
-- Dumping data for table `ezcobj_state_group`
--

LOCK TABLES `ezcobj_state_group` WRITE;
/*!40000 ALTER TABLE `ezcobj_state_group` DISABLE KEYS */;
INSERT INTO `ezcobj_state_group` VALUES (2,2,'ez_lock',3);
/*!40000 ALTER TABLE `ezcobj_state_group` ENABLE KEYS */;
UNLOCK TABLES;

--
-- Table structure for table `ezcobj_state_group_language`
--

DROP TABLE IF EXISTS `ezcobj_state_group_language`;
/*!40101 SET @saved_cs_client     = @@character_set_client */;
/*!40101 SET character_set_client = utf8 */;
CREATE TABLE `ezcobj_state_group_language` (
  `contentobject_state_group_id` int(11) NOT NULL DEFAULT '0',
  `description` longtext NOT NULL,
  `language_id` int(11) NOT NULL DEFAULT '0',
  `name` varchar(45) NOT NULL DEFAULT '',
  PRIMARY KEY (`contentobject_state_group_id`,`language_id`)
) ENGINE=InnoDB DEFAULT CHARSET=utf8;
/*!40101 SET character_set_client = @saved_cs_client */;

--
-- Dumping data for table `ezcobj_state_group_language`
--

LOCK TABLES `ezcobj_state_group_language` WRITE;
/*!40000 ALTER TABLE `ezcobj_state_group_language` DISABLE KEYS */;
INSERT INTO `ezcobj_state_group_language` VALUES (2,'',3,'Lock');
/*!40000 ALTER TABLE `ezcobj_state_group_language` ENABLE KEYS */;
UNLOCK TABLES;

--
-- Table structure for table `ezcobj_state_language`
--

DROP TABLE IF EXISTS `ezcobj_state_language`;
/*!40101 SET @saved_cs_client     = @@character_set_client */;
/*!40101 SET character_set_client = utf8 */;
CREATE TABLE `ezcobj_state_language` (
  `contentobject_state_id` int(11) NOT NULL DEFAULT '0',
  `description` longtext NOT NULL,
  `language_id` int(11) NOT NULL DEFAULT '0',
  `name` varchar(45) NOT NULL DEFAULT '',
  PRIMARY KEY (`contentobject_state_id`,`language_id`)
) ENGINE=InnoDB DEFAULT CHARSET=utf8;
/*!40101 SET character_set_client = @saved_cs_client */;

--
-- Dumping data for table `ezcobj_state_language`
--

LOCK TABLES `ezcobj_state_language` WRITE;
/*!40000 ALTER TABLE `ezcobj_state_language` DISABLE KEYS */;
INSERT INTO `ezcobj_state_language` VALUES (1,'',3,'Not locked'),(2,'',3,'Locked');
/*!40000 ALTER TABLE `ezcobj_state_language` ENABLE KEYS */;
UNLOCK TABLES;

--
-- Table structure for table `ezcobj_state_link`
--

DROP TABLE IF EXISTS `ezcobj_state_link`;
/*!40101 SET @saved_cs_client     = @@character_set_client */;
/*!40101 SET character_set_client = utf8 */;
CREATE TABLE `ezcobj_state_link` (
  `contentobject_id` int(11) NOT NULL DEFAULT '0',
  `contentobject_state_id` int(11) NOT NULL DEFAULT '0',
  PRIMARY KEY (`contentobject_id`,`contentobject_state_id`)
) ENGINE=InnoDB DEFAULT CHARSET=utf8;
/*!40101 SET character_set_client = @saved_cs_client */;

--
-- Dumping data for table `ezcobj_state_link`
--

LOCK TABLES `ezcobj_state_link` WRITE;
/*!40000 ALTER TABLE `ezcobj_state_link` DISABLE KEYS */;
INSERT INTO `ezcobj_state_link` VALUES (4,1),(10,1),(11,1),(12,1),(13,1),(14,1),(41,1),(42,1),(45,1),(49,1),(50,1),(51,1),(52,1),(54,1),(56,1),(57,1),(58,1),(59,1),(61,1),(62,1),(63,1),(64,1),(65,1),(66,1),(67,1),(68,1),(69,1),(70,1),(71,1),(72,1),(73,1),(74,1),(109,1),(110,1),(112,1),(113,1),(114,1),(115,1),(134,1),(135,1),(136,1),(137,1),(138,1),(139,1),(140,1),(141,1),(142,1),(143,1),(144,1),(145,1),(146,1),(147,1),(148,1),(149,1),(150,1),(157,1),(165,1),(166,1),(167,1),(169,1),(170,1),(171,1),(205,1),(249,1),(261,1),(262,1),(263,1),(267,1),(268,1),(269,1),(270,1),(271,1),(272,1),(273,1),(274,1),(275,1),(276,1),(277,1),(278,1),(279,1);
/*!40000 ALTER TABLE `ezcobj_state_link` ENABLE KEYS */;
UNLOCK TABLES;

--
-- Table structure for table `ezcollab_group`
--

DROP TABLE IF EXISTS `ezcollab_group`;
/*!40101 SET @saved_cs_client     = @@character_set_client */;
/*!40101 SET character_set_client = utf8 */;
CREATE TABLE `ezcollab_group` (
  `created` int(11) NOT NULL DEFAULT '0',
  `depth` int(11) NOT NULL DEFAULT '0',
  `id` int(11) NOT NULL AUTO_INCREMENT,
  `is_open` int(11) NOT NULL DEFAULT '1',
  `modified` int(11) NOT NULL DEFAULT '0',
  `parent_group_id` int(11) NOT NULL DEFAULT '0',
  `path_string` varchar(255) NOT NULL DEFAULT '',
  `priority` int(11) NOT NULL DEFAULT '0',
  `title` varchar(255) NOT NULL DEFAULT '',
  `user_id` int(11) NOT NULL DEFAULT '0',
  PRIMARY KEY (`id`),
  KEY `ezcollab_group_depth` (`depth`),
  KEY `ezcollab_group_path` (`path_string`)
) ENGINE=InnoDB DEFAULT CHARSET=utf8;
/*!40101 SET character_set_client = @saved_cs_client */;

--
-- Dumping data for table `ezcollab_group`
--

LOCK TABLES `ezcollab_group` WRITE;
/*!40000 ALTER TABLE `ezcollab_group` DISABLE KEYS */;
/*!40000 ALTER TABLE `ezcollab_group` ENABLE KEYS */;
UNLOCK TABLES;

--
-- Table structure for table `ezcollab_item`
--

DROP TABLE IF EXISTS `ezcollab_item`;
/*!40101 SET @saved_cs_client     = @@character_set_client */;
/*!40101 SET character_set_client = utf8 */;
CREATE TABLE `ezcollab_item` (
  `created` int(11) NOT NULL DEFAULT '0',
  `creator_id` int(11) NOT NULL DEFAULT '0',
  `data_float1` float NOT NULL DEFAULT '0',
  `data_float2` float NOT NULL DEFAULT '0',
  `data_float3` float NOT NULL DEFAULT '0',
  `data_int1` int(11) NOT NULL DEFAULT '0',
  `data_int2` int(11) NOT NULL DEFAULT '0',
  `data_int3` int(11) NOT NULL DEFAULT '0',
  `data_text1` longtext NOT NULL,
  `data_text2` longtext NOT NULL,
  `data_text3` longtext NOT NULL,
  `id` int(11) NOT NULL AUTO_INCREMENT,
  `modified` int(11) NOT NULL DEFAULT '0',
  `status` int(11) NOT NULL DEFAULT '1',
  `type_identifier` varchar(40) NOT NULL DEFAULT '',
  PRIMARY KEY (`id`)
) ENGINE=InnoDB DEFAULT CHARSET=utf8;
/*!40101 SET character_set_client = @saved_cs_client */;

--
-- Dumping data for table `ezcollab_item`
--

LOCK TABLES `ezcollab_item` WRITE;
/*!40000 ALTER TABLE `ezcollab_item` DISABLE KEYS */;
/*!40000 ALTER TABLE `ezcollab_item` ENABLE KEYS */;
UNLOCK TABLES;

--
-- Table structure for table `ezcollab_item_group_link`
--

DROP TABLE IF EXISTS `ezcollab_item_group_link`;
/*!40101 SET @saved_cs_client     = @@character_set_client */;
/*!40101 SET character_set_client = utf8 */;
CREATE TABLE `ezcollab_item_group_link` (
  `collaboration_id` int(11) NOT NULL DEFAULT '0',
  `created` int(11) NOT NULL DEFAULT '0',
  `group_id` int(11) NOT NULL DEFAULT '0',
  `is_active` int(11) NOT NULL DEFAULT '1',
  `is_read` int(11) NOT NULL DEFAULT '0',
  `last_read` int(11) NOT NULL DEFAULT '0',
  `modified` int(11) NOT NULL DEFAULT '0',
  `user_id` int(11) NOT NULL DEFAULT '0',
  PRIMARY KEY (`collaboration_id`,`group_id`,`user_id`)
) ENGINE=InnoDB DEFAULT CHARSET=utf8;
/*!40101 SET character_set_client = @saved_cs_client */;

--
-- Dumping data for table `ezcollab_item_group_link`
--

LOCK TABLES `ezcollab_item_group_link` WRITE;
/*!40000 ALTER TABLE `ezcollab_item_group_link` DISABLE KEYS */;
/*!40000 ALTER TABLE `ezcollab_item_group_link` ENABLE KEYS */;
UNLOCK TABLES;

--
-- Table structure for table `ezcollab_item_message_link`
--

DROP TABLE IF EXISTS `ezcollab_item_message_link`;
/*!40101 SET @saved_cs_client     = @@character_set_client */;
/*!40101 SET character_set_client = utf8 */;
CREATE TABLE `ezcollab_item_message_link` (
  `collaboration_id` int(11) NOT NULL DEFAULT '0',
  `created` int(11) NOT NULL DEFAULT '0',
  `id` int(11) NOT NULL AUTO_INCREMENT,
  `message_id` int(11) NOT NULL DEFAULT '0',
  `message_type` int(11) NOT NULL DEFAULT '0',
  `modified` int(11) NOT NULL DEFAULT '0',
  `participant_id` int(11) NOT NULL DEFAULT '0',
  PRIMARY KEY (`id`)
) ENGINE=InnoDB DEFAULT CHARSET=utf8;
/*!40101 SET character_set_client = @saved_cs_client */;

--
-- Dumping data for table `ezcollab_item_message_link`
--

LOCK TABLES `ezcollab_item_message_link` WRITE;
/*!40000 ALTER TABLE `ezcollab_item_message_link` DISABLE KEYS */;
/*!40000 ALTER TABLE `ezcollab_item_message_link` ENABLE KEYS */;
UNLOCK TABLES;

--
-- Table structure for table `ezcollab_item_participant_link`
--

DROP TABLE IF EXISTS `ezcollab_item_participant_link`;
/*!40101 SET @saved_cs_client     = @@character_set_client */;
/*!40101 SET character_set_client = utf8 */;
CREATE TABLE `ezcollab_item_participant_link` (
  `collaboration_id` int(11) NOT NULL DEFAULT '0',
  `created` int(11) NOT NULL DEFAULT '0',
  `is_active` int(11) NOT NULL DEFAULT '1',
  `is_read` int(11) NOT NULL DEFAULT '0',
  `last_read` int(11) NOT NULL DEFAULT '0',
  `modified` int(11) NOT NULL DEFAULT '0',
  `participant_id` int(11) NOT NULL DEFAULT '0',
  `participant_role` int(11) NOT NULL DEFAULT '1',
  `participant_type` int(11) NOT NULL DEFAULT '1',
  PRIMARY KEY (`collaboration_id`,`participant_id`)
) ENGINE=InnoDB DEFAULT CHARSET=utf8;
/*!40101 SET character_set_client = @saved_cs_client */;

--
-- Dumping data for table `ezcollab_item_participant_link`
--

LOCK TABLES `ezcollab_item_participant_link` WRITE;
/*!40000 ALTER TABLE `ezcollab_item_participant_link` DISABLE KEYS */;
/*!40000 ALTER TABLE `ezcollab_item_participant_link` ENABLE KEYS */;
UNLOCK TABLES;

--
-- Table structure for table `ezcollab_item_status`
--

DROP TABLE IF EXISTS `ezcollab_item_status`;
/*!40101 SET @saved_cs_client     = @@character_set_client */;
/*!40101 SET character_set_client = utf8 */;
CREATE TABLE `ezcollab_item_status` (
  `collaboration_id` int(11) NOT NULL DEFAULT '0',
  `is_active` int(11) NOT NULL DEFAULT '1',
  `is_read` int(11) NOT NULL DEFAULT '0',
  `last_read` int(11) NOT NULL DEFAULT '0',
  `user_id` int(11) NOT NULL DEFAULT '0',
  PRIMARY KEY (`collaboration_id`,`user_id`)
) ENGINE=InnoDB DEFAULT CHARSET=utf8;
/*!40101 SET character_set_client = @saved_cs_client */;

--
-- Dumping data for table `ezcollab_item_status`
--

LOCK TABLES `ezcollab_item_status` WRITE;
/*!40000 ALTER TABLE `ezcollab_item_status` DISABLE KEYS */;
/*!40000 ALTER TABLE `ezcollab_item_status` ENABLE KEYS */;
UNLOCK TABLES;

--
-- Table structure for table `ezcollab_notification_rule`
--

DROP TABLE IF EXISTS `ezcollab_notification_rule`;
/*!40101 SET @saved_cs_client     = @@character_set_client */;
/*!40101 SET character_set_client = utf8 */;
CREATE TABLE `ezcollab_notification_rule` (
  `collab_identifier` varchar(255) NOT NULL DEFAULT '',
  `id` int(11) NOT NULL AUTO_INCREMENT,
  `user_id` varchar(255) NOT NULL DEFAULT '',
  PRIMARY KEY (`id`)
) ENGINE=InnoDB DEFAULT CHARSET=utf8;
/*!40101 SET character_set_client = @saved_cs_client */;

--
-- Dumping data for table `ezcollab_notification_rule`
--

LOCK TABLES `ezcollab_notification_rule` WRITE;
/*!40000 ALTER TABLE `ezcollab_notification_rule` DISABLE KEYS */;
/*!40000 ALTER TABLE `ezcollab_notification_rule` ENABLE KEYS */;
UNLOCK TABLES;

--
-- Table structure for table `ezcollab_profile`
--

DROP TABLE IF EXISTS `ezcollab_profile`;
/*!40101 SET @saved_cs_client     = @@character_set_client */;
/*!40101 SET character_set_client = utf8 */;
CREATE TABLE `ezcollab_profile` (
  `created` int(11) NOT NULL DEFAULT '0',
  `data_text1` longtext NOT NULL,
  `id` int(11) NOT NULL AUTO_INCREMENT,
  `main_group` int(11) NOT NULL DEFAULT '0',
  `modified` int(11) NOT NULL DEFAULT '0',
  `user_id` int(11) NOT NULL DEFAULT '0',
  PRIMARY KEY (`id`)
) ENGINE=InnoDB DEFAULT CHARSET=utf8;
/*!40101 SET character_set_client = @saved_cs_client */;

--
-- Dumping data for table `ezcollab_profile`
--

LOCK TABLES `ezcollab_profile` WRITE;
/*!40000 ALTER TABLE `ezcollab_profile` DISABLE KEYS */;
/*!40000 ALTER TABLE `ezcollab_profile` ENABLE KEYS */;
UNLOCK TABLES;

--
-- Table structure for table `ezcollab_simple_message`
--

DROP TABLE IF EXISTS `ezcollab_simple_message`;
/*!40101 SET @saved_cs_client     = @@character_set_client */;
/*!40101 SET character_set_client = utf8 */;
CREATE TABLE `ezcollab_simple_message` (
  `created` int(11) NOT NULL DEFAULT '0',
  `creator_id` int(11) NOT NULL DEFAULT '0',
  `data_float1` float NOT NULL DEFAULT '0',
  `data_float2` float NOT NULL DEFAULT '0',
  `data_float3` float NOT NULL DEFAULT '0',
  `data_int1` int(11) NOT NULL DEFAULT '0',
  `data_int2` int(11) NOT NULL DEFAULT '0',
  `data_int3` int(11) NOT NULL DEFAULT '0',
  `data_text1` longtext NOT NULL,
  `data_text2` longtext NOT NULL,
  `data_text3` longtext NOT NULL,
  `id` int(11) NOT NULL AUTO_INCREMENT,
  `message_type` varchar(40) NOT NULL DEFAULT '',
  `modified` int(11) NOT NULL DEFAULT '0',
  PRIMARY KEY (`id`)
) ENGINE=InnoDB DEFAULT CHARSET=utf8;
/*!40101 SET character_set_client = @saved_cs_client */;

--
-- Dumping data for table `ezcollab_simple_message`
--

LOCK TABLES `ezcollab_simple_message` WRITE;
/*!40000 ALTER TABLE `ezcollab_simple_message` DISABLE KEYS */;
/*!40000 ALTER TABLE `ezcollab_simple_message` ENABLE KEYS */;
UNLOCK TABLES;

--
-- Table structure for table `ezcomment`
--

DROP TABLE IF EXISTS `ezcomment`;
/*!40101 SET @saved_cs_client     = @@character_set_client */;
/*!40101 SET character_set_client = utf8 */;
CREATE TABLE `ezcomment` (
  `id` int(11) NOT NULL AUTO_INCREMENT,
  `language_id` int(11) NOT NULL,
  `created` int(11) NOT NULL,
  `modified` int(11) NOT NULL,
  `user_id` int(11) NOT NULL,
  `session_key` varchar(32) NOT NULL,
  `ip` varchar(100) NOT NULL,
  `contentobject_id` int(11) NOT NULL,
  `parent_comment_id` int(11) NOT NULL DEFAULT '0',
  `name` varchar(255) NOT NULL,
  `email` varchar(75) NOT NULL,
  `url` varchar(255) NOT NULL,
  `text` text NOT NULL,
  `status` int(11) NOT NULL,
  `title` varchar(255) DEFAULT NULL,
  PRIMARY KEY (`id`),
  KEY `user_id_session_key_ip` (`user_id`,`session_key`,`ip`),
  KEY `content_parentcomment` (`contentobject_id`,`language_id`,`parent_comment_id`)
) ENGINE=InnoDB AUTO_INCREMENT=11 DEFAULT CHARSET=utf8;
/*!40101 SET character_set_client = @saved_cs_client */;

--
-- Dumping data for table `ezcomment`
--

LOCK TABLES `ezcomment` WRITE;
/*!40000 ALTER TABLE `ezcomment` DISABLE KEYS */;
INSERT INTO `ezcomment` VALUES (1,2,1270909680,1270909680,263,'020ad6ed139fd4893d911f5a8f4a5fe9','192.168.0.1',277,0,'enzo enzo','enzo@enzo.com','tete','etetwtwt',1,'Test'),(2,2,1270911024,1270911024,14,'a36eff98a734deeb54ad96407ade46e5','192.168.0.1',144,0,'Administrator User','mosarg@gmail.com','','dcdc',1,'Il commento molto sarcastico'),(3,2,1270912604,1270912604,14,'a36eff98a734deeb54ad96407ade46e5','192.168.0.1',144,0,'Administrator User','mosarg@gmail.com','','XML text for file extension/ezcomments/translations/ita-IT/translation.ts did not validate\r\n\r\nDebug: eZTSTranslator::loadTranslationFile: tried paths 	Apr 10 2010 17:13:57\r\n\r\nshare/translations/ita-IT/utf-8/translation.ts\r\nshare/translations/ita-IT/translation.ts\r\nextension/ezodf/translations/ita-IT/utf-8/translation.ts\r\nextension/ezodf/translations/ita-IT/translation.ts\r\nextension/ezoe/translations/ita-IT/utf-8/translation.ts\r\nextension/ezoe/translations/ita-IT/translation.ts\r\n',1,''),(4,2,1270920161,1270923068,14,'a36eff98a734deeb54ad96407ade46e5','192.168.0.1',144,0,'Administrator User','mosarg@gmail.com','','fdfdfDonec vel est urna. Cras ipsum sapien, dignissim eget auctor iaculis, tristique quis leo. Sed sed dolor lacus. Quisque fermentum dolor nisi, vitae dignissim risus. Aliquam viverra pharetra varius. Sed facilisis, nunc sed mattis pharetra, enim diam accumsan libero, in adipiscing ipsum orci at massa. Fusce metus erat, volutpat et pellentesque a, volutpat vitae mauris. In sit amet libero et quam viverra vestibulum. Cras pretium mattis nulla, ac ullamcorper felis cursus sit amet. Maecenas pellentesque, est ut tincidunt pulvinar, erat kkl sasas',1,'Il commento del diavolo'),(5,2,1270925333,1270925333,14,'a36eff98a734deeb54ad96407ade46e5','192.168.0.1',267,0,'Administrator User','mosarg@gmail.com','','Ano puzzone div.ezcom-comment-tooldiv.ezcom-comment-tooldiv.ezcom-comment-tooldiv.ezcom-comment-tooldiv.ezcom-comment-tool\r\ndiv.ezcom-comment-tool div.ezcom-comment-tool',1,'Il cane del culo'),(6,2,1270925363,1270925416,14,'a36eff98a734deeb54ad96407ade46e5','192.168.0.1',267,0,'Administrator User','mosarg@gmail.com','','effdf \r\n\r\nHe says that the company\'s big price cuts -- Buy One Get One offers for Verizon and the new pricing: $49.99 for a Palm Pre Plus with new 2 year contract, and $29.99 for the Palm Pixi Plus with new 2 year contract should boost sales.\r\n',1,'Culo ladrone'),(7,2,1271005189,1271005189,14,'050bf06a469b3651b6d92fd3520e0cc8','192.168.0.1',149,0,'Administrator User','mosarg@gmail.com','','Doh!',1,'Cazzo di cane'),(8,2,1271027810,1271027810,14,'bb29b6f19429c8962f1d0b91cf65739e','192.168.0.1',267,0,'Administrator User','mosarg@gmail.com','','fsdfsdf',1,'fdfdsf'),(9,2,1271073300,1271073300,263,'9e4dd8a7f437547a1f971c41258331c0','192.168.0.1',149,0,'enzo enzo','enzo@enzo.com','','hjhgjhgj',1,'gdfgdfg'),(10,2,1271073315,1271073315,263,'9e4dd8a7f437547a1f971c41258331c0','192.168.0.1',149,0,'enzo enzo','enzo@enzo.com','','hjhgjhgj',1,'gdfgdfg');
/*!40000 ALTER TABLE `ezcomment` ENABLE KEYS */;
UNLOCK TABLES;

--
-- Table structure for table `ezcomment_notification`
--

DROP TABLE IF EXISTS `ezcomment_notification`;
/*!40101 SET @saved_cs_client     = @@character_set_client */;
/*!40101 SET character_set_client = utf8 */;
CREATE TABLE `ezcomment_notification` (
  `id` int(11) NOT NULL AUTO_INCREMENT,
  `contentobject_id` int(11) NOT NULL,
  `language_id` int(11) NOT NULL,
  `send_time` int(11) NOT NULL DEFAULT '0',
  `status` int(11) NOT NULL DEFAULT '1',
  `comment_id` int(11) NOT NULL,
  PRIMARY KEY (`id`)
) ENGINE=InnoDB AUTO_INCREMENT=2 DEFAULT CHARSET=utf8;
/*!40101 SET character_set_client = @saved_cs_client */;

--
-- Dumping data for table `ezcomment_notification`
--

LOCK TABLES `ezcomment_notification` WRITE;
/*!40000 ALTER TABLE `ezcomment_notification` DISABLE KEYS */;
INSERT INTO `ezcomment_notification` VALUES (1,267,2,0,1,8);
/*!40000 ALTER TABLE `ezcomment_notification` ENABLE KEYS */;
UNLOCK TABLES;

--
-- Table structure for table `ezcomment_subscriber`
--

DROP TABLE IF EXISTS `ezcomment_subscriber`;
/*!40101 SET @saved_cs_client     = @@character_set_client */;
/*!40101 SET character_set_client = utf8 */;
CREATE TABLE `ezcomment_subscriber` (
  `id` int(11) NOT NULL AUTO_INCREMENT,
  `user_id` int(11) NOT NULL,
  `email` varchar(50) NOT NULL,
  `enabled` int(11) NOT NULL DEFAULT '1',
  `hash_string` varchar(50) DEFAULT NULL,
  PRIMARY KEY (`id`)
) ENGINE=InnoDB AUTO_INCREMENT=2 DEFAULT CHARSET=utf8;
/*!40101 SET character_set_client = @saved_cs_client */;

--
-- Dumping data for table `ezcomment_subscriber`
--

LOCK TABLES `ezcomment_subscriber` WRITE;
/*!40000 ALTER TABLE `ezcomment_subscriber` DISABLE KEYS */;
INSERT INTO `ezcomment_subscriber` VALUES (1,14,'mosarg@gmail.com',1,'');
/*!40000 ALTER TABLE `ezcomment_subscriber` ENABLE KEYS */;
UNLOCK TABLES;

--
-- Table structure for table `ezcomment_subscription`
--

DROP TABLE IF EXISTS `ezcomment_subscription`;
/*!40101 SET @saved_cs_client     = @@character_set_client */;
/*!40101 SET character_set_client = utf8 */;
CREATE TABLE `ezcomment_subscription` (
  `id` int(11) NOT NULL AUTO_INCREMENT,
  `user_id` int(11) NOT NULL,
  `subscriber_id` int(11) NOT NULL,
  `subscription_type` varchar(30) NOT NULL,
  `content_id` int(11) NOT NULL,
  `language_id` int(11) NOT NULL DEFAULT '0',
  `subscription_time` int(11) NOT NULL,
  `enabled` int(11) NOT NULL DEFAULT '1',
  `hash_string` varchar(50) DEFAULT NULL,
  PRIMARY KEY (`id`)
) ENGINE=InnoDB AUTO_INCREMENT=2 DEFAULT CHARSET=utf8;
/*!40101 SET character_set_client = @saved_cs_client */;

--
-- Dumping data for table `ezcomment_subscription`
--

LOCK TABLES `ezcomment_subscription` WRITE;
/*!40000 ALTER TABLE `ezcomment_subscription` DISABLE KEYS */;
INSERT INTO `ezcomment_subscription` VALUES (1,14,1,'ezcomcomment',267,2,1271027810,1,'');
/*!40000 ALTER TABLE `ezcomment_subscription` ENABLE KEYS */;
UNLOCK TABLES;

--
-- Table structure for table `ezcontent_language`
--

DROP TABLE IF EXISTS `ezcontent_language`;
/*!40101 SET @saved_cs_client     = @@character_set_client */;
/*!40101 SET character_set_client = utf8 */;
CREATE TABLE `ezcontent_language` (
  `disabled` int(11) NOT NULL DEFAULT '0',
  `id` int(11) NOT NULL DEFAULT '0',
  `locale` varchar(20) NOT NULL DEFAULT '',
  `name` varchar(255) NOT NULL DEFAULT '',
  PRIMARY KEY (`id`),
  KEY `ezcontent_language_name` (`name`)
) ENGINE=InnoDB DEFAULT CHARSET=utf8;
/*!40101 SET character_set_client = @saved_cs_client */;

--
-- Dumping data for table `ezcontent_language`
--

LOCK TABLES `ezcontent_language` WRITE;
/*!40000 ALTER TABLE `ezcontent_language` DISABLE KEYS */;
INSERT INTO `ezcontent_language` VALUES (0,2,'ita-IT','Italiano'),(0,4,'eng-GB','English (United Kingdom)');
/*!40000 ALTER TABLE `ezcontent_language` ENABLE KEYS */;
UNLOCK TABLES;

--
-- Table structure for table `ezcontentbrowsebookmark`
--

DROP TABLE IF EXISTS `ezcontentbrowsebookmark`;
/*!40101 SET @saved_cs_client     = @@character_set_client */;
/*!40101 SET character_set_client = utf8 */;
CREATE TABLE `ezcontentbrowsebookmark` (
  `id` int(11) NOT NULL AUTO_INCREMENT,
  `name` varchar(255) NOT NULL DEFAULT '',
  `node_id` int(11) NOT NULL DEFAULT '0',
  `user_id` int(11) NOT NULL DEFAULT '0',
  PRIMARY KEY (`id`),
  KEY `ezcontentbrowsebookmark_user` (`user_id`)
) ENGINE=InnoDB DEFAULT CHARSET=utf8;
/*!40101 SET character_set_client = @saved_cs_client */;

--
-- Dumping data for table `ezcontentbrowsebookmark`
--

LOCK TABLES `ezcontentbrowsebookmark` WRITE;
/*!40000 ALTER TABLE `ezcontentbrowsebookmark` DISABLE KEYS */;
/*!40000 ALTER TABLE `ezcontentbrowsebookmark` ENABLE KEYS */;
UNLOCK TABLES;

--
-- Table structure for table `ezcontentbrowserecent`
--

DROP TABLE IF EXISTS `ezcontentbrowserecent`;
/*!40101 SET @saved_cs_client     = @@character_set_client */;
/*!40101 SET character_set_client = utf8 */;
CREATE TABLE `ezcontentbrowserecent` (
  `created` int(11) NOT NULL DEFAULT '0',
  `id` int(11) NOT NULL AUTO_INCREMENT,
  `name` varchar(255) NOT NULL DEFAULT '',
  `node_id` int(11) NOT NULL DEFAULT '0',
  `user_id` int(11) NOT NULL DEFAULT '0',
  PRIMARY KEY (`id`),
  KEY `ezcontentbrowserecent_user` (`user_id`)
) ENGINE=InnoDB AUTO_INCREMENT=20 DEFAULT CHARSET=utf8;
/*!40101 SET character_set_client = @saved_cs_client */;

--
-- Dumping data for table `ezcontentbrowserecent`
--

LOCK TABLES `ezcontentbrowserecent` WRITE;
/*!40000 ALTER TABLE `ezcontentbrowserecent` DISABLE KEYS */;
INSERT INTO `ezcontentbrowserecent` VALUES (1269451574,6,'Foto',61,14),(1270659786,7,'Calendario',66,14),(1270555683,8,'Images',51,14),(1269615345,9,'Cavalli',68,14),(1269884955,10,'Panini',69,14),(1269279650,13,'Arrosticini',134,14),(1269447232,14,'Zamponi',136,14),(1269451656,15,'Bomboloni',140,14),(1269599203,16,'Agnello',135,14),(1270820746,17,'Users',5,14),(1270820839,18,'Editor limitato',174,14),(1270908462,19,'Strane foto',150,263);
/*!40000 ALTER TABLE `ezcontentbrowserecent` ENABLE KEYS */;
UNLOCK TABLES;

--
-- Table structure for table `ezcontentclass`
--

DROP TABLE IF EXISTS `ezcontentclass`;
/*!40101 SET @saved_cs_client     = @@character_set_client */;
/*!40101 SET character_set_client = utf8 */;
CREATE TABLE `ezcontentclass` (
  `always_available` int(11) NOT NULL DEFAULT '0',
  `contentobject_name` varchar(255) DEFAULT NULL,
  `created` int(11) NOT NULL DEFAULT '0',
  `creator_id` int(11) NOT NULL DEFAULT '0',
  `id` int(11) NOT NULL AUTO_INCREMENT,
  `identifier` varchar(50) NOT NULL DEFAULT '',
  `initial_language_id` int(11) NOT NULL DEFAULT '0',
  `is_container` int(11) NOT NULL DEFAULT '0',
  `language_mask` int(11) NOT NULL DEFAULT '0',
  `modified` int(11) NOT NULL DEFAULT '0',
  `modifier_id` int(11) NOT NULL DEFAULT '0',
  `remote_id` varchar(100) NOT NULL DEFAULT '',
  `serialized_name_list` longtext,
  `sort_field` int(11) NOT NULL DEFAULT '1',
  `sort_order` int(11) NOT NULL DEFAULT '1',
  `url_alias_name` varchar(255) DEFAULT NULL,
  `version` int(11) NOT NULL DEFAULT '0',
  PRIMARY KEY (`id`,`version`),
  KEY `ezcontentclass_version` (`version`)
) ENGINE=InnoDB AUTO_INCREMENT=50 DEFAULT CHARSET=utf8;
/*!40101 SET character_set_client = @saved_cs_client */;

--
-- Dumping data for table `ezcontentclass`
--

LOCK TABLES `ezcontentclass` WRITE;
/*!40000 ALTER TABLE `ezcontentclass` DISABLE KEYS */;
INSERT INTO `ezcontentclass` VALUES (1,'<short_name|name>',1024392098,14,1,'folder',2,1,3,1270889622,14,'a3d405b81be900468eb153d774f4f0d2','a:2:{s:16:\"always-available\";s:6:\"ita-IT\";s:6:\"ita-IT\";s:11:\"Contenitore\";}',1,1,'',0),(1,'<name>',1024392098,14,3,'user_group',2,1,3,1048494743,14,'25b4268cdcd01921b808a0d854b877ef','a:2:{s:16:\"always-available\";s:6:\"ita-IT\";s:6:\"ita-IT\";s:10:\"User group\";}',1,1,'',0),(1,'<first_name> <last_name>',1024392098,14,4,'user',2,0,3,1271060689,14,'40faa822edc579b02c25f6bb7beec3ad','a:2:{s:16:\"always-available\";s:6:\"ita-IT\";s:6:\"ita-IT\";s:6:\"Utente\";}',1,1,'',0),(0,'<subject>',1052385685,14,13,'comment',2,0,3,1082455144,14,'000c14f4f475e9f2955dedab72799941','a:2:{s:16:\"always-available\";s:6:\"ita-IT\";s:6:\"ita-IT\";s:7:\"Comment\";}',1,1,'',0),(1,'<name>',1081858024,14,14,'common_ini_settings',2,0,3,1081858024,14,'ffedf2e73b1ea0c3e630e42e2db9c900','a:2:{s:16:\"always-available\";s:6:\"ita-IT\";s:6:\"ita-IT\";s:19:\"Common ini settings\";}',1,1,'',0),(1,'<title>',1081858045,14,15,'template_look',2,0,3,1081858045,14,'59b43cd9feaaf0e45ac974fb4bbd3f92','a:2:{s:16:\"always-available\";s:6:\"ita-IT\";s:6:\"ita-IT\";s:13:\"Template look\";}',1,1,'',0),(0,'<short_title|title>',1262689283,14,16,'article',4,1,7,1271078675,14,'c15b600eb9198b1924063b5a68758232','a:3:{s:6:\"eng-GB\";s:7:\"Article\";s:16:\"always-available\";s:6:\"eng-GB\";s:6:\"ita-IT\";s:8:\"Articolo\";}',1,1,'',0),(0,'<short_title|title>',1262689283,14,17,'article_mainpage',4,1,5,1262689283,14,'feaf24c0edae665e7ddaae1bc2b3fe5b','a:2:{s:6:\"eng-GB\";s:19:\"Article (main-page)\";s:16:\"always-available\";s:6:\"eng-GB\";}',1,1,'',0),(0,'<title|index_title>',1262689283,14,18,'article_subpage',4,0,5,1262689283,14,'68f305a18c76d9d03df36b810f290732','a:2:{s:6:\"eng-GB\";s:18:\"Article (sub-page)\";s:16:\"always-available\";s:6:\"eng-GB\";}',1,1,'',0),(0,'<name>',1262689283,14,19,'blog',4,1,5,1262689283,14,'3a6f9c1f075b3bf49d7345576b196fe8','a:2:{s:6:\"eng-GB\";s:4:\"Blog\";s:16:\"always-available\";s:6:\"eng-GB\";}',1,1,'',0),(0,'<title>',1262689283,14,20,'blog_post',4,1,5,1262689283,14,'7ecb961056b7cbb30f22a91357e0a007','a:2:{s:6:\"eng-GB\";s:9:\"Blog post\";s:16:\"always-available\";s:6:\"eng-GB\";}',1,1,'',0),(0,'<name>',1262689283,14,21,'product',4,0,5,1262689283,14,'77f3ede996a3a39c7159cc69189c5307','a:2:{s:6:\"eng-GB\";s:7:\"Product\";s:16:\"always-available\";s:6:\"eng-GB\";}',1,1,'',0),(0,'<name>',1262689284,14,22,'feedback_form',4,1,5,1262689284,14,'df0257b8fc55f6b8ab179d6fb915455e','a:2:{s:6:\"eng-GB\";s:13:\"Feedback form\";s:16:\"always-available\";s:6:\"eng-GB\";}',1,1,'',0),(0,'<name>',1262689284,14,23,'frontpage',4,1,5,1269452422,14,'e36c458e3e4a81298a0945f53a2c81f4','a:2:{s:6:\"eng-GB\";s:9:\"Frontpage\";s:16:\"always-available\";s:6:\"eng-GB\";}',1,1,'',0),(0,'<title>',1262689284,14,24,'documentation_page',4,1,5,1262689284,14,'d4a05eed0402e4d70fedfda2023f1aa2','a:2:{s:6:\"eng-GB\";s:18:\"Documentation page\";s:16:\"always-available\";s:6:\"eng-GB\";}',1,1,'',0),(0,'<header>',1262689284,14,25,'infobox',4,0,5,1262689284,14,'0b4e8accad5bec5ba2d430acb25c1ff6','a:2:{s:6:\"eng-GB\";s:7:\"Infobox\";s:16:\"always-available\";s:6:\"eng-GB\";}',1,1,'',0),(0,'<name>',1262689284,14,26,'multicalendar',4,0,5,1262689284,14,'99aec4e5682414517ed929ecd969439f','a:2:{s:6:\"eng-GB\";s:13:\"Multicalendar\";s:16:\"always-available\";s:6:\"eng-GB\";}',1,1,'',0),(0,'<name>',1262689284,14,27,'poll',4,0,5,1262689284,14,'232937a3a2eacbbf24e2601aebe16522','a:2:{s:6:\"eng-GB\";s:4:\"Poll\";s:16:\"always-available\";s:6:\"eng-GB\";}',1,1,'',0),(0,'<name>',1262689284,14,28,'file',4,0,5,1262689284,14,'637d58bfddf164627bdfd265733280a0','a:2:{s:6:\"eng-GB\";s:4:\"File\";s:16:\"always-available\";s:6:\"eng-GB\";}',1,1,'',0),(0,'<name>',1262689284,14,29,'flash',4,0,5,1262689284,14,'6cd17b98a41ee9355371a376e8868ee0','a:2:{s:6:\"eng-GB\";s:5:\"Flash\";s:16:\"always-available\";s:6:\"eng-GB\";}',1,1,'',0),(0,'<name>',1262689284,14,30,'flash_recorder',4,0,5,1262689284,14,'e349c947fd306299418be35b07b9a940','a:2:{s:6:\"eng-GB\";s:14:\"Flash recorder\";s:16:\"always-available\";s:6:\"eng-GB\";}',1,1,'',0),(0,'<name>',1262689284,14,31,'flash_player',4,0,5,1262689284,14,'20b2ed0982343e6e0a550f7f0c137e06','a:2:{s:6:\"eng-GB\";s:18:\"Video/Flash Player\";s:16:\"always-available\";s:6:\"eng-GB\";}',1,1,'',0),(0,'<name>',1262689284,14,32,'global_layout',4,0,5,1262689284,14,'f0271811b913befa8f062527e909f15e','a:2:{s:6:\"eng-GB\";s:13:\"Global layout\";s:16:\"always-available\";s:6:\"eng-GB\";}',1,1,'',0),(0,'<name>',1262689284,14,33,'image',4,0,7,1270909266,14,'f6df12aa74e36230eb675f364fccd25a','a:3:{s:6:\"eng-GB\";s:5:\"Image\";s:16:\"always-available\";s:6:\"eng-GB\";s:6:\"ita-IT\";s:8:\"Immagine\";}',1,1,'',0),(0,'<name>',1262689284,14,34,'link',4,0,5,1262689284,14,'74ec6507063150bc813549b22534ad48','a:2:{s:6:\"eng-GB\";s:4:\"Link\";s:16:\"always-available\";s:6:\"eng-GB\";}',1,1,'',0),(0,'<name>',1262689284,14,35,'quicktime',4,0,5,1262689284,14,'16d7b371979d6ba37894cc8dc306f38f','a:2:{s:6:\"eng-GB\";s:9:\"Quicktime\";s:16:\"always-available\";s:6:\"eng-GB\";}',1,1,'',0),(0,'<name>',1262689284,14,36,'windows_media',4,0,5,1262689284,14,'223dd2551e85b63b55a72d02363faab6','a:2:{s:6:\"eng-GB\";s:13:\"Windows media\";s:16:\"always-available\";s:6:\"eng-GB\";}',1,1,'',0),(0,'<name>',1262689284,14,37,'real_video',4,0,5,1262689284,14,'dba67bc20a4301aa04cc74e411310dfc','a:2:{s:6:\"eng-GB\";s:10:\"Real video\";s:16:\"always-available\";s:6:\"eng-GB\";}',1,1,'',0),(0,'<name>',1262689284,14,38,'gallery',4,1,7,1270889826,14,'6a320cdc3e274841b82fcd63a86f80d1','a:3:{s:6:\"eng-GB\";s:7:\"Gallery\";s:16:\"always-available\";s:6:\"eng-GB\";s:6:\"ita-IT\";s:8:\"Galleria\";}',1,1,'',0),(0,'<short_title|title>',1262689284,14,39,'geo_article',4,1,5,1262689284,14,'a98ae5ac95365b958b01fb88dfab3330','a:2:{s:6:\"eng-GB\";s:11:\"Geo Article\";s:16:\"always-available\";s:6:\"eng-GB\";}',1,1,'',0),(0,'<name>',1262689285,14,40,'forum',4,1,5,1262689285,14,'b241f924b96b267153f5f55904e0675a','a:2:{s:6:\"eng-GB\";s:5:\"Forum\";s:16:\"always-available\";s:6:\"eng-GB\";}',1,1,'',0),(0,'<subject>',1262689285,14,41,'forum_topic',4,1,5,1262689285,14,'71f99c516743a33562c3893ef98c9b60','a:2:{s:6:\"eng-GB\";s:11:\"Forum topic\";s:16:\"always-available\";s:6:\"eng-GB\";}',1,1,'',0),(0,'<subject>',1262689285,14,42,'forum_reply',4,0,5,1262689285,14,'80ee42a66b2b8b6ee15f5c5f4b361562','a:2:{s:6:\"eng-GB\";s:11:\"Forum reply\";s:16:\"always-available\";s:6:\"eng-GB\";}',1,1,'',0),(0,'<name>',1262689285,14,45,'banner',4,0,5,1262689285,14,'9cb558e25fd946246bbb32950c00228e','a:2:{s:6:\"eng-GB\";s:6:\"Banner\";s:16:\"always-available\";s:6:\"eng-GB\";}',1,1,'',0),(0,'<title>',1262689285,14,46,'forums',4,1,5,1262689285,14,'60a921e54c1efbb9456bd2283d9e66cb','a:2:{s:6:\"eng-GB\";s:6:\"Forums\";s:16:\"always-available\";s:6:\"eng-GB\";}',1,1,'',0),(0,'<name>',1262689285,14,47,'silverlight',4,0,5,1262689285,14,'8ab17aae77dd4f24b5a8e835784e96e7','a:2:{s:6:\"eng-GB\";s:11:\"Silverlight\";s:16:\"always-available\";s:6:\"eng-GB\";}',1,1,'',0),(0,'<short_title|title>',1263930248,14,48,'event_calendar',2,1,7,1269459801,14,'020cbeb6382c8c89dcec2cd406fb47a8','a:3:{s:6:\"eng-GB\";s:10:\"Calendario\";s:16:\"always-available\";s:6:\"ita-IT\";s:6:\"ita-IT\";s:10:\"Calendario\";}',1,1,'',0),(0,'<short_title|title>',1263930263,14,49,'event',2,0,7,1263930295,14,'563cb5edc2adfd2b240efa456c81525f','a:3:{s:6:\"eng-GB\";s:5:\"Event\";s:16:\"always-available\";s:6:\"ita-IT\";s:6:\"ita-IT\";s:6:\"Evento\";}',1,1,'',0);
/*!40000 ALTER TABLE `ezcontentclass` ENABLE KEYS */;
UNLOCK TABLES;

--
-- Table structure for table `ezcontentclass_attribute`
--

DROP TABLE IF EXISTS `ezcontentclass_attribute`;
/*!40101 SET @saved_cs_client     = @@character_set_client */;
/*!40101 SET character_set_client = utf8 */;
CREATE TABLE `ezcontentclass_attribute` (
  `can_translate` int(11) DEFAULT '1',
  `contentclass_id` int(11) NOT NULL DEFAULT '0',
  `data_float1` float DEFAULT NULL,
  `data_float2` float DEFAULT NULL,
  `data_float3` float DEFAULT NULL,
  `data_float4` float DEFAULT NULL,
  `data_int1` int(11) DEFAULT NULL,
  `data_int2` int(11) DEFAULT NULL,
  `data_int3` int(11) DEFAULT NULL,
  `data_int4` int(11) DEFAULT NULL,
  `data_text1` varchar(50) DEFAULT NULL,
  `data_text2` varchar(50) DEFAULT NULL,
  `data_text3` varchar(50) DEFAULT NULL,
  `data_text4` varchar(255) DEFAULT NULL,
  `data_text5` longtext,
  `data_type_string` varchar(50) NOT NULL DEFAULT '',
  `id` int(11) NOT NULL AUTO_INCREMENT,
  `identifier` varchar(50) NOT NULL DEFAULT '',
  `is_information_collector` int(11) NOT NULL DEFAULT '0',
  `is_required` int(11) NOT NULL DEFAULT '0',
  `is_searchable` int(11) NOT NULL DEFAULT '0',
  `placement` int(11) NOT NULL DEFAULT '0',
  `serialized_name_list` longtext NOT NULL,
  `version` int(11) NOT NULL DEFAULT '0',
  PRIMARY KEY (`id`,`version`),
  KEY `ezcontentclass_attr_ccid` (`contentclass_id`)
) ENGINE=InnoDB AUTO_INCREMENT=372 DEFAULT CHARSET=utf8;
/*!40101 SET character_set_client = @saved_cs_client */;

--
-- Dumping data for table `ezcontentclass_attribute`
--

LOCK TABLES `ezcontentclass_attribute` WRITE;
/*!40000 ALTER TABLE `ezcontentclass_attribute` DISABLE KEYS */;
INSERT INTO `ezcontentclass_attribute` VALUES (1,1,0,0,0,0,255,0,0,0,'Folder','','','','','ezstring',4,'name',0,1,1,1,'a:2:{s:16:\"always-available\";s:6:\"ita-IT\";s:6:\"ita-IT\";s:4:\"Nome\";}',0),(1,3,0,0,0,0,255,0,0,0,'','','','','','ezstring',6,'name',0,1,1,1,'a:2:{s:16:\"always-available\";s:6:\"ita-IT\";s:6:\"ita-IT\";s:4:\"Name\";}',0),(1,3,0,0,0,0,255,0,0,0,'','','','','','ezstring',7,'description',0,0,1,2,'a:2:{s:16:\"always-available\";s:6:\"ita-IT\";s:6:\"ita-IT\";s:11:\"Description\";}',0),(1,4,0,0,0,0,255,0,0,0,'','','','','','ezstring',8,'first_name',0,1,1,1,'a:2:{s:16:\"always-available\";s:6:\"ita-IT\";s:6:\"ita-IT\";s:4:\"Nome\";}',0),(1,4,0,0,0,0,255,0,0,0,'','','','','','ezstring',9,'last_name',0,1,1,2,'a:2:{s:16:\"always-available\";s:6:\"ita-IT\";s:6:\"ita-IT\";s:7:\"Cognome\";}',0),(1,4,0,0,0,0,0,0,0,0,'','','','','','ezuser',12,'user_account',0,1,1,3,'a:2:{s:16:\"always-available\";s:6:\"ita-IT\";s:6:\"ita-IT\";s:14:\"Account Utente\";}',0),(1,1,0,0,0,0,5,0,0,0,'','','','','','ezxmltext',119,'short_description',0,0,1,3,'a:2:{s:16:\"always-available\";s:6:\"ita-IT\";s:6:\"ita-IT\";s:8:\"Sommario\";}',0),(1,13,0,0,0,0,100,0,0,0,'','','','','','ezstring',149,'subject',0,1,1,1,'a:2:{s:16:\"always-available\";s:6:\"ita-IT\";s:6:\"ita-IT\";s:7:\"Subject\";}',0),(1,13,0,0,0,0,0,0,0,0,'','','','','','ezstring',150,'author',0,1,1,2,'a:2:{s:16:\"always-available\";s:6:\"ita-IT\";s:6:\"ita-IT\";s:6:\"Author\";}',0),(1,13,0,0,0,0,20,0,0,0,'','','','','','eztext',151,'message',0,1,1,3,'a:2:{s:16:\"always-available\";s:6:\"ita-IT\";s:6:\"ita-IT\";s:7:\"Message\";}',0),(1,1,0,0,0,0,100,0,0,0,'','','','','','ezstring',155,'short_name',0,0,1,2,'a:2:{s:16:\"always-available\";s:6:\"ita-IT\";s:6:\"ita-IT\";s:10:\"Nome Breve\";}',0),(1,1,0,0,0,0,20,0,0,0,'','','','','','ezxmltext',156,'description',0,0,1,4,'a:2:{s:16:\"always-available\";s:6:\"ita-IT\";s:6:\"ita-IT\";s:10:\"Decrizione\";}',0),(0,1,0,0,0,0,0,0,1,0,'','','','','','ezboolean',158,'show_children',0,0,0,5,'a:2:{s:16:\"always-available\";s:6:\"ita-IT\";s:6:\"ita-IT\";s:21:\"Mostra sotto elementi\";}',0),(1,14,0,0,0,0,0,0,0,0,'','','','','','ezstring',159,'name',0,0,1,1,'a:2:{s:16:\"always-available\";s:6:\"ita-IT\";s:6:\"ita-IT\";s:4:\"Name\";}',0),(1,14,0,0,0,0,1,0,0,0,'site.ini','SiteSettings','IndexPage','','override;user;admin;demo','ezinisetting',160,'indexpage',0,0,0,2,'a:2:{s:16:\"always-available\";s:6:\"ita-IT\";s:6:\"ita-IT\";s:10:\"Index Page\";}',0),(1,14,0,0,0,0,1,0,0,0,'site.ini','SiteSettings','DefaultPage','','override;user;admin;demo','ezinisetting',161,'defaultpage',0,0,0,3,'a:2:{s:16:\"always-available\";s:6:\"ita-IT\";s:6:\"ita-IT\";s:12:\"Default Page\";}',0),(1,14,0,0,0,0,2,0,0,0,'site.ini','DebugSettings','DebugOutput','','override;user;admin;demo','ezinisetting',162,'debugoutput',0,0,0,4,'a:2:{s:16:\"always-available\";s:6:\"ita-IT\";s:6:\"ita-IT\";s:12:\"Debug Output\";}',0),(1,14,0,0,0,0,2,0,0,0,'site.ini','DebugSettings','DebugByIP','','override;user;admin;demo','ezinisetting',163,'debugbyip',0,0,0,5,'a:2:{s:16:\"always-available\";s:6:\"ita-IT\";s:6:\"ita-IT\";s:11:\"Debug By IP\";}',0),(1,14,0,0,0,0,6,0,0,0,'site.ini','DebugSettings','DebugIPList','','override;user;admin;demo','ezinisetting',164,'debugiplist',0,0,0,6,'a:2:{s:16:\"always-available\";s:6:\"ita-IT\";s:6:\"ita-IT\";s:13:\"Debug IP List\";}',0),(1,14,0,0,0,0,2,0,0,0,'site.ini','DebugSettings','DebugRedirection','','override;user;admin;demo','ezinisetting',165,'debugredirection',0,0,0,7,'a:2:{s:16:\"always-available\";s:6:\"ita-IT\";s:6:\"ita-IT\";s:17:\"Debug Redirection\";}',0),(1,14,0,0,0,0,2,0,0,0,'site.ini','ContentSettings','ViewCaching','','override;user;admin;demo','ezinisetting',166,'viewcaching',0,0,0,8,'a:2:{s:16:\"always-available\";s:6:\"ita-IT\";s:6:\"ita-IT\";s:12:\"View Caching\";}',0),(1,14,0,0,0,0,2,0,0,0,'site.ini','TemplateSettings','TemplateCache','','override;user;admin;demo','ezinisetting',167,'templatecache',0,0,0,9,'a:2:{s:16:\"always-available\";s:6:\"ita-IT\";s:6:\"ita-IT\";s:14:\"Template Cache\";}',0),(1,14,0,0,0,0,2,0,0,0,'site.ini','TemplateSettings','TemplateCompile','','override;user;admin;demo','ezinisetting',168,'templatecompile',0,0,0,10,'a:2:{s:16:\"always-available\";s:6:\"ita-IT\";s:6:\"ita-IT\";s:16:\"Template Compile\";}',0),(1,14,0,0,0,0,6,0,0,0,'image.ini','small','Filters','','override;user;admin;demo','ezinisetting',169,'imagesmall',0,0,0,11,'a:2:{s:16:\"always-available\";s:6:\"ita-IT\";s:6:\"ita-IT\";s:16:\"Image Small Size\";}',0),(1,14,0,0,0,0,6,0,0,0,'image.ini','medium','Filters','','override;user;admin;demo','ezinisetting',170,'imagemedium',0,0,0,12,'a:2:{s:16:\"always-available\";s:6:\"ita-IT\";s:6:\"ita-IT\";s:17:\"Image Medium Size\";}',0),(1,14,0,0,0,0,6,0,0,0,'image.ini','large','Filters','','override;user;admin;demo','ezinisetting',171,'imagelarge',0,0,0,13,'a:2:{s:16:\"always-available\";s:6:\"ita-IT\";s:6:\"ita-IT\";s:16:\"Image Large Size\";}',0),(1,15,0,0,0,0,1,0,0,0,'site.ini','SiteSettings','SiteName','','override;user;admin;demo','ezinisetting',172,'title',0,0,0,1,'a:2:{s:16:\"always-available\";s:6:\"ita-IT\";s:6:\"ita-IT\";s:5:\"Title\";}',0),(1,15,0,0,0,0,6,0,0,0,'site.ini','SiteSettings','MetaDataArray','','override;user;admin;demo','ezinisetting',173,'meta_data',0,0,0,2,'a:2:{s:16:\"always-available\";s:6:\"ita-IT\";s:6:\"ita-IT\";s:9:\"Meta data\";}',0),(1,15,0,0,0,0,0,0,0,0,'','','','','','ezimage',174,'image',0,0,0,3,'a:2:{s:16:\"always-available\";s:6:\"ita-IT\";s:6:\"ita-IT\";s:5:\"Image\";}',0),(1,15,0,0,0,0,0,0,0,0,'sitestyle','','','','','ezpackage',175,'sitestyle',0,0,0,4,'a:2:{s:16:\"always-available\";s:6:\"ita-IT\";s:6:\"ita-IT\";s:9:\"Sitestyle\";}',0),(1,15,0,0,0,0,1,0,0,0,'site.ini','MailSettings','AdminEmail','','override;user;admin;demo','ezinisetting',177,'email',0,0,0,6,'a:2:{s:16:\"always-available\";s:6:\"ita-IT\";s:6:\"ita-IT\";s:5:\"Email\";}',0),(1,15,0,0,0,0,1,0,0,0,'site.ini','SiteSettings','SiteURL','','override;user;admin;demo','ezinisetting',178,'siteurl',0,0,0,7,'a:2:{s:16:\"always-available\";s:6:\"ita-IT\";s:6:\"ita-IT\";s:8:\"Site URL\";}',0),(1,4,0,0,0,0,10,0,0,0,'','','','','','eztext',179,'signature',0,0,1,4,'a:2:{s:16:\"always-available\";s:6:\"ita-IT\";s:6:\"ita-IT\";s:13:\"Frase celebre\";}',0),(1,4,0,0,0,0,1,0,0,0,'','','','','','ezimage',180,'image',0,0,0,5,'a:2:{s:16:\"always-available\";s:6:\"ita-IT\";s:6:\"ita-IT\";s:8:\"Immagine\";}',0),(1,1,0,0,0,0,0,0,0,0,'','','','','','ezkeyword',181,'tags',0,0,0,7,'a:2:{s:16:\"always-available\";s:6:\"ita-IT\";s:6:\"ita-IT\";s:9:\"Etichette\";}',0),(1,1,0,0,0,0,0,0,0,0,'','','','','','ezdatetime',182,'publish_date',0,0,0,8,'a:2:{s:16:\"always-available\";s:6:\"ita-IT\";s:6:\"ita-IT\";s:21:\"Data di pubblicazione\";}',0),(1,16,0,0,0,0,255,0,0,0,'New article','','','','','ezstring',183,'title',0,1,1,1,'a:3:{s:6:\"eng-GB\";s:5:\"Title\";s:16:\"always-available\";s:6:\"eng-GB\";s:6:\"ita-IT\";s:6:\"Titolo\";}',0),(1,16,0,0,0,0,255,0,0,0,'','','','','','ezstring',184,'short_title',0,0,1,2,'a:3:{s:6:\"eng-GB\";s:11:\"Short title\";s:16:\"always-available\";s:6:\"eng-GB\";s:6:\"ita-IT\";s:12:\"Titolo Breve\";}',0),(1,16,0,0,0,0,0,0,0,0,'','','','','','ezauthor',185,'author',0,0,0,3,'a:3:{s:6:\"eng-GB\";s:6:\"Author\";s:16:\"always-available\";s:6:\"eng-GB\";s:6:\"ita-IT\";s:6:\"Autore\";}',0),(1,16,0,0,0,0,10,0,0,0,'','','','','','ezxmltext',186,'intro',0,1,1,4,'a:3:{s:6:\"eng-GB\";s:7:\"Summary\";s:16:\"always-available\";s:6:\"eng-GB\";s:6:\"ita-IT\";s:12:\"Introduzione\";}',0),(1,16,0,0,0,0,20,0,0,0,'','','','','','ezxmltext',187,'body',0,0,1,5,'a:3:{s:6:\"eng-GB\";s:4:\"Body\";s:16:\"always-available\";s:6:\"eng-GB\";s:6:\"ita-IT\";s:16:\"Corpo del  testo\";}',0),(1,16,0,0,0,0,0,0,0,0,'','','','','','ezimage',189,'image',0,0,0,6,'a:3:{s:6:\"eng-GB\";s:5:\"Image\";s:16:\"always-available\";s:6:\"eng-GB\";s:6:\"ita-IT\";s:8:\"Immagine\";}',0),(1,16,0,0,0,0,10,0,0,0,'','','','','','ezxmltext',190,'caption',0,0,1,7,'a:3:{s:6:\"eng-GB\";s:15:\"Caption (Image)\";s:16:\"always-available\";s:6:\"eng-GB\";s:6:\"ita-IT\";s:19:\"Didascalia immagine\";}',0),(1,16,0,0,0,0,0,0,0,0,'','','','','','ezdatetime',191,'publish_date',0,0,1,9,'a:3:{s:6:\"eng-GB\";s:12:\"Publish date\";s:16:\"always-available\";s:6:\"eng-GB\";s:6:\"ita-IT\";s:21:\"Data di pubblicazione\";}',0),(1,16,0,0,0,0,0,0,0,0,'','','','','','ezdatetime',192,'unpublish_date',0,0,1,10,'a:3:{s:6:\"eng-GB\";s:14:\"Unpublish date\";s:16:\"always-available\";s:6:\"eng-GB\";s:6:\"ita-IT\";s:17:\"Data di rimozione\";}',0),(1,16,0,0,0,0,0,0,0,0,'','','','','','ezkeyword',193,'tags',0,0,1,12,'a:3:{s:6:\"eng-GB\";s:4:\"Tags\";s:16:\"always-available\";s:6:\"eng-GB\";s:6:\"ita-IT\";s:9:\"Etichette\";}',0),(1,17,0,0,0,0,0,0,0,0,'','','','','','ezstring',195,'title',0,1,1,1,'a:2:{s:6:\"eng-GB\";s:5:\"Title\";s:16:\"always-available\";s:6:\"eng-GB\";}',0),(1,17,0,0,0,0,0,0,0,0,'','','','','','ezstring',196,'short_title',0,0,1,2,'a:2:{s:6:\"eng-GB\";s:11:\"Short title\";s:16:\"always-available\";s:6:\"eng-GB\";}',0),(1,17,0,0,0,0,0,0,0,0,'','','','','','ezstring',197,'index_title',0,0,1,3,'a:2:{s:6:\"eng-GB\";s:11:\"Index title\";s:16:\"always-available\";s:6:\"eng-GB\";}',0),(1,17,0,0,0,0,0,0,0,0,'','','','','','ezauthor',198,'author',0,1,1,4,'a:2:{s:6:\"eng-GB\";s:6:\"Author\";s:16:\"always-available\";s:6:\"eng-GB\";}',0),(1,17,0,0,0,0,10,0,0,0,'','','','','','ezxmltext',199,'intro',0,1,1,5,'a:2:{s:6:\"eng-GB\";s:7:\"Summary\";s:16:\"always-available\";s:6:\"eng-GB\";}',0),(1,17,0,0,0,0,15,0,0,0,'','','','','','ezxmltext',200,'body',0,0,1,6,'a:2:{s:6:\"eng-GB\";s:4:\"Body\";s:16:\"always-available\";s:6:\"eng-GB\";}',0),(1,17,0,0,0,0,0,0,0,0,'','','','','','ezimage',201,'image',0,0,0,7,'a:2:{s:6:\"eng-GB\";s:5:\"Image\";s:16:\"always-available\";s:6:\"eng-GB\";}',0),(1,17,0,0,0,0,5,0,0,0,'','','','','','ezxmltext',202,'caption',0,0,1,8,'a:2:{s:6:\"eng-GB\";s:15:\"Caption (Image)\";s:16:\"always-available\";s:6:\"eng-GB\";}',0),(1,17,0,0,0,0,1,0,0,0,'','','','','','ezdatetime',203,'publish_date',0,0,1,9,'a:2:{s:6:\"eng-GB\";s:12:\"Publish date\";s:16:\"always-available\";s:6:\"eng-GB\";}',0),(1,17,0,0,0,0,0,0,0,0,'','','','','','ezdatetime',204,'unpublish_date',0,0,1,10,'a:2:{s:6:\"eng-GB\";s:14:\"Unpublish date\";s:16:\"always-available\";s:6:\"eng-GB\";}',0),(1,17,0,0,0,0,0,0,0,0,'','','','','','ezkeyword',205,'tags',0,0,1,11,'a:2:{s:6:\"eng-GB\";s:4:\"Tags\";s:16:\"always-available\";s:6:\"eng-GB\";}',0),(1,17,0,0,0,0,0,0,0,0,'','','','','','ezboolean',206,'enable_comments',0,0,1,12,'a:2:{s:6:\"eng-GB\";s:15:\"Enable comments\";s:16:\"always-available\";s:6:\"eng-GB\";}',0),(1,18,0,0,0,0,0,0,0,0,'','','','','','ezstring',207,'title',0,1,1,1,'a:2:{s:6:\"eng-GB\";s:5:\"Title\";s:16:\"always-available\";s:6:\"eng-GB\";}',0),(1,18,0,0,0,0,0,0,0,0,'','','','','','ezstring',208,'index_title',0,0,1,2,'a:2:{s:6:\"eng-GB\";s:11:\"Index title\";s:16:\"always-available\";s:6:\"eng-GB\";}',0),(1,18,0,0,0,0,15,0,0,0,'','','','','','ezxmltext',209,'body',0,0,1,3,'a:2:{s:6:\"eng-GB\";s:4:\"body\";s:16:\"always-available\";s:6:\"eng-GB\";}',0),(1,18,0,0,0,0,0,0,0,0,'','','','','','ezkeyword',210,'tags',0,0,1,4,'a:2:{s:6:\"eng-GB\";s:4:\"Tags\";s:16:\"always-available\";s:6:\"eng-GB\";}',0),(1,19,0,0,0,0,0,0,0,0,'','','','','','ezstring',211,'name',0,0,1,1,'a:2:{s:6:\"eng-GB\";s:4:\"Name\";s:16:\"always-available\";s:6:\"eng-GB\";}',0),(1,19,0,0,0,0,5,0,0,0,'','','','','','ezxmltext',212,'description',0,0,1,2,'a:2:{s:6:\"eng-GB\";s:11:\"Description\";s:16:\"always-available\";s:6:\"eng-GB\";}',0),(1,19,0,0,0,0,0,0,0,0,'','','','','','ezkeyword',213,'tags',0,0,1,3,'a:2:{s:6:\"eng-GB\";s:4:\"Tags\";s:16:\"always-available\";s:6:\"eng-GB\";}',0),(1,20,0,0,0,0,0,0,0,0,'','','','','','ezstring',214,'title',0,0,1,1,'a:2:{s:6:\"eng-GB\";s:5:\"Title\";s:16:\"always-available\";s:6:\"eng-GB\";}',0),(1,20,0,0,0,0,25,0,0,0,'','','','','','ezxmltext',215,'body',0,0,1,2,'a:2:{s:6:\"eng-GB\";s:4:\"Body\";s:16:\"always-available\";s:6:\"eng-GB\";}',0),(1,20,0,0,0,0,1,0,0,0,'','','','','','ezdatetime',216,'publication_date',0,0,1,3,'a:2:{s:6:\"eng-GB\";s:16:\"Publication date\";s:16:\"always-available\";s:6:\"eng-GB\";}',0),(1,20,0,0,0,0,0,0,0,0,'','','','','','ezdatetime',217,'unpublish_date',0,0,1,4,'a:2:{s:6:\"eng-GB\";s:14:\"Unpublish date\";s:16:\"always-available\";s:6:\"eng-GB\";}',0),(1,20,0,0,0,0,0,0,0,0,'','','','','','ezkeyword',218,'tags',0,0,1,5,'a:2:{s:6:\"eng-GB\";s:4:\"Tags\";s:16:\"always-available\";s:6:\"eng-GB\";}',0),(1,20,0,0,0,0,0,0,0,0,'','','','','','ezboolean',219,'enable_comments',0,0,1,6,'a:2:{s:6:\"eng-GB\";s:15:\"Enable comments\";s:16:\"always-available\";s:6:\"eng-GB\";}',0),(1,21,0,0,0,0,0,0,0,0,'','','','','','ezstring',220,'name',0,0,1,1,'a:2:{s:6:\"eng-GB\";s:4:\"Name\";s:16:\"always-available\";s:6:\"eng-GB\";}',0),(1,21,0,0,0,0,0,0,0,0,'','','','','','ezstring',221,'product_number',0,0,1,2,'a:2:{s:6:\"eng-GB\";s:14:\"Product number\";s:16:\"always-available\";s:6:\"eng-GB\";}',0),(1,21,0,0,0,0,5,0,0,0,'','','','','','ezxmltext',222,'short_description',0,0,1,3,'a:2:{s:6:\"eng-GB\";s:17:\"Short description\";s:16:\"always-available\";s:6:\"eng-GB\";}',0),(1,21,0,0,0,0,10,0,0,0,'','','','','','ezxmltext',223,'description',0,0,1,4,'a:2:{s:6:\"eng-GB\";s:11:\"Description\";s:16:\"always-available\";s:6:\"eng-GB\";}',0),(1,21,1,0,0,0,1,0,0,0,'','','','','','ezprice',224,'price',0,0,0,5,'a:2:{s:6:\"eng-GB\";s:5:\"Price\";s:16:\"always-available\";s:6:\"eng-GB\";}',0),(1,21,0,0,0,0,0,0,0,0,'','','','','','ezimage',225,'image',0,0,0,6,'a:2:{s:6:\"eng-GB\";s:5:\"Image\";s:16:\"always-available\";s:6:\"eng-GB\";}',0),(1,21,0,0,0,0,5,0,0,0,'','','','','','ezxmltext',226,'caption',0,0,1,7,'a:2:{s:6:\"eng-GB\";s:15:\"Caption (Image)\";s:16:\"always-available\";s:6:\"eng-GB\";}',0),(1,21,0,0,0,0,0,0,0,0,'','','','','','ezmultioption',227,'additional_options',0,0,1,8,'a:2:{s:6:\"eng-GB\";s:18:\"Additional options\";s:16:\"always-available\";s:6:\"eng-GB\";}',0),(1,21,0,0,0,0,0,0,0,0,'','','','','','ezkeyword',228,'tags',0,0,1,9,'a:2:{s:6:\"eng-GB\";s:4:\"Tags\";s:16:\"always-available\";s:6:\"eng-GB\";}',0),(1,22,0,0,0,0,0,0,0,0,'','','','','','ezstring',229,'name',0,1,1,1,'a:2:{s:6:\"eng-GB\";s:4:\"Name\";s:16:\"always-available\";s:6:\"eng-GB\";}',0),(1,22,0,0,0,0,10,0,0,0,'','','','','','ezxmltext',230,'description',0,0,1,2,'a:2:{s:6:\"eng-GB\";s:11:\"Description\";s:16:\"always-available\";s:6:\"eng-GB\";}',0),(0,22,0,0,0,0,0,0,0,0,'','','','','','ezstring',231,'sender_name',1,1,0,3,'a:2:{s:6:\"eng-GB\";s:11:\"Sender name\";s:16:\"always-available\";s:6:\"eng-GB\";}',0),(1,22,0,0,0,0,0,0,0,0,'','','','','','ezstring',232,'subject',1,1,1,4,'a:2:{s:6:\"eng-GB\";s:7:\"Subject\";s:16:\"always-available\";s:6:\"eng-GB\";}',0),(1,22,0,0,0,0,10,0,0,0,'','','','','','eztext',233,'message',1,1,1,5,'a:2:{s:6:\"eng-GB\";s:7:\"Message\";s:16:\"always-available\";s:6:\"eng-GB\";}',0),(0,22,0,0,0,0,0,0,0,0,'','','','','','ezemail',234,'email',1,1,0,6,'a:2:{s:6:\"eng-GB\";s:5:\"Email\";s:16:\"always-available\";s:6:\"eng-GB\";}',0),(0,22,0,0,0,0,0,0,0,0,'','','','','','ezemail',235,'recipient',0,0,0,7,'a:2:{s:6:\"eng-GB\";s:9:\"Recipient\";s:16:\"always-available\";s:6:\"eng-GB\";}',0),(1,23,0,0,0,0,0,0,0,0,'','','','','','ezstring',236,'name',0,1,1,1,'a:2:{s:6:\"eng-GB\";s:4:\"Name\";s:16:\"always-available\";s:6:\"eng-GB\";}',0),(1,23,0,0,0,0,0,0,0,0,'','','','','','ezpage',237,'page',0,0,1,2,'a:2:{s:6:\"eng-GB\";s:6:\"Layout\";s:16:\"always-available\";s:6:\"eng-GB\";}',0),(1,23,0,0,0,0,0,0,0,0,'','','','','','ezkeyword',238,'tags',0,0,1,3,'a:2:{s:6:\"eng-GB\";s:4:\"Tags\";s:16:\"always-available\";s:6:\"eng-GB\";}',0),(1,24,0,0,0,0,0,0,0,0,'','','','','','ezstring',239,'title',0,1,1,1,'a:2:{s:6:\"eng-GB\";s:5:\"Title\";s:16:\"always-available\";s:6:\"eng-GB\";}',0),(1,24,0,0,0,0,20,0,0,0,'','','','','','ezxmltext',240,'body',0,0,1,2,'a:2:{s:6:\"eng-GB\";s:4:\"Body\";s:16:\"always-available\";s:6:\"eng-GB\";}',0),(1,24,0,0,0,0,0,0,0,0,'','','','','','ezkeyword',241,'tags',0,0,1,3,'a:2:{s:6:\"eng-GB\";s:4:\"Tags\";s:16:\"always-available\";s:6:\"eng-GB\";}',0),(1,24,0,0,0,0,0,0,0,0,'','','','','','ezboolean',242,'show_children',0,0,0,4,'a:2:{s:6:\"eng-GB\";s:17:\"Display sub items\";s:16:\"always-available\";s:6:\"eng-GB\";}',0),(1,25,0,0,0,0,0,0,0,0,'','','','','','ezstring',243,'header',0,1,0,1,'a:2:{s:6:\"eng-GB\";s:6:\"Header\";s:16:\"always-available\";s:6:\"eng-GB\";}',0),(1,25,0,0,0,0,0,0,0,0,'','','','','','ezimage',244,'image',0,0,0,2,'a:2:{s:6:\"eng-GB\";s:5:\"Image\";s:16:\"always-available\";s:6:\"eng-GB\";}',0),(1,25,0,0,0,0,0,0,0,0,'','','','','','ezstring',245,'image_url',0,0,1,3,'a:2:{s:6:\"eng-GB\";s:11:\"URL (image)\";s:16:\"always-available\";s:6:\"eng-GB\";}',0),(1,25,0,0,0,0,10,0,0,0,'','','','','','ezxmltext',246,'content',0,0,0,4,'a:2:{s:6:\"eng-GB\";s:7:\"Content\";s:16:\"always-available\";s:6:\"eng-GB\";}',0),(1,25,0,0,0,0,0,0,0,0,'','','','','','ezurl',247,'url',0,0,0,5,'a:2:{s:6:\"eng-GB\";s:3:\"URL\";s:16:\"always-available\";s:6:\"eng-GB\";}',0),(1,26,0,0,0,0,0,0,0,0,'','','','','','ezstring',248,'name',0,0,1,1,'a:2:{s:6:\"eng-GB\";s:4:\"Name\";s:16:\"always-available\";s:6:\"eng-GB\";}',0),(1,26,0,0,0,0,10,0,0,0,'','','','','','ezxmltext',249,'description',0,0,1,2,'a:2:{s:6:\"eng-GB\";s:11:\"Description\";s:16:\"always-available\";s:6:\"eng-GB\";}',0),(1,26,0,0,0,0,0,0,0,0,'','','','','<?xml version=\"1.0\" encoding=\"utf-8\"?>\n<related-objects><constraints><allowed-class contentclass-identifier=\"event_calendar\"/></constraints><type value=\"2\"/><selection_type value=\"0\"/><object_class value=\"\"/><contentobject-placement/></related-objects>\n','ezobjectrelationlist',250,'calendars',0,0,1,3,'a:2:{s:6:\"eng-GB\";s:9:\"Calendars\";s:16:\"always-available\";s:6:\"eng-GB\";}',0),(1,27,0,0,0,0,0,0,0,0,'','','','','','ezstring',251,'name',0,1,1,1,'a:2:{s:6:\"eng-GB\";s:4:\"Name\";s:16:\"always-available\";s:6:\"eng-GB\";}',0),(1,27,0,0,0,0,10,0,0,0,'','','','','','ezxmltext',252,'description',0,0,1,2,'a:2:{s:6:\"eng-GB\";s:11:\"Description\";s:16:\"always-available\";s:6:\"eng-GB\";}',0),(1,27,0,0,0,0,0,0,0,0,'','','','','','ezoption',253,'question',1,1,0,3,'a:2:{s:6:\"eng-GB\";s:8:\"Question\";s:16:\"always-available\";s:6:\"eng-GB\";}',0),(1,28,0,0,0,0,0,0,0,0,'New file','','','','','ezstring',254,'name',0,1,1,1,'a:2:{s:6:\"eng-GB\";s:4:\"Name\";s:16:\"always-available\";s:6:\"eng-GB\";}',0),(1,28,0,0,0,0,10,0,0,0,'','','','','','ezxmltext',255,'description',0,0,1,2,'a:2:{s:6:\"eng-GB\";s:11:\"Description\";s:16:\"always-available\";s:6:\"eng-GB\";}',0),(1,28,0,0,0,0,0,0,0,0,'','','','','','ezbinaryfile',256,'file',0,1,0,3,'a:2:{s:6:\"eng-GB\";s:4:\"File\";s:16:\"always-available\";s:6:\"eng-GB\";}',0),(1,28,0,0,0,0,0,0,0,0,'','','','','','ezkeyword',257,'tags',0,0,1,4,'a:2:{s:6:\"eng-GB\";s:4:\"Tags\";s:16:\"always-available\";s:6:\"eng-GB\";}',0),(1,29,0,0,0,0,0,0,0,0,'','','','','','ezstring',258,'name',0,1,1,1,'a:2:{s:6:\"eng-GB\";s:4:\"Name\";s:16:\"always-available\";s:6:\"eng-GB\";}',0),(1,29,0,0,0,0,10,0,0,0,'','','','','','ezxmltext',259,'description',0,0,1,2,'a:2:{s:6:\"eng-GB\";s:11:\"Description\";s:16:\"always-available\";s:6:\"eng-GB\";}',0),(1,29,0,0,0,0,0,0,0,0,'flash','','','','','ezmedia',260,'file',0,1,0,3,'a:2:{s:6:\"eng-GB\";s:4:\"File\";s:16:\"always-available\";s:6:\"eng-GB\";}',0),(1,29,0,0,0,0,0,0,0,0,'','','','','','ezkeyword',261,'tags',0,0,1,4,'a:2:{s:6:\"eng-GB\";s:4:\"Tags\";s:16:\"always-available\";s:6:\"eng-GB\";}',0),(1,30,0,0,0,0,0,0,0,0,'','','','','','ezstring',262,'name',0,0,1,1,'a:2:{s:6:\"eng-GB\";s:4:\"Name\";s:16:\"always-available\";s:6:\"eng-GB\";}',0),(1,30,0,0,0,0,0,0,0,0,'','','','','','ezstring',263,'stream_server',0,0,1,2,'a:2:{s:6:\"eng-GB\";s:13:\"Stream server\";s:16:\"always-available\";s:6:\"eng-GB\";}',0),(1,30,0,0,0,0,0,0,0,0,'','','','','','ezstring',264,'file_server',0,0,1,3,'a:2:{s:6:\"eng-GB\";s:11:\"File server\";s:16:\"always-available\";s:6:\"eng-GB\";}',0),(1,30,0,0,0,0,0,0,0,0,'ThisIsTheDefaultKeyChangeMe','','','','','ezstring',265,'key',0,0,1,4,'a:2:{s:6:\"eng-GB\";s:3:\"Key\";s:16:\"always-available\";s:6:\"eng-GB\";}',0),(1,31,0,0,0,0,0,0,0,0,'','','','','','ezstring',266,'name',0,0,1,1,'a:2:{s:6:\"eng-GB\";s:4:\"Name\";s:16:\"always-available\";s:6:\"eng-GB\";}',0),(1,31,0,0,0,0,10,0,0,0,'','','','','','ezxmltext',267,'description',0,0,1,2,'a:2:{s:6:\"eng-GB\";s:11:\"Description\";s:16:\"always-available\";s:6:\"eng-GB\";}',0),(1,31,0,0,0,0,0,0,0,0,'flash','','','','','ezmedia',268,'file',0,0,0,3,'a:2:{s:6:\"eng-GB\";s:4:\"File\";s:16:\"always-available\";s:6:\"eng-GB\";}',0),(1,31,0,0,0,0,0,0,0,0,'','','','','','ezimage',269,'thumbnail',0,0,0,4,'a:2:{s:6:\"eng-GB\";s:9:\"Thumbnail\";s:16:\"always-available\";s:6:\"eng-GB\";}',0),(1,32,0,0,0,0,0,0,0,0,'','','','','','ezstring',270,'name',0,0,1,1,'a:2:{s:6:\"eng-GB\";s:4:\"Name\";s:16:\"always-available\";s:6:\"eng-GB\";}',0),(1,32,0,0,0,0,0,0,0,0,'','','','','','ezpage',271,'page',0,0,1,2,'a:2:{s:6:\"eng-GB\";s:6:\"Layout\";s:16:\"always-available\";s:6:\"eng-GB\";}',0),(1,33,0,0,0,0,150,0,0,0,'','','','','','ezstring',272,'name',0,1,1,1,'a:3:{s:6:\"eng-GB\";s:4:\"Name\";s:16:\"always-available\";s:6:\"eng-GB\";s:6:\"ita-IT\";s:4:\"Nome\";}',0),(1,33,0,0,0,0,10,0,0,0,'','','','','','ezxmltext',273,'caption',0,0,1,2,'a:3:{s:6:\"eng-GB\";s:7:\"Caption\";s:16:\"always-available\";s:6:\"eng-GB\";s:6:\"ita-IT\";s:10:\"Didascalia\";}',0),(1,33,0,0,0,0,5,0,0,0,'','','','','','ezimage',274,'image',0,0,0,3,'a:3:{s:6:\"eng-GB\";s:5:\"Image\";s:16:\"always-available\";s:6:\"eng-GB\";s:6:\"ita-IT\";s:8:\"Immagine\";}',0),(1,33,0,0,0,0,0,0,0,0,'','','','','','ezkeyword',275,'tags',0,0,1,4,'a:3:{s:6:\"eng-GB\";s:4:\"Tags\";s:16:\"always-available\";s:6:\"eng-GB\";s:6:\"ita-IT\";s:9:\"Etichette\";}',0),(1,34,0,0,0,0,255,0,0,0,'','','','','','ezstring',276,'name',0,1,1,1,'a:2:{s:6:\"eng-GB\";s:4:\"Name\";s:16:\"always-available\";s:6:\"eng-GB\";}',0),(1,34,0,0,0,0,20,0,0,0,'','','','','','ezxmltext',277,'description',0,0,1,2,'a:2:{s:6:\"eng-GB\";s:11:\"Description\";s:16:\"always-available\";s:6:\"eng-GB\";}',0),(1,34,0,0,0,0,0,0,0,0,'','','','','','ezurl',278,'location',0,0,0,3,'a:2:{s:6:\"eng-GB\";s:8:\"Location\";s:16:\"always-available\";s:6:\"eng-GB\";}',0),(1,34,0,0,0,0,0,0,1,0,'','','','','','ezboolean',279,'open_in_new_window',0,0,1,4,'a:2:{s:6:\"eng-GB\";s:18:\"Open in new window\";s:16:\"always-available\";s:6:\"eng-GB\";}',0),(1,35,0,0,0,0,0,0,0,0,'','','','','','ezstring',280,'name',0,1,1,1,'a:2:{s:6:\"eng-GB\";s:4:\"Name\";s:16:\"always-available\";s:6:\"eng-GB\";}',0),(1,35,0,0,0,0,10,0,0,0,'','','','','','ezxmltext',281,'description',0,0,1,2,'a:2:{s:6:\"eng-GB\";s:11:\"Description\";s:16:\"always-available\";s:6:\"eng-GB\";}',0),(1,35,0,0,0,0,0,0,0,0,'quick_time','','','','','ezmedia',282,'file',0,1,0,3,'a:2:{s:6:\"eng-GB\";s:4:\"File\";s:16:\"always-available\";s:6:\"eng-GB\";}',0),(1,35,0,0,0,0,0,0,0,0,'','','','','','ezkeyword',283,'tags',0,0,1,4,'a:2:{s:6:\"eng-GB\";s:4:\"Tags\";s:16:\"always-available\";s:6:\"eng-GB\";}',0),(1,36,0,0,0,0,0,0,0,0,'','','','','','ezstring',284,'name',0,1,1,1,'a:2:{s:6:\"eng-GB\";s:4:\"Name\";s:16:\"always-available\";s:6:\"eng-GB\";}',0),(1,36,0,0,0,0,10,0,0,0,'','','','','','ezxmltext',285,'description',0,0,1,2,'a:2:{s:6:\"eng-GB\";s:11:\"Description\";s:16:\"always-available\";s:6:\"eng-GB\";}',0),(1,36,0,0,0,0,0,0,0,0,'windows_media_player','','','','','ezmedia',286,'file',0,1,0,3,'a:2:{s:6:\"eng-GB\";s:4:\"File\";s:16:\"always-available\";s:6:\"eng-GB\";}',0),(1,36,0,0,0,0,0,0,0,0,'','','','','','ezkeyword',287,'tags',0,0,1,4,'a:2:{s:6:\"eng-GB\";s:4:\"Tags\";s:16:\"always-available\";s:6:\"eng-GB\";}',0),(1,37,0,0,0,0,0,0,0,0,'','','','','','ezstring',288,'name',0,1,1,1,'a:2:{s:6:\"eng-GB\";s:4:\"Name\";s:16:\"always-available\";s:6:\"eng-GB\";}',0),(1,37,0,0,0,0,10,0,0,0,'','','','','','ezxmltext',289,'description',0,0,1,2,'a:2:{s:6:\"eng-GB\";s:11:\"Description\";s:16:\"always-available\";s:6:\"eng-GB\";}',0),(1,37,0,0,0,0,0,0,0,0,'real_player','','','','','ezmedia',290,'file',0,1,0,3,'a:2:{s:6:\"eng-GB\";s:4:\"File\";s:16:\"always-available\";s:6:\"eng-GB\";}',0),(1,37,0,0,0,0,0,0,0,0,'','','','','','ezkeyword',291,'tags',0,0,1,4,'a:2:{s:6:\"eng-GB\";s:4:\"Tags\";s:16:\"always-available\";s:6:\"eng-GB\";}',0),(1,38,0,0,0,0,0,0,0,0,'','','','','','ezstring',292,'name',0,1,1,1,'a:3:{s:6:\"eng-GB\";s:4:\"Name\";s:16:\"always-available\";s:6:\"eng-GB\";s:6:\"ita-IT\";s:4:\"Nome\";}',0),(1,38,0,0,0,0,10,0,0,0,'','','','','','ezxmltext',293,'short_description',0,0,1,3,'a:3:{s:6:\"eng-GB\";s:17:\"Short description\";s:16:\"always-available\";s:6:\"eng-GB\";s:6:\"ita-IT\";s:17:\"Breve descrizione\";}',0),(1,38,0,0,0,0,10,0,0,0,'','','','','','ezxmltext',294,'description',0,0,1,4,'a:3:{s:6:\"eng-GB\";s:11:\"Description\";s:16:\"always-available\";s:6:\"eng-GB\";s:6:\"ita-IT\";s:11:\"Descrizione\";}',0),(1,39,0,0,0,0,255,0,0,0,'New article','','','','','ezstring',296,'title',0,1,1,1,'a:2:{s:6:\"eng-GB\";s:5:\"Title\";s:16:\"always-available\";s:6:\"eng-GB\";}',0),(1,39,0,0,0,0,255,0,0,0,'','','','','','ezstring',297,'short_title',0,0,1,2,'a:2:{s:6:\"eng-GB\";s:11:\"Short title\";s:16:\"always-available\";s:6:\"eng-GB\";}',0),(1,39,0,0,0,0,0,0,0,0,'','','','','','ezauthor',298,'author',0,0,0,3,'a:2:{s:6:\"eng-GB\";s:6:\"Author\";s:16:\"always-available\";s:6:\"eng-GB\";}',0),(1,39,0,0,0,0,10,0,0,0,'','','','','','ezxmltext',299,'intro',0,1,1,4,'a:2:{s:6:\"eng-GB\";s:7:\"Summary\";s:16:\"always-available\";s:6:\"eng-GB\";}',0),(1,39,0,0,0,0,20,0,0,0,'','','','','','ezxmltext',300,'body',0,0,1,5,'a:2:{s:6:\"eng-GB\";s:4:\"Body\";s:16:\"always-available\";s:6:\"eng-GB\";}',0),(0,39,0,0,0,0,0,0,0,0,'','','','','','ezboolean',301,'enable_comments',0,0,0,6,'a:2:{s:6:\"eng-GB\";s:15:\"Enable comments\";s:16:\"always-available\";s:6:\"eng-GB\";}',0),(1,39,0,0,0,0,0,0,0,0,'','','','','','ezimage',302,'image',0,0,0,7,'a:2:{s:6:\"eng-GB\";s:5:\"Image\";s:16:\"always-available\";s:6:\"eng-GB\";}',0),(1,39,0,0,0,0,10,0,0,0,'','','','','','ezxmltext',303,'caption',0,0,1,8,'a:2:{s:6:\"eng-GB\";s:15:\"Caption (Image)\";s:16:\"always-available\";s:6:\"eng-GB\";}',0),(1,39,0,0,0,0,0,0,0,0,'','','','','','ezdatetime',304,'publish_date',0,0,1,9,'a:2:{s:6:\"eng-GB\";s:12:\"Publish date\";s:16:\"always-available\";s:6:\"eng-GB\";}',0),(1,39,0,0,0,0,0,0,0,0,'','','','','','ezdatetime',305,'unpublish_date',0,0,1,10,'a:2:{s:6:\"eng-GB\";s:14:\"Unpublish date\";s:16:\"always-available\";s:6:\"eng-GB\";}',0),(1,39,0,0,0,0,0,0,0,0,'','','','','','ezkeyword',306,'tags',0,0,1,11,'a:2:{s:6:\"eng-GB\";s:4:\"Tags\";s:16:\"always-available\";s:6:\"eng-GB\";}',0),(1,39,0,0,0,0,0,0,0,0,'','','','','','ezgmaplocation',307,'location',0,0,1,12,'a:2:{s:6:\"eng-GB\";s:8:\"Location\";s:16:\"always-available\";s:6:\"eng-GB\";}',0),(1,40,0,0,0,0,0,0,0,0,'','','','','','ezstring',308,'name',0,1,1,1,'a:2:{s:6:\"eng-GB\";s:4:\"Name\";s:16:\"always-available\";s:6:\"eng-GB\";}',0),(1,40,0,0,0,0,10,0,0,0,'','','','','','ezxmltext',309,'description',0,0,1,2,'a:2:{s:6:\"eng-GB\";s:11:\"Description\";s:16:\"always-available\";s:6:\"eng-GB\";}',0),(1,41,0,0,0,0,0,0,0,0,'','','','','','ezstring',310,'subject',0,1,1,1,'a:2:{s:6:\"eng-GB\";s:7:\"Subject\";s:16:\"always-available\";s:6:\"eng-GB\";}',0),(1,41,0,0,0,0,10,0,0,0,'','','','','','eztext',311,'message',0,1,1,2,'a:2:{s:6:\"eng-GB\";s:7:\"Message\";s:16:\"always-available\";s:6:\"eng-GB\";}',0),(1,41,0,0,0,0,0,0,0,0,'','','','','','ezboolean',312,'sticky',0,0,1,3,'a:2:{s:6:\"eng-GB\";s:6:\"Sticky\";s:16:\"always-available\";s:6:\"eng-GB\";}',0),(1,41,0,0,0,0,0,0,0,0,'','','','','','ezsubtreesubscription',313,'notify_me',0,0,0,4,'a:2:{s:6:\"eng-GB\";s:23:\"Notify me about updates\";s:16:\"always-available\";s:6:\"eng-GB\";}',0),(1,42,0,0,0,0,0,0,0,0,'','','','','','ezstring',314,'subject',0,1,1,1,'a:2:{s:6:\"eng-GB\";s:7:\"Subject\";s:16:\"always-available\";s:6:\"eng-GB\";}',0),(1,42,0,0,0,0,10,0,0,0,'','','','','','eztext',315,'message',0,1,1,2,'a:2:{s:6:\"eng-GB\";s:7:\"Message\";s:16:\"always-available\";s:6:\"eng-GB\";}',0),(1,45,0,0,0,0,0,0,0,0,'','','','','','ezstring',325,'name',0,1,0,1,'a:2:{s:6:\"eng-GB\";s:4:\"Name\";s:16:\"always-available\";s:6:\"eng-GB\";}',0),(1,45,0,0,0,0,0,0,0,0,'','','','','','ezstring',326,'url',0,0,0,2,'a:2:{s:6:\"eng-GB\";s:3:\"URL\";s:16:\"always-available\";s:6:\"eng-GB\";}',0),(1,45,0,0,0,0,0,0,0,0,'','','','','','ezimage',327,'image',0,1,0,3,'a:2:{s:6:\"eng-GB\";s:5:\"Image\";s:16:\"always-available\";s:6:\"eng-GB\";}',0),(1,45,0,0,0,0,10,0,0,0,'','','','','','eztext',328,'image_map',0,0,0,4,'a:2:{s:6:\"eng-GB\";s:9:\"Image map\";s:16:\"always-available\";s:6:\"eng-GB\";}',0),(1,45,0,0,0,0,0,0,0,0,'','','','','','ezkeyword',329,'tags',0,0,1,5,'a:2:{s:6:\"eng-GB\";s:4:\"Tags\";s:16:\"always-available\";s:6:\"eng-GB\";}',0),(1,46,0,0,0,0,0,0,0,0,'','','','','','ezstring',330,'title',0,0,1,1,'a:2:{s:6:\"eng-GB\";s:5:\"Title\";s:16:\"always-available\";s:6:\"eng-GB\";}',0),(1,46,0,0,0,0,10,0,0,0,'','','','','','ezxmltext',331,'description',0,0,1,2,'a:2:{s:6:\"eng-GB\";s:11:\"Description\";s:16:\"always-available\";s:6:\"eng-GB\";}',0),(1,47,0,0,0,0,0,0,0,0,'','','','','','ezstring',332,'name',0,0,1,1,'a:2:{s:6:\"eng-GB\";s:4:\"Name\";s:16:\"always-available\";s:6:\"eng-GB\";}',0),(1,47,0,0,0,0,5,0,0,0,'','','','','','ezxmltext',333,'description',0,0,1,2,'a:2:{s:6:\"eng-GB\";s:11:\"Description\";s:16:\"always-available\";s:6:\"eng-GB\";}',0),(1,47,0,0,0,0,0,0,0,0,'silverlight','','','','','ezmedia',334,'file',0,0,0,3,'a:2:{s:6:\"eng-GB\";s:4:\"File\";s:16:\"always-available\";s:6:\"eng-GB\";}',0),(1,15,0,0,0,0,0,0,0,0,'','','','','','ezurl',335,'site_map_url',0,0,0,8,'a:2:{s:6:\"ita-IT\";s:12:\"Site map URL\";s:16:\"always-available\";s:6:\"ita-IT\";}',0),(1,15,0,0,0,0,0,0,0,0,'','','','','','ezurl',336,'tag_cloud_url',0,0,0,9,'a:2:{s:6:\"ita-IT\";s:13:\"Tag Cloud URL\";s:16:\"always-available\";s:6:\"ita-IT\";}',0),(1,15,0,0,0,0,0,0,0,0,'','','','','','ezstring',337,'login_label',0,0,0,10,'a:2:{s:6:\"ita-IT\";s:13:\"Login (label)\";s:16:\"always-available\";s:6:\"ita-IT\";}',0),(1,15,0,0,0,0,0,0,0,0,'','','','','','ezstring',338,'logout_label',0,0,0,11,'a:2:{s:6:\"ita-IT\";s:14:\"Logout (label)\";s:16:\"always-available\";s:6:\"ita-IT\";}',0),(1,15,0,0,0,0,0,0,0,0,'','','','','','ezstring',339,'my_profile_label',0,0,0,12,'a:2:{s:6:\"ita-IT\";s:18:\"My profile (label)\";s:16:\"always-available\";s:6:\"ita-IT\";}',0),(1,15,0,0,0,0,0,0,0,0,'','','','','','ezstring',340,'register_user_label',0,0,0,13,'a:2:{s:6:\"ita-IT\";s:25:\"Register new user (label)\";s:16:\"always-available\";s:6:\"ita-IT\";}',0),(1,15,0,0,0,0,0,0,0,0,'','','','','','ezstring',341,'rss_feed',0,0,0,14,'a:2:{s:6:\"ita-IT\";s:8:\"RSS feed\";s:16:\"always-available\";s:6:\"ita-IT\";}',0),(1,15,0,0,0,0,0,0,0,0,'','','','','','ezstring',342,'shopping_basket_label',0,0,0,15,'a:2:{s:6:\"ita-IT\";s:23:\"Shopping basket (label)\";s:16:\"always-available\";s:6:\"ita-IT\";}',0),(1,15,0,0,0,0,0,0,0,0,'','','','','','ezstring',343,'site_settings_label',0,0,0,16,'a:2:{s:6:\"ita-IT\";s:21:\"Site settings (label)\";s:16:\"always-available\";s:6:\"ita-IT\";}',0),(1,15,0,0,0,0,0,0,0,0,'','','','','<?xml version=\"1.0\" encoding=\"utf-8\"?>\n<ezmatrix><column-name id=\"site_url\" idx=\"0\">Site URL</column-name><column-name id=\"siteaccess\" idx=\"1\">Siteaccess</column-name><column-name id=\"language_name\" idx=\"2\">Language name</column-name></ezmatrix>\n','ezmatrix',344,'language_settings',0,0,0,17,'a:2:{s:6:\"ita-IT\";s:17:\"Language settings\";s:16:\"always-available\";s:6:\"ita-IT\";}',0),(1,15,0,0,0,0,10,0,0,0,'','','','','','eztext',345,'footer_text',0,0,0,18,'a:2:{s:6:\"ita-IT\";s:11:\"Footer text\";s:16:\"always-available\";s:6:\"ita-IT\";}',0),(1,15,0,0,0,0,0,0,0,0,'','','','','','ezboolean',346,'hide_powered_by',0,0,0,19,'a:2:{s:6:\"ita-IT\";s:17:\"Hide \"Powered by\"\";s:16:\"always-available\";s:6:\"ita-IT\";}',0),(1,15,0,0,0,0,10,0,0,0,'','','','','','eztext',347,'footer_script',0,0,0,20,'a:2:{s:6:\"ita-IT\";s:17:\"Footer Javascript\";s:16:\"always-available\";s:6:\"ita-IT\";}',0),(1,23,0,0,0,0,0,0,0,0,'','','','','','ezimage',348,'icon',0,0,0,4,'a:2:{s:6:\"eng-GB\";s:5:\"Icona\";s:16:\"always-available\";s:6:\"eng-GB\";}',0),(1,48,0,0,0,0,65,0,0,0,'','','','','','ezstring',349,'title',0,1,1,1,'a:3:{s:6:\"eng-GB\";s:10:\"Full Title\";s:16:\"always-available\";s:6:\"ita-IT\";s:6:\"ita-IT\";s:10:\"Calendario\";}',0),(1,48,0,0,0,0,25,0,0,0,'','','','','','ezstring',350,'short_title',0,0,1,2,'a:3:{s:6:\"eng-GB\";s:11:\"Short Title\";s:16:\"always-available\";s:6:\"ita-IT\";s:6:\"ita-IT\";s:12:\"Titolo breve\";}',0),(0,48,0,0,0,0,0,0,0,0,'','','','','<?xml version=\"1.0\" encoding=\"utf-8\"?>\n<ezselection><options><option id=\"0\" name=\"Vista_Mese\"/><option id=\"1\" name=\"Vista_Settimana\"/><option id=\"2\" name=\"Vista_Multipla\"/><option id=\"3\" name=\"Programma\"/></options></ezselection>\n','ezselection',351,'view',0,1,0,3,'a:3:{s:6:\"eng-GB\";s:4:\"View\";s:16:\"always-available\";s:6:\"ita-IT\";s:6:\"ita-IT\";s:5:\"Vista\";}',0),(1,48,0,0,0,0,0,0,0,0,'','','','','','ezboolean',352,'prenotazioni',0,0,1,4,'a:2:{s:6:\"ita-IT\";s:21:\"Gestione prenotazioni\";s:16:\"always-available\";s:6:\"ita-IT\";}',0),(1,48,0,0,0,0,15,0,0,0,'#e1e1e1','','','','','ezstring',353,'color',0,0,1,5,'a:2:{s:6:\"ita-IT\";s:6:\"Colore\";s:16:\"always-available\";s:6:\"ita-IT\";}',0),(1,49,0,0,0,0,30,0,0,0,'','','','','','ezstring',354,'short_title',0,1,1,1,'a:3:{s:6:\"eng-GB\";s:11:\"Short title\";s:16:\"always-available\";s:6:\"ita-IT\";s:6:\"ita-IT\";s:12:\"Titolo Breve\";}',0),(1,49,0,0,0,0,55,0,0,0,'','','','','','ezstring',355,'title',0,0,1,2,'a:3:{s:6:\"eng-GB\";s:10:\"Full title\";s:16:\"always-available\";s:6:\"ita-IT\";s:6:\"ita-IT\";s:6:\"Titolo\";}',0),(1,49,0,0,0,0,10,0,0,0,'','','','','','ezxmltext',356,'text',0,0,1,3,'a:3:{s:6:\"eng-GB\";s:4:\"Text\";s:16:\"always-available\";s:6:\"ita-IT\";s:6:\"ita-IT\";s:5:\"Testo\";}',0),(1,49,0,0,0,0,0,0,0,0,'','','','','','ezkeyword',357,'category',0,0,1,4,'a:3:{s:6:\"eng-GB\";s:8:\"Category\";s:16:\"always-available\";s:6:\"ita-IT\";s:6:\"ita-IT\";s:9:\"Categoria\";}',0),(0,49,0,0,0,0,1,0,0,0,'','','','','','ezdatetime',358,'from_time',0,1,0,5,'a:3:{s:6:\"eng-GB\";s:9:\"From Time\";s:16:\"always-available\";s:6:\"ita-IT\";s:6:\"ita-IT\";s:3:\"Da:\";}',0),(0,49,0,0,0,0,0,0,0,0,'','','','','','ezdatetime',359,'to_time',0,0,0,6,'a:3:{s:6:\"eng-GB\";s:7:\"To Time\";s:16:\"always-available\";s:6:\"ita-IT\";s:6:\"ita-IT\";s:3:\"a: \";}',0),(1,49,0,0,0,0,0,0,0,0,'','','','','<?xml version=\"1.0\" encoding=\"utf-8\"?>\n<ezselection><options><option id=\"0\" name=\"Nessuna ripetizione\"/><option id=\"1\" name=\"Giornaliera (giorni lavorativi)\"/><option id=\"2\" name=\"Giornaliera\"/><option id=\"3\" name=\"Settimanale\"/><option id=\"4\" name=\"Bisettimanale\"/><option id=\"5\" name=\"Mensile\"/><option id=\"6\" name=\"Annuale\"/></options></ezselection>\n','ezselection',360,'frequency',0,1,1,7,'a:3:{s:6:\"eng-GB\";s:9:\"Frequenza\";s:16:\"always-available\";s:6:\"ita-IT\";s:6:\"ita-IT\";s:9:\"Frequenza\";}',0),(1,49,0,0,0,0,1,0,0,0,'','','','','','ezdatetime',361,'frequency_end',0,1,1,8,'a:3:{s:6:\"eng-GB\";s:19:\"Termina ripetizione\";s:16:\"always-available\";s:6:\"ita-IT\";s:6:\"ita-IT\";s:16:\"Fine ripetizione\";}',0),(1,49,0,0,0,0,0,0,0,0,'where','','','','','ezstring',362,'dove',0,0,1,9,'a:2:{s:6:\"ita-IT\";s:4:\"Dove\";s:16:\"always-available\";s:6:\"ita-IT\";}',0),(1,1,0,0,0,0,1,0,0,0,'','','','','','ezimage',363,'icon',0,0,0,6,'a:2:{s:6:\"ita-IT\";s:5:\"Icona\";s:16:\"always-available\";s:6:\"ita-IT\";}',0),(1,38,0,0,0,0,0,0,0,0,'','','','','<?xml version=\"1.0\" encoding=\"utf-8\"?>\n<related-objects><constraints><allowed-class contentclass-identifier=\"image\"/></constraints><type value=\"2\"/><selection_type value=\"0\"/><object_class value=\"\"/><contentobject-placement/></related-objects>\n','ezobjectrelationlist',364,'gallery_image',0,0,1,5,'a:3:{s:6:\"eng-GB\";s:5:\"Image\";s:16:\"always-available\";s:6:\"eng-GB\";s:6:\"ita-IT\";s:30:\"Immagine frontespizio galleria\";}',0),(1,38,0,0,0,0,15,0,0,0,'','','','','','ezstring',365,'short_name',0,1,1,2,'a:3:{s:6:\"eng-GB\";s:10:\"Short Name\";s:16:\"always-available\";s:6:\"eng-GB\";s:6:\"ita-IT\";s:10:\"Nome Breve\";}',0),(1,23,0,0,0,0,0,0,0,0,'','','','','','ezimage',366,'menu_icon',0,0,0,5,'a:2:{s:6:\"eng-GB\";s:9:\"Menu icon\";s:16:\"always-available\";s:6:\"eng-GB\";}',0),(1,23,0,0,0,0,10,0,0,0,'','','','','','eztext',367,'menu_description',0,0,1,6,'a:2:{s:6:\"eng-GB\";s:16:\"Menu description\";s:16:\"always-available\";s:6:\"eng-GB\";}',0),(1,48,0,0,0,0,0,0,0,0,'','','','','','ezimage',368,'icon',0,0,0,6,'a:2:{s:6:\"ita-IT\";s:5:\"Icona\";s:16:\"always-available\";s:6:\"ita-IT\";}',0),(1,33,0,0,0,0,0,0,0,0,'','','','','','ezcomcomments',369,'comments',0,0,1,5,'a:2:{s:6:\"ita-IT\";s:8:\"Commenti\";s:16:\"always-available\";s:6:\"ita-IT\";}',0),(1,16,0,0,0,0,0,0,0,0,'','','','','','ezcomcomments',370,'comments',0,0,1,11,'a:2:{s:6:\"ita-IT\";s:8:\"Commenti\";s:16:\"always-available\";s:6:\"ita-IT\";}',0),(1,16,0,0,0,0,0,0,0,0,'','','','','','ezgmaplocation',371,'gmap',0,0,1,8,'a:2:{s:6:\"ita-IT\";s:12:\"Mappa google\";s:16:\"always-available\";s:6:\"ita-IT\";}',0);
/*!40000 ALTER TABLE `ezcontentclass_attribute` ENABLE KEYS */;
UNLOCK TABLES;

--
-- Table structure for table `ezcontentclass_classgroup`
--

DROP TABLE IF EXISTS `ezcontentclass_classgroup`;
/*!40101 SET @saved_cs_client     = @@character_set_client */;
/*!40101 SET character_set_client = utf8 */;
CREATE TABLE `ezcontentclass_classgroup` (
  `contentclass_id` int(11) NOT NULL DEFAULT '0',
  `contentclass_version` int(11) NOT NULL DEFAULT '0',
  `group_id` int(11) NOT NULL DEFAULT '0',
  `group_name` varchar(255) DEFAULT NULL,
  PRIMARY KEY (`contentclass_id`,`contentclass_version`,`group_id`)
) ENGINE=InnoDB DEFAULT CHARSET=utf8;
/*!40101 SET character_set_client = @saved_cs_client */;

--
-- Dumping data for table `ezcontentclass_classgroup`
--

LOCK TABLES `ezcontentclass_classgroup` WRITE;
/*!40000 ALTER TABLE `ezcontentclass_classgroup` DISABLE KEYS */;
INSERT INTO `ezcontentclass_classgroup` VALUES (1,0,1,'Content'),(3,0,2,'Users'),(4,0,2,'Users'),(13,0,1,'Content'),(14,0,4,'Setup'),(15,0,4,'Setup'),(16,0,1,'Content'),(17,0,1,'Content'),(18,0,1,'Content'),(19,0,1,'Content'),(20,0,1,'Content'),(21,0,1,'Content'),(22,0,1,'Content'),(23,0,1,'Content'),(24,0,1,'Content'),(25,0,1,'Content'),(26,0,1,'Content'),(27,0,1,'Content'),(28,0,3,'Media'),(29,0,3,'Media'),(30,0,3,'Media'),(31,0,3,'Media'),(32,0,1,'Content'),(33,0,3,'Media'),(34,0,1,'Content'),(35,0,3,'Media'),(36,0,3,'Media'),(37,0,3,'Media'),(38,0,1,'Content'),(39,0,1,'Content'),(40,0,1,'Content'),(41,0,1,'Content'),(42,0,1,'Content'),(45,0,1,'Content'),(46,0,1,'Content'),(47,0,3,'Media'),(48,0,1,'Content'),(49,0,1,'Content');
/*!40000 ALTER TABLE `ezcontentclass_classgroup` ENABLE KEYS */;
UNLOCK TABLES;

--
-- Table structure for table `ezcontentclass_name`
--

DROP TABLE IF EXISTS `ezcontentclass_name`;
/*!40101 SET @saved_cs_client     = @@character_set_client */;
/*!40101 SET character_set_client = utf8 */;
CREATE TABLE `ezcontentclass_name` (
  `contentclass_id` int(11) NOT NULL DEFAULT '0',
  `contentclass_version` int(11) NOT NULL DEFAULT '0',
  `language_id` int(11) NOT NULL DEFAULT '0',
  `language_locale` varchar(20) NOT NULL DEFAULT '',
  `name` varchar(255) NOT NULL DEFAULT '',
  PRIMARY KEY (`contentclass_id`,`contentclass_version`,`language_id`)
) ENGINE=InnoDB DEFAULT CHARSET=utf8;
/*!40101 SET character_set_client = @saved_cs_client */;

--
-- Dumping data for table `ezcontentclass_name`
--

LOCK TABLES `ezcontentclass_name` WRITE;
/*!40000 ALTER TABLE `ezcontentclass_name` DISABLE KEYS */;
INSERT INTO `ezcontentclass_name` VALUES (1,0,3,'ita-IT','Contenitore'),(3,0,3,'ita-IT','User group'),(4,0,3,'ita-IT','Utente'),(13,0,3,'ita-IT','Comment'),(14,0,3,'ita-IT','Common ini settings'),(15,0,3,'ita-IT','Template look'),(16,0,2,'ita-IT','Articolo'),(16,0,5,'eng-GB','Article'),(17,0,5,'eng-GB','Article (main-page)'),(18,0,5,'eng-GB','Article (sub-page)'),(19,0,5,'eng-GB','Blog'),(20,0,5,'eng-GB','Blog post'),(21,0,5,'eng-GB','Product'),(22,0,5,'eng-GB','Feedback form'),(23,0,5,'eng-GB','Frontpage'),(24,0,5,'eng-GB','Documentation page'),(25,0,5,'eng-GB','Infobox'),(26,0,5,'eng-GB','Multicalendar'),(27,0,5,'eng-GB','Poll'),(28,0,5,'eng-GB','File'),(29,0,5,'eng-GB','Flash'),(30,0,5,'eng-GB','Flash recorder'),(31,0,5,'eng-GB','Video/Flash Player'),(32,0,5,'eng-GB','Global layout'),(33,0,2,'ita-IT','Immagine'),(33,0,5,'eng-GB','Image'),(34,0,5,'eng-GB','Link'),(35,0,5,'eng-GB','Quicktime'),(36,0,5,'eng-GB','Windows media'),(37,0,5,'eng-GB','Real video'),(38,0,2,'ita-IT','Galleria'),(38,0,5,'eng-GB','Gallery'),(39,0,5,'eng-GB','Geo Article'),(40,0,5,'eng-GB','Forum'),(41,0,5,'eng-GB','Forum topic'),(42,0,5,'eng-GB','Forum reply'),(45,0,5,'eng-GB','Banner'),(46,0,5,'eng-GB','Forums'),(47,0,5,'eng-GB','Silverlight'),(48,0,3,'ita-IT','Calendario'),(48,0,4,'eng-GB','Calendario'),(49,0,3,'ita-IT','Evento'),(49,0,4,'eng-GB','Event');
/*!40000 ALTER TABLE `ezcontentclass_name` ENABLE KEYS */;
UNLOCK TABLES;

--
-- Table structure for table `ezcontentclassgroup`
--

DROP TABLE IF EXISTS `ezcontentclassgroup`;
/*!40101 SET @saved_cs_client     = @@character_set_client */;
/*!40101 SET character_set_client = utf8 */;
CREATE TABLE `ezcontentclassgroup` (
  `created` int(11) NOT NULL DEFAULT '0',
  `creator_id` int(11) NOT NULL DEFAULT '0',
  `id` int(11) NOT NULL AUTO_INCREMENT,
  `modified` int(11) NOT NULL DEFAULT '0',
  `modifier_id` int(11) NOT NULL DEFAULT '0',
  `name` varchar(255) DEFAULT NULL,
  PRIMARY KEY (`id`)
) ENGINE=InnoDB AUTO_INCREMENT=5 DEFAULT CHARSET=utf8;
/*!40101 SET character_set_client = @saved_cs_client */;

--
-- Dumping data for table `ezcontentclassgroup`
--

LOCK TABLES `ezcontentclassgroup` WRITE;
/*!40000 ALTER TABLE `ezcontentclassgroup` DISABLE KEYS */;
INSERT INTO `ezcontentclassgroup` VALUES (1031216928,14,1,1033922106,14,'Content'),(1031216941,14,2,1033922113,14,'Users'),(1032009743,14,3,1033922120,14,'Media'),(1081858024,14,4,1081858024,14,'Setup');
/*!40000 ALTER TABLE `ezcontentclassgroup` ENABLE KEYS */;
UNLOCK TABLES;

--
-- Table structure for table `ezcontentobject`
--

DROP TABLE IF EXISTS `ezcontentobject`;
/*!40101 SET @saved_cs_client     = @@character_set_client */;
/*!40101 SET character_set_client = utf8 */;
CREATE TABLE `ezcontentobject` (
  `contentclass_id` int(11) NOT NULL DEFAULT '0',
  `current_version` int(11) DEFAULT NULL,
  `id` int(11) NOT NULL AUTO_INCREMENT,
  `initial_language_id` int(11) NOT NULL DEFAULT '0',
  `is_published` int(11) DEFAULT NULL,
  `language_mask` int(11) NOT NULL DEFAULT '0',
  `modified` int(11) NOT NULL DEFAULT '0',
  `name` varchar(255) DEFAULT NULL,
  `owner_id` int(11) NOT NULL DEFAULT '0',
  `published` int(11) NOT NULL DEFAULT '0',
  `remote_id` varchar(100) DEFAULT NULL,
  `section_id` int(11) NOT NULL DEFAULT '0',
  `status` int(11) DEFAULT '0',
  PRIMARY KEY (`id`),
  UNIQUE KEY `ezcontentobject_remote_id` (`remote_id`),
  KEY `ezcontentobject_classid` (`contentclass_id`),
  KEY `ezcontentobject_currentversion` (`current_version`),
  KEY `ezcontentobject_lmask` (`language_mask`),
  KEY `ezcontentobject_owner` (`owner_id`),
  KEY `ezcontentobject_pub` (`published`),
  KEY `ezcontentobject_status` (`status`)
) ENGINE=InnoDB AUTO_INCREMENT=280 DEFAULT CHARSET=utf8;
/*!40101 SET character_set_client = @saved_cs_client */;

--
-- Dumping data for table `ezcontentobject`
--

LOCK TABLES `ezcontentobject` WRITE;
/*!40000 ALTER TABLE `ezcontentobject` DISABLE KEYS */;
INSERT INTO `ezcontentobject` VALUES (3,1,4,2,0,3,1033917596,'Users',14,1033917596,'f5c88a2209584891056f987fd965b0ba',2,1),(4,2,10,2,0,3,1072180405,'Anonymous User',14,1033920665,'faaeb9be3bd98ed09f606fc16d144eca',2,1),(3,2,11,2,0,3,1262689290,'Members',14,1033920746,'5f7f0bdb3381d6a461d8c29ff53d908f',2,1),(3,1,12,2,0,3,1033920775,'Administrator users',14,1033920775,'9b47a45624b023b1a76c73b74d704acf',2,1),(3,1,13,2,0,3,1033920794,'Editors',14,1033920794,'3c160cca19fb135f83bd02d911f04db2',2,1),(4,2,14,2,0,3,1262689288,'Administrator User',14,1033920830,'1bb4fe25487f05527efa8bfd394cecc7',2,1),(1,1,41,2,0,3,1060695457,'Media',14,1060695457,'a6e35cbcb7cd6ae4b691f3eee30cd262',3,1),(3,1,42,2,0,3,1072180330,'Anonymous Users',14,1072180330,'15b256dbea2ae72418ff5facc999e8f9',2,1),(1,1,45,2,0,3,1079684190,'Setup',14,1079684190,'241d538ce310074e602f29f49e44e938',4,1),(1,1,49,2,0,3,1080220197,'Images',14,1080220197,'e7ff633c6b8e0fd3531e74c6e712bead',3,1),(1,1,50,2,0,3,1080220220,'Files',14,1080220220,'732a5acd01b51a6fe6eab448ad4138a9',3,1),(1,1,51,2,0,3,1080220233,'Multimedia',14,1080220233,'09082deb98662a104f325aaa8c4933d3',3,1),(14,2,52,2,0,2,1263418478,'Common INI settings',14,1082016591,'27437f3547db19cf81a33c92578b2c89',4,1),(15,2,54,2,0,2,1263418389,'Mondelli Stable',14,1082016652,'8b8b22fe3c6061ed500fbd2b377b885f',5,1),(1,1,56,2,0,3,1103023132,'Design',14,1103023132,'08799e609893f7aba22f10cb466d9cc8',5,1),(23,19,57,2,0,3,1271078355,'Home',14,1195480486,'8a9c9c761004866fb458d89910f52bee',1,1),(3,1,58,2,0,3,1262689290,'Partners',14,1262689290,'e0dc1f8833d645773c63d4026df7cb3b',2,1),(23,7,59,2,0,2,1270935895,'Foto',14,1263418086,'9ff407b2e924337704ab2b516778e688',1,1),(23,8,61,2,0,2,1270935189,'Equitazione',14,1263418134,'972c4b3d84b7d938bec4988f3a061936',1,1),(23,6,62,2,0,2,1270935682,'Cucina',14,1263418172,'bb95c2f83dd1a5c60f85648a2a028019',1,1),(23,6,63,2,0,2,1270935452,'Eventi',14,1263418193,'26aecb81b3d60605c9d035484638500a',1,1),(1,1,64,2,0,3,1263928381,'Test',14,1263928381,'ccf16f547939ec8eb200e4f7354dc5b7',1,2),(48,5,65,2,0,2,1271004591,'Calendario',14,1263930463,'be5997758802f89e99c1482c28ac1b3e',1,1),(1,2,66,2,0,3,1269459712,'Manicaretti',14,1265042513,'73f5785ccad099eb99c24a63145cc44a',1,1),(1,7,67,2,0,3,1271013021,'Cavalli',14,1265044218,'fd3b2dab11e0cde642473e6022d5eadc',1,1),(1,4,68,2,0,3,1270933868,'Panini',14,1265053344,'d31b5d30e9c95f1c01afb0836f72ab4e',1,1),(1,2,69,2,0,3,1269459869,'Musica',14,1265055002,'23079aeafc6f6cc8718cc4a35218acad',1,1),(49,1,70,2,0,2,1265551972,'Prova',14,1265551972,'688b6309033817ec6c22fab104d95f77',1,1),(49,1,71,2,0,2,1265551981,'Patatine',14,1265551981,'6f51aeaba1cb86767f76986627ce0367',1,1),(49,1,72,2,0,2,1269089041,'New Event',14,1269089041,'f318c7076c9be1a30db1c2732c22fd8f',1,1),(49,1,73,2,0,2,1269089049,'New Event',14,1269089049,'af393ed6b52d12f3a4f1fb7e4af4da12',1,1),(33,1,74,2,0,2,1269090694,'P5250041',14,1269090694,'c003f19600d26a4f159c8178cec13841',3,1),(49,1,109,2,0,2,1269129468,'New Event',14,1269129468,'426089097f3ef00ebfd7f0b0b2cac113',1,1),(49,1,110,2,0,2,1269129485,'New Event',14,1269129485,'307260da63baa4469996ac7451fefef3',1,1),(1,3,112,2,0,3,1270936901,'Hot Dog',14,1269162085,'91424ff98e4a84c77428c3dbf430b770',1,1),(1,2,113,2,0,3,1270936928,'Hamburger',14,1269163806,'4df3581be3729456fa1caff647480c94',1,1),(1,3,114,2,0,3,1271017092,'Bistecche',14,1269163855,'9310e06447a5893c71aa2d7cfb5792de',1,1),(1,3,115,2,0,3,1271017134,'Lubianske',14,1269163906,'344ca900fb114075bea152f5dbdf109d',1,1),(1,3,134,2,0,3,1270928306,'Arrosticini',14,1269279591,'6eda3171dcffbd81f4107189acb6a1a9',1,1),(1,1,135,2,0,3,1269279650,'Agnello',14,1269279650,'129660fe3655d379e65624813341576a',1,1),(1,2,136,2,0,3,1270933790,'Zamponi',14,1269447147,'68a4880ea7d07aebaf58dee648ec1bf6',1,1),(1,1,137,2,0,3,1269447180,'Vivi',14,1269447180,'e927c3390ef16f856fe424000f07600a',1,1),(1,1,138,2,0,3,1269447205,'Morti',14,1269447205,'4d23f5f4721310f4c16d421989ae2b64',1,1),(1,1,139,2,0,3,1269447232,'Moribondi',14,1269447232,'12716a0486589249b34eff52bd882ac0',1,1),(1,4,140,2,0,3,1270933831,'Bomboloni',14,1269451574,'f13ccdb6fdcacbb857aeb4e33e3bde3b',1,1),(1,1,141,2,0,3,1269451620,'Krapfen',14,1269451620,'7144ee86ed20edab9a49992ce0fac3cc',1,1),(1,1,142,2,0,3,1269451656,'Kiffel',14,1269451656,'894de5f0b421af66cec67ba6a0ccec45',1,1),(1,1,143,2,0,3,1269472802,'Spellati',14,1269472802,'2715d3c899f265ba787ad70e068781ac',1,1),(16,7,144,2,0,2,1270936703,'La tana dei tori',14,1269504410,'56ae6e9c4cf6d6dcd13c8052335de48d',1,1),(33,2,145,2,0,2,1269513914,'Death',14,1269508406,'bd7e3d9f932fa46b805c87c22bf790bd',3,1),(33,1,146,2,0,2,1269508568,'octopussy_II_by_kunkka',14,1269508568,'b6312a627d9dfb9ffd032a44361dcc4e',3,1),(33,2,147,2,0,2,1269514239,'good_morning_by_marazmuser',14,1269514200,'9760654db8c9a36fa1c07b40faf43066',3,1),(1,1,148,2,0,3,1269599203,'Pelosi',14,1269599203,'03632e0efb140eddf81699bae17d8aa0',1,1),(16,3,149,2,0,2,1271079306,'Il paradiso degli stolti',14,1269615345,'b83b247746e3c344efa81d256c7506bd',1,1),(38,5,150,2,0,2,1270928910,'Strane foto',14,1269884955,'43910b8561689dd9bd24984fc023d960',1,1),(49,3,157,2,0,2,1270591302,'New Eventaaa',14,1270543231,'6fd4aeb8750b20e92292e72d8daa2670',1,1),(49,1,165,2,0,2,1270547108,'New Event',14,1270547108,'2fe13bb8e0d4cd1ab2babe4454265266',1,1),(33,1,166,2,0,2,1270555683,'Exile_by_KatiBear',14,1270555683,'5525b55704d9d4c32a030114e75d7fb2',3,1),(49,1,167,2,0,2,1270590523,'Santi Licheri',14,1270590523,'de362dd572b2f0a65d282f7911366ee5',1,1),(4,1,169,2,0,3,1270652622,'mosarg mosarg',14,1270652622,'c862e8c8374acf9a3ab1c76d0060c3ab',2,1),(49,1,170,2,0,2,1270659154,'Evento di test',14,1270659154,'ba71fc68dd9a7720cc9e4134b929bce8',1,1),(49,1,171,2,0,2,1270659786,'Secondo evento del giorno',14,1270659786,'93c78cb436d208fd779e9811cf28a382',1,1),(4,1,205,2,0,3,1270746438,'cane rognoso',14,1270746438,'bca6b8ffb698b3434f52ad67a468b693',2,1),(4,1,249,2,0,3,1270767027,'Guglielmo Marconi',14,1270767027,'44b93b13532266a877618d8bca4b9d11',2,1),(4,1,261,2,0,3,1270798498,'antonio  astolfi',14,1270798498,'5188cc782954ca2b813597f3f6f0a2fa',2,1),(3,1,262,2,0,3,1270820746,'Editor limitato',14,1270820746,'e9e9a5474a92fe4cea13c45286246a1c',2,1),(4,3,263,2,0,3,1271063857,'enzo enzo',14,1270820839,'ba4c90789fac58569ffb879f65a03dd3',2,1),(33,3,267,2,0,2,1270925840,'Imagination',263,1270903811,'3fe88af24b6092f9d7dc81a449991bf7',1,1),(33,1,268,2,0,2,1270903814,'difference_by_baspunk',263,1270903814,'39d3650e42e948fdd08eb44d9884dd45',1,1),(33,1,269,2,0,2,1270903815,'Frills_4_by_Goldfishdreams_stock',263,1270903815,'eb9d0176f3404f94fe0ce192ae576b81',1,1),(33,1,270,2,0,2,1270903816,'fractalFlowers_30_by_love1008',263,1270903816,'fa301e06bd86ff7ba8adbbd8c360260f',1,1),(33,1,271,2,0,2,1270903817,'Exile_by_KatiBear',263,1270903817,'a61e0d39af80b611e22d622a235aeaac',1,1),(33,1,272,2,0,2,1270903817,'Dawn_On_The_Deck_by_l8',263,1270903817,'e4c515aefad6e3b41ab3dfefc8b35bcd',1,1),(33,1,273,2,0,2,1270908459,'6533-2',263,1270908459,'9c6455f4c56d948e0f74aea53be4b5bc',1,1),(33,1,274,2,0,2,1270908459,'6964-Unwetterhimmel',263,1270908459,'84b76675582558fd9d76e2c641874c9d',1,1),(33,1,275,2,0,2,1270908460,'6947-Midsommarblomma',263,1270908460,'c3ee6768c97d4279b7aee06a5daa800a',1,1),(33,1,276,2,0,2,1270908460,'7007-Renfana',263,1270908460,'a06cb5baab4088cacf639f980afbbe3c',1,1),(33,1,277,2,0,2,1270908461,'4561-Misato',263,1270908461,'582b53e34c45db59167238a0390ff85a',1,1),(33,1,278,2,0,2,1270908461,'7000-Gulvial',263,1270908461,'f113a7c4603aa81fd27ca33e88ea7bb3',1,1),(33,1,279,2,0,2,1270908462,'5913-Kitsh_sunset',263,1270908462,'c339504f3040c512b33dfc03234ce2db',1,1);
/*!40000 ALTER TABLE `ezcontentobject` ENABLE KEYS */;
UNLOCK TABLES;

--
-- Table structure for table `ezcontentobject_attribute`
--

DROP TABLE IF EXISTS `ezcontentobject_attribute`;
/*!40101 SET @saved_cs_client     = @@character_set_client */;
/*!40101 SET character_set_client = utf8 */;
CREATE TABLE `ezcontentobject_attribute` (
  `attribute_original_id` int(11) DEFAULT '0',
  `contentclassattribute_id` int(11) NOT NULL DEFAULT '0',
  `contentobject_id` int(11) NOT NULL DEFAULT '0',
  `data_float` float DEFAULT NULL,
  `data_int` int(11) DEFAULT NULL,
  `data_text` longtext,
  `data_type_string` varchar(50) DEFAULT '',
  `id` int(11) NOT NULL AUTO_INCREMENT,
  `language_code` varchar(20) NOT NULL DEFAULT '',
  `language_id` int(11) NOT NULL DEFAULT '0',
  `sort_key_int` int(11) NOT NULL DEFAULT '0',
  `sort_key_string` varchar(255) NOT NULL DEFAULT '',
  `version` int(11) NOT NULL DEFAULT '0',
  PRIMARY KEY (`id`,`version`),
  KEY `ezcontentobject_attr_id` (`id`),
  KEY `ezcontentobject_attribute_co_id_ver_lang_code` (`contentobject_id`,`version`,`language_code`),
  KEY `ezcontentobject_attribute_contentobject_id` (`contentobject_id`),
  KEY `ezcontentobject_attribute_language_code` (`language_code`),
  KEY `sort_key_int` (`sort_key_int`),
  KEY `sort_key_string` (`sort_key_string`)
) ENGINE=InnoDB AUTO_INCREMENT=1520 DEFAULT CHARSET=utf8;
/*!40101 SET character_set_client = @saved_cs_client */;

--
-- Dumping data for table `ezcontentobject_attribute`
--

LOCK TABLES `ezcontentobject_attribute` WRITE;
/*!40000 ALTER TABLE `ezcontentobject_attribute` DISABLE KEYS */;
INSERT INTO `ezcontentobject_attribute` VALUES (0,7,4,NULL,NULL,'Main group','ezstring',7,'ita-IT',3,0,'',1),(0,6,4,NULL,NULL,'Users','ezstring',8,'ita-IT',3,0,'',1),(0,8,10,0,0,'Anonymous','ezstring',19,'ita-IT',3,0,'anonymous',2),(0,9,10,0,0,'User','ezstring',20,'ita-IT',3,0,'user',2),(0,12,10,0,0,'','ezuser',21,'ita-IT',3,0,'',2),(0,6,11,0,0,'Guest accounts','ezstring',22,'ita-IT',3,0,'',1),(0,6,11,0,0,'Members','ezstring',22,'ita-IT',3,0,'members',2),(0,7,11,0,0,'','ezstring',23,'ita-IT',3,0,'',1),(0,7,11,0,0,'','ezstring',23,'ita-IT',3,0,'',2),(0,6,12,0,0,'Administrator users','ezstring',24,'ita-IT',3,0,'',1),(0,7,12,0,0,'','ezstring',25,'ita-IT',3,0,'',1),(0,6,13,0,0,'Editors','ezstring',26,'ita-IT',3,0,'',1),(0,7,13,0,0,'','ezstring',27,'ita-IT',3,0,'',1),(0,8,14,0,0,'Administrator','ezstring',28,'ita-IT',3,0,'',1),(0,8,14,0,0,'Administrator','ezstring',28,'ita-IT',3,0,'administrator',2),(0,9,14,0,0,'User','ezstring',29,'ita-IT',3,0,'',1),(0,9,14,0,0,'User','ezstring',29,'ita-IT',3,0,'user',2),(0,12,14,0,0,'','ezuser',30,'ita-IT',3,0,'',1),(0,12,14,0,0,'','ezuser',30,'ita-IT',3,0,'',2),(0,4,41,0,0,'Media','ezstring',98,'ita-IT',3,0,'',1),(0,119,41,0,1045487555,'<?xml version=\"1.0\" encoding=\"utf-8\"?>\n<section xmlns:image=\"http://ez.no/namespaces/ezpublish3/image/\"\n         xmlns:xhtml=\"http://ez.no/namespaces/ezpublish3/xhtml/\"\n         xmlns:custom=\"http://ez.no/namespaces/ezpublish3/custom/\" />','ezxmltext',99,'ita-IT',3,0,'',1),(0,6,42,0,0,'Anonymous Users','ezstring',100,'ita-IT',3,0,'anonymous users',1),(0,7,42,0,0,'User group for the anonymous user','ezstring',101,'ita-IT',3,0,'user group for the anonymous user',1),(0,155,41,0,0,'','ezstring',103,'ita-IT',3,0,'',1),(0,156,41,0,1045487555,'','ezxmltext',105,'ita-IT',3,0,'',1),(0,158,41,0,0,'','ezboolean',109,'ita-IT',3,0,'',1),(0,4,45,0,0,'Setup','ezstring',123,'ita-IT',3,0,'setup',1),(0,155,45,0,0,'','ezstring',124,'ita-IT',3,0,'',1),(0,119,45,0,1045487555,'<?xml version=\"1.0\" encoding=\"utf-8\"?>\n<section xmlns:image=\"http://ez.no/namespaces/ezpublish3/image/\"\n         xmlns:xhtml=\"http://ez.no/namespaces/ezpublish3/xhtml/\"\n         xmlns:custom=\"http://ez.no/namespaces/ezpublish3/custom/\" />','ezxmltext',125,'ita-IT',3,0,'',1),(0,156,45,0,1045487555,'<?xml version=\"1.0\" encoding=\"utf-8\"?>\n<section xmlns:image=\"http://ez.no/namespaces/ezpublish3/image/\"\n         xmlns:xhtml=\"http://ez.no/namespaces/ezpublish3/xhtml/\"\n         xmlns:custom=\"http://ez.no/namespaces/ezpublish3/custom/\" />','ezxmltext',126,'ita-IT',3,0,'',1),(0,158,45,0,0,'','ezboolean',128,'ita-IT',3,0,'',1),(0,4,49,0,0,'Images','ezstring',142,'ita-IT',3,0,'images',1),(0,155,49,0,0,'','ezstring',143,'ita-IT',3,0,'',1),(0,119,49,0,1045487555,'<?xml version=\"1.0\" encoding=\"utf-8\"?>\n<section xmlns:image=\"http://ez.no/namespaces/ezpublish3/image/\"\n         xmlns:xhtml=\"http://ez.no/namespaces/ezpublish3/xhtml/\"\n         xmlns:custom=\"http://ez.no/namespaces/ezpublish3/custom/\" />','ezxmltext',144,'ita-IT',3,0,'',1),(0,156,49,0,1045487555,'<?xml version=\"1.0\" encoding=\"utf-8\"?>\n<section xmlns:image=\"http://ez.no/namespaces/ezpublish3/image/\"\n         xmlns:xhtml=\"http://ez.no/namespaces/ezpublish3/xhtml/\"\n         xmlns:custom=\"http://ez.no/namespaces/ezpublish3/custom/\" />','ezxmltext',145,'ita-IT',3,0,'',1),(0,158,49,0,1,'','ezboolean',146,'ita-IT',3,1,'',1),(0,4,50,0,0,'Files','ezstring',147,'ita-IT',3,0,'files',1),(0,155,50,0,0,'','ezstring',148,'ita-IT',3,0,'',1),(0,119,50,0,1045487555,'<?xml version=\"1.0\" encoding=\"utf-8\"?>\n<section xmlns:image=\"http://ez.no/namespaces/ezpublish3/image/\"\n         xmlns:xhtml=\"http://ez.no/namespaces/ezpublish3/xhtml/\"\n         xmlns:custom=\"http://ez.no/namespaces/ezpublish3/custom/\" />','ezxmltext',149,'ita-IT',3,0,'',1),(0,156,50,0,1045487555,'<?xml version=\"1.0\" encoding=\"utf-8\"?>\n<section xmlns:image=\"http://ez.no/namespaces/ezpublish3/image/\"\n         xmlns:xhtml=\"http://ez.no/namespaces/ezpublish3/xhtml/\"\n         xmlns:custom=\"http://ez.no/namespaces/ezpublish3/custom/\" />','ezxmltext',150,'ita-IT',3,0,'',1),(0,158,50,0,1,'','ezboolean',151,'ita-IT',3,1,'',1),(0,4,51,0,0,'Multimedia','ezstring',152,'ita-IT',3,0,'multimedia',1),(0,155,51,0,0,'','ezstring',153,'ita-IT',3,0,'',1),(0,119,51,0,1045487555,'<?xml version=\"1.0\" encoding=\"utf-8\"?>\n<section xmlns:image=\"http://ez.no/namespaces/ezpublish3/image/\"\n         xmlns:xhtml=\"http://ez.no/namespaces/ezpublish3/xhtml/\"\n         xmlns:custom=\"http://ez.no/namespaces/ezpublish3/custom/\" />','ezxmltext',154,'ita-IT',3,0,'',1),(0,156,51,0,1045487555,'<?xml version=\"1.0\" encoding=\"utf-8\"?>\n<section xmlns:image=\"http://ez.no/namespaces/ezpublish3/image/\"\n         xmlns:xhtml=\"http://ez.no/namespaces/ezpublish3/xhtml/\"\n         xmlns:custom=\"http://ez.no/namespaces/ezpublish3/custom/\" />','ezxmltext',155,'ita-IT',3,0,'',1),(0,158,51,0,1,'','ezboolean',156,'ita-IT',3,1,'',1),(0,159,52,0,0,'Common INI settings','ezstring',157,'ita-IT',2,0,'common ini settings',1),(0,159,52,0,0,'Common INI settings','ezstring',157,'ita-IT',2,0,'common ini settings',2),(0,160,52,0,0,'/content/view/full/2/','ezinisetting',158,'ita-IT',2,0,'',1),(0,160,52,0,0,'/content/view/full/2/','ezinisetting',158,'ita-IT',2,0,'',2),(0,161,52,0,0,'/content/view/full/2','ezinisetting',159,'ita-IT',2,0,'',1),(0,161,52,0,0,'/content/view/full/2','ezinisetting',159,'ita-IT',2,0,'',2),(0,162,52,0,0,'disabled','ezinisetting',160,'ita-IT',2,0,'',1),(0,162,52,0,0,'disabled','ezinisetting',160,'ita-IT',2,0,'',2),(0,163,52,0,0,'disabled','ezinisetting',161,'ita-IT',2,0,'',1),(0,163,52,0,0,'disabled','ezinisetting',161,'ita-IT',2,0,'',2),(0,164,52,0,0,'','ezinisetting',162,'ita-IT',2,0,'',1),(0,164,52,0,0,'','ezinisetting',162,'ita-IT',2,0,'',2),(0,165,52,0,0,'enabled','ezinisetting',163,'ita-IT',2,0,'',1),(0,165,52,0,0,'enabled','ezinisetting',163,'ita-IT',2,0,'',2),(0,166,52,0,0,'disabled','ezinisetting',164,'ita-IT',2,0,'',1),(0,166,52,0,0,'disabled','ezinisetting',164,'ita-IT',2,0,'',2),(0,167,52,0,0,'enabled','ezinisetting',165,'ita-IT',2,0,'',1),(0,167,52,0,0,'disabled','ezinisetting',165,'ita-IT',2,0,'',2),(0,168,52,0,0,'enabled','ezinisetting',166,'ita-IT',2,0,'',1),(0,168,52,0,0,'disabled','ezinisetting',166,'ita-IT',2,0,'',2),(0,169,52,0,0,'=geometry/scale=100;100','ezinisetting',167,'ita-IT',2,0,'',1),(0,169,52,0,0,'=geometry/scale=100;100','ezinisetting',167,'ita-IT',2,0,'',2),(0,170,52,0,0,'=geometry/scale=200;200','ezinisetting',168,'ita-IT',2,0,'',1),(0,170,52,0,0,'=geometry/scale=200;200','ezinisetting',168,'ita-IT',2,0,'',2),(0,171,52,0,0,'=geometry/scale=300;300','ezinisetting',169,'ita-IT',2,0,'',1),(0,171,52,0,0,'=geometry/scale=300;300','ezinisetting',169,'ita-IT',2,0,'',2),(0,172,54,0,0,'eZ Flow (without demo content)','ezinisetting',170,'ita-IT',2,0,'',1),(0,172,54,0,0,'Mondelli Stable','ezinisetting',170,'ita-IT',2,0,'',2),(0,173,54,0,0,'author=eZ Systems\ncopyright=eZ Systems\ndescription=Content Management System\nkeywords=cms, publish, e-commerce, content management, development framework','ezinisetting',171,'ita-IT',2,0,'',1),(0,173,54,0,0,'author=Matteo Mosangini\r\ncopyright=e-moka\r\ndescription=Content Management System\r\nkeywords=mondelli,stable,cavalli,birra,angus,fiorentina','ezinisetting',171,'ita-IT',2,0,'',2),(0,174,54,0,0,'<?xml version=\"1.0\" encoding=\"utf-8\"?>\n<ezimage serial_number=\"1\" is_valid=\"1\" filename=\"eZ-Flow-without-demo-content1.png\" suffix=\"png\" basename=\"eZ-Flow-without-demo-content1\" dirpath=\"var/ezflow_site/storage/images/design/ez-publish/172-1-ita-IT\" url=\"var/ezflow_site/storage/images/design/ez-publish/172-1-ita-IT/eZ-Flow-without-demo-content1.png\" original_filename=\"logo.png\" mime_type=\"image/png\" width=\"128\" height=\"39\" alternative_text=\"\" alias_key=\"1293033771\" timestamp=\"1262689289\"><original attribute_id=\"172\" attribute_version=\"1\" attribute_language=\"ita-IT\"/></ezimage>\n','ezimage',172,'ita-IT',2,0,'',1),(0,174,54,0,0,'<?xml version=\"1.0\" encoding=\"utf-8\"?>\n<ezimage serial_number=\"1\" is_valid=\"1\" filename=\"Mondelli-Stable.png\" suffix=\"png\" basename=\"Mondelli-Stable\" dirpath=\"var/mondelli/storage/images/design/mondelli-stable/172-1-ita-IT\" url=\"var/mondelli/storage/images/design/mondelli-stable/172-1-ita-IT/Mondelli-Stable.png\" original_filename=\"logo.png\" mime_type=\"image/png\" width=\"128\" height=\"39\" alternative_text=\"\" alias_key=\"1293033771\" timestamp=\"1262689289\"><original attribute_id=\"172\" attribute_version=\"1\" attribute_language=\"ita-IT\"/></ezimage>\n','ezimage',172,'ita-IT',2,0,'',2),(0,175,54,0,0,'0','ezpackage',173,'ita-IT',2,0,'0',1),(0,175,54,0,0,'0','ezpackage',173,'ita-IT',2,0,'0',2),(0,177,54,0,0,'mosarg@gmail.com','ezinisetting',175,'ita-IT',2,0,'',1),(0,177,54,0,0,'mosarg@gmail.com','ezinisetting',175,'ita-IT',2,0,'',2),(0,178,54,0,0,'com.hell.pit','ezinisetting',176,'ita-IT',2,0,'',1),(0,178,54,0,0,'com.hell.pit','ezinisetting',176,'ita-IT',2,0,'',2),(0,179,10,0,0,'','eztext',177,'ita-IT',3,0,'',2),(0,179,14,0,0,'','eztext',178,'ita-IT',3,0,'',1),(0,179,14,0,0,'','eztext',178,'ita-IT',3,0,'',2),(0,180,10,0,0,'','ezimage',179,'ita-IT',3,0,'',2),(0,180,14,0,0,'','ezimage',180,'ita-IT',3,0,'',1),(0,180,14,0,0,'<?xml version=\"1.0\" encoding=\"utf-8\"?>\n<ezimage serial_number=\"\" is_valid=\"\" filename=\"\" suffix=\"\" basename=\"\" dirpath=\"\" url=\"\" original_filename=\"\" mime_type=\"\" width=\"\" height=\"\" alternative_text=\"\" alias_key=\"1293033771\" timestamp=\"1262689288\"/>\n','ezimage',180,'ita-IT',3,0,'',2),(0,4,56,0,NULL,'Design','ezstring',181,'ita-IT',3,0,'design',1),(0,155,56,0,NULL,'','ezstring',182,'ita-IT',3,0,'',1),(0,119,56,0,1045487555,'<?xml version=\"1.0\" encoding=\"utf-8\"?>\n<section xmlns:image=\"http://ez.no/namespaces/ezpublish3/image/\"\n         xmlns:xhtml=\"http://ez.no/namespaces/ezpublish3/xhtml/\"\n         xmlns:custom=\"http://ez.no/namespaces/ezpublish3/custom/\" />','ezxmltext',183,'ita-IT',3,0,'',1),(0,156,56,0,1045487555,'<?xml version=\"1.0\" encoding=\"utf-8\"?>\n<section xmlns:image=\"http://ez.no/namespaces/ezpublish3/image/\"\n         xmlns:xhtml=\"http://ez.no/namespaces/ezpublish3/xhtml/\"\n         xmlns:custom=\"http://ez.no/namespaces/ezpublish3/custom/\" />','ezxmltext',184,'ita-IT',3,0,'',1),(0,158,56,0,1,'','ezboolean',185,'ita-IT',3,1,'',1),(0,181,41,0,NULL,'','ezkeyword',187,'ita-IT',3,0,'',1),(0,181,45,0,NULL,'','ezkeyword',188,'ita-IT',3,0,'',1),(0,181,49,0,NULL,'','ezkeyword',189,'ita-IT',3,0,'',1),(0,181,50,0,NULL,'','ezkeyword',190,'ita-IT',3,0,'',1),(0,181,51,0,NULL,'','ezkeyword',191,'ita-IT',3,0,'',1),(0,181,56,0,NULL,'','ezkeyword',192,'ita-IT',3,0,'',1),(0,182,41,0,0,'','ezdatetime',194,'ita-IT',3,0,'',1),(0,182,45,0,0,'','ezdatetime',195,'ita-IT',3,0,'',1),(0,182,49,0,0,'','ezdatetime',196,'ita-IT',3,0,'',1),(0,182,50,0,0,'','ezdatetime',197,'ita-IT',3,0,'',1),(0,182,51,0,0,'','ezdatetime',198,'ita-IT',3,0,'',1),(0,182,56,0,0,'','ezdatetime',199,'ita-IT',3,0,'',1),(0,236,57,0,NULL,'Home','ezstring',200,'ita-IT',3,0,'home',10),(0,236,57,0,NULL,'Home','ezstring',200,'ita-IT',3,0,'home',11),(0,236,57,0,NULL,'Home','ezstring',200,'ita-IT',3,0,'home',12),(0,236,57,0,NULL,'Home','ezstring',200,'ita-IT',3,0,'home',13),(0,236,57,0,NULL,'Home','ezstring',200,'ita-IT',3,0,'home',14),(0,236,57,0,NULL,'Home','ezstring',200,'ita-IT',3,0,'home',15),(0,236,57,0,NULL,'Home','ezstring',200,'ita-IT',3,0,'home',16),(0,236,57,0,NULL,'Home','ezstring',200,'ita-IT',3,0,'home',17),(0,236,57,0,NULL,'Home','ezstring',200,'ita-IT',3,0,'home',18),(0,236,57,0,NULL,'Home','ezstring',200,'ita-IT',3,0,'home',19),(0,237,57,0,NULL,'<?xml version=\"1.0\"?>\n<page>\n  <zone_layout>2ZonesLayout1</zone_layout>\n  <zone id=\"id_4f6d946ab48d95799d31179c3acde8cb\">\n    <zone_identifier>left</zone_identifier>\n    <block id=\"id_4a0b92caff57ad50f0c577139bf9db7e\">\n      <name></name>\n      <zone_id>4f6d946ab48d95799d31179c3acde8cb</zone_id>\n      <type>MainStory</type>\n      <view>main_story1</view>\n      <overflow_id></overflow_id>\n    </block>\n  </zone>\n  <zone id=\"id_a1117aa7fd4548568490cc7ab1271a4b\">\n    <zone_identifier>right</zone_identifier>\n    <block id=\"id_3efa9a57aea9179b7fbb95d9e2c2da54\">\n      <name>eventi</name>\n      <zone_id>a1117aa7fd4548568490cc7ab1271a4b</zone_id>\n      <type>Calendario</type>\n      <view>calendar_ajax</view>\n      <overflow_id></overflow_id>\n    </block>\n    <block id=\"id_c60853efd80f7b09926bf1decd8982f9\">\n      <name>On Line Users</name>\n      <zone_id>a1117aa7fd4548568490cc7ab1271a4b</zone_id>\n      <type>OnlineUsers</type>\n      <view>onlineusers</view>\n    </block>\n  </zone>\n</page>\n','ezpage',201,'ita-IT',3,0,'',10),(0,237,57,0,NULL,'<?xml version=\"1.0\"?>\n<page>\n  <zone_layout>2ZonesLayout1</zone_layout>\n  <zone id=\"id_4f6d946ab48d95799d31179c3acde8cb\">\n    <zone_identifier>left</zone_identifier>\n    <block id=\"id_4a0b92caff57ad50f0c577139bf9db7e\">\n      <name></name>\n      <zone_id>4f6d946ab48d95799d31179c3acde8cb</zone_id>\n      <type>MainStory</type>\n      <view>main_story1</view>\n      <overflow_id></overflow_id>\n    </block>\n  </zone>\n  <zone id=\"id_a1117aa7fd4548568490cc7ab1271a4b\">\n    <zone_identifier>right</zone_identifier>\n    <block id=\"id_3efa9a57aea9179b7fbb95d9e2c2da54\">\n      <name>eventi</name>\n      <zone_id>a1117aa7fd4548568490cc7ab1271a4b</zone_id>\n      <type>Calendario</type>\n      <view>calendar_ajax</view>\n      <overflow_id></overflow_id>\n    </block>\n    <block id=\"id_c60853efd80f7b09926bf1decd8982f9\">\n      <name>On Line Users</name>\n      <zone_id>a1117aa7fd4548568490cc7ab1271a4b</zone_id>\n      <type>OnlineUsers</type>\n      <view>onlineusers</view>\n    </block>\n  </zone>\n</page>\n','ezpage',201,'ita-IT',3,0,'',11),(0,237,57,0,NULL,'<?xml version=\"1.0\"?>\n<page>\n  <zone_layout>2ZonesLayout1</zone_layout>\n  <zone id=\"id_4f6d946ab48d95799d31179c3acde8cb\">\n    <zone_identifier>left</zone_identifier>\n    <block id=\"id_4a0b92caff57ad50f0c577139bf9db7e\">\n      <name></name>\n      <zone_id>4f6d946ab48d95799d31179c3acde8cb</zone_id>\n      <type>MainStory</type>\n      <view>main_story1</view>\n      <overflow_id></overflow_id>\n    </block>\n    <block id=\"id_8cd4fdc002e9794d37a6ab298f25819d\">\n      <name></name>\n      <zone_id>4f6d946ab48d95799d31179c3acde8cb</zone_id>\n      <type>MainStory</type>\n      <view>main_story1</view>\n      <overflow_id></overflow_id>\n    </block>\n  </zone>\n  <zone id=\"id_a1117aa7fd4548568490cc7ab1271a4b\">\n    <zone_identifier>right</zone_identifier>\n    <block id=\"id_3efa9a57aea9179b7fbb95d9e2c2da54\">\n      <name>eventi</name>\n      <zone_id>a1117aa7fd4548568490cc7ab1271a4b</zone_id>\n      <type>Calendario</type>\n      <view>calendar_ajax</view>\n      <overflow_id></overflow_id>\n    </block>\n    <block id=\"id_c60853efd80f7b09926bf1decd8982f9\">\n      <name>On Line Users</name>\n      <zone_id>a1117aa7fd4548568490cc7ab1271a4b</zone_id>\n      <type>OnlineUsers</type>\n      <view>onlineusers</view>\n    </block>\n  </zone>\n</page>\n','ezpage',201,'ita-IT',3,0,'',12),(0,237,57,0,NULL,'<?xml version=\"1.0\"?>\n<page>\n  <zone_layout>2ZonesLayout1</zone_layout>\n  <zone id=\"id_4f6d946ab48d95799d31179c3acde8cb\">\n    <zone_identifier>left</zone_identifier>\n    <block id=\"id_4a0b92caff57ad50f0c577139bf9db7e\">\n      <name></name>\n      <zone_id>4f6d946ab48d95799d31179c3acde8cb</zone_id>\n      <type>MainStory</type>\n      <view>main_story2</view>\n      <overflow_id></overflow_id>\n    </block>\n    <block id=\"id_8cd4fdc002e9794d37a6ab298f25819d\">\n      <name></name>\n      <zone_id>4f6d946ab48d95799d31179c3acde8cb</zone_id>\n      <type>MainStory</type>\n      <view>main_story1</view>\n      <overflow_id></overflow_id>\n    </block>\n  </zone>\n  <zone id=\"id_a1117aa7fd4548568490cc7ab1271a4b\">\n    <zone_identifier>right</zone_identifier>\n    <block id=\"id_3efa9a57aea9179b7fbb95d9e2c2da54\">\n      <name>eventi</name>\n      <zone_id>a1117aa7fd4548568490cc7ab1271a4b</zone_id>\n      <type>Calendario</type>\n      <view>calendar_ajax</view>\n      <overflow_id></overflow_id>\n    </block>\n    <block id=\"id_c60853efd80f7b09926bf1decd8982f9\">\n      <name>On Line Users</name>\n      <zone_id>a1117aa7fd4548568490cc7ab1271a4b</zone_id>\n      <type>OnlineUsers</type>\n      <view>onlineusers</view>\n    </block>\n  </zone>\n</page>\n','ezpage',201,'ita-IT',3,0,'',13),(0,237,57,0,NULL,'<?xml version=\"1.0\"?>\n<page>\n  <zone_layout>2ZonesLayout1</zone_layout>\n  <zone id=\"id_4f6d946ab48d95799d31179c3acde8cb\">\n    <zone_identifier>left</zone_identifier>\n    <block id=\"id_4a0b92caff57ad50f0c577139bf9db7e\">\n      <name></name>\n      <zone_id>4f6d946ab48d95799d31179c3acde8cb</zone_id>\n      <type>MainStory</type>\n      <view>main_story2</view>\n      <overflow_id></overflow_id>\n    </block>\n    <block id=\"id_8cd4fdc002e9794d37a6ab298f25819d\">\n      <name></name>\n      <zone_id>4f6d946ab48d95799d31179c3acde8cb</zone_id>\n      <type>MainStory</type>\n      <view>main_story1</view>\n      <overflow_id></overflow_id>\n    </block>\n  </zone>\n  <zone id=\"id_a1117aa7fd4548568490cc7ab1271a4b\">\n    <zone_identifier>right</zone_identifier>\n    <block id=\"id_3efa9a57aea9179b7fbb95d9e2c2da54\">\n      <name>eventi</name>\n      <zone_id>a1117aa7fd4548568490cc7ab1271a4b</zone_id>\n      <type>Calendario</type>\n      <view>calendar_ajax</view>\n      <overflow_id></overflow_id>\n    </block>\n    <block id=\"id_c60853efd80f7b09926bf1decd8982f9\">\n      <name>On Line Users</name>\n      <zone_id>a1117aa7fd4548568490cc7ab1271a4b</zone_id>\n      <type>OnlineUsers</type>\n      <view>onlineusers</view>\n    </block>\n  </zone>\n</page>\n','ezpage',201,'ita-IT',3,0,'',14),(0,237,57,0,NULL,'<?xml version=\"1.0\"?>\n<page>\n  <zone_layout>2ZonesLayout1</zone_layout>\n  <zone id=\"id_4f6d946ab48d95799d31179c3acde8cb\">\n    <zone_identifier>left</zone_identifier>\n    <block id=\"id_4a0b92caff57ad50f0c577139bf9db7e\">\n      <name></name>\n      <zone_id>4f6d946ab48d95799d31179c3acde8cb</zone_id>\n      <type>MainStory</type>\n      <view>main_story2</view>\n      <overflow_id></overflow_id>\n    </block>\n    <block id=\"id_8cd4fdc002e9794d37a6ab298f25819d\">\n      <name></name>\n      <zone_id>4f6d946ab48d95799d31179c3acde8cb</zone_id>\n      <type>MainStory</type>\n      <view>main_story1</view>\n      <overflow_id></overflow_id>\n    </block>\n    <block id=\"id_797e6218e3fe424c22659c0313ab9bfb\">\n      <name></name>\n      <zone_id>4f6d946ab48d95799d31179c3acde8cb</zone_id>\n      <type>Manual2Items</type>\n      <view>2_items1</view>\n      <overflow_id></overflow_id>\n    </block>\n  </zone>\n  <zone id=\"id_a1117aa7fd4548568490cc7ab1271a4b\">\n    <zone_identifier>right</zone_identifier>\n    <block id=\"id_3efa9a57aea9179b7fbb95d9e2c2da54\">\n      <name>eventi</name>\n      <zone_id>a1117aa7fd4548568490cc7ab1271a4b</zone_id>\n      <type>Calendario</type>\n      <view>calendar_ajax</view>\n      <overflow_id></overflow_id>\n    </block>\n    <block id=\"id_c60853efd80f7b09926bf1decd8982f9\">\n      <name>On Line Users</name>\n      <zone_id>a1117aa7fd4548568490cc7ab1271a4b</zone_id>\n      <type>OnlineUsers</type>\n      <view>onlineusers</view>\n    </block>\n  </zone>\n</page>\n','ezpage',201,'ita-IT',3,0,'',15),(0,237,57,0,NULL,'<?xml version=\"1.0\"?>\n<page>\n  <zone_layout>2ZonesLayout1</zone_layout>\n  <zone id=\"id_4f6d946ab48d95799d31179c3acde8cb\">\n    <zone_identifier>left</zone_identifier>\n    <block id=\"id_4a0b92caff57ad50f0c577139bf9db7e\">\n      <name></name>\n      <zone_id>4f6d946ab48d95799d31179c3acde8cb</zone_id>\n      <type>MainStory</type>\n      <view>main_story2</view>\n      <overflow_id></overflow_id>\n    </block>\n    <block id=\"id_8cd4fdc002e9794d37a6ab298f25819d\">\n      <name></name>\n      <zone_id>4f6d946ab48d95799d31179c3acde8cb</zone_id>\n      <type>MainStory</type>\n      <view>main_story1</view>\n      <overflow_id></overflow_id>\n    </block>\n  </zone>\n  <zone id=\"id_a1117aa7fd4548568490cc7ab1271a4b\">\n    <zone_identifier>right</zone_identifier>\n    <block id=\"id_3efa9a57aea9179b7fbb95d9e2c2da54\">\n      <name>eventi</name>\n      <zone_id>a1117aa7fd4548568490cc7ab1271a4b</zone_id>\n      <type>Calendario</type>\n      <view>calendar_ajax</view>\n      <overflow_id></overflow_id>\n    </block>\n    <block id=\"id_c60853efd80f7b09926bf1decd8982f9\">\n      <name>On Line Users</name>\n      <zone_id>a1117aa7fd4548568490cc7ab1271a4b</zone_id>\n      <type>OnlineUsers</type>\n      <view>onlineusers</view>\n    </block>\n    <block id=\"id_7930f78270c180d06007a1a13c73e80b\">\n      <name></name>\n      <zone_id>a1117aa7fd4548568490cc7ab1271a4b</zone_id>\n      <type>Manual2Items</type>\n      <view>2_items1</view>\n      <overflow_id></overflow_id>\n    </block>\n  </zone>\n</page>\n','ezpage',201,'ita-IT',3,0,'',16),(0,237,57,0,NULL,'<?xml version=\"1.0\"?>\n<page>\n  <zone_layout>2ZonesLayout1</zone_layout>\n  <zone id=\"id_4f6d946ab48d95799d31179c3acde8cb\">\n    <zone_identifier>left</zone_identifier>\n    <block id=\"id_4a0b92caff57ad50f0c577139bf9db7e\">\n      <name></name>\n      <zone_id>4f6d946ab48d95799d31179c3acde8cb</zone_id>\n      <type>MainStory</type>\n      <view>main_story2</view>\n      <overflow_id></overflow_id>\n    </block>\n    <block id=\"id_8cd4fdc002e9794d37a6ab298f25819d\">\n      <name></name>\n      <zone_id>4f6d946ab48d95799d31179c3acde8cb</zone_id>\n      <type>MainStory</type>\n      <view>main_story1</view>\n      <overflow_id></overflow_id>\n    </block>\n  </zone>\n  <zone id=\"id_a1117aa7fd4548568490cc7ab1271a4b\">\n    <zone_identifier>right</zone_identifier>\n    <block id=\"id_3efa9a57aea9179b7fbb95d9e2c2da54\">\n      <name>eventi</name>\n      <zone_id>a1117aa7fd4548568490cc7ab1271a4b</zone_id>\n      <type>Calendario</type>\n      <view>calendar_ajax</view>\n      <overflow_id></overflow_id>\n    </block>\n    <block id=\"id_c60853efd80f7b09926bf1decd8982f9\">\n      <name>On Line Users</name>\n      <zone_id>a1117aa7fd4548568490cc7ab1271a4b</zone_id>\n      <type>OnlineUsers</type>\n      <view>onlineusers</view>\n    </block>\n    <block id=\"id_7930f78270c180d06007a1a13c73e80b\">\n      <name></name>\n      <zone_id>a1117aa7fd4548568490cc7ab1271a4b</zone_id>\n      <type>Manual2Items</type>\n      <view>2_items1</view>\n      <overflow_id></overflow_id>\n    </block>\n  </zone>\n</page>\n','ezpage',201,'ita-IT',3,0,'',17),(0,237,57,0,NULL,'<?xml version=\"1.0\"?>\n<page>\n  <zone_layout>2ZonesLayout1</zone_layout>\n  <zone id=\"id_4f6d946ab48d95799d31179c3acde8cb\">\n    <zone_identifier>left</zone_identifier>\n    <block id=\"id_8cd4fdc002e9794d37a6ab298f25819d\">\n      <name></name>\n      <zone_id>4f6d946ab48d95799d31179c3acde8cb</zone_id>\n      <type>MainStory</type>\n      <view>main_story1</view>\n      <overflow_id></overflow_id>\n    </block>\n    <block id=\"id_4a0b92caff57ad50f0c577139bf9db7e\">\n      <name></name>\n      <zone_id>4f6d946ab48d95799d31179c3acde8cb</zone_id>\n      <type>MainStory</type>\n      <view>main_story2</view>\n      <overflow_id></overflow_id>\n    </block>\n  </zone>\n  <zone id=\"id_a1117aa7fd4548568490cc7ab1271a4b\">\n    <zone_identifier>right</zone_identifier>\n    <block id=\"id_3efa9a57aea9179b7fbb95d9e2c2da54\">\n      <name>eventi</name>\n      <zone_id>a1117aa7fd4548568490cc7ab1271a4b</zone_id>\n      <type>Calendario</type>\n      <view>calendar_ajax</view>\n      <overflow_id></overflow_id>\n    </block>\n    <block id=\"id_c60853efd80f7b09926bf1decd8982f9\">\n      <name>On Line Users</name>\n      <zone_id>a1117aa7fd4548568490cc7ab1271a4b</zone_id>\n      <type>OnlineUsers</type>\n      <view>onlineusers</view>\n    </block>\n    <block id=\"id_7930f78270c180d06007a1a13c73e80b\">\n      <name>Panozzi</name>\n      <zone_id>a1117aa7fd4548568490cc7ab1271a4b</zone_id>\n      <type>Manual2Items</type>\n      <view>2_items1</view>\n      <overflow_id></overflow_id>\n    </block>\n    <block id=\"id_1d9d2c2cb831aa450d7b52b175f51196\">\n      <name>Bergoni</name>\n      <zone_id>a1117aa7fd4548568490cc7ab1271a4b</zone_id>\n      <type>Manual3Items</type>\n      <view>3_items1</view>\n      <overflow_id></overflow_id>\n    </block>\n  </zone>\n</page>\n','ezpage',201,'ita-IT',3,0,'',18),(0,237,57,0,NULL,'<?xml version=\"1.0\"?>\n<page>\n  <zone_layout>2ZonesLayout1</zone_layout>\n  <zone id=\"id_4f6d946ab48d95799d31179c3acde8cb\">\n    <zone_identifier>left</zone_identifier>\n    <block id=\"id_8cd4fdc002e9794d37a6ab298f25819d\">\n      <name></name>\n      <zone_id>4f6d946ab48d95799d31179c3acde8cb</zone_id>\n      <type>MainStory</type>\n      <view>main_story1</view>\n      <overflow_id></overflow_id>\n    </block>\n    <block id=\"id_4a0b92caff57ad50f0c577139bf9db7e\">\n      <name></name>\n      <zone_id>4f6d946ab48d95799d31179c3acde8cb</zone_id>\n      <type>MainStory</type>\n      <view>main_story2</view>\n      <overflow_id></overflow_id>\n    </block>\n  </zone>\n  <zone id=\"id_a1117aa7fd4548568490cc7ab1271a4b\">\n    <zone_identifier>right</zone_identifier>\n    <block id=\"id_3efa9a57aea9179b7fbb95d9e2c2da54\">\n      <name>eventi</name>\n      <zone_id>a1117aa7fd4548568490cc7ab1271a4b</zone_id>\n      <type>Calendario</type>\n      <view>calendar_ajax</view>\n      <overflow_id></overflow_id>\n    </block>\n    <block id=\"id_c60853efd80f7b09926bf1decd8982f9\">\n      <name>On Line Users</name>\n      <zone_id>a1117aa7fd4548568490cc7ab1271a4b</zone_id>\n      <type>OnlineUsers</type>\n      <view>onlineusers</view>\n    </block>\n    <block id=\"id_7930f78270c180d06007a1a13c73e80b\">\n      <name>Panozzi</name>\n      <zone_id>a1117aa7fd4548568490cc7ab1271a4b</zone_id>\n      <type>Manual2Items</type>\n      <view>2_items1</view>\n      <overflow_id></overflow_id>\n    </block>\n    <block id=\"id_1d9d2c2cb831aa450d7b52b175f51196\">\n      <name>Bergoni</name>\n      <zone_id>a1117aa7fd4548568490cc7ab1271a4b</zone_id>\n      <type>Manual3Items</type>\n      <view>3_items1</view>\n      <overflow_id></overflow_id>\n    </block>\n    <block id=\"id_6cffeba4ecc71aa1f69c8223ec42c3bf\">\n      <name>Dove siamo</name>\n      <zone_id>a1117aa7fd4548568490cc7ab1271a4b</zone_id>\n      <type>GMap</type>\n      <custom_attributes>\n        <location>talmassons,ud,italy</location>\n      </custom_attributes>\n      <view>gmap</view>\n    </block>\n  </zone>\n</page>\n','ezpage',201,'ita-IT',3,0,'',19),(0,238,57,0,NULL,'','ezkeyword',202,'ita-IT',3,0,'',10),(0,238,57,0,NULL,'','ezkeyword',202,'ita-IT',3,0,'',11),(0,238,57,0,NULL,'','ezkeyword',202,'ita-IT',3,0,'',12),(0,238,57,0,NULL,'','ezkeyword',202,'ita-IT',3,0,'',13),(0,238,57,0,NULL,'','ezkeyword',202,'ita-IT',3,0,'',14),(0,238,57,0,NULL,'','ezkeyword',202,'ita-IT',3,0,'',15),(0,238,57,0,NULL,'','ezkeyword',202,'ita-IT',3,0,'',16),(0,238,57,0,NULL,'','ezkeyword',202,'ita-IT',3,0,'',17),(0,238,57,0,NULL,'','ezkeyword',202,'ita-IT',3,0,'',18),(0,238,57,0,NULL,'','ezkeyword',202,'ita-IT',3,0,'',19),(0,335,54,0,9,'Site map','ezurl',203,'ita-IT',2,0,'',1),(0,335,54,0,9,'Site map','ezurl',203,'ita-IT',2,0,'',2),(0,336,54,0,10,'Tag cloud','ezurl',204,'ita-IT',2,0,'',1),(0,336,54,0,10,'Tag cloud','ezurl',204,'ita-IT',2,0,'',2),(0,337,54,0,NULL,'Login','ezstring',205,'ita-IT',2,0,'login',1),(0,337,54,0,NULL,'Login','ezstring',205,'ita-IT',2,0,'login',2),(0,338,54,0,NULL,'Logout','ezstring',206,'ita-IT',2,0,'logout',1),(0,338,54,0,NULL,'Logout','ezstring',206,'ita-IT',2,0,'logout',2),(0,339,54,0,NULL,'My profile','ezstring',207,'ita-IT',2,0,'my profile',1),(0,339,54,0,NULL,'My profile','ezstring',207,'ita-IT',2,0,'my profile',2),(0,340,54,0,NULL,'Register','ezstring',208,'ita-IT',2,0,'register',1),(0,340,54,0,NULL,'Register','ezstring',208,'ita-IT',2,0,'register',2),(0,341,54,0,NULL,'/rss/feed/my_feed','ezstring',209,'ita-IT',2,0,'/rss/feed/my_feed',1),(0,341,54,0,NULL,'/rss/feed/my_feed','ezstring',209,'ita-IT',2,0,'/rss/feed/my_feed',2),(0,342,54,0,NULL,'Shopping basket','ezstring',210,'ita-IT',2,0,'shopping basket',1),(0,342,54,0,NULL,'Shopping basket','ezstring',210,'ita-IT',2,0,'shopping basket',2),(0,343,54,0,NULL,'Site settings','ezstring',211,'ita-IT',2,0,'site settings',1),(0,343,54,0,NULL,'Site settings','ezstring',211,'ita-IT',2,0,'site settings',2),(0,344,54,0,NULL,'<?xml version=\"1.0\" encoding=\"utf-8\"?>\n<ezmatrix><name>Language settings</name><columns number=\"3\"><column num=\"0\" id=\"site_url\">Site URL</column><column num=\"1\" id=\"siteaccess\">Siteaccess</column><column num=\"2\" id=\"language_name\">Language name</column></columns><rows number=\"1\"/><c>com.hell.pit/ita</c><c>ita</c><c>Ita</c></ezmatrix>\n','ezmatrix',212,'ita-IT',2,0,'',1),(0,344,54,0,NULL,'<?xml version=\"1.0\" encoding=\"utf-8\"?>\n<ezmatrix><name>Language settings</name><columns number=\"3\"><column num=\"0\" id=\"site_url\">Site URL</column><column num=\"1\" id=\"siteaccess\">Siteaccess</column><column num=\"2\" id=\"language_name\">Language name</column></columns><rows number=\"1\"/><c>com.hell.pit/ita</c><c>ita</c><c>Ita</c></ezmatrix>\n','ezmatrix',212,'ita-IT',2,0,'',2),(0,345,54,0,NULL,'Copyright &#169; 2010 eZ Systems AS. All rights reserved.','eztext',213,'ita-IT',2,0,'',1),(0,345,54,0,NULL,'','eztext',213,'ita-IT',2,0,'',2),(0,346,54,0,0,'','ezboolean',214,'ita-IT',2,0,'',1),(0,346,54,0,1,'','ezboolean',214,'ita-IT',2,1,'',2),(0,347,54,0,NULL,'','eztext',215,'ita-IT',2,0,'',1),(0,347,54,0,NULL,'','eztext',215,'ita-IT',2,0,'',2),(0,6,58,0,NULL,'Partners','ezstring',216,'ita-IT',3,0,'partners',1),(0,7,58,0,NULL,'','ezstring',217,'ita-IT',3,0,'',1),(0,236,59,0,NULL,'Foto','ezstring',218,'ita-IT',2,0,'foto',1),(0,236,59,0,NULL,'Foto','ezstring',218,'ita-IT',2,0,'foto',2),(0,236,59,0,NULL,'Foto','ezstring',218,'ita-IT',2,0,'foto',3),(0,236,59,0,NULL,'Foto','ezstring',218,'ita-IT',2,0,'foto',4),(0,236,59,0,NULL,'Foto','ezstring',218,'ita-IT',2,0,'foto',5),(0,236,59,0,NULL,'Foto','ezstring',218,'ita-IT',2,0,'foto',6),(0,236,59,0,NULL,'Foto','ezstring',218,'ita-IT',2,0,'foto',7),(0,237,59,0,NULL,'<?xml version=\"1.0\"?>\n<page>\n  <zone_layout>2ZonesLayout1</zone_layout>\n  <zone id=\"id_ae33fa859e3f1ae871502086374b7bb2\">\n    <zone_identifier>left</zone_identifier>\n  </zone>\n  <zone id=\"id_9373f3ca49504627496a626034b2ad2c\">\n    <zone_identifier>right</zone_identifier>\n  </zone>\n</page>\n','ezpage',219,'ita-IT',2,0,'',1),(0,237,59,0,NULL,'<?xml version=\"1.0\"?>\n<page>\n  <zone_layout>2ZonesLayout1</zone_layout>\n  <zone id=\"id_ae33fa859e3f1ae871502086374b7bb2\">\n    <zone_identifier>left</zone_identifier>\n  </zone>\n  <zone id=\"id_9373f3ca49504627496a626034b2ad2c\">\n    <zone_identifier>right</zone_identifier>\n  </zone>\n</page>\n','ezpage',219,'ita-IT',2,0,'',2),(0,237,59,0,NULL,'<?xml version=\"1.0\"?>\n<page>\n  <zone_layout>2ZonesLayout1</zone_layout>\n  <zone id=\"id_ae33fa859e3f1ae871502086374b7bb2\">\n    <zone_identifier>left</zone_identifier>\n  </zone>\n  <zone id=\"id_9373f3ca49504627496a626034b2ad2c\">\n    <zone_identifier>right</zone_identifier>\n  </zone>\n</page>\n','ezpage',219,'ita-IT',2,0,'',3),(0,237,59,0,NULL,'<?xml version=\"1.0\"?>\n<page>\n  <zone_layout>2ZonesLayout1</zone_layout>\n  <zone id=\"id_ae33fa859e3f1ae871502086374b7bb2\">\n    <zone_identifier>left</zone_identifier>\n  </zone>\n  <zone id=\"id_9373f3ca49504627496a626034b2ad2c\">\n    <zone_identifier>right</zone_identifier>\n  </zone>\n</page>\n','ezpage',219,'ita-IT',2,0,'',4),(0,237,59,0,NULL,'<?xml version=\"1.0\"?>\n<page>\n  <zone_layout>2ZonesLayout1</zone_layout>\n  <zone id=\"id_ae33fa859e3f1ae871502086374b7bb2\">\n    <zone_identifier>left</zone_identifier>\n  </zone>\n  <zone id=\"id_9373f3ca49504627496a626034b2ad2c\">\n    <zone_identifier>right</zone_identifier>\n  </zone>\n</page>\n','ezpage',219,'ita-IT',2,0,'',5),(0,237,59,0,NULL,'<?xml version=\"1.0\"?>\n<page>\n  <zone_layout>2ZonesLayout1</zone_layout>\n  <zone id=\"id_ae33fa859e3f1ae871502086374b7bb2\">\n    <zone_identifier>left</zone_identifier>\n  </zone>\n  <zone id=\"id_9373f3ca49504627496a626034b2ad2c\">\n    <zone_identifier>right</zone_identifier>\n  </zone>\n</page>\n','ezpage',219,'ita-IT',2,0,'',6),(0,237,59,0,NULL,'<?xml version=\"1.0\"?>\n<page>\n  <zone_layout>2ZonesLayout1</zone_layout>\n  <zone id=\"id_ae33fa859e3f1ae871502086374b7bb2\">\n    <zone_identifier>left</zone_identifier>\n  </zone>\n  <zone id=\"id_9373f3ca49504627496a626034b2ad2c\">\n    <zone_identifier>right</zone_identifier>\n  </zone>\n</page>\n','ezpage',219,'ita-IT',2,0,'',7),(0,238,59,0,NULL,'','ezkeyword',220,'ita-IT',2,0,'',1),(0,238,59,0,NULL,'','ezkeyword',220,'ita-IT',2,0,'',2),(0,238,59,0,NULL,'','ezkeyword',220,'ita-IT',2,0,'',3),(0,238,59,0,NULL,'','ezkeyword',220,'ita-IT',2,0,'',4),(0,238,59,0,NULL,'','ezkeyword',220,'ita-IT',2,0,'',5),(0,238,59,0,NULL,'','ezkeyword',220,'ita-IT',2,0,'',6),(0,238,59,0,NULL,'','ezkeyword',220,'ita-IT',2,0,'',7),(0,236,61,0,NULL,'Equitazione','ezstring',228,'ita-IT',2,0,'equitazione',1),(0,236,61,0,NULL,'Equitazione','ezstring',228,'ita-IT',2,0,'equitazione',2),(0,236,61,0,NULL,'Equitazione','ezstring',228,'ita-IT',2,0,'equitazione',3),(0,236,61,0,NULL,'Equitazione','ezstring',228,'ita-IT',2,0,'equitazione',4),(0,236,61,0,NULL,'Equitazione','ezstring',228,'ita-IT',2,0,'equitazione',5),(0,236,61,0,NULL,'Equitazione','ezstring',228,'ita-IT',2,0,'equitazione',6),(0,236,61,0,NULL,'Equitazione','ezstring',228,'ita-IT',2,0,'equitazione',7),(0,236,61,0,NULL,'Equitazione','ezstring',228,'ita-IT',2,0,'equitazione',8),(0,237,61,0,NULL,'<?xml version=\"1.0\"?>\n<page>\n  <zone_layout>2ZonesLayout1</zone_layout>\n  <zone id=\"id_899240ac7308075b316e7a712e363bd1\">\n    <zone_identifier>left</zone_identifier>\n  </zone>\n  <zone id=\"id_dcc16e258af571ecc47e887c4c7a5e1c\">\n    <zone_identifier>right</zone_identifier>\n  </zone>\n</page>\n','ezpage',229,'ita-IT',2,0,'',1),(0,237,61,0,NULL,'<?xml version=\"1.0\"?>\n<page>\n  <zone_layout>2ZonesLayout1</zone_layout>\n  <zone id=\"id_899240ac7308075b316e7a712e363bd1\">\n    <zone_identifier>left</zone_identifier>\n  </zone>\n  <zone id=\"id_dcc16e258af571ecc47e887c4c7a5e1c\">\n    <zone_identifier>right</zone_identifier>\n  </zone>\n</page>\n','ezpage',229,'ita-IT',2,0,'',2),(0,237,61,0,NULL,'<?xml version=\"1.0\"?>\n<page>\n  <zone_layout>2ZonesLayout1</zone_layout>\n  <zone id=\"id_899240ac7308075b316e7a712e363bd1\">\n    <zone_identifier>left</zone_identifier>\n  </zone>\n  <zone id=\"id_dcc16e258af571ecc47e887c4c7a5e1c\">\n    <zone_identifier>right</zone_identifier>\n  </zone>\n</page>\n','ezpage',229,'ita-IT',2,0,'',3),(0,237,61,0,NULL,'<?xml version=\"1.0\"?>\n<page>\n  <zone_layout>2ZonesLayout1</zone_layout>\n  <zone id=\"id_899240ac7308075b316e7a712e363bd1\">\n    <zone_identifier>left</zone_identifier>\n  </zone>\n  <zone id=\"id_dcc16e258af571ecc47e887c4c7a5e1c\">\n    <zone_identifier>right</zone_identifier>\n  </zone>\n</page>\n','ezpage',229,'ita-IT',2,0,'',4),(0,237,61,0,NULL,'<?xml version=\"1.0\"?>\n<page>\n  <zone_layout>2ZonesLayout1</zone_layout>\n  <zone id=\"id_899240ac7308075b316e7a712e363bd1\">\n    <zone_identifier>left</zone_identifier>\n  </zone>\n  <zone id=\"id_dcc16e258af571ecc47e887c4c7a5e1c\">\n    <zone_identifier>right</zone_identifier>\n  </zone>\n</page>\n','ezpage',229,'ita-IT',2,0,'',5),(0,237,61,0,NULL,'<?xml version=\"1.0\"?>\n<page>\n  <zone_layout>2ZonesLayout1</zone_layout>\n  <zone id=\"id_899240ac7308075b316e7a712e363bd1\">\n    <zone_identifier>left</zone_identifier>\n  </zone>\n  <zone id=\"id_dcc16e258af571ecc47e887c4c7a5e1c\">\n    <zone_identifier>right</zone_identifier>\n  </zone>\n</page>\n','ezpage',229,'ita-IT',2,0,'',6),(0,237,61,0,NULL,'<?xml version=\"1.0\"?>\n<page>\n  <zone_layout>2ZonesLayout1</zone_layout>\n  <zone id=\"id_899240ac7308075b316e7a712e363bd1\">\n    <zone_identifier>left</zone_identifier>\n  </zone>\n  <zone id=\"id_dcc16e258af571ecc47e887c4c7a5e1c\">\n    <zone_identifier>right</zone_identifier>\n  </zone>\n</page>\n','ezpage',229,'ita-IT',2,0,'',7),(0,237,61,0,NULL,'<?xml version=\"1.0\"?>\n<page>\n  <zone_layout>2ZonesLayout1</zone_layout>\n  <zone id=\"id_899240ac7308075b316e7a712e363bd1\">\n    <zone_identifier>left</zone_identifier>\n  </zone>\n  <zone id=\"id_dcc16e258af571ecc47e887c4c7a5e1c\">\n    <zone_identifier>right</zone_identifier>\n  </zone>\n</page>\n','ezpage',229,'ita-IT',2,0,'',8),(0,238,61,0,NULL,'','ezkeyword',230,'ita-IT',2,0,'',1),(0,238,61,0,NULL,'','ezkeyword',230,'ita-IT',2,0,'',2),(0,238,61,0,NULL,'','ezkeyword',230,'ita-IT',2,0,'',3),(0,238,61,0,NULL,'','ezkeyword',230,'ita-IT',2,0,'',4),(0,238,61,0,NULL,'','ezkeyword',230,'ita-IT',2,0,'',5),(0,238,61,0,NULL,'','ezkeyword',230,'ita-IT',2,0,'',6),(0,238,61,0,NULL,'','ezkeyword',230,'ita-IT',2,0,'',7),(0,238,61,0,NULL,'','ezkeyword',230,'ita-IT',2,0,'',8),(0,236,62,0,NULL,'Cucina','ezstring',231,'ita-IT',2,0,'cucina',1),(0,236,62,0,NULL,'Cucina','ezstring',231,'ita-IT',2,0,'cucina',2),(0,236,62,0,NULL,'Cucina','ezstring',231,'ita-IT',2,0,'cucina',3),(0,236,62,0,NULL,'Cucina','ezstring',231,'ita-IT',2,0,'cucina',4),(0,236,62,0,NULL,'Cucina','ezstring',231,'ita-IT',2,0,'cucina',5),(0,236,62,0,NULL,'Cucina','ezstring',231,'ita-IT',2,0,'cucina',6),(0,237,62,0,NULL,'<?xml version=\"1.0\"?>\n<page>\n  <zone_layout>2ZonesLayout1</zone_layout>\n  <zone id=\"id_5e61fa5e0ef73e9e6a83b041c894d287\">\n    <zone_identifier>left</zone_identifier>\n  </zone>\n  <zone id=\"id_a80ff03293055b6ea7dabe5c58dd3b77\">\n    <zone_identifier>right</zone_identifier>\n  </zone>\n</page>\n','ezpage',232,'ita-IT',2,0,'',1),(0,237,62,0,NULL,'<?xml version=\"1.0\"?>\n<page>\n  <zone_layout>2ZonesLayout1</zone_layout>\n  <zone id=\"id_5e61fa5e0ef73e9e6a83b041c894d287\">\n    <zone_identifier>left</zone_identifier>\n  </zone>\n  <zone id=\"id_a80ff03293055b6ea7dabe5c58dd3b77\">\n    <zone_identifier>right</zone_identifier>\n  </zone>\n</page>\n','ezpage',232,'ita-IT',2,0,'',2),(0,237,62,0,NULL,'<?xml version=\"1.0\"?>\n<page>\n  <zone_layout>2ZonesLayout1</zone_layout>\n  <zone id=\"id_5e61fa5e0ef73e9e6a83b041c894d287\">\n    <zone_identifier>left</zone_identifier>\n  </zone>\n  <zone id=\"id_a80ff03293055b6ea7dabe5c58dd3b77\">\n    <zone_identifier>right</zone_identifier>\n  </zone>\n</page>\n','ezpage',232,'ita-IT',2,0,'',3),(0,237,62,0,NULL,'<?xml version=\"1.0\"?>\n<page>\n  <zone_layout>2ZonesLayout1</zone_layout>\n  <zone id=\"id_5e61fa5e0ef73e9e6a83b041c894d287\">\n    <zone_identifier>left</zone_identifier>\n  </zone>\n  <zone id=\"id_a80ff03293055b6ea7dabe5c58dd3b77\">\n    <zone_identifier>right</zone_identifier>\n  </zone>\n</page>\n','ezpage',232,'ita-IT',2,0,'',4),(0,237,62,0,NULL,'<?xml version=\"1.0\"?>\n<page>\n  <zone_layout>2ZonesLayout1</zone_layout>\n  <zone id=\"id_5e61fa5e0ef73e9e6a83b041c894d287\">\n    <zone_identifier>left</zone_identifier>\n  </zone>\n  <zone id=\"id_a80ff03293055b6ea7dabe5c58dd3b77\">\n    <zone_identifier>right</zone_identifier>\n  </zone>\n</page>\n','ezpage',232,'ita-IT',2,0,'',5),(0,237,62,0,NULL,'<?xml version=\"1.0\"?>\n<page>\n  <zone_layout>2ZonesLayout1</zone_layout>\n  <zone id=\"id_5e61fa5e0ef73e9e6a83b041c894d287\">\n    <zone_identifier>left</zone_identifier>\n  </zone>\n  <zone id=\"id_a80ff03293055b6ea7dabe5c58dd3b77\">\n    <zone_identifier>right</zone_identifier>\n  </zone>\n</page>\n','ezpage',232,'ita-IT',2,0,'',6),(0,238,62,0,NULL,'','ezkeyword',233,'ita-IT',2,0,'',1),(0,238,62,0,NULL,'','ezkeyword',233,'ita-IT',2,0,'',2),(0,238,62,0,NULL,'','ezkeyword',233,'ita-IT',2,0,'',3),(0,238,62,0,NULL,'','ezkeyword',233,'ita-IT',2,0,'',4),(0,238,62,0,NULL,'','ezkeyword',233,'ita-IT',2,0,'',5),(0,238,62,0,NULL,'','ezkeyword',233,'ita-IT',2,0,'',6),(0,236,63,0,NULL,'Cucina','ezstring',234,'ita-IT',2,0,'cucina',1),(0,236,63,0,NULL,'Eventi','ezstring',234,'ita-IT',2,0,'eventi',2),(0,236,63,0,NULL,'Eventi','ezstring',234,'ita-IT',2,0,'eventi',3),(0,236,63,0,NULL,'Eventi','ezstring',234,'ita-IT',2,0,'eventi',4),(0,236,63,0,NULL,'Eventi','ezstring',234,'ita-IT',2,0,'eventi',5),(0,236,63,0,NULL,'Eventi','ezstring',234,'ita-IT',2,0,'eventi',6),(0,237,63,0,NULL,'<?xml version=\"1.0\"?>\n<page>\n  <zone_layout>2ZonesLayout1</zone_layout>\n  <zone id=\"id_92604c2bb0081c6655d3513f6c24e55f\">\n    <zone_identifier>left</zone_identifier>\n  </zone>\n  <zone id=\"id_9642badcf5a64fe9dc17a546c2a7ca09\">\n    <zone_identifier>right</zone_identifier>\n  </zone>\n</page>\n','ezpage',235,'ita-IT',2,0,'',1),(0,237,63,0,NULL,'<?xml version=\"1.0\"?>\n<page>\n  <zone_layout>2ZonesLayout1</zone_layout>\n  <zone id=\"id_92604c2bb0081c6655d3513f6c24e55f\">\n    <zone_identifier>left</zone_identifier>\n  </zone>\n  <zone id=\"id_9642badcf5a64fe9dc17a546c2a7ca09\">\n    <zone_identifier>right</zone_identifier>\n  </zone>\n</page>\n','ezpage',235,'ita-IT',2,0,'',2),(0,237,63,0,NULL,'<?xml version=\"1.0\"?>\n<page>\n  <zone_layout>2ZonesLayout1</zone_layout>\n  <zone id=\"id_92604c2bb0081c6655d3513f6c24e55f\">\n    <zone_identifier>left</zone_identifier>\n  </zone>\n  <zone id=\"id_9642badcf5a64fe9dc17a546c2a7ca09\">\n    <zone_identifier>right</zone_identifier>\n  </zone>\n</page>\n','ezpage',235,'ita-IT',2,0,'',3),(0,237,63,0,NULL,'<?xml version=\"1.0\"?>\n<page>\n  <zone_layout>2ZonesLayout1</zone_layout>\n  <zone id=\"id_92604c2bb0081c6655d3513f6c24e55f\">\n    <zone_identifier>left</zone_identifier>\n  </zone>\n  <zone id=\"id_9642badcf5a64fe9dc17a546c2a7ca09\">\n    <zone_identifier>right</zone_identifier>\n  </zone>\n</page>\n','ezpage',235,'ita-IT',2,0,'',4),(0,237,63,0,NULL,'<?xml version=\"1.0\"?>\n<page>\n  <zone_layout>2ZonesLayout1</zone_layout>\n  <zone id=\"id_92604c2bb0081c6655d3513f6c24e55f\">\n    <zone_identifier>left</zone_identifier>\n  </zone>\n  <zone id=\"id_9642badcf5a64fe9dc17a546c2a7ca09\">\n    <zone_identifier>right</zone_identifier>\n  </zone>\n</page>\n','ezpage',235,'ita-IT',2,0,'',5),(0,237,63,0,NULL,'<?xml version=\"1.0\"?>\n<page>\n  <zone_layout>2ZonesLayout1</zone_layout>\n  <zone id=\"id_92604c2bb0081c6655d3513f6c24e55f\">\n    <zone_identifier>left</zone_identifier>\n  </zone>\n  <zone id=\"id_9642badcf5a64fe9dc17a546c2a7ca09\">\n    <zone_identifier>right</zone_identifier>\n  </zone>\n</page>\n','ezpage',235,'ita-IT',2,0,'',6),(0,238,63,0,NULL,'','ezkeyword',236,'ita-IT',2,0,'',1),(0,238,63,0,NULL,'','ezkeyword',236,'ita-IT',2,0,'',2),(0,238,63,0,NULL,'','ezkeyword',236,'ita-IT',2,0,'',3),(0,238,63,0,NULL,'','ezkeyword',236,'ita-IT',2,0,'',4),(0,238,63,0,NULL,'','ezkeyword',236,'ita-IT',2,0,'',5),(0,238,63,0,NULL,'','ezkeyword',236,'ita-IT',2,0,'',6),(0,348,57,0,NULL,'<?xml version=\"1.0\" encoding=\"utf-8\"?>\n<ezimage serial_number=\"1\" is_valid=\"\" filename=\"\" suffix=\"\" basename=\"\" dirpath=\"\" url=\"\" original_filename=\"\" mime_type=\"\" width=\"\" height=\"\" alternative_text=\"\" alias_key=\"1293033771\" timestamp=\"1263930145\"><original attribute_id=\"238\" attribute_version=\"3\" attribute_language=\"ita-IT\"/></ezimage>\n','ezimage',238,'ita-IT',3,0,'',10),(0,348,57,0,NULL,'<?xml version=\"1.0\" encoding=\"utf-8\"?>\n<ezimage serial_number=\"1\" is_valid=\"\" filename=\"\" suffix=\"\" basename=\"\" dirpath=\"\" url=\"\" original_filename=\"\" mime_type=\"\" width=\"\" height=\"\" alternative_text=\"\" alias_key=\"1293033771\" timestamp=\"1263930145\"><original attribute_id=\"238\" attribute_version=\"3\" attribute_language=\"ita-IT\"/></ezimage>\n','ezimage',238,'ita-IT',3,0,'',11),(0,348,57,0,NULL,'<?xml version=\"1.0\" encoding=\"utf-8\"?>\n<ezimage serial_number=\"1\" is_valid=\"\" filename=\"\" suffix=\"\" basename=\"\" dirpath=\"\" url=\"\" original_filename=\"\" mime_type=\"\" width=\"\" height=\"\" alternative_text=\"\" alias_key=\"1293033771\" timestamp=\"1263930145\"><original attribute_id=\"238\" attribute_version=\"3\" attribute_language=\"ita-IT\"/></ezimage>\n','ezimage',238,'ita-IT',3,0,'',12),(0,348,57,0,NULL,'<?xml version=\"1.0\" encoding=\"utf-8\"?>\n<ezimage serial_number=\"1\" is_valid=\"\" filename=\"\" suffix=\"\" basename=\"\" dirpath=\"\" url=\"\" original_filename=\"\" mime_type=\"\" width=\"\" height=\"\" alternative_text=\"\" alias_key=\"1293033771\" timestamp=\"1263930145\"><original attribute_id=\"238\" attribute_version=\"3\" attribute_language=\"ita-IT\"/></ezimage>\n','ezimage',238,'ita-IT',3,0,'',13),(0,348,57,0,NULL,'<?xml version=\"1.0\" encoding=\"utf-8\"?>\n<ezimage serial_number=\"1\" is_valid=\"\" filename=\"\" suffix=\"\" basename=\"\" dirpath=\"\" url=\"\" original_filename=\"\" mime_type=\"\" width=\"\" height=\"\" alternative_text=\"\" alias_key=\"1293033771\" timestamp=\"1263930145\"><original attribute_id=\"238\" attribute_version=\"3\" attribute_language=\"ita-IT\"/></ezimage>\n','ezimage',238,'ita-IT',3,0,'',14),(0,348,57,0,NULL,'<?xml version=\"1.0\" encoding=\"utf-8\"?>\n<ezimage serial_number=\"1\" is_valid=\"\" filename=\"\" suffix=\"\" basename=\"\" dirpath=\"\" url=\"\" original_filename=\"\" mime_type=\"\" width=\"\" height=\"\" alternative_text=\"\" alias_key=\"1293033771\" timestamp=\"1263930145\"><original attribute_id=\"238\" attribute_version=\"3\" attribute_language=\"ita-IT\"/></ezimage>\n','ezimage',238,'ita-IT',3,0,'',15),(0,348,57,0,NULL,'<?xml version=\"1.0\" encoding=\"utf-8\"?>\n<ezimage serial_number=\"1\" is_valid=\"\" filename=\"\" suffix=\"\" basename=\"\" dirpath=\"\" url=\"\" original_filename=\"\" mime_type=\"\" width=\"\" height=\"\" alternative_text=\"\" alias_key=\"1293033771\" timestamp=\"1263930145\"><original attribute_id=\"238\" attribute_version=\"3\" attribute_language=\"ita-IT\"/></ezimage>\n','ezimage',238,'ita-IT',3,0,'',16),(0,348,57,0,NULL,'<?xml version=\"1.0\" encoding=\"utf-8\"?>\n<ezimage serial_number=\"1\" is_valid=\"\" filename=\"\" suffix=\"\" basename=\"\" dirpath=\"\" url=\"\" original_filename=\"\" mime_type=\"\" width=\"\" height=\"\" alternative_text=\"\" alias_key=\"1293033771\" timestamp=\"1263930145\"><original attribute_id=\"238\" attribute_version=\"3\" attribute_language=\"ita-IT\"/></ezimage>\n','ezimage',238,'ita-IT',3,0,'',17),(0,348,57,0,NULL,'<?xml version=\"1.0\" encoding=\"utf-8\"?>\n<ezimage serial_number=\"1\" is_valid=\"\" filename=\"\" suffix=\"\" basename=\"\" dirpath=\"\" url=\"\" original_filename=\"\" mime_type=\"\" width=\"\" height=\"\" alternative_text=\"\" alias_key=\"1293033771\" timestamp=\"1263930145\"><original attribute_id=\"238\" attribute_version=\"3\" attribute_language=\"ita-IT\"/></ezimage>\n','ezimage',238,'ita-IT',3,0,'',18),(0,348,57,0,NULL,'<?xml version=\"1.0\" encoding=\"utf-8\"?>\n<ezimage serial_number=\"1\" is_valid=\"\" filename=\"\" suffix=\"\" basename=\"\" dirpath=\"\" url=\"\" original_filename=\"\" mime_type=\"\" width=\"\" height=\"\" alternative_text=\"\" alias_key=\"1293033771\" timestamp=\"1263930145\"><original attribute_id=\"238\" attribute_version=\"3\" attribute_language=\"ita-IT\"/></ezimage>\n','ezimage',238,'ita-IT',3,0,'',19),(0,348,59,NULL,NULL,NULL,'ezimage',239,'ita-IT',2,0,'',1),(0,348,59,0,NULL,'<?xml version=\"1.0\" encoding=\"utf-8\"?>\n<ezimage serial_number=\"1\" is_valid=\"1\" filename=\"Foto.png\" suffix=\"png\" basename=\"Foto\" dirpath=\"var/mondelli/storage/images/foto/239-2-ita-IT\" url=\"var/mondelli/storage/images/foto/239-2-ita-IT/Foto.png\" original_filename=\"cssp_restyle_export_0001s_0006_teiera_arancione_small.png\" mime_type=\"image/png\" width=\"145\" height=\"184\" alternative_text=\"\" alias_key=\"1293033771\" timestamp=\"1263419888\"><original attribute_id=\"239\" attribute_version=\"2\" attribute_language=\"ita-IT\"/><alias name=\"menublock\" filename=\"Foto_menublock.png\" suffix=\"png\" dirpath=\"var/mondelli/storage/images/foto/239-2-ita-IT\" url=\"var/mondelli/storage/images/foto/239-2-ita-IT/Foto_menublock.png\" mime_type=\"image/png\" width=\"95\" height=\"120\" alias_key=\"4270243965\" timestamp=\"1263420346\" is_valid=\"1\"/><alias name=\"small\" filename=\"Foto_small.png\" suffix=\"png\" dirpath=\"var/mondelli/storage/images/foto/239-2-ita-IT\" url=\"var/mondelli/storage/images/foto/239-2-ita-IT/Foto_small.png\" mime_type=\"image/png\" width=\"79\" height=\"100\" alias_key=\"154637809\" timestamp=\"1269090391\" is_valid=\"1\"/></ezimage>\n','ezimage',239,'ita-IT',2,0,'',2),(0,348,59,0,NULL,'<?xml version=\"1.0\" encoding=\"utf-8\"?>\n<ezimage serial_number=\"1\" is_valid=\"1\" filename=\"Foto.png\" suffix=\"png\" basename=\"Foto\" dirpath=\"var/mondelli/storage/images/foto/239-2-ita-IT\" url=\"var/mondelli/storage/images/foto/239-2-ita-IT/Foto.png\" original_filename=\"cssp_restyle_export_0001s_0006_teiera_arancione_small.png\" mime_type=\"image/png\" width=\"145\" height=\"184\" alternative_text=\"\" alias_key=\"1293033771\" timestamp=\"1263419888\"><original attribute_id=\"239\" attribute_version=\"2\" attribute_language=\"ita-IT\"/><alias name=\"menublock\" filename=\"Foto_menublock.png\" suffix=\"png\" dirpath=\"var/mondelli/storage/images/foto/239-2-ita-IT\" url=\"var/mondelli/storage/images/foto/239-2-ita-IT/Foto_menublock.png\" mime_type=\"image/png\" width=\"95\" height=\"120\" alias_key=\"4270243965\" timestamp=\"1263420346\" is_valid=\"1\"/><alias name=\"small\" filename=\"Foto_small.png\" suffix=\"png\" dirpath=\"var/mondelli/storage/images/foto/239-2-ita-IT\" url=\"var/mondelli/storage/images/foto/239-2-ita-IT/Foto_small.png\" mime_type=\"image/png\" width=\"79\" height=\"100\" alias_key=\"154637809\" timestamp=\"1269090391\" is_valid=\"1\"/><alias name=\"medium\" filename=\"Foto_medium.png\" suffix=\"png\" dirpath=\"var/mondelli/storage/images/foto/239-2-ita-IT\" url=\"var/mondelli/storage/images/foto/239-2-ita-IT/Foto_medium.png\" mime_type=\"image/png\" width=\"158\" height=\"200\" alias_key=\"2573207068\" timestamp=\"1269451849\" is_valid=\"1\"/></ezimage>\n','ezimage',239,'ita-IT',2,0,'',3),(0,348,59,0,NULL,'<?xml version=\"1.0\" encoding=\"utf-8\"?>\n<ezimage serial_number=\"1\" is_valid=\"1\" filename=\"Foto.png\" suffix=\"png\" basename=\"Foto\" dirpath=\"var/mondelli/storage/images/foto/239-2-ita-IT\" url=\"var/mondelli/storage/images/foto/239-2-ita-IT/Foto.png\" original_filename=\"cssp_restyle_export_0001s_0006_teiera_arancione_small.png\" mime_type=\"image/png\" width=\"145\" height=\"184\" alternative_text=\"\" alias_key=\"1293033771\" timestamp=\"1263419888\"><original attribute_id=\"239\" attribute_version=\"2\" attribute_language=\"ita-IT\"/><alias name=\"menublock\" filename=\"Foto_menublock.png\" suffix=\"png\" dirpath=\"var/mondelli/storage/images/foto/239-2-ita-IT\" url=\"var/mondelli/storage/images/foto/239-2-ita-IT/Foto_menublock.png\" mime_type=\"image/png\" width=\"95\" height=\"120\" alias_key=\"4270243965\" timestamp=\"1263420346\" is_valid=\"1\"/><alias name=\"small\" filename=\"Foto_small.png\" suffix=\"png\" dirpath=\"var/mondelli/storage/images/foto/239-2-ita-IT\" url=\"var/mondelli/storage/images/foto/239-2-ita-IT/Foto_small.png\" mime_type=\"image/png\" width=\"79\" height=\"100\" alias_key=\"154637809\" timestamp=\"1269090391\" is_valid=\"1\"/><alias name=\"medium\" filename=\"Foto_medium.png\" suffix=\"png\" dirpath=\"var/mondelli/storage/images/foto/239-2-ita-IT\" url=\"var/mondelli/storage/images/foto/239-2-ita-IT/Foto_medium.png\" mime_type=\"image/png\" width=\"158\" height=\"200\" alias_key=\"2573207068\" timestamp=\"1269451849\" is_valid=\"1\"/></ezimage>\n','ezimage',239,'ita-IT',2,0,'',4),(0,348,59,0,NULL,'<?xml version=\"1.0\" encoding=\"utf-8\"?>\n<ezimage serial_number=\"1\" is_valid=\"1\" filename=\"Foto.jpg\" suffix=\"jpg\" basename=\"Foto\" dirpath=\"var/mondelli/storage/images/foto/239-5-ita-IT\" url=\"var/mondelli/storage/images/foto/239-5-ita-IT/Foto.jpg\" original_filename=\"Nature__s_Daughters_v1_03_by_eterna2.jpg\" mime_type=\"image/jpeg\" width=\"700\" height=\"968\" alternative_text=\"\" alias_key=\"1293033771\" timestamp=\"1269853335\"><original attribute_id=\"239\" attribute_version=\"5\" attribute_language=\"ita-IT\"/><information Height=\"968\" Width=\"700\" IsColor=\"1\"/><alias name=\"menublock\" filename=\"Foto_menublock.jpg\" suffix=\"jpg\" dirpath=\"var/mondelli/storage/images/foto/239-5-ita-IT\" url=\"var/mondelli/storage/images/foto/239-5-ita-IT/Foto_menublock.jpg\" mime_type=\"image/jpeg\" width=\"87\" height=\"120\" alias_key=\"4270243965\" timestamp=\"1269853339\" is_valid=\"1\"/></ezimage>\n','ezimage',239,'ita-IT',2,0,'',5),(0,348,59,0,NULL,'<?xml version=\"1.0\" encoding=\"utf-8\"?>\n<ezimage serial_number=\"1\" is_valid=\"1\" filename=\"Foto.png\" suffix=\"png\" basename=\"Foto\" dirpath=\"var/mondelli/storage/images/foto/239-6-ita-IT\" url=\"var/mondelli/storage/images/foto/239-6-ita-IT/Foto.png\" original_filename=\"cssp_restyle_export_0001s_0006_teiera_arancione_small.png\" mime_type=\"image/png\" width=\"145\" height=\"184\" alternative_text=\"\" alias_key=\"1293033771\" timestamp=\"1269853410\"><original attribute_id=\"239\" attribute_version=\"6\" attribute_language=\"ita-IT\"/><alias name=\"menublock\" filename=\"Foto_menublock.png\" suffix=\"png\" dirpath=\"var/mondelli/storage/images/foto/239-6-ita-IT\" url=\"var/mondelli/storage/images/foto/239-6-ita-IT/Foto_menublock.png\" mime_type=\"image/png\" width=\"95\" height=\"120\" alias_key=\"4270243965\" timestamp=\"1269853411\" is_valid=\"1\"/><alias name=\"small\" filename=\"Foto_small.png\" suffix=\"png\" dirpath=\"var/mondelli/storage/images/foto/239-6-ita-IT\" url=\"var/mondelli/storage/images/foto/239-6-ita-IT/Foto_small.png\" mime_type=\"image/png\" width=\"79\" height=\"100\" alias_key=\"154637809\" timestamp=\"1270555667\" is_valid=\"1\"/></ezimage>\n','ezimage',239,'ita-IT',2,0,'',6),(0,348,59,0,NULL,'<?xml version=\"1.0\" encoding=\"utf-8\"?>\n<ezimage serial_number=\"1\" is_valid=\"1\" filename=\"Foto.png\" suffix=\"png\" basename=\"Foto\" dirpath=\"var/mondelli/storage/images/foto/239-6-ita-IT\" url=\"var/mondelli/storage/images/foto/239-6-ita-IT/Foto.png\" original_filename=\"cssp_restyle_export_0001s_0006_teiera_arancione_small.png\" mime_type=\"image/png\" width=\"145\" height=\"184\" alternative_text=\"\" alias_key=\"1293033771\" timestamp=\"1269853410\"><original attribute_id=\"239\" attribute_version=\"6\" attribute_language=\"ita-IT\"/><alias name=\"menublock\" filename=\"Foto_menublock.png\" suffix=\"png\" dirpath=\"var/mondelli/storage/images/foto/239-6-ita-IT\" url=\"var/mondelli/storage/images/foto/239-6-ita-IT/Foto_menublock.png\" mime_type=\"image/png\" width=\"95\" height=\"120\" alias_key=\"4270243965\" timestamp=\"1269853411\" is_valid=\"1\"/><alias name=\"small\" filename=\"Foto_small.png\" suffix=\"png\" dirpath=\"var/mondelli/storage/images/foto/239-6-ita-IT\" url=\"var/mondelli/storage/images/foto/239-6-ita-IT/Foto_small.png\" mime_type=\"image/png\" width=\"79\" height=\"100\" alias_key=\"154637809\" timestamp=\"1270555667\" is_valid=\"1\"/><alias name=\"medium\" filename=\"Foto_medium.png\" suffix=\"png\" dirpath=\"var/mondelli/storage/images/foto/239-6-ita-IT\" url=\"var/mondelli/storage/images/foto/239-6-ita-IT/Foto_medium.png\" mime_type=\"image/png\" width=\"158\" height=\"200\" alias_key=\"2573207068\" timestamp=\"1270935871\" is_valid=\"1\"/></ezimage>\n','ezimage',239,'ita-IT',2,0,'',7),(0,348,61,0,NULL,'<?xml version=\"1.0\" encoding=\"utf-8\"?>\n<ezimage serial_number=\"\" is_valid=\"\" filename=\"\" suffix=\"\" basename=\"\" dirpath=\"\" url=\"\" original_filename=\"\" mime_type=\"\" width=\"\" height=\"\" alternative_text=\"\" alias_key=\"1293033771\" timestamp=\"1263420225\"/>\n','ezimage',240,'ita-IT',2,0,'',1),(0,348,61,0,NULL,'<?xml version=\"1.0\" encoding=\"utf-8\"?>\n<ezimage serial_number=\"1\" is_valid=\"1\" filename=\"Equitazione.png\" suffix=\"png\" basename=\"Equitazione\" dirpath=\"var/mondelli/storage/images/equitazione/240-2-ita-IT\" url=\"var/mondelli/storage/images/equitazione/240-2-ita-IT/Equitazione.png\" original_filename=\"cssp_restyle_export_0001s_0011_teiera_bianca_small.png\" mime_type=\"image/png\" width=\"154\" height=\"168\" alternative_text=\"\" alias_key=\"1293033771\" timestamp=\"1263420410\"><original attribute_id=\"240\" attribute_version=\"2\" attribute_language=\"ita-IT\"/><alias name=\"menublock\" filename=\"Equitazione_menublock.png\" suffix=\"png\" dirpath=\"var/mondelli/storage/images/equitazione/240-2-ita-IT\" url=\"var/mondelli/storage/images/equitazione/240-2-ita-IT/Equitazione_menublock.png\" mime_type=\"image/png\" width=\"110\" height=\"120\" alias_key=\"4270243965\" timestamp=\"1263420413\" is_valid=\"1\"/><alias name=\"small\" filename=\"Equitazione_small.png\" suffix=\"png\" dirpath=\"var/mondelli/storage/images/equitazione/240-2-ita-IT\" url=\"var/mondelli/storage/images/equitazione/240-2-ita-IT/Equitazione_small.png\" mime_type=\"image/png\" width=\"92\" height=\"100\" alias_key=\"154637809\" timestamp=\"1269090391\" is_valid=\"1\"/></ezimage>\n','ezimage',240,'ita-IT',2,0,'',2),(0,348,61,0,NULL,'<?xml version=\"1.0\" encoding=\"utf-8\"?>\n<ezimage serial_number=\"1\" is_valid=\"1\" filename=\"Equitazione.png\" suffix=\"png\" basename=\"Equitazione\" dirpath=\"var/mondelli/storage/images/equitazione/240-2-ita-IT\" url=\"var/mondelli/storage/images/equitazione/240-2-ita-IT/Equitazione.png\" original_filename=\"cssp_restyle_export_0001s_0011_teiera_bianca_small.png\" mime_type=\"image/png\" width=\"154\" height=\"168\" alternative_text=\"\" alias_key=\"1293033771\" timestamp=\"1263420410\"><original attribute_id=\"240\" attribute_version=\"2\" attribute_language=\"ita-IT\"/><alias name=\"menublock\" filename=\"Equitazione_menublock.png\" suffix=\"png\" dirpath=\"var/mondelli/storage/images/equitazione/240-2-ita-IT\" url=\"var/mondelli/storage/images/equitazione/240-2-ita-IT/Equitazione_menublock.png\" mime_type=\"image/png\" width=\"110\" height=\"120\" alias_key=\"4270243965\" timestamp=\"1263420413\" is_valid=\"1\"/><alias name=\"small\" filename=\"Equitazione_small.png\" suffix=\"png\" dirpath=\"var/mondelli/storage/images/equitazione/240-2-ita-IT\" url=\"var/mondelli/storage/images/equitazione/240-2-ita-IT/Equitazione_small.png\" mime_type=\"image/png\" width=\"92\" height=\"100\" alias_key=\"154637809\" timestamp=\"1269090391\" is_valid=\"1\"/><alias name=\"medium\" filename=\"Equitazione_medium.png\" suffix=\"png\" dirpath=\"var/mondelli/storage/images/equitazione/240-2-ita-IT\" url=\"var/mondelli/storage/images/equitazione/240-2-ita-IT/Equitazione_medium.png\" mime_type=\"image/png\" width=\"183\" height=\"200\" alias_key=\"2573207068\" timestamp=\"1269452538\" is_valid=\"1\"/></ezimage>\n','ezimage',240,'ita-IT',2,0,'',3),(0,348,61,0,NULL,'<?xml version=\"1.0\" encoding=\"utf-8\"?>\n<ezimage serial_number=\"1\" is_valid=\"1\" filename=\"Equitazione.png\" suffix=\"png\" basename=\"Equitazione\" dirpath=\"var/mondelli/storage/images/equitazione/240-4-ita-IT\" url=\"var/mondelli/storage/images/equitazione/240-4-ita-IT/Equitazione.png\" original_filename=\"cssp_restyle_export_0001s_0011_teiera_bianca_small.png\" mime_type=\"image/png\" width=\"150\" height=\"126\" alternative_text=\"\" alias_key=\"1293033771\" timestamp=\"1269595624\"><original attribute_id=\"240\" attribute_version=\"4\" attribute_language=\"ita-IT\"/><alias name=\"menublock\" filename=\"Equitazione_menublock.png\" suffix=\"png\" dirpath=\"var/mondelli/storage/images/equitazione/240-4-ita-IT\" url=\"var/mondelli/storage/images/equitazione/240-4-ita-IT/Equitazione_menublock.png\" mime_type=\"image/png\" width=\"120\" height=\"101\" alias_key=\"4270243965\" timestamp=\"1269595626\" is_valid=\"1\"/></ezimage>\n','ezimage',240,'ita-IT',2,0,'',4),(0,348,61,0,NULL,'<?xml version=\"1.0\" encoding=\"utf-8\"?>\n<ezimage serial_number=\"1\" is_valid=\"1\" filename=\"Equitazione.png\" suffix=\"png\" basename=\"Equitazione\" dirpath=\"var/mondelli/storage/images/equitazione/240-5-ita-IT\" url=\"var/mondelli/storage/images/equitazione/240-5-ita-IT/Equitazione.png\" original_filename=\"cssp_restyle_export_0001s_0011_teiera_bianca_small.png\" mime_type=\"image/png\" width=\"150\" height=\"126\" alternative_text=\"\" alias_key=\"1293033771\" timestamp=\"1269853443\"><original attribute_id=\"240\" attribute_version=\"5\" attribute_language=\"ita-IT\"/><alias name=\"menublock\" filename=\"Equitazione_menublock.png\" suffix=\"png\" dirpath=\"var/mondelli/storage/images/equitazione/240-5-ita-IT\" url=\"var/mondelli/storage/images/equitazione/240-5-ita-IT/Equitazione_menublock.png\" mime_type=\"image/png\" width=\"120\" height=\"101\" alias_key=\"4270243965\" timestamp=\"1269853444\" is_valid=\"1\"/><alias name=\"small\" filename=\"Equitazione_small.png\" suffix=\"png\" dirpath=\"var/mondelli/storage/images/equitazione/240-5-ita-IT\" url=\"var/mondelli/storage/images/equitazione/240-5-ita-IT/Equitazione_small.png\" mime_type=\"image/png\" width=\"100\" height=\"84\" alias_key=\"154637809\" timestamp=\"1270555667\" is_valid=\"1\"/></ezimage>\n','ezimage',240,'ita-IT',2,0,'',5),(0,348,61,0,NULL,'<?xml version=\"1.0\" encoding=\"utf-8\"?>\n<ezimage serial_number=\"1\" is_valid=\"1\" filename=\"Equitazione.png\" suffix=\"png\" basename=\"Equitazione\" dirpath=\"var/mondelli/storage/images/equitazione/240-5-ita-IT\" url=\"var/mondelli/storage/images/equitazione/240-5-ita-IT/Equitazione.png\" original_filename=\"cssp_restyle_export_0001s_0011_teiera_bianca_small.png\" mime_type=\"image/png\" width=\"150\" height=\"126\" alternative_text=\"\" alias_key=\"1293033771\" timestamp=\"1269853443\"><original attribute_id=\"240\" attribute_version=\"5\" attribute_language=\"ita-IT\"/><alias name=\"menublock\" filename=\"Equitazione_menublock.png\" suffix=\"png\" dirpath=\"var/mondelli/storage/images/equitazione/240-5-ita-IT\" url=\"var/mondelli/storage/images/equitazione/240-5-ita-IT/Equitazione_menublock.png\" mime_type=\"image/png\" width=\"120\" height=\"101\" alias_key=\"4270243965\" timestamp=\"1269853444\" is_valid=\"1\"/><alias name=\"small\" filename=\"Equitazione_small.png\" suffix=\"png\" dirpath=\"var/mondelli/storage/images/equitazione/240-5-ita-IT\" url=\"var/mondelli/storage/images/equitazione/240-5-ita-IT/Equitazione_small.png\" mime_type=\"image/png\" width=\"100\" height=\"84\" alias_key=\"154637809\" timestamp=\"1270555667\" is_valid=\"1\"/><alias name=\"medium\" filename=\"Equitazione_medium.png\" suffix=\"png\" dirpath=\"var/mondelli/storage/images/equitazione/240-5-ita-IT\" url=\"var/mondelli/storage/images/equitazione/240-5-ita-IT/Equitazione_medium.png\" mime_type=\"image/png\" width=\"200\" height=\"168\" alias_key=\"2573207068\" timestamp=\"1270801747\" is_valid=\"1\"/><alias name=\"large\" filename=\"Equitazione_large.png\" suffix=\"png\" dirpath=\"var/mondelli/storage/images/equitazione/240-5-ita-IT\" url=\"var/mondelli/storage/images/equitazione/240-5-ita-IT/Equitazione_large.png\" mime_type=\"image/png\" width=\"300\" height=\"252\" alias_key=\"3084004918\" timestamp=\"1270802306\" is_valid=\"1\"/></ezimage>\n','ezimage',240,'ita-IT',2,0,'',6),(0,348,61,0,NULL,'<?xml version=\"1.0\" encoding=\"utf-8\"?>\n<ezimage serial_number=\"1\" is_valid=\"1\" filename=\"Equitazione.png\" suffix=\"png\" basename=\"Equitazione\" dirpath=\"var/mondelli/storage/images/equitazione/240-5-ita-IT\" url=\"var/mondelli/storage/images/equitazione/240-5-ita-IT/Equitazione.png\" original_filename=\"cssp_restyle_export_0001s_0011_teiera_bianca_small.png\" mime_type=\"image/png\" width=\"150\" height=\"126\" alternative_text=\"\" alias_key=\"1293033771\" timestamp=\"1269853443\"><original attribute_id=\"240\" attribute_version=\"5\" attribute_language=\"ita-IT\"/><alias name=\"menublock\" filename=\"Equitazione_menublock.png\" suffix=\"png\" dirpath=\"var/mondelli/storage/images/equitazione/240-5-ita-IT\" url=\"var/mondelli/storage/images/equitazione/240-5-ita-IT/Equitazione_menublock.png\" mime_type=\"image/png\" width=\"120\" height=\"101\" alias_key=\"4270243965\" timestamp=\"1269853444\" is_valid=\"1\"/><alias name=\"small\" filename=\"Equitazione_small.png\" suffix=\"png\" dirpath=\"var/mondelli/storage/images/equitazione/240-5-ita-IT\" url=\"var/mondelli/storage/images/equitazione/240-5-ita-IT/Equitazione_small.png\" mime_type=\"image/png\" width=\"100\" height=\"84\" alias_key=\"154637809\" timestamp=\"1270555667\" is_valid=\"1\"/><alias name=\"medium\" filename=\"Equitazione_medium.png\" suffix=\"png\" dirpath=\"var/mondelli/storage/images/equitazione/240-5-ita-IT\" url=\"var/mondelli/storage/images/equitazione/240-5-ita-IT/Equitazione_medium.png\" mime_type=\"image/png\" width=\"200\" height=\"168\" alias_key=\"2573207068\" timestamp=\"1270801747\" is_valid=\"1\"/><alias name=\"large\" filename=\"Equitazione_large.png\" suffix=\"png\" dirpath=\"var/mondelli/storage/images/equitazione/240-5-ita-IT\" url=\"var/mondelli/storage/images/equitazione/240-5-ita-IT/Equitazione_large.png\" mime_type=\"image/png\" width=\"300\" height=\"252\" alias_key=\"3084004918\" timestamp=\"1270802306\" is_valid=\"1\"/></ezimage>\n','ezimage',240,'ita-IT',2,0,'',7),(0,348,61,0,NULL,'<?xml version=\"1.0\" encoding=\"utf-8\"?>\n<ezimage serial_number=\"1\" is_valid=\"1\" filename=\"Equitazione.png\" suffix=\"png\" basename=\"Equitazione\" dirpath=\"var/mondelli/storage/images/equitazione/240-5-ita-IT\" url=\"var/mondelli/storage/images/equitazione/240-5-ita-IT/Equitazione.png\" original_filename=\"cssp_restyle_export_0001s_0011_teiera_bianca_small.png\" mime_type=\"image/png\" width=\"150\" height=\"126\" alternative_text=\"\" alias_key=\"1293033771\" timestamp=\"1269853443\"><original attribute_id=\"240\" attribute_version=\"5\" attribute_language=\"ita-IT\"/><alias name=\"menublock\" filename=\"Equitazione_menublock.png\" suffix=\"png\" dirpath=\"var/mondelli/storage/images/equitazione/240-5-ita-IT\" url=\"var/mondelli/storage/images/equitazione/240-5-ita-IT/Equitazione_menublock.png\" mime_type=\"image/png\" width=\"120\" height=\"101\" alias_key=\"4270243965\" timestamp=\"1269853444\" is_valid=\"1\"/><alias name=\"small\" filename=\"Equitazione_small.png\" suffix=\"png\" dirpath=\"var/mondelli/storage/images/equitazione/240-5-ita-IT\" url=\"var/mondelli/storage/images/equitazione/240-5-ita-IT/Equitazione_small.png\" mime_type=\"image/png\" width=\"100\" height=\"84\" alias_key=\"154637809\" timestamp=\"1270555667\" is_valid=\"1\"/><alias name=\"medium\" filename=\"Equitazione_medium.png\" suffix=\"png\" dirpath=\"var/mondelli/storage/images/equitazione/240-5-ita-IT\" url=\"var/mondelli/storage/images/equitazione/240-5-ita-IT/Equitazione_medium.png\" mime_type=\"image/png\" width=\"200\" height=\"168\" alias_key=\"2573207068\" timestamp=\"1270801747\" is_valid=\"1\"/><alias name=\"large\" filename=\"Equitazione_large.png\" suffix=\"png\" dirpath=\"var/mondelli/storage/images/equitazione/240-5-ita-IT\" url=\"var/mondelli/storage/images/equitazione/240-5-ita-IT/Equitazione_large.png\" mime_type=\"image/png\" width=\"300\" height=\"252\" alias_key=\"3084004918\" timestamp=\"1270802306\" is_valid=\"1\"/></ezimage>\n','ezimage',240,'ita-IT',2,0,'',8),(0,348,62,0,NULL,'<?xml version=\"1.0\" encoding=\"utf-8\"?>\n<ezimage serial_number=\"\" is_valid=\"\" filename=\"\" suffix=\"\" basename=\"\" dirpath=\"\" url=\"\" original_filename=\"\" mime_type=\"\" width=\"\" height=\"\" alternative_text=\"\" alias_key=\"1293033771\" timestamp=\"1263420225\"/>\n','ezimage',241,'ita-IT',2,0,'',1),(0,348,62,0,NULL,'<?xml version=\"1.0\" encoding=\"utf-8\"?>\n<ezimage serial_number=\"1\" is_valid=\"1\" filename=\"Cucina.png\" suffix=\"png\" basename=\"Cucina\" dirpath=\"var/mondelli/storage/images/cucina/241-2-ita-IT\" url=\"var/mondelli/storage/images/cucina/241-2-ita-IT/Cucina.png\" original_filename=\"cssp_restyle_export_0001s_0008_teiera_rossa_1_small.png\" mime_type=\"image/png\" width=\"149\" height=\"185\" alternative_text=\"\" alias_key=\"1293033771\" timestamp=\"1263420515\"><original attribute_id=\"241\" attribute_version=\"2\" attribute_language=\"ita-IT\"/><alias name=\"menublock\" filename=\"Cucina_menublock.png\" suffix=\"png\" dirpath=\"var/mondelli/storage/images/cucina/241-2-ita-IT\" url=\"var/mondelli/storage/images/cucina/241-2-ita-IT/Cucina_menublock.png\" mime_type=\"image/png\" width=\"97\" height=\"120\" alias_key=\"4270243965\" timestamp=\"1263420516\" is_valid=\"1\"/><alias name=\"small\" filename=\"Cucina_small.png\" suffix=\"png\" dirpath=\"var/mondelli/storage/images/cucina/241-2-ita-IT\" url=\"var/mondelli/storage/images/cucina/241-2-ita-IT/Cucina_small.png\" mime_type=\"image/png\" width=\"81\" height=\"100\" alias_key=\"154637809\" timestamp=\"1269090391\" is_valid=\"1\"/></ezimage>\n','ezimage',241,'ita-IT',2,0,'',2),(0,348,62,0,NULL,'<?xml version=\"1.0\" encoding=\"utf-8\"?>\n<ezimage serial_number=\"1\" is_valid=\"1\" filename=\"Cucina.png\" suffix=\"png\" basename=\"Cucina\" dirpath=\"var/mondelli/storage/images/cucina/241-2-ita-IT\" url=\"var/mondelli/storage/images/cucina/241-2-ita-IT/Cucina.png\" original_filename=\"cssp_restyle_export_0001s_0008_teiera_rossa_1_small.png\" mime_type=\"image/png\" width=\"149\" height=\"185\" alternative_text=\"\" alias_key=\"1293033771\" timestamp=\"1263420515\"><original attribute_id=\"241\" attribute_version=\"2\" attribute_language=\"ita-IT\"/><alias name=\"menublock\" filename=\"Cucina_menublock.png\" suffix=\"png\" dirpath=\"var/mondelli/storage/images/cucina/241-2-ita-IT\" url=\"var/mondelli/storage/images/cucina/241-2-ita-IT/Cucina_menublock.png\" mime_type=\"image/png\" width=\"97\" height=\"120\" alias_key=\"4270243965\" timestamp=\"1263420516\" is_valid=\"1\"/><alias name=\"small\" filename=\"Cucina_small.png\" suffix=\"png\" dirpath=\"var/mondelli/storage/images/cucina/241-2-ita-IT\" url=\"var/mondelli/storage/images/cucina/241-2-ita-IT/Cucina_small.png\" mime_type=\"image/png\" width=\"81\" height=\"100\" alias_key=\"154637809\" timestamp=\"1269090391\" is_valid=\"1\"/><alias name=\"medium\" filename=\"Cucina_medium.png\" suffix=\"png\" dirpath=\"var/mondelli/storage/images/cucina/241-2-ita-IT\" url=\"var/mondelli/storage/images/cucina/241-2-ita-IT/Cucina_medium.png\" mime_type=\"image/png\" width=\"161\" height=\"200\" alias_key=\"2573207068\" timestamp=\"1269452579\" is_valid=\"1\"/></ezimage>\n','ezimage',241,'ita-IT',2,0,'',3),(0,348,62,0,NULL,'<?xml version=\"1.0\" encoding=\"utf-8\"?>\n<ezimage serial_number=\"1\" is_valid=\"1\" filename=\"Cucina.png\" suffix=\"png\" basename=\"Cucina\" dirpath=\"var/mondelli/storage/images/cucina/241-4-ita-IT\" url=\"var/mondelli/storage/images/cucina/241-4-ita-IT/Cucina.png\" original_filename=\"cssp_restyle_export_0001s_0008_teiera_rossa_1_small.png\" mime_type=\"image/png\" width=\"149\" height=\"185\" alternative_text=\"\" alias_key=\"1293033771\" timestamp=\"1269853483\"><original attribute_id=\"241\" attribute_version=\"4\" attribute_language=\"ita-IT\"/><alias name=\"menublock\" filename=\"Cucina_menublock.png\" suffix=\"png\" dirpath=\"var/mondelli/storage/images/cucina/241-4-ita-IT\" url=\"var/mondelli/storage/images/cucina/241-4-ita-IT/Cucina_menublock.png\" mime_type=\"image/png\" width=\"97\" height=\"120\" alias_key=\"4270243965\" timestamp=\"1269853484\" is_valid=\"1\"/><alias name=\"small\" filename=\"Cucina_small.png\" suffix=\"png\" dirpath=\"var/mondelli/storage/images/cucina/241-4-ita-IT\" url=\"var/mondelli/storage/images/cucina/241-4-ita-IT/Cucina_small.png\" mime_type=\"image/png\" width=\"81\" height=\"100\" alias_key=\"154637809\" timestamp=\"1270555667\" is_valid=\"1\"/></ezimage>\n','ezimage',241,'ita-IT',2,0,'',4),(0,348,62,0,NULL,'<?xml version=\"1.0\" encoding=\"utf-8\"?>\n<ezimage serial_number=\"1\" is_valid=\"1\" filename=\"Cucina.png\" suffix=\"png\" basename=\"Cucina\" dirpath=\"var/mondelli/storage/images/cucina/241-4-ita-IT\" url=\"var/mondelli/storage/images/cucina/241-4-ita-IT/Cucina.png\" original_filename=\"cssp_restyle_export_0001s_0008_teiera_rossa_1_small.png\" mime_type=\"image/png\" width=\"149\" height=\"185\" alternative_text=\"\" alias_key=\"1293033771\" timestamp=\"1269853483\"><original attribute_id=\"241\" attribute_version=\"4\" attribute_language=\"ita-IT\"/><alias name=\"menublock\" filename=\"Cucina_menublock.png\" suffix=\"png\" dirpath=\"var/mondelli/storage/images/cucina/241-4-ita-IT\" url=\"var/mondelli/storage/images/cucina/241-4-ita-IT/Cucina_menublock.png\" mime_type=\"image/png\" width=\"97\" height=\"120\" alias_key=\"4270243965\" timestamp=\"1269853484\" is_valid=\"1\"/><alias name=\"small\" filename=\"Cucina_small.png\" suffix=\"png\" dirpath=\"var/mondelli/storage/images/cucina/241-4-ita-IT\" url=\"var/mondelli/storage/images/cucina/241-4-ita-IT/Cucina_small.png\" mime_type=\"image/png\" width=\"81\" height=\"100\" alias_key=\"154637809\" timestamp=\"1270555667\" is_valid=\"1\"/><alias name=\"medium\" filename=\"Cucina_medium.png\" suffix=\"png\" dirpath=\"var/mondelli/storage/images/cucina/241-4-ita-IT\" url=\"var/mondelli/storage/images/cucina/241-4-ita-IT/Cucina_medium.png\" mime_type=\"image/png\" width=\"161\" height=\"200\" alias_key=\"2573207068\" timestamp=\"1270935227\" is_valid=\"1\"/></ezimage>\n','ezimage',241,'ita-IT',2,0,'',5),(0,348,62,0,NULL,'<?xml version=\"1.0\" encoding=\"utf-8\"?>\n<ezimage serial_number=\"1\" is_valid=\"1\" filename=\"Cucina.png\" suffix=\"png\" basename=\"Cucina\" dirpath=\"var/mondelli/storage/images/cucina/241-4-ita-IT\" url=\"var/mondelli/storage/images/cucina/241-4-ita-IT/Cucina.png\" original_filename=\"cssp_restyle_export_0001s_0008_teiera_rossa_1_small.png\" mime_type=\"image/png\" width=\"149\" height=\"185\" alternative_text=\"\" alias_key=\"1293033771\" timestamp=\"1269853483\"><original attribute_id=\"241\" attribute_version=\"4\" attribute_language=\"ita-IT\"/><alias name=\"menublock\" filename=\"Cucina_menublock.png\" suffix=\"png\" dirpath=\"var/mondelli/storage/images/cucina/241-4-ita-IT\" url=\"var/mondelli/storage/images/cucina/241-4-ita-IT/Cucina_menublock.png\" mime_type=\"image/png\" width=\"97\" height=\"120\" alias_key=\"4270243965\" timestamp=\"1269853484\" is_valid=\"1\"/><alias name=\"small\" filename=\"Cucina_small.png\" suffix=\"png\" dirpath=\"var/mondelli/storage/images/cucina/241-4-ita-IT\" url=\"var/mondelli/storage/images/cucina/241-4-ita-IT/Cucina_small.png\" mime_type=\"image/png\" width=\"81\" height=\"100\" alias_key=\"154637809\" timestamp=\"1270555667\" is_valid=\"1\"/><alias name=\"medium\" filename=\"Cucina_medium.png\" suffix=\"png\" dirpath=\"var/mondelli/storage/images/cucina/241-4-ita-IT\" url=\"var/mondelli/storage/images/cucina/241-4-ita-IT/Cucina_medium.png\" mime_type=\"image/png\" width=\"161\" height=\"200\" alias_key=\"2573207068\" timestamp=\"1270935227\" is_valid=\"1\"/></ezimage>\n','ezimage',241,'ita-IT',2,0,'',6),(0,348,63,NULL,NULL,NULL,'ezimage',242,'ita-IT',2,0,'',1),(0,348,63,0,NULL,'<?xml version=\"1.0\" encoding=\"utf-8\"?>\n<ezimage serial_number=\"\" is_valid=\"\" filename=\"\" suffix=\"\" basename=\"\" dirpath=\"\" url=\"\" original_filename=\"\" mime_type=\"\" width=\"\" height=\"\" alternative_text=\"\" alias_key=\"1293033771\" timestamp=\"1263420225\"/>\n','ezimage',243,'ita-IT',2,0,'',2),(0,348,63,0,NULL,'<?xml version=\"1.0\" encoding=\"utf-8\"?>\n<ezimage serial_number=\"1\" is_valid=\"1\" filename=\"Eventi.png\" suffix=\"png\" basename=\"Eventi\" dirpath=\"var/mondelli/storage/images/eventi/243-3-ita-IT\" url=\"var/mondelli/storage/images/eventi/243-3-ita-IT/Eventi.png\" original_filename=\"cssp_restyle_export_0001s_0004_teiera_kaki_small.png\" mime_type=\"image/png\" width=\"157\" height=\"169\" alternative_text=\"\" alias_key=\"1293033771\" timestamp=\"1263420570\"><original attribute_id=\"243\" attribute_version=\"3\" attribute_language=\"ita-IT\"/><alias name=\"menublock\" filename=\"Eventi_menublock.png\" suffix=\"png\" dirpath=\"var/mondelli/storage/images/eventi/243-3-ita-IT\" url=\"var/mondelli/storage/images/eventi/243-3-ita-IT/Eventi_menublock.png\" mime_type=\"image/png\" width=\"111\" height=\"120\" alias_key=\"4270243965\" timestamp=\"1263420570\" is_valid=\"1\"/><alias name=\"small\" filename=\"Eventi_small.png\" suffix=\"png\" dirpath=\"var/mondelli/storage/images/eventi/243-3-ita-IT\" url=\"var/mondelli/storage/images/eventi/243-3-ita-IT/Eventi_small.png\" mime_type=\"image/png\" width=\"93\" height=\"100\" alias_key=\"154637809\" timestamp=\"1269090391\" is_valid=\"1\"/></ezimage>\n','ezimage',243,'ita-IT',2,0,'',3),(0,348,63,0,NULL,'<?xml version=\"1.0\" encoding=\"utf-8\"?>\n<ezimage serial_number=\"1\" is_valid=\"1\" filename=\"Eventi.png\" suffix=\"png\" basename=\"Eventi\" dirpath=\"var/mondelli/storage/images/eventi/243-3-ita-IT\" url=\"var/mondelli/storage/images/eventi/243-3-ita-IT/Eventi.png\" original_filename=\"cssp_restyle_export_0001s_0004_teiera_kaki_small.png\" mime_type=\"image/png\" width=\"157\" height=\"169\" alternative_text=\"\" alias_key=\"1293033771\" timestamp=\"1263420570\"><original attribute_id=\"243\" attribute_version=\"3\" attribute_language=\"ita-IT\"/><alias name=\"menublock\" filename=\"Eventi_menublock.png\" suffix=\"png\" dirpath=\"var/mondelli/storage/images/eventi/243-3-ita-IT\" url=\"var/mondelli/storage/images/eventi/243-3-ita-IT/Eventi_menublock.png\" mime_type=\"image/png\" width=\"111\" height=\"120\" alias_key=\"4270243965\" timestamp=\"1263420570\" is_valid=\"1\"/><alias name=\"small\" filename=\"Eventi_small.png\" suffix=\"png\" dirpath=\"var/mondelli/storage/images/eventi/243-3-ita-IT\" url=\"var/mondelli/storage/images/eventi/243-3-ita-IT/Eventi_small.png\" mime_type=\"image/png\" width=\"93\" height=\"100\" alias_key=\"154637809\" timestamp=\"1269090391\" is_valid=\"1\"/><alias name=\"medium\" filename=\"Eventi_medium.png\" suffix=\"png\" dirpath=\"var/mondelli/storage/images/eventi/243-3-ita-IT\" url=\"var/mondelli/storage/images/eventi/243-3-ita-IT/Eventi_medium.png\" mime_type=\"image/png\" width=\"186\" height=\"200\" alias_key=\"2573207068\" timestamp=\"1269452630\" is_valid=\"1\"/></ezimage>\n','ezimage',243,'ita-IT',2,0,'',4),(0,348,63,0,NULL,'<?xml version=\"1.0\" encoding=\"utf-8\"?>\n<ezimage serial_number=\"1\" is_valid=\"1\" filename=\"Eventi.png\" suffix=\"png\" basename=\"Eventi\" dirpath=\"var/mondelli/storage/images/eventi/243-5-ita-IT\" url=\"var/mondelli/storage/images/eventi/243-5-ita-IT/Eventi.png\" original_filename=\"cssp_restyle_export_0001s_0004_teiera_kaki_small.png\" mime_type=\"image/png\" width=\"157\" height=\"169\" alternative_text=\"\" alias_key=\"1293033771\" timestamp=\"1269853518\"><original attribute_id=\"243\" attribute_version=\"5\" attribute_language=\"ita-IT\"/><alias name=\"menublock\" filename=\"Eventi_menublock.png\" suffix=\"png\" dirpath=\"var/mondelli/storage/images/eventi/243-5-ita-IT\" url=\"var/mondelli/storage/images/eventi/243-5-ita-IT/Eventi_menublock.png\" mime_type=\"image/png\" width=\"111\" height=\"120\" alias_key=\"4270243965\" timestamp=\"1269853519\" is_valid=\"1\"/><alias name=\"reference\" filename=\"Eventi_reference.png\" suffix=\"png\" dirpath=\"var/mondelli/storage/images/eventi/243-5-ita-IT\" url=\"var/mondelli/storage/images/eventi/243-5-ita-IT/Eventi_reference.png\" mime_type=\"image/png\" width=\"157\" height=\"169\" alias_key=\"2605465115\" timestamp=\"1270545442\" is_valid=\"1\"/><alias name=\"large\" filename=\"Eventi_large.png\" suffix=\"png\" dirpath=\"var/mondelli/storage/images/eventi/243-5-ita-IT\" url=\"var/mondelli/storage/images/eventi/243-5-ita-IT/Eventi_large.png\" mime_type=\"image/png\" width=\"279\" height=\"300\" alias_key=\"3402746921\" timestamp=\"1270545442\" is_valid=\"1\"/><alias name=\"small\" filename=\"Eventi_small.png\" suffix=\"png\" dirpath=\"var/mondelli/storage/images/eventi/243-5-ita-IT\" url=\"var/mondelli/storage/images/eventi/243-5-ita-IT/Eventi_small.png\" mime_type=\"image/png\" width=\"93\" height=\"100\" alias_key=\"154637809\" timestamp=\"1270555668\" is_valid=\"1\"/></ezimage>\n','ezimage',243,'ita-IT',2,0,'',5),(0,348,63,0,NULL,'<?xml version=\"1.0\" encoding=\"utf-8\"?>\n<ezimage serial_number=\"1\" is_valid=\"1\" filename=\"Eventi.png\" suffix=\"png\" basename=\"Eventi\" dirpath=\"var/mondelli/storage/images/eventi/243-5-ita-IT\" url=\"var/mondelli/storage/images/eventi/243-5-ita-IT/Eventi.png\" original_filename=\"cssp_restyle_export_0001s_0004_teiera_kaki_small.png\" mime_type=\"image/png\" width=\"157\" height=\"169\" alternative_text=\"\" alias_key=\"1293033771\" timestamp=\"1269853518\"><original attribute_id=\"243\" attribute_version=\"5\" attribute_language=\"ita-IT\"/><alias name=\"menublock\" filename=\"Eventi_menublock.png\" suffix=\"png\" dirpath=\"var/mondelli/storage/images/eventi/243-5-ita-IT\" url=\"var/mondelli/storage/images/eventi/243-5-ita-IT/Eventi_menublock.png\" mime_type=\"image/png\" width=\"111\" height=\"120\" alias_key=\"4270243965\" timestamp=\"1269853519\" is_valid=\"1\"/><alias name=\"small\" filename=\"Eventi_small.png\" suffix=\"png\" dirpath=\"var/mondelli/storage/images/eventi/243-5-ita-IT\" url=\"var/mondelli/storage/images/eventi/243-5-ita-IT/Eventi_small.png\" mime_type=\"image/png\" width=\"93\" height=\"100\" alias_key=\"154637809\" timestamp=\"1270555668\" is_valid=\"1\"/><alias name=\"medium\" filename=\"Eventi_medium.png\" suffix=\"png\" dirpath=\"var/mondelli/storage/images/eventi/243-5-ita-IT\" url=\"var/mondelli/storage/images/eventi/243-5-ita-IT/Eventi_medium.png\" mime_type=\"image/png\" width=\"186\" height=\"200\" alias_key=\"2573207068\" timestamp=\"1270935269\" is_valid=\"1\"/></ezimage>\n','ezimage',243,'ita-IT',2,0,'',6),(0,4,64,0,NULL,'Test','ezstring',244,'ita-IT',3,0,'test',1),(0,155,64,0,NULL,'','ezstring',245,'ita-IT',3,0,'',1),(0,119,64,0,1045487555,'<?xml version=\"1.0\" encoding=\"utf-8\"?>\n<section xmlns:image=\"http://ez.no/namespaces/ezpublish3/image/\" xmlns:xhtml=\"http://ez.no/namespaces/ezpublish3/xhtml/\" xmlns:custom=\"http://ez.no/namespaces/ezpublish3/custom/\"/>\n','ezxmltext',246,'ita-IT',3,0,'',1),(0,156,64,0,1045487555,'<?xml version=\"1.0\" encoding=\"utf-8\"?>\n<section xmlns:image=\"http://ez.no/namespaces/ezpublish3/image/\" xmlns:xhtml=\"http://ez.no/namespaces/ezpublish3/xhtml/\" xmlns:custom=\"http://ez.no/namespaces/ezpublish3/custom/\"/>\n','ezxmltext',247,'ita-IT',3,0,'',1),(248,158,64,0,1,'','ezboolean',248,'ita-IT',3,1,'',1),(0,181,64,0,NULL,'','ezkeyword',249,'ita-IT',3,0,'',1),(0,182,64,0,0,'','ezdatetime',250,'ita-IT',3,0,'',1),(0,349,65,0,NULL,'Calendario','ezstring',251,'ita-IT',2,0,'calendario',1),(0,349,65,0,NULL,'Calendario','ezstring',251,'ita-IT',2,0,'calendario',2),(0,349,65,0,NULL,'Calendario','ezstring',251,'ita-IT',2,0,'calendario',3),(0,349,65,0,NULL,'Calendario','ezstring',251,'ita-IT',2,0,'calendario',4),(0,349,65,0,NULL,'Calendario','ezstring',251,'ita-IT',2,0,'calendario',5),(0,350,65,0,NULL,'','ezstring',252,'ita-IT',2,0,'',1),(0,350,65,0,NULL,'','ezstring',252,'ita-IT',2,0,'',2),(0,350,65,0,NULL,'','ezstring',252,'ita-IT',2,0,'',3),(0,350,65,0,NULL,'','ezstring',252,'ita-IT',2,0,'',4),(0,350,65,0,NULL,'','ezstring',252,'ita-IT',2,0,'',5),(0,351,65,0,NULL,'0','ezselection',253,'ita-IT',2,0,'0',1),(0,351,65,0,NULL,'2','ezselection',253,'ita-IT',2,0,'2',2),(0,351,65,0,NULL,'2','ezselection',253,'ita-IT',2,0,'2',3),(0,351,65,0,NULL,'2','ezselection',253,'ita-IT',2,0,'2',4),(0,351,65,0,NULL,'0','ezselection',253,'ita-IT',2,0,'0',5),(0,352,65,0,0,'','ezboolean',254,'ita-IT',2,0,'',1),(0,352,65,0,0,'','ezboolean',254,'ita-IT',2,0,'',2),(0,352,65,0,0,'','ezboolean',254,'ita-IT',2,0,'',3),(0,352,65,0,0,'','ezboolean',254,'ita-IT',2,0,'',4),(0,352,65,0,0,'','ezboolean',254,'ita-IT',2,0,'',5),(0,353,65,0,NULL,'#e1e1e1','ezstring',255,'ita-IT',2,0,'#e1e1e1',1),(0,353,65,0,NULL,'#e1e1e1','ezstring',255,'ita-IT',2,0,'#e1e1e1',2),(0,353,65,0,NULL,'#ed5900','ezstring',255,'ita-IT',2,0,'#ed5900',3),(0,353,65,0,NULL,'#ed5900','ezstring',255,'ita-IT',2,0,'#ed5900',4),(0,353,65,0,NULL,'#ed5900','ezstring',255,'ita-IT',2,0,'#ed5900',5),(0,4,66,0,NULL,'Manicaretti','ezstring',256,'ita-IT',3,0,'manicaretti',1),(0,4,66,0,NULL,'Manicaretti','ezstring',256,'ita-IT',3,0,'manicaretti',2),(0,155,66,0,NULL,'','ezstring',257,'ita-IT',3,0,'',1),(0,155,66,0,NULL,'','ezstring',257,'ita-IT',3,0,'',2),(0,119,66,0,1045487555,'<?xml version=\"1.0\" encoding=\"utf-8\"?>\n<section xmlns:image=\"http://ez.no/namespaces/ezpublish3/image/\" xmlns:xhtml=\"http://ez.no/namespaces/ezpublish3/xhtml/\" xmlns:custom=\"http://ez.no/namespaces/ezpublish3/custom/\"/>\n','ezxmltext',258,'ita-IT',3,0,'',1),(0,119,66,0,1045487555,'<?xml version=\"1.0\" encoding=\"utf-8\"?>\n<section xmlns:image=\"http://ez.no/namespaces/ezpublish3/image/\" xmlns:xhtml=\"http://ez.no/namespaces/ezpublish3/xhtml/\" xmlns:custom=\"http://ez.no/namespaces/ezpublish3/custom/\"/>\n','ezxmltext',258,'ita-IT',3,0,'',2),(0,156,66,0,1045487555,'<?xml version=\"1.0\" encoding=\"utf-8\"?>\n<section xmlns:image=\"http://ez.no/namespaces/ezpublish3/image/\" xmlns:xhtml=\"http://ez.no/namespaces/ezpublish3/xhtml/\" xmlns:custom=\"http://ez.no/namespaces/ezpublish3/custom/\"/>\n','ezxmltext',259,'ita-IT',3,0,'',1),(0,156,66,0,1045487555,'<?xml version=\"1.0\" encoding=\"utf-8\"?>\n<section xmlns:image=\"http://ez.no/namespaces/ezpublish3/image/\" xmlns:xhtml=\"http://ez.no/namespaces/ezpublish3/xhtml/\" xmlns:custom=\"http://ez.no/namespaces/ezpublish3/custom/\"/>\n','ezxmltext',259,'ita-IT',3,0,'',2),(260,158,66,0,1,'','ezboolean',260,'ita-IT',3,1,'',1),(260,158,66,0,1,'','ezboolean',260,'ita-IT',3,1,'',2),(0,181,66,0,NULL,'','ezkeyword',261,'ita-IT',3,0,'',1),(0,181,66,0,NULL,'','ezkeyword',261,'ita-IT',3,0,'',2),(0,182,66,0,0,'','ezdatetime',262,'ita-IT',3,0,'',1),(0,182,66,0,0,'','ezdatetime',262,'ita-IT',3,0,'',2),(0,4,67,0,NULL,'Cavalli','ezstring',263,'ita-IT',3,0,'cavalli',3),(0,4,67,0,NULL,'Cavalli','ezstring',263,'ita-IT',3,0,'cavalli',4),(0,4,67,0,NULL,'Cavalli','ezstring',263,'ita-IT',3,0,'cavalli',5),(0,4,67,0,NULL,'Cavalli','ezstring',263,'ita-IT',3,0,'cavalli',6),(0,4,67,0,NULL,'Cavalli','ezstring',263,'ita-IT',3,0,'cavalli',7),(0,155,67,0,NULL,'','ezstring',264,'ita-IT',3,0,'',3),(0,155,67,0,NULL,'','ezstring',264,'ita-IT',3,0,'',4),(0,155,67,0,NULL,'','ezstring',264,'ita-IT',3,0,'',5),(0,155,67,0,NULL,'','ezstring',264,'ita-IT',3,0,'',6),(0,155,67,0,NULL,'','ezstring',264,'ita-IT',3,0,'',7),(0,119,67,0,1045487555,'<?xml version=\"1.0\" encoding=\"utf-8\"?>\n<section xmlns:image=\"http://ez.no/namespaces/ezpublish3/image/\" xmlns:xhtml=\"http://ez.no/namespaces/ezpublish3/xhtml/\" xmlns:custom=\"http://ez.no/namespaces/ezpublish3/custom/\"><paragraph>Lorem ipsum dolor sit amet, consectetur adipiscing elit. Praesent faucibus egestas quam, id scelerisque turpis placerat eu. Proin at nisi in mauris porta egestas. Praesent sit amet elementum velit. Maecenas sodales ultricies bibendum. Pellentesque consequat pulvinar ligula, sit amet vehicula eros commodo vel. Pellentesque habitant morbi tristique senectus et netus et malesuada fames ac turpis egestas. Pellentesque sodales purus quis turpis</paragraph></section>\n','ezxmltext',265,'ita-IT',3,0,'',3),(0,119,67,0,1045487555,'<?xml version=\"1.0\" encoding=\"utf-8\"?>\n<section xmlns:image=\"http://ez.no/namespaces/ezpublish3/image/\" xmlns:xhtml=\"http://ez.no/namespaces/ezpublish3/xhtml/\" xmlns:custom=\"http://ez.no/namespaces/ezpublish3/custom/\"><paragraph>Lorem ipsum dolor sit amet, consectetur adipiscing elit. Praesent faucibus egestas quam, id scelerisque turpis placerat eu. Proin at nisi in mauris porta egestas. Praesent sit amet elementum velit. Maecenas sodales ultricies bibendum. Pellentesque consequat pulvinar ligula, sit amet vehicula eros commodo vel. Pellentesque habitant morbi tristique senectus et netus et malesuada fames ac turpis egestas. Pellentesque sodales purus quis turpis</paragraph></section>\n','ezxmltext',265,'ita-IT',3,0,'',4),(0,119,67,0,1045487555,'<?xml version=\"1.0\" encoding=\"utf-8\"?>\n<section xmlns:image=\"http://ez.no/namespaces/ezpublish3/image/\" xmlns:xhtml=\"http://ez.no/namespaces/ezpublish3/xhtml/\" xmlns:custom=\"http://ez.no/namespaces/ezpublish3/custom/\"><paragraph>Lorem ipsum dolor sit amet, consectetur adipiscing elit. Praesent faucibus egestas quam, id scelerisque turpis placerat eu. Proin at nisi in mauris porta egestas. Praesent sit amet elementum velit. Maecenas sodales ultricies bibendum. Pellentesque consequat pulvinar ligula, sit amet vehicula eros commodo vel. Pellentesque habitant morbi tristique senectus et netus et malesuada fames ac turpis egestas. Pellentesque sodales purus quis turpis</paragraph></section>\n','ezxmltext',265,'ita-IT',3,0,'',5),(0,119,67,0,1045487555,'<?xml version=\"1.0\" encoding=\"utf-8\"?>\n<section xmlns:image=\"http://ez.no/namespaces/ezpublish3/image/\" xmlns:xhtml=\"http://ez.no/namespaces/ezpublish3/xhtml/\" xmlns:custom=\"http://ez.no/namespaces/ezpublish3/custom/\"><paragraph>Lorem ipsum dolor sit amet, consectetur adipiscing elit. Praesent faucibus egestas quam, id scelerisque turpis placerat eu. Proin at nisi in mauris porta egestas. Praesent sit amet elementum velit. Maecenas sodales ultricies bibendum. Pellentesque consequat pulvinar ligula, sit amet vehicula eros commodo vel. Pellentesque habitant morbi tristique senectus et netus et malesuada fames ac turpis egestas. Pellentesque sodales purus quis turpis</paragraph></section>\n','ezxmltext',265,'ita-IT',3,0,'',6),(0,119,67,0,1045487555,'<?xml version=\"1.0\" encoding=\"utf-8\"?>\n<section xmlns:image=\"http://ez.no/namespaces/ezpublish3/image/\" xmlns:xhtml=\"http://ez.no/namespaces/ezpublish3/xhtml/\" xmlns:custom=\"http://ez.no/namespaces/ezpublish3/custom/\"><paragraph>Lorem ipsum dolor sit amet, consectetur adipiscing elit. Praesent faucibus egestas quam, id scelerisque turpis placerat eu. Proin at nisi in mauris porta egestas. Praesent sit amet elementum velit. Maecenas sodales ultricies bibendum. Pellentesque consequat pulvinar ligula, sit amet vehicula eros commodo vel. Pellentesque habitant morbi tristique senectus et netus et malesuada fames ac turpis egestas. Pellentesque sodales purus quis turpis</paragraph></section>\n','ezxmltext',265,'ita-IT',3,0,'',7),(0,156,67,0,1045487555,'<?xml version=\"1.0\" encoding=\"utf-8\"?>\n<section xmlns:image=\"http://ez.no/namespaces/ezpublish3/image/\" xmlns:xhtml=\"http://ez.no/namespaces/ezpublish3/xhtml/\" xmlns:custom=\"http://ez.no/namespaces/ezpublish3/custom/\"><paragraph> Vestibulum pretium sollicitudin sodales. Sed sed mauris congue est ultrices blandit quis eu erat. Fusce ut ipsum libero. Vivamus turpis nunc, pellentesque eget consectetur at, fermentum non elit. Donec diam ante, congue a rutrum a, fringilla at lectus. Nam auctor adipiscing quam lobortis lacinia. Vivamus eleifend sagittis ipsum tempus facilisis. Morbi elementum consectetur semper. In ac enim dapibus enim dictum blandit et vel mi. Aenean imperdiet cursus euismod. Pellentesque et vulputate dolor. Suspendisse quis turpis a risus pulvinar condimentum vitae adipiscing quam. </paragraph><paragraph><embed size=\"mainstory1\" view=\"embed\" object_id=\"74\" custom:offset=\"0\" custom:limit=\"5\"/></paragraph><paragraph>Mauris vulputate ante eu felis accumsan et convallis augue pharetra. Donec at massa a dolor accumsan sollicitudin eu ut arcu. Phasellus adipiscing imperdiet eros non laoreet. Nullam fermentum est nec leo pellentesque adipiscing. Integer sit amet nisi nec purus sollicitudin pharetra eu id nunc. Duis cursus, tellus et convallis ultricies, elit neque imperdiet mauris, id eleifend metus sapien non nisl. Mauris id tellus purus. Donec nec mi at quam mattis aliquet. Nam lobortis auctor erat, hendrerit porttitor velit faucibus nec. Maecenas sit amet lacus quis neque fermentum congue eu sed eros. Praesent at felis nibh. Nulla facilisi. Nulla dictum eleifend justo quis consequat. Vestibulum pharetra, metus nec venenatis lobortis, sem lorem cursus neque, at mollis neque urna vitae elit. </paragraph></section>\n','ezxmltext',266,'ita-IT',3,0,'',3),(0,156,67,0,1045487555,'<?xml version=\"1.0\" encoding=\"utf-8\"?>\n<section xmlns:image=\"http://ez.no/namespaces/ezpublish3/image/\" xmlns:xhtml=\"http://ez.no/namespaces/ezpublish3/xhtml/\" xmlns:custom=\"http://ez.no/namespaces/ezpublish3/custom/\"><paragraph> Vestibulum pretium sollicitudin sodales. Sed sed mauris congue est ultrices blandit quis eu erat. Fusce ut ipsum libero. Vivamus turpis nunc, pellentesque eget consectetur at, fermentum non elit. Donec diam ante, congue a rutrum a, fringilla at lectus. Nam auctor adipiscing quam lobortis lacinia. Vivamus eleifend sagittis ipsum tempus facilisis. Morbi elementum consectetur semper. In ac enim dapibus enim dictum blandit et vel mi. Aenean imperdiet cursus euismod. Pellentesque et vulputate dolor. Suspendisse quis turpis a risus pulvinar condimentum vitae adipiscing quam. </paragraph></section>\n','ezxmltext',266,'ita-IT',3,0,'',4),(0,156,67,0,1045487555,'<?xml version=\"1.0\" encoding=\"utf-8\"?>\n<section xmlns:image=\"http://ez.no/namespaces/ezpublish3/image/\" xmlns:xhtml=\"http://ez.no/namespaces/ezpublish3/xhtml/\" xmlns:custom=\"http://ez.no/namespaces/ezpublish3/custom/\"><paragraph> Vestibulum pretium sollicitudin sodales. Sed sed mauris congue est ultrices blandit quis eu erat. Fusce ut ipsum libero. Vivamus turpis nunc, pellentesque eget consectetur at, fermentum non elit. Donec diam ante, congue a rutrum a, fringilla at lectus. Nam auctor adipiscing quam lobortis lacinia. Vivamus eleifend sagittis ipsum tempus facilisis. Morbi elementum consectetur semper. In ac enim dapibus enim dictum blandit et vel mi. Aenean imperdiet cursus euismod. Pellentesque et vulputate dolor. Suspendisse quis turpis a risus pulvinar condimentum vitae adipiscing quam. </paragraph></section>\n','ezxmltext',266,'ita-IT',3,0,'',5),(0,156,67,0,1045487555,'<?xml version=\"1.0\" encoding=\"utf-8\"?>\n<section xmlns:image=\"http://ez.no/namespaces/ezpublish3/image/\" xmlns:xhtml=\"http://ez.no/namespaces/ezpublish3/xhtml/\" xmlns:custom=\"http://ez.no/namespaces/ezpublish3/custom/\"><paragraph> Vestibulum pretium sollicitudin sodales. Sed sed mauris congue est ultrices blandit quis eu erat. Fusce ut ipsum libero. Vivamus turpis nunc, pellentesque eget consectetur at, fermentum non elit. Donec diam ante, congue a rutrum a, fringilla at lectus. Nam auctor adipiscing quam lobortis lacinia. Vivamus eleifend sagittis ipsum tempus facilisis. Morbi elementum consectetur semper. In ac enim dapibus enim dictum blandit et vel mi. Aenean imperdiet cursus euismod. Pellentesque et vulputate dolor. Suspendisse quis turpis a risus pulvinar condimentum vitae adipiscing quam. </paragraph></section>\n','ezxmltext',266,'ita-IT',3,0,'',6),(0,156,67,0,1045487555,'<?xml version=\"1.0\" encoding=\"utf-8\"?>\n<section xmlns:image=\"http://ez.no/namespaces/ezpublish3/image/\" xmlns:xhtml=\"http://ez.no/namespaces/ezpublish3/xhtml/\" xmlns:custom=\"http://ez.no/namespaces/ezpublish3/custom/\"><paragraph> Vestibulum pretium sollicitudin sodales. Sed sed mauris congue est ultrices blandit quis eu erat. Fusce ut ipsum libero. Vivamus turpis nunc, pellentesque eget consectetur at, fermentum non elit. Donec diam ante, congue a rutrum a, fringilla at lectus. Nam auctor adipiscing quam lobortis lacinia. Vivamus eleifend sagittis ipsum tempus facilisis. Morbi elementum consectetur semper. In ac enim dapibus enim dictum blandit et vel mi. Aenean imperdiet cursus euismod. Pellentesque et vulputate dolor. Suspendisse quis turpis a risus pulvinar condimentum vitae adipiscing quam. </paragraph></section>\n','ezxmltext',266,'ita-IT',3,0,'',7),(267,158,67,0,1,'','ezboolean',267,'ita-IT',3,1,'',3),(267,158,67,0,1,'','ezboolean',267,'ita-IT',3,1,'',4),(267,158,67,0,1,'','ezboolean',267,'ita-IT',3,1,'',5),(267,158,67,0,1,'','ezboolean',267,'ita-IT',3,1,'',6),(267,158,67,0,1,'','ezboolean',267,'ita-IT',3,1,'',7),(0,181,67,0,NULL,'','ezkeyword',268,'ita-IT',3,0,'',3),(0,181,67,0,NULL,'','ezkeyword',268,'ita-IT',3,0,'',4),(0,181,67,0,NULL,'','ezkeyword',268,'ita-IT',3,0,'',5),(0,181,67,0,NULL,'','ezkeyword',268,'ita-IT',3,0,'',6),(0,181,67,0,NULL,'','ezkeyword',268,'ita-IT',3,0,'',7),(0,182,67,0,0,'','ezdatetime',269,'ita-IT',3,0,'',3),(0,182,67,0,0,'','ezdatetime',269,'ita-IT',3,0,'',4),(0,182,67,0,0,'','ezdatetime',269,'ita-IT',3,0,'',5),(0,182,67,0,0,'','ezdatetime',269,'ita-IT',3,0,'',6),(0,182,67,0,0,'','ezdatetime',269,'ita-IT',3,0,'',7),(0,4,68,0,NULL,'Panini','ezstring',270,'ita-IT',3,0,'panini',1),(0,4,68,0,NULL,'Panini','ezstring',270,'ita-IT',3,0,'panini',2),(0,4,68,0,NULL,'Panini','ezstring',270,'ita-IT',3,0,'panini',3),(0,4,68,0,NULL,'Panini','ezstring',270,'ita-IT',3,0,'panini',4),(0,155,68,0,NULL,'','ezstring',271,'ita-IT',3,0,'',1),(0,155,68,0,NULL,'','ezstring',271,'ita-IT',3,0,'',2),(0,155,68,0,NULL,'','ezstring',271,'ita-IT',3,0,'',3),(0,155,68,0,NULL,'','ezstring',271,'ita-IT',3,0,'',4),(0,119,68,0,1045487555,'<?xml version=\"1.0\" encoding=\"utf-8\"?>\n<section xmlns:image=\"http://ez.no/namespaces/ezpublish3/image/\" xmlns:xhtml=\"http://ez.no/namespaces/ezpublish3/xhtml/\" xmlns:custom=\"http://ez.no/namespaces/ezpublish3/custom/\"/>\n','ezxmltext',272,'ita-IT',3,0,'',1),(0,119,68,0,1045487555,'<?xml version=\"1.0\" encoding=\"utf-8\"?>\n<section xmlns:image=\"http://ez.no/namespaces/ezpublish3/image/\" xmlns:xhtml=\"http://ez.no/namespaces/ezpublish3/xhtml/\" xmlns:custom=\"http://ez.no/namespaces/ezpublish3/custom/\"><paragraph>Assaggiate i nostri squisiti panini. </paragraph></section>\n','ezxmltext',272,'ita-IT',3,0,'',2),(0,119,68,0,1045487555,'<?xml version=\"1.0\" encoding=\"utf-8\"?>\n<section xmlns:image=\"http://ez.no/namespaces/ezpublish3/image/\" xmlns:xhtml=\"http://ez.no/namespaces/ezpublish3/xhtml/\" xmlns:custom=\"http://ez.no/namespaces/ezpublish3/custom/\"><paragraph>Assaggiate i nostri squisiti panini. </paragraph></section>\n','ezxmltext',272,'ita-IT',3,0,'',3),(0,119,68,0,1045487555,'<?xml version=\"1.0\" encoding=\"utf-8\"?>\n<section xmlns:image=\"http://ez.no/namespaces/ezpublish3/image/\" xmlns:xhtml=\"http://ez.no/namespaces/ezpublish3/xhtml/\" xmlns:custom=\"http://ez.no/namespaces/ezpublish3/custom/\"><paragraph>Assaggiate i nostri squisiti panini. </paragraph></section>\n','ezxmltext',272,'ita-IT',3,0,'',4),(0,156,68,0,1045487555,'<?xml version=\"1.0\" encoding=\"utf-8\"?>\n<section xmlns:image=\"http://ez.no/namespaces/ezpublish3/image/\" xmlns:xhtml=\"http://ez.no/namespaces/ezpublish3/xhtml/\" xmlns:custom=\"http://ez.no/namespaces/ezpublish3/custom/\"/>\n','ezxmltext',273,'ita-IT',3,0,'',1),(0,156,68,0,1045487555,'<?xml version=\"1.0\" encoding=\"utf-8\"?>\n<section xmlns:image=\"http://ez.no/namespaces/ezpublish3/image/\" xmlns:xhtml=\"http://ez.no/namespaces/ezpublish3/xhtml/\" xmlns:custom=\"http://ez.no/namespaces/ezpublish3/custom/\"/>\n','ezxmltext',273,'ita-IT',3,0,'',2),(0,156,68,0,1045487555,'<?xml version=\"1.0\" encoding=\"utf-8\"?>\n<section xmlns:image=\"http://ez.no/namespaces/ezpublish3/image/\" xmlns:xhtml=\"http://ez.no/namespaces/ezpublish3/xhtml/\" xmlns:custom=\"http://ez.no/namespaces/ezpublish3/custom/\"/>\n','ezxmltext',273,'ita-IT',3,0,'',3),(0,156,68,0,1045487555,'<?xml version=\"1.0\" encoding=\"utf-8\"?>\n<section xmlns:image=\"http://ez.no/namespaces/ezpublish3/image/\" xmlns:xhtml=\"http://ez.no/namespaces/ezpublish3/xhtml/\" xmlns:custom=\"http://ez.no/namespaces/ezpublish3/custom/\"/>\n','ezxmltext',273,'ita-IT',3,0,'',4),(274,158,68,0,1,'','ezboolean',274,'ita-IT',3,1,'',1),(274,158,68,0,1,'','ezboolean',274,'ita-IT',3,1,'',2),(274,158,68,0,1,'','ezboolean',274,'ita-IT',3,1,'',3),(274,158,68,0,1,'','ezboolean',274,'ita-IT',3,1,'',4),(0,181,68,0,NULL,'','ezkeyword',275,'ita-IT',3,0,'',1),(0,181,68,0,NULL,'','ezkeyword',275,'ita-IT',3,0,'',2),(0,181,68,0,NULL,'','ezkeyword',275,'ita-IT',3,0,'',3),(0,181,68,0,NULL,'','ezkeyword',275,'ita-IT',3,0,'',4),(0,182,68,0,0,'','ezdatetime',276,'ita-IT',3,0,'',1),(0,182,68,0,0,'','ezdatetime',276,'ita-IT',3,0,'',2),(0,182,68,0,0,'','ezdatetime',276,'ita-IT',3,0,'',3),(0,182,68,0,0,'','ezdatetime',276,'ita-IT',3,0,'',4),(0,4,69,0,NULL,'Musica','ezstring',277,'ita-IT',3,0,'musica',1),(0,4,69,0,NULL,'Musica','ezstring',277,'ita-IT',3,0,'musica',2),(0,155,69,0,NULL,'','ezstring',278,'ita-IT',3,0,'',1),(0,155,69,0,NULL,'','ezstring',278,'ita-IT',3,0,'',2),(0,119,69,0,1045487555,'<?xml version=\"1.0\" encoding=\"utf-8\"?>\n<section xmlns:image=\"http://ez.no/namespaces/ezpublish3/image/\" xmlns:xhtml=\"http://ez.no/namespaces/ezpublish3/xhtml/\" xmlns:custom=\"http://ez.no/namespaces/ezpublish3/custom/\"/>\n','ezxmltext',279,'ita-IT',3,0,'',1),(0,119,69,0,1045487555,'<?xml version=\"1.0\" encoding=\"utf-8\"?>\n<section xmlns:image=\"http://ez.no/namespaces/ezpublish3/image/\" xmlns:xhtml=\"http://ez.no/namespaces/ezpublish3/xhtml/\" xmlns:custom=\"http://ez.no/namespaces/ezpublish3/custom/\"/>\n','ezxmltext',279,'ita-IT',3,0,'',2),(0,156,69,0,1045487555,'<?xml version=\"1.0\" encoding=\"utf-8\"?>\n<section xmlns:image=\"http://ez.no/namespaces/ezpublish3/image/\" xmlns:xhtml=\"http://ez.no/namespaces/ezpublish3/xhtml/\" xmlns:custom=\"http://ez.no/namespaces/ezpublish3/custom/\"/>\n','ezxmltext',280,'ita-IT',3,0,'',1),(0,156,69,0,1045487555,'<?xml version=\"1.0\" encoding=\"utf-8\"?>\n<section xmlns:image=\"http://ez.no/namespaces/ezpublish3/image/\" xmlns:xhtml=\"http://ez.no/namespaces/ezpublish3/xhtml/\" xmlns:custom=\"http://ez.no/namespaces/ezpublish3/custom/\"/>\n','ezxmltext',280,'ita-IT',3,0,'',2),(281,158,69,0,1,'','ezboolean',281,'ita-IT',3,1,'',1),(281,158,69,0,1,'','ezboolean',281,'ita-IT',3,1,'',2),(0,181,69,0,NULL,'','ezkeyword',282,'ita-IT',3,0,'',1),(0,181,69,0,NULL,'','ezkeyword',282,'ita-IT',3,0,'',2),(0,182,69,0,0,'','ezdatetime',283,'ita-IT',3,0,'',1),(0,182,69,0,0,'','ezdatetime',283,'ita-IT',3,0,'',2),(0,354,70,0,NULL,'Prova','ezstring',284,'ita-IT',2,0,'prova',1),(0,355,70,0,NULL,'','ezstring',285,'ita-IT',2,0,'',1),(0,356,70,0,1045487555,'<?xml version=\"1.0\" encoding=\"utf-8\"?>\n                <section xmlns:image=\"http://ez.no/namespaces/ezpublish3/image/\"\n                         xmlns:xhtml=\"http://ez.no/namespaces/ezpublish3/xhtml/\"\n                         xmlns:custom=\"http://ez.no/namespaces/ezpublish3/custom/\">\n                        <paragraph></paragraph></section>','ezxmltext',286,'ita-IT',2,0,'',1),(0,357,70,0,NULL,'','ezkeyword',287,'ita-IT',2,0,'',1),(0,358,70,0,1265954400,'','ezdatetime',288,'ita-IT',2,1265954400,'',1),(0,359,70,0,1265956200,'','ezdatetime',289,'ita-IT',2,1265956200,'',1),(0,360,70,0,NULL,'','ezselection',290,'ita-IT',2,0,'',1),(0,361,70,0,1265956200,'','ezdatetime',291,'ita-IT',2,1265956200,'',1),(0,362,70,0,NULL,'where','ezstring',292,'ita-IT',2,0,'where',1),(0,354,71,0,NULL,'Patatine','ezstring',293,'ita-IT',2,0,'patatine',1),(0,355,71,0,NULL,'','ezstring',294,'ita-IT',2,0,'',1),(0,356,71,0,1045487555,'<?xml version=\"1.0\" encoding=\"utf-8\"?>\n                <section xmlns:image=\"http://ez.no/namespaces/ezpublish3/image/\"\n                         xmlns:xhtml=\"http://ez.no/namespaces/ezpublish3/xhtml/\"\n                         xmlns:custom=\"http://ez.no/namespaces/ezpublish3/custom/\">\n                        <paragraph>Prova3</paragraph></section>','ezxmltext',295,'ita-IT',2,0,'',1),(0,357,71,0,NULL,'','ezkeyword',296,'ita-IT',2,0,'',1),(0,358,71,0,1266472800,'','ezdatetime',297,'ita-IT',2,1266472800,'',1),(0,359,71,0,1266474600,'','ezdatetime',298,'ita-IT',2,1266474600,'',1),(0,360,71,0,NULL,'','ezselection',299,'ita-IT',2,0,'',1),(0,361,71,0,1266474600,'','ezdatetime',300,'ita-IT',2,1266474600,'',1),(0,362,71,0,NULL,'where','ezstring',301,'ita-IT',2,0,'where',1),(0,354,72,0,NULL,'New Event','ezstring',302,'ita-IT',2,0,'new event',1),(0,355,72,0,NULL,'','ezstring',303,'ita-IT',2,0,'',1),(0,356,72,0,1045487555,'<?xml version=\"1.0\" encoding=\"utf-8\"?>\n                <section xmlns:image=\"http://ez.no/namespaces/ezpublish3/image/\"\n                         xmlns:xhtml=\"http://ez.no/namespaces/ezpublish3/xhtml/\"\n                         xmlns:custom=\"http://ez.no/namespaces/ezpublish3/custom/\">\n                        <paragraph>Test evento</paragraph></section>','ezxmltext',304,'ita-IT',2,0,'',1),(0,357,72,0,NULL,'','ezkeyword',305,'ita-IT',2,0,'',1),(0,358,72,0,1268373600,'','ezdatetime',306,'ita-IT',2,1268373600,'',1),(0,359,72,0,1268375400,'','ezdatetime',307,'ita-IT',2,1268375400,'',1),(0,360,72,0,NULL,'','ezselection',308,'ita-IT',2,0,'',1),(0,361,72,0,1268375400,'','ezdatetime',309,'ita-IT',2,1268375400,'',1),(0,362,72,0,NULL,'where','ezstring',310,'ita-IT',2,0,'where',1),(0,354,73,0,NULL,'New Event','ezstring',311,'ita-IT',2,0,'new event',1),(0,355,73,0,NULL,'','ezstring',312,'ita-IT',2,0,'',1),(0,356,73,0,1045487555,'<?xml version=\"1.0\" encoding=\"utf-8\"?>\n                <section xmlns:image=\"http://ez.no/namespaces/ezpublish3/image/\"\n                         xmlns:xhtml=\"http://ez.no/namespaces/ezpublish3/xhtml/\"\n                         xmlns:custom=\"http://ez.no/namespaces/ezpublish3/custom/\">\n                        <paragraph>Test evento2</paragraph></section>','ezxmltext',313,'ita-IT',2,0,'',1),(0,357,73,0,NULL,'','ezkeyword',314,'ita-IT',2,0,'',1),(0,358,73,0,1269583200,'','ezdatetime',315,'ita-IT',2,1269583200,'',1),(0,359,73,0,1269585000,'','ezdatetime',316,'ita-IT',2,1269585000,'',1),(0,360,73,0,NULL,'','ezselection',317,'ita-IT',2,0,'',1),(0,361,73,0,1269585000,'','ezdatetime',318,'ita-IT',2,1269585000,'',1),(0,362,73,0,NULL,'where','ezstring',319,'ita-IT',2,0,'where',1),(0,272,74,0,NULL,'P5250041','ezstring',320,'ita-IT',2,0,'p5250041',1),(0,273,74,0,1045487555,'<?xml version=\"1.0\" encoding=\"utf-8\"?>\n<section xmlns:image=\"http://ez.no/namespaces/ezpublish3/image/\" xmlns:xhtml=\"http://ez.no/namespaces/ezpublish3/xhtml/\" xmlns:custom=\"http://ez.no/namespaces/ezpublish3/custom/\"/>\n','ezxmltext',321,'ita-IT',2,0,'',1),(0,274,74,0,NULL,'<?xml version=\"1.0\" encoding=\"utf-8\"?>\n<ezimage serial_number=\"1\" is_valid=\"1\" filename=\"P5250041.jpg\" suffix=\"jpg\" basename=\"P5250041\" dirpath=\"var/mondelli/storage/images/media/images/p5250041/322-1-ita-IT\" url=\"var/mondelli/storage/images/media/images/p5250041/322-1-ita-IT/P5250041.jpg\" original_filename=\"P5250041.JPG\" mime_type=\"image/jpeg\" width=\"3072\" height=\"2304\" alternative_text=\"\" alias_key=\"1293033771\" timestamp=\"1269090694\"><original attribute_id=\"322\" attribute_version=\"1\" attribute_language=\"ita-IT\"/><information Height=\"2304\" Width=\"3072\" IsColor=\"1\" ByteOrderMotorola=\"0\" ApertureFNumber=\"f/4.5\" UserComment=\"                                                                                                                             \" Thumbnail.FileType=\"2\" Thumbnail.MimeType=\"image/jpeg\"><array name=\"ifd0\"><item key=\"ImageDescription\" base64=\"1\">T0xZTVBVUyBESUdJVEFMIENBTUVSQSAgICAgICAgIA==</item><item key=\"Make\" base64=\"1\">T0xZTVBVUyBJTUFHSU5HIENPUlAuICA=</item><item key=\"Model\" base64=\"1\">U1A1NTBVWiAgICAgICAgICAgICAgICA=</item><item key=\"Orientation\" base64=\"1\">MQ==</item><item key=\"XResolution\" base64=\"1\">NzIvMQ==</item><item key=\"YResolution\" base64=\"1\">NzIvMQ==</item><item key=\"ResolutionUnit\" base64=\"1\">Mg==</item><item key=\"Software\" base64=\"1\">VmVyc2lvbiAxLjAgICAgICAgICAgICAgICAgICAgIA==</item><item key=\"DateTime\" base64=\"1\">MjAwODowNToyNSAxNjowMDozOQ==</item><item key=\"YCbCrPositioning\" base64=\"1\">Mg==</item><item key=\"Exif_IFD_Pointer\" base64=\"1\">OTk2</item><item key=\"UndefinedTag:0xC4A5\" base64=\"1\">UHJpbnRJTQAwMzAwAAAlAAEAFAAUAAIAAQAAAAMA7gAAAAcAAAAAAAgAAAAAAAkAAAAAAAoAAAAAAAsANgEAAAwAAAAAAA0AAAAAAA4ATgEAABAAXgEAACAAUgIAAAABAwAAAAEB/wAAAAIBgwAAAAMBgwAAAAQBgwAAAAUBgwAAAAYBgwAAAAcBgICAABABgAAAAAACAAAAAAcCAAAAAAgCAAAAAAkCAAAAAAoCAAAAAAsCdgIAAA0CAAAAACACjgIAAAADAwAAAAED/wAAAAIDgwAAAAMDgwAAAAYDgwAAABADgAAAAAAEAAAAAAkRAAAQJwAACw8AABAnAACXBQAAECcAALAIAAAQJwAAARwAABAnAABeAgAAECcAAIsAAAAQJwAAywMAABAnAADlGwAAECcAAAAAAAAAAAAAAAAAAAAAAAAAAAAAAAAAAAAAAAAAAAAAAAAAAAAAAAAEAAAAAAAAAAAAAAAAAAAAAAAAAAAAAAAAAAAAAAAAAAAAAAAAAAAAAAAAAAAAAAAAAAAAAAAAAAAAAAAAAAAAAAAAAAAAAAAAAAAAAAAAAAAAAAAAAAAAAAAAAAAAAAAAAAAAAAAAAAAAAAAAAAAAAAAAAAAAAAAAAAAAAAAAAAAAAAAAAAAAAAAAAAAAAAAAAAAAAAAAAAAAAAAAAAAAAAAAAAAAAAAAAAAAAAAAAAAAAAAAAAAAAAAAAAAAAAAAAAAAAAAAAAAAAAAAAAAAAAAAAAAAAAAAAAAAAAAAAAAAAAAAAAAAAAAAAAAAAAAAAAAABQUFAAAAQECAgMDA//8AAEBAgIDAwP//AABAQICAwMD//wAAAAAAAAAAAAAAAAAAAAAAAAAAAAAAAAAABQUFAAAAQECAgMDA//8AAEBAgIDAwP//AABAQICAwMD//wAA</item></array><array name=\"exif\"><item key=\"ExposureTime\" base64=\"1\">MTAvMTYwMA==</item><item key=\"FNumber\" base64=\"1\">NDUvMTA=</item><item key=\"ExposureProgram\" base64=\"1\">NQ==</item><item key=\"ISOSpeedRatings\" base64=\"1\">MTI1</item><item key=\"ExifVersion\" base64=\"1\">MDIyMQ==</item><item key=\"DateTimeOriginal\" base64=\"1\">MjAwODowNToyNSAxNjowMDozOQ==</item><item key=\"DateTimeDigitized\" base64=\"1\">MjAwODowNToyNSAxNjowMDozOQ==</item><item key=\"ComponentsConfiguration\" base64=\"1\">AQIDAA==</item><item key=\"CompressedBitsPerPixel\" base64=\"1\">NC8x</item><item key=\"ExposureBiasValue\" base64=\"1\">MC8xMA==</item><item key=\"MaxApertureValue\" base64=\"1\">Mjk3LzEwMA==</item><item key=\"MeteringMode\" base64=\"1\">NQ==</item><item key=\"LightSource\" base64=\"1\">MA==</item><item key=\"Flash\" base64=\"1\">MTY=</item><item key=\"FocalLength\" base64=\"1\">ODQyNC8xMDA=</item><item key=\"MakerNote\" base64=\"1\">T0xZTVAAAQAbAAACBAADAAAAIggAAAECAwABAAAAAgAAAAICAwABAAAAAAAAAAMCAwABAAAAAAAAAAQCBQABAAAALggAAAUCBQABAAAANggAAAYCCAAGAAAAPggAAAcCAgAIAAAASggAAAgCAgA8AAAAUggAAAkCBwAgAAAAjggAAAoCBAACAAAArggAACUCAgADAAAAMDEAAAADAwABAAAAAAAAAAEDAwABAAAAAAAAAAIDAwABAAAAAAAAAAMDAwABAAAAAAAAAAQDAwABAAAAAAAAAAYDAwABAAAAAAAAAAAEAwABAAAAAQAAAAEEAwABAAAAAgAAAAIEBAABAAAACZAAAQMEAwABAAAAAgAAAAQEAgAMAAAAtggAAAUEAgAKAAAAwggAAAAPBwDoBQAAzAgAAAMPAwABAAAAAQAAACAgBwA2AAAAtA4AAAAAAAAAAAAAAAAAAAAAAABkAAAAZAAAADUcAADoAwAAZgDQAPcAcQDqABcBRDQzMjEAAABbcGljdHVyZUluZm9dIFJlc29sdXRpb249MiBbQ2FtZXJhIEluZm9dIFR5cGU9RDQzMjEAAAAAAAAAAABPTFlNUFVTIERJR0lUQUwgQ0FNRVJBAP///////////wAAAAAAAAAAMDAwSzAxMjA5OTIzNzUAAAAAAAAAAAEJAf8CWwAAAAD/AAAANzUAAAAAAAAAABlhEjEAAAQBAAAaWQAABb0AADOlAAAUqAAAAg0AABfWAPoBmAB9LRoAAAAAAAAAAAAAH1AAAAAAAAAAABAAAAAAAwBgAAAQAB9kHAoLkQ8AAAAAAAAAAABFAABQAGQFvRxpVkwAAAB9AAAAAAAAAAAAAAAAAAAAABEREREBLwOgA+MA7wIAAZcBnAH/AQJgWgABA1IADwAKAA8ACgAPABAAAAAAAAAAAAAAAAABAAAAALsBYwILArMDXQAAAQkB/wJbAAAILAmcAAAAAAAAAAAAAAAAAAAAAAAAAAAAAAAAAAAAAAAAAAAAAAAAAAAAAIiIYQAGMS0WACACAgAAAAAACgAGAAAHrwAABEAGbwUfB68FEAYrBR8ACgE5AABKWQYrBfMRAIAHAQABAAEAAQABAAEAAQABAAEAAQABAAEBAQQBCwEUARkBRgFKAVwBZwFlAAAAAAAABYYE6QQLA5UDaQAAAAAAAHd3d3cBGgE6ARkBOm4AUCsAAGQASRgAAAGTAYcBTQHXAZcBnL0bAgAAABAAAAAWAAAAAAAAwwE7AIIAzQEOAVlQEBEOAFIDAAFJATQBSQFWAUkBVgvzOAAAIAAEACojLgMHCAAMEAkFBbgKNQAAAAAAAAAAAAAAAJmZr9sAAAAAAAAAAAAAAAAAAAAAAAAAAAAAAAAAAAAAAAAAAAAAAAAAAAAAAAAAAAAAAAAAAAAAAAAAAAAAAAAAAAAAAAAAAAAAAAAAAAAAAAAAAANpAQBfLgLoEeFHhAQAAAQAQAMEAAAAAQAAAAAAAAAAAAAAAK/bAAP///8I////////Bv///////////wEAAQABAAEAAQABAAEAAQABAQEDAQwBLQFUAY8BeQFFAR4BBgECAQgBAwAAAAAAAAAAAAAAAAAAAAAAAAAAAAAAAAAAAAAAAAAAAAgBRgFKAVwBZwFlAAAAAAAA//8AAKqqqqoAAAAAAAAAAAAAAAAAAAAAAAAAAAAAAAAAAAAAAAAAAAAAAAAAUQAaABoAAAAAAAAAAAAAAAAAAAAAAAAAAAAAAAAAAAAAAAAAAAAAu7u7uwAJAQABAAEAAQMBBQEDAQEBAAEBAQABAAEAAQABAAEAAQEBAgEGAQ4BIgEaAQkBAgEAAQ8BKQFxAdoCFAIvAjQCQAIcAbwBXAEhAQABAAEAAQ4BOwEpAQUBAAEAAQABAAEAAQABAwEJARUBFQERAQcBAAEAAQABAAEAAQ0BFwElAUEBagGhAecCHgH2AV8BFAECAQ0BLgFzAcYCBAH+AeEB6gHXAZ8BUgEcAQABAAEAAQMBCQFeAYQBXwErARkBEAEMAQ0BHQFKAaMB5AIdAmgCrQLgAmwBqQE1AAAAAAAAAXYBgQGMAZsBowAAzMzMzAEIAVYBOwFJAQ0BPQDhATsnCB0iCsYJOgAAAAAAAAAAAAAAAAAAAAAAAAAAAAAAAAAAAAAAAAAAAAAAAAAAAAAAAAAAAAAAAAAAAAAAAAAAAAAAAAAAAAAAAAAAAAAAAAAAAAAAAAAAAAAAAAAAAAAAAAAA3d3d3QAAAAAAAAAAAAAAAAAAAAAAAAAAAAAAAAAAAAAAAAAAAAAAAAAAAAAAAAAAAAAAAAAAAAAAAAAAAAAAAAAAAAAAAAAAAAAAAAAAAAAAAAAAAAAAAAAAAAAAAAAAAAAAAAAAAAAAAAAAAAAAAAAAAAAAAAAAAAAAAAAAAAAAAAAAAAAAAAAAAAAAAAAAAAAAAAAAAAAAAAAAAAAAAO7u7u4mHSWGAgYpYQDzAF8B2gHyAAT//gALAAQAEwAJACwAHwAF//8ACwAFABQACgBEABr//AAACFQILAjbCJMJJAkACWYJRwmTCYIAAAmcAAUABwAAAAAgAQAAAAABAAAAAAUAAAAAABAAAAAAAAAAAAAAAAAAAAAwADAAAAAAAAAAAAAAAAAAAAAAAAAAAAAAAAAAAAAAAAAAAAAAAAAAAAAAAAAAAA==</item><item key=\"UserComment\" base64=\"1\">ICAgICAgICAgICAgICAgICAgICAgICAgICAgICAgICAgICAgICAgICAgICAgICAgICAgICAgICAgICAgICAgICAgICAgICAgICAgICAgICAgICAgICAgICAgICAgICAgICAgICAgICAgICAgICAgICAgICAgICAgICAgICAA</item><item key=\"FlashPixVersion\" base64=\"1\">MDEwMA==</item><item key=\"ColorSpace\" base64=\"1\">MQ==</item><item key=\"ExifImageWidth\" base64=\"1\">MzA3Mg==</item><item key=\"ExifImageLength\" base64=\"1\">MjMwNA==</item><item key=\"InteroperabilityOffset\" base64=\"1\">MTcxNA==</item><item key=\"FileSource\" base64=\"1\">Aw==</item><item key=\"SceneType\" base64=\"1\">AQ==</item><item key=\"CustomRendered\" base64=\"1\">MA==</item><item key=\"ExposureMode\" base64=\"1\">MA==</item><item key=\"WhiteBalance\" base64=\"1\">MA==</item><item key=\"DigitalZoomRatio\" base64=\"1\">MC8xMDA=</item><item key=\"SceneCaptureType\" base64=\"1\">MA==</item><item key=\"GainControl\" base64=\"1\">MQ==</item><item key=\"Contrast\" base64=\"1\">MA==</item><item key=\"Saturation\" base64=\"1\">MA==</item><item key=\"Sharpness\" base64=\"1\">MA==</item></array></information><alias name=\"small\" filename=\"P5250041_small.jpg\" suffix=\"jpg\" dirpath=\"var/mondelli/storage/images/media/images/p5250041/322-1-ita-IT\" url=\"var/mondelli/storage/images/media/images/p5250041/322-1-ita-IT/P5250041_small.jpg\" mime_type=\"image/jpeg\" width=\"100\" height=\"75\" alias_key=\"154637809\" timestamp=\"1269090696\" is_valid=\"1\"/><alias name=\"medium\" filename=\"P5250041_medium.jpg\" suffix=\"jpg\" dirpath=\"var/mondelli/storage/images/media/images/p5250041/322-1-ita-IT\" url=\"var/mondelli/storage/images/media/images/p5250041/322-1-ita-IT/P5250041_medium.jpg\" mime_type=\"image/jpeg\" width=\"200\" height=\"150\" alias_key=\"2573207068\" timestamp=\"1269090697\" is_valid=\"1\"/><alias name=\"imagelarge\" filename=\"P5250041_imagelarge.jpg\" suffix=\"jpg\" dirpath=\"var/mondelli/storage/images/media/images/p5250041/322-1-ita-IT\" url=\"var/mondelli/storage/images/media/images/p5250041/322-1-ita-IT/P5250041_imagelarge.jpg\" mime_type=\"image/jpeg\" width=\"448\" height=\"336\" alias_key=\"2602985738\" timestamp=\"1269090702\" is_valid=\"1\"/><alias name=\"mainstory1\" filename=\"P5250041_mainstory1.jpg\" suffix=\"jpg\" dirpath=\"var/mondelli/storage/images/media/images/p5250041/322-1-ita-IT\" url=\"var/mondelli/storage/images/media/images/p5250041/322-1-ita-IT/P5250041_mainstory1.jpg\" mime_type=\"image/jpeg\" width=\"468\" height=\"351\" alias_key=\"4189723086\" timestamp=\"1269090709\" is_valid=\"1\"/></ezimage>\n','ezimage',322,'ita-IT',2,0,'',1),(0,275,74,0,NULL,'','ezkeyword',323,'ita-IT',2,0,'',1),(0,354,109,0,NULL,'New Event','ezstring',461,'ita-IT',2,0,'new event',1),(0,355,109,0,NULL,'','ezstring',462,'ita-IT',2,0,'',1),(0,356,109,0,1045487555,'<?xml version=\"1.0\" encoding=\"utf-8\"?>\n                <section xmlns:image=\"http://ez.no/namespaces/ezpublish3/image/\"\n                         xmlns:xhtml=\"http://ez.no/namespaces/ezpublish3/xhtml/\"\n                         xmlns:custom=\"http://ez.no/namespaces/ezpublish3/custom/\">\n                        <paragraph>dfgdfg</paragraph></section>','ezxmltext',463,'ita-IT',2,0,'',1),(0,357,109,0,NULL,'','ezkeyword',464,'ita-IT',2,0,'',1),(0,358,109,0,1268978400,'','ezdatetime',465,'ita-IT',2,1268978400,'',1),(0,359,109,0,1268980200,'','ezdatetime',466,'ita-IT',2,1268980200,'',1),(0,360,109,0,NULL,'','ezselection',467,'ita-IT',2,0,'',1),(0,361,109,0,1268980200,'','ezdatetime',468,'ita-IT',2,1268980200,'',1),(0,362,109,0,NULL,'where','ezstring',469,'ita-IT',2,0,'where',1),(0,354,110,0,NULL,'New Event','ezstring',470,'ita-IT',2,0,'new event',1),(0,355,110,0,NULL,'','ezstring',471,'ita-IT',2,0,'',1),(0,356,110,0,1045487555,'<?xml version=\"1.0\" encoding=\"utf-8\"?>\n                <section xmlns:image=\"http://ez.no/namespaces/ezpublish3/image/\"\n                         xmlns:xhtml=\"http://ez.no/namespaces/ezpublish3/xhtml/\"\n                         xmlns:custom=\"http://ez.no/namespaces/ezpublish3/custom/\">\n                        <paragraph>gfgfg</paragraph></section>','ezxmltext',472,'ita-IT',2,0,'',1),(0,357,110,0,NULL,'','ezkeyword',473,'ita-IT',2,0,'',1),(0,358,110,0,1268200800,'','ezdatetime',474,'ita-IT',2,1268200800,'',1),(0,359,110,0,1268202600,'','ezdatetime',475,'ita-IT',2,1268202600,'',1),(0,360,110,0,NULL,'','ezselection',476,'ita-IT',2,0,'',1),(0,361,110,0,1268202600,'','ezdatetime',477,'ita-IT',2,1268202600,'',1),(0,362,110,0,NULL,'where','ezstring',478,'ita-IT',2,0,'where',1),(0,4,112,0,NULL,'Hot Dog','ezstring',484,'ita-IT',3,0,'hot dog',1),(0,4,112,0,NULL,'Hot Dog','ezstring',484,'ita-IT',3,0,'hot dog',2),(0,4,112,0,NULL,'Hot Dog','ezstring',484,'ita-IT',3,0,'hot dog',3),(0,155,112,0,NULL,'Hot Dog','ezstring',485,'ita-IT',3,0,'hot dog',1),(0,155,112,0,NULL,'Hot Dog','ezstring',485,'ita-IT',3,0,'hot dog',2),(0,155,112,0,NULL,'Hot Dog','ezstring',485,'ita-IT',3,0,'hot dog',3),(0,119,112,0,1045487555,'<?xml version=\"1.0\" encoding=\"utf-8\"?>\n<section xmlns:image=\"http://ez.no/namespaces/ezpublish3/image/\" xmlns:xhtml=\"http://ez.no/namespaces/ezpublish3/xhtml/\" xmlns:custom=\"http://ez.no/namespaces/ezpublish3/custom/\"/>\n','ezxmltext',486,'ita-IT',3,0,'',1),(0,119,112,0,1045487555,'<?xml version=\"1.0\" encoding=\"utf-8\"?>\n<section xmlns:image=\"http://ez.no/namespaces/ezpublish3/image/\" xmlns:xhtml=\"http://ez.no/namespaces/ezpublish3/xhtml/\" xmlns:custom=\"http://ez.no/namespaces/ezpublish3/custom/\"/>\n','ezxmltext',486,'ita-IT',3,0,'',2),(0,119,112,0,1045487555,'<?xml version=\"1.0\" encoding=\"utf-8\"?>\n<section xmlns:image=\"http://ez.no/namespaces/ezpublish3/image/\" xmlns:xhtml=\"http://ez.no/namespaces/ezpublish3/xhtml/\" xmlns:custom=\"http://ez.no/namespaces/ezpublish3/custom/\"/>\n','ezxmltext',486,'ita-IT',3,0,'',3),(0,156,112,0,1045487555,'<?xml version=\"1.0\" encoding=\"utf-8\"?>\n<section xmlns:image=\"http://ez.no/namespaces/ezpublish3/image/\" xmlns:xhtml=\"http://ez.no/namespaces/ezpublish3/xhtml/\" xmlns:custom=\"http://ez.no/namespaces/ezpublish3/custom/\"/>\n','ezxmltext',487,'ita-IT',3,0,'',1),(0,156,112,0,1045487555,'<?xml version=\"1.0\" encoding=\"utf-8\"?>\n<section xmlns:image=\"http://ez.no/namespaces/ezpublish3/image/\" xmlns:xhtml=\"http://ez.no/namespaces/ezpublish3/xhtml/\" xmlns:custom=\"http://ez.no/namespaces/ezpublish3/custom/\"/>\n','ezxmltext',487,'ita-IT',3,0,'',2),(0,156,112,0,1045487555,'<?xml version=\"1.0\" encoding=\"utf-8\"?>\n<section xmlns:image=\"http://ez.no/namespaces/ezpublish3/image/\" xmlns:xhtml=\"http://ez.no/namespaces/ezpublish3/xhtml/\" xmlns:custom=\"http://ez.no/namespaces/ezpublish3/custom/\"/>\n','ezxmltext',487,'ita-IT',3,0,'',3),(488,158,112,0,1,'','ezboolean',488,'ita-IT',3,1,'',1),(488,158,112,0,1,'','ezboolean',488,'ita-IT',3,1,'',2),(488,158,112,0,1,'','ezboolean',488,'ita-IT',3,1,'',3),(0,181,112,0,NULL,'','ezkeyword',489,'ita-IT',3,0,'',1),(0,181,112,0,NULL,'','ezkeyword',489,'ita-IT',3,0,'',2),(0,181,112,0,NULL,'','ezkeyword',489,'ita-IT',3,0,'',3),(0,182,112,0,0,'','ezdatetime',490,'ita-IT',3,0,'',1),(0,182,112,0,0,'','ezdatetime',490,'ita-IT',3,0,'',2),(0,182,112,0,0,'','ezdatetime',490,'ita-IT',3,0,'',3),(0,363,41,NULL,NULL,NULL,'ezimage',491,'ita-IT',3,0,'',1),(0,363,45,NULL,NULL,NULL,'ezimage',492,'ita-IT',3,0,'',1),(0,363,49,NULL,NULL,NULL,'ezimage',493,'ita-IT',3,0,'',1),(0,363,50,NULL,NULL,NULL,'ezimage',494,'ita-IT',3,0,'',1),(0,363,51,NULL,NULL,NULL,'ezimage',495,'ita-IT',3,0,'',1),(0,363,56,NULL,NULL,NULL,'ezimage',496,'ita-IT',3,0,'',1),(0,363,64,NULL,NULL,NULL,'ezimage',497,'ita-IT',3,0,'',1),(0,363,66,0,NULL,'<?xml version=\"1.0\" encoding=\"utf-8\"?>\n<ezimage serial_number=\"\" is_valid=\"\" filename=\"\" suffix=\"\" basename=\"\" dirpath=\"\" url=\"\" original_filename=\"\" mime_type=\"\" width=\"\" height=\"\" alternative_text=\"\" alias_key=\"1293033771\" timestamp=\"1269459350\"/>\n','ezimage',498,'ita-IT',3,0,'',1),(0,363,66,0,NULL,'<?xml version=\"1.0\" encoding=\"utf-8\"?>\n<ezimage serial_number=\"1\" is_valid=\"1\" filename=\"Manicaretti.jpg\" suffix=\"jpg\" basename=\"Manicaretti\" dirpath=\"var/mondelli/storage/images/cucina/manicaretti/498-2-ita-IT\" url=\"var/mondelli/storage/images/cucina/manicaretti/498-2-ita-IT/Manicaretti.jpg\" original_filename=\"holy_Sukkubus_delux.jpg\" mime_type=\"image/jpeg\" width=\"700\" height=\"966\" alternative_text=\"\" alias_key=\"1293033771\" timestamp=\"1269459712\"><original attribute_id=\"498\" attribute_version=\"2\" attribute_language=\"ita-IT\"/><information Height=\"966\" Width=\"700\" IsColor=\"1\"/><alias name=\"megadropsmall\" filename=\"Manicaretti_megadropsmall.jpg\" suffix=\"jpg\" dirpath=\"var/mondelli/storage/images/cucina/manicaretti/498-2-ita-IT\" url=\"var/mondelli/storage/images/cucina/manicaretti/498-2-ita-IT/Manicaretti_megadropsmall.jpg\" mime_type=\"image/jpeg\" width=\"40\" height=\"40\" alias_key=\"2494213375\" timestamp=\"1269459713\" is_valid=\"1\"/></ezimage>\n','ezimage',498,'ita-IT',3,0,'',2),(0,363,67,0,NULL,'<?xml version=\"1.0\" encoding=\"utf-8\"?>\n<ezimage serial_number=\"1\" is_valid=\"1\" filename=\"Cavalli.jpg\" suffix=\"jpg\" basename=\"Cavalli\" dirpath=\"var/mondelli/storage/images/equitazione/cavalli/500-3-ita-IT\" url=\"var/mondelli/storage/images/equitazione/cavalli/500-3-ita-IT/Cavalli.jpg\" original_filename=\"__Where_would_we_go___by_korone.jpg\" mime_type=\"image/jpeg\" width=\"1000\" height=\"571\" alternative_text=\"\" alias_key=\"1293033771\" timestamp=\"1269459674\"><original attribute_id=\"500\" attribute_version=\"3\" attribute_language=\"ita-IT\"/><information Height=\"571\" Width=\"1000\" IsColor=\"1\"/><alias name=\"megadropsmall\" filename=\"Cavalli_megadropsmall.jpg\" suffix=\"jpg\" dirpath=\"var/mondelli/storage/images/equitazione/cavalli/500-3-ita-IT\" url=\"var/mondelli/storage/images/equitazione/cavalli/500-3-ita-IT/Cavalli_megadropsmall.jpg\" mime_type=\"image/jpeg\" width=\"40\" height=\"40\" alias_key=\"2494213375\" timestamp=\"1269459675\" is_valid=\"1\"/></ezimage>\n','ezimage',500,'ita-IT',3,0,'',3),(0,363,67,0,NULL,'<?xml version=\"1.0\" encoding=\"utf-8\"?>\n<ezimage serial_number=\"1\" is_valid=\"1\" filename=\"Cavalli.jpg\" suffix=\"jpg\" basename=\"Cavalli\" dirpath=\"var/mondelli/storage/images/equitazione/cavalli/500-3-ita-IT\" url=\"var/mondelli/storage/images/equitazione/cavalli/500-3-ita-IT/Cavalli.jpg\" original_filename=\"__Where_would_we_go___by_korone.jpg\" mime_type=\"image/jpeg\" width=\"1000\" height=\"571\" alternative_text=\"\" alias_key=\"1293033771\" timestamp=\"1269459674\"><original attribute_id=\"500\" attribute_version=\"3\" attribute_language=\"ita-IT\"/><information Height=\"571\" Width=\"1000\" IsColor=\"1\"/><alias name=\"megadropsmall\" filename=\"Cavalli_megadropsmall.jpg\" suffix=\"jpg\" dirpath=\"var/mondelli/storage/images/equitazione/cavalli/500-3-ita-IT\" url=\"var/mondelli/storage/images/equitazione/cavalli/500-3-ita-IT/Cavalli_megadropsmall.jpg\" mime_type=\"image/jpeg\" width=\"40\" height=\"40\" alias_key=\"2494213375\" timestamp=\"1269459675\" is_valid=\"1\"/><alias name=\"medium\" filename=\"Cavalli_medium.jpg\" suffix=\"jpg\" dirpath=\"var/mondelli/storage/images/equitazione/cavalli/500-3-ita-IT\" url=\"var/mondelli/storage/images/equitazione/cavalli/500-3-ita-IT/Cavalli_medium.jpg\" mime_type=\"image/jpeg\" width=\"200\" height=\"114\" alias_key=\"2573207068\" timestamp=\"1269613278\" is_valid=\"1\"/></ezimage>\n','ezimage',500,'ita-IT',3,0,'',4),(0,363,67,0,NULL,'<?xml version=\"1.0\" encoding=\"utf-8\"?>\n<ezimage serial_number=\"1\" is_valid=\"1\" filename=\"Cavalli.jpg\" suffix=\"jpg\" basename=\"Cavalli\" dirpath=\"var/mondelli/storage/images/equitazione/cavalli/500-3-ita-IT\" url=\"var/mondelli/storage/images/equitazione/cavalli/500-3-ita-IT/Cavalli.jpg\" original_filename=\"__Where_would_we_go___by_korone.jpg\" mime_type=\"image/jpeg\" width=\"1000\" height=\"571\" alternative_text=\"\" alias_key=\"1293033771\" timestamp=\"1269459674\"><original attribute_id=\"500\" attribute_version=\"3\" attribute_language=\"ita-IT\"/><alias name=\"megadropsmall\" filename=\"Cavalli_megadropsmall.jpg\" suffix=\"jpg\" dirpath=\"var/mondelli/storage/images/equitazione/cavalli/500-3-ita-IT\" url=\"var/mondelli/storage/images/equitazione/cavalli/500-3-ita-IT/Cavalli_megadropsmall.jpg\" mime_type=\"image/jpeg\" width=\"40\" height=\"40\" alias_key=\"2494213375\" timestamp=\"1269459675\" is_valid=\"1\"/><alias name=\"medium\" filename=\"Cavalli_medium.jpg\" suffix=\"jpg\" dirpath=\"var/mondelli/storage/images/equitazione/cavalli/500-3-ita-IT\" url=\"var/mondelli/storage/images/equitazione/cavalli/500-3-ita-IT/Cavalli_medium.jpg\" mime_type=\"image/jpeg\" width=\"200\" height=\"114\" alias_key=\"2573207068\" timestamp=\"1269613278\" is_valid=\"1\"/></ezimage>\n','ezimage',500,'ita-IT',3,0,'',5),(0,363,67,0,NULL,'<?xml version=\"1.0\" encoding=\"utf-8\"?>\n<ezimage serial_number=\"1\" is_valid=\"1\" filename=\"Cavalli.jpg\" suffix=\"jpg\" basename=\"Cavalli\" dirpath=\"var/mondelli/storage/images/equitazione/cavalli/500-3-ita-IT\" url=\"var/mondelli/storage/images/equitazione/cavalli/500-3-ita-IT/Cavalli.jpg\" original_filename=\"__Where_would_we_go___by_korone.jpg\" mime_type=\"image/jpeg\" width=\"1000\" height=\"571\" alternative_text=\"\" alias_key=\"1293033771\" timestamp=\"1269459674\"><original attribute_id=\"500\" attribute_version=\"3\" attribute_language=\"ita-IT\"/><alias name=\"megadropsmall\" filename=\"Cavalli_megadropsmall.jpg\" suffix=\"jpg\" dirpath=\"var/mondelli/storage/images/equitazione/cavalli/500-3-ita-IT\" url=\"var/mondelli/storage/images/equitazione/cavalli/500-3-ita-IT/Cavalli_megadropsmall.jpg\" mime_type=\"image/jpeg\" width=\"40\" height=\"40\" alias_key=\"2494213375\" timestamp=\"1269459675\" is_valid=\"1\"/><alias name=\"medium\" filename=\"Cavalli_medium.jpg\" suffix=\"jpg\" dirpath=\"var/mondelli/storage/images/equitazione/cavalli/500-3-ita-IT\" url=\"var/mondelli/storage/images/equitazione/cavalli/500-3-ita-IT/Cavalli_medium.jpg\" mime_type=\"image/jpeg\" width=\"200\" height=\"114\" alias_key=\"2573207068\" timestamp=\"1269613278\" is_valid=\"1\"/></ezimage>\n','ezimage',500,'ita-IT',3,0,'',6),(0,363,67,0,NULL,'<?xml version=\"1.0\" encoding=\"utf-8\"?>\n<ezimage serial_number=\"1\" is_valid=\"1\" filename=\"Cavalli.jpg\" suffix=\"jpg\" basename=\"Cavalli\" dirpath=\"var/mondelli/storage/images/equitazione/cavalli/500-7-ita-IT\" url=\"var/mondelli/storage/images/equitazione/cavalli/500-7-ita-IT/Cavalli.jpg\" original_filename=\"Firefly.jpg\" mime_type=\"image/jpeg\" width=\"550\" height=\"855\" alternative_text=\"\" alias_key=\"1293033771\" timestamp=\"1271013021\"><original attribute_id=\"500\" attribute_version=\"7\" attribute_language=\"ita-IT\"/><information Height=\"855\" Width=\"550\" IsColor=\"1\" ByteOrderMotorola=\"1\" Thumbnail.FileType=\"2\" Thumbnail.MimeType=\"image/jpeg\"><array name=\"ifd0\"><item key=\"Orientation\" base64=\"1\">MQ==</item><item key=\"XResolution\" base64=\"1\">MzAwLzE=</item><item key=\"YResolution\" base64=\"1\">MzAwLzE=</item><item key=\"ResolutionUnit\" base64=\"1\">Mg==</item><item key=\"Software\" base64=\"1\">QWRvYmUgUGhvdG9zaG9wIDcuMA==</item><item key=\"DateTime\" base64=\"1\">MjAwNDowNDoxMyAxNjoyMzo1NQ==</item><item key=\"Exif_IFD_Pointer\" base64=\"1\">MTU2</item></array><array name=\"exif\"><item key=\"ColorSpace\" base64=\"1\">NjU1MzU=</item><item key=\"ExifImageWidth\" base64=\"1\">NTUw</item><item key=\"ExifImageLength\" base64=\"1\">ODU1</item></array></information><alias name=\"megadropsmall\" filename=\"Cavalli_megadropsmall.jpg\" suffix=\"jpg\" dirpath=\"var/mondelli/storage/images/equitazione/cavalli/500-7-ita-IT\" url=\"var/mondelli/storage/images/equitazione/cavalli/500-7-ita-IT/Cavalli_megadropsmall.jpg\" mime_type=\"image/jpeg\" width=\"40\" height=\"40\" alias_key=\"2494213375\" timestamp=\"1271013025\" is_valid=\"1\"/><alias name=\"block2items1\" filename=\"Cavalli_block2items1.jpg\" suffix=\"jpg\" dirpath=\"var/mondelli/storage/images/equitazione/cavalli/500-7-ita-IT\" url=\"var/mondelli/storage/images/equitazione/cavalli/500-7-ita-IT/Cavalli_block2items1.jpg\" mime_type=\"image/jpeg\" width=\"195\" height=\"98\" alias_key=\"3162376705\" timestamp=\"1271013037\" is_valid=\"1\"/></ezimage>\n','ezimage',500,'ita-IT',3,0,'',7),(0,363,68,NULL,NULL,NULL,'ezimage',501,'ita-IT',3,0,'',1),(0,363,68,0,NULL,'<?xml version=\"1.0\" encoding=\"utf-8\"?>\n<ezimage serial_number=\"1\" is_valid=\"\" filename=\"\" suffix=\"\" basename=\"\" dirpath=\"\" url=\"\" original_filename=\"\" mime_type=\"\" width=\"\" height=\"\" alternative_text=\"\" alias_key=\"1293033771\" timestamp=\"1269164179\"><original attribute_id=\"501\" attribute_version=\"2\" attribute_language=\"ita-IT\"/></ezimage>\n','ezimage',501,'ita-IT',3,0,'',2),(0,363,68,0,NULL,'<?xml version=\"1.0\" encoding=\"utf-8\"?>\n<ezimage serial_number=\"1\" is_valid=\"1\" filename=\"Panini.png\" suffix=\"png\" basename=\"Panini\" dirpath=\"var/mondelli/storage/images/foto/panini/501-3-ita-IT\" url=\"var/mondelli/storage/images/foto/panini/501-3-ita-IT/Panini.png\" original_filename=\"Peacock_Blue.png\" mime_type=\"image/png\" width=\"826\" height=\"623\" alternative_text=\"\" alias_key=\"1293033771\" timestamp=\"1269459621\"><original attribute_id=\"501\" attribute_version=\"3\" attribute_language=\"ita-IT\"/><alias name=\"megadropsmall\" filename=\"Panini_megadropsmall.png\" suffix=\"png\" dirpath=\"var/mondelli/storage/images/foto/panini/501-3-ita-IT\" url=\"var/mondelli/storage/images/foto/panini/501-3-ita-IT/Panini_megadropsmall.png\" mime_type=\"image/png\" width=\"40\" height=\"40\" alias_key=\"2494213375\" timestamp=\"1269459622\" is_valid=\"1\"/></ezimage>\n','ezimage',501,'ita-IT',3,0,'',3),(0,363,68,0,NULL,'<?xml version=\"1.0\" encoding=\"utf-8\"?>\n<ezimage serial_number=\"1\" is_valid=\"1\" filename=\"Panini.jpg\" suffix=\"jpg\" basename=\"Panini\" dirpath=\"var/mondelli/storage/images/foto/panini/501-4-ita-IT\" url=\"var/mondelli/storage/images/foto/panini/501-4-ita-IT/Panini.jpg\" original_filename=\"__h_u_g_g_i_e_1_0_0_0_0__.jpg\" mime_type=\"image/jpeg\" width=\"400\" height=\"500\" alternative_text=\"\" alias_key=\"1293033771\" timestamp=\"1270933868\"><original attribute_id=\"501\" attribute_version=\"4\" attribute_language=\"ita-IT\"/><information Height=\"500\" Width=\"400\" IsColor=\"1\"/><alias name=\"megadropsmall\" filename=\"Panini_megadropsmall.jpg\" suffix=\"jpg\" dirpath=\"var/mondelli/storage/images/foto/panini/501-4-ita-IT\" url=\"var/mondelli/storage/images/foto/panini/501-4-ita-IT/Panini_megadropsmall.jpg\" mime_type=\"image/jpeg\" width=\"40\" height=\"40\" alias_key=\"2494213375\" timestamp=\"1270933869\" is_valid=\"1\"/><alias name=\"articlethumbnail\" filename=\"Panini_articlethumbnail.jpg\" suffix=\"jpg\" dirpath=\"var/mondelli/storage/images/foto/panini/501-4-ita-IT\" url=\"var/mondelli/storage/images/foto/panini/501-4-ita-IT/Panini_articlethumbnail.jpg\" mime_type=\"image/jpeg\" width=\"160\" height=\"200\" alias_key=\"2277230501\" timestamp=\"1271016454\" is_valid=\"1\"/></ezimage>\n','ezimage',501,'ita-IT',3,0,'',4),(0,363,69,0,NULL,'<?xml version=\"1.0\" encoding=\"utf-8\"?>\n<ezimage serial_number=\"\" is_valid=\"\" filename=\"\" suffix=\"\" basename=\"\" dirpath=\"\" url=\"\" original_filename=\"\" mime_type=\"\" width=\"\" height=\"\" alternative_text=\"\" alias_key=\"1293033771\" timestamp=\"1269459350\"/>\n','ezimage',502,'ita-IT',3,0,'',1),(0,363,69,0,NULL,'<?xml version=\"1.0\" encoding=\"utf-8\"?>\n<ezimage serial_number=\"1\" is_valid=\"1\" filename=\"Musica.jpg\" suffix=\"jpg\" basename=\"Musica\" dirpath=\"var/mondelli/storage/images/eventi/musica/502-2-ita-IT\" url=\"var/mondelli/storage/images/eventi/musica/502-2-ita-IT/Musica.jpg\" original_filename=\"Motoko_Close_up.jpg\" mime_type=\"image/jpeg\" width=\"900\" height=\"887\" alternative_text=\"\" alias_key=\"1293033771\" timestamp=\"1269459869\"><original attribute_id=\"502\" attribute_version=\"2\" attribute_language=\"ita-IT\"/><information Height=\"887\" Width=\"900\" IsColor=\"1\" ByteOrderMotorola=\"1\" Thumbnail.FileType=\"2\" Thumbnail.MimeType=\"image/jpeg\"><array name=\"ifd0\"><item key=\"Orientation\" base64=\"1\">MQ==</item><item key=\"XResolution\" base64=\"1\">NzIvMQ==</item><item key=\"YResolution\" base64=\"1\">NzIvMQ==</item><item key=\"ResolutionUnit\" base64=\"1\">Mg==</item><item key=\"Software\" base64=\"1\">QWRvYmUgUGhvdG9zaG9wIDcuMA==</item><item key=\"DateTime\" base64=\"1\">MjAwNDowODowOCAyMDo0NjozMw==</item><item key=\"Exif_IFD_Pointer\" base64=\"1\">MTU2</item></array><array name=\"exif\"><item key=\"ColorSpace\" base64=\"1\">NjU1MzU=</item><item key=\"ExifImageWidth\" base64=\"1\">OTAw</item><item key=\"ExifImageLength\" base64=\"1\">ODg3</item></array></information><alias name=\"megadropsmall\" filename=\"Musica_megadropsmall.jpg\" suffix=\"jpg\" dirpath=\"var/mondelli/storage/images/eventi/musica/502-2-ita-IT\" url=\"var/mondelli/storage/images/eventi/musica/502-2-ita-IT/Musica_megadropsmall.jpg\" mime_type=\"image/jpeg\" width=\"40\" height=\"40\" alias_key=\"2494213375\" timestamp=\"1269459870\" is_valid=\"1\"/></ezimage>\n','ezimage',502,'ita-IT',3,0,'',2),(0,363,112,NULL,NULL,NULL,'ezimage',503,'ita-IT',3,0,'',1),(0,363,112,0,NULL,'<?xml version=\"1.0\" encoding=\"utf-8\"?>\n<ezimage serial_number=\"1\" is_valid=\"1\" filename=\"Hot-Dog.jpg\" suffix=\"jpg\" basename=\"Hot-Dog\" dirpath=\"var/mondelli/storage/images/foto/panini/hot-dog/503-2-ita-IT\" url=\"var/mondelli/storage/images/foto/panini/hot-dog/503-2-ita-IT/Hot-Dog.jpg\" original_filename=\"QUEENS_IMAGE_by_jameswolf.jpg\" mime_type=\"image/jpeg\" width=\"835\" height=\"1024\" alternative_text=\"\" alias_key=\"1293033771\" timestamp=\"1269162881\"><original attribute_id=\"503\" attribute_version=\"2\" attribute_language=\"ita-IT\"/><information Height=\"1024\" Width=\"835\" IsColor=\"1\" ByteOrderMotorola=\"0\" Thumbnail.FileType=\"2\" Thumbnail.MimeType=\"image/jpeg\"><array name=\"ifd0\"><item key=\"Orientation\" base64=\"1\">MQ==</item><item key=\"XResolution\" base64=\"1\">MzAwMDAwMC8xMDAwMA==</item><item key=\"YResolution\" base64=\"1\">MzAwMDAwMC8xMDAwMA==</item><item key=\"ResolutionUnit\" base64=\"1\">Mg==</item><item key=\"Software\" base64=\"1\">QWRvYmUgUGhvdG9zaG9wIENTMiBXaW5kb3dz</item><item key=\"DateTime\" base64=\"1\">MjAwNjowMzozMSAyMDo0MzoyOA==</item><item key=\"Exif_IFD_Pointer\" base64=\"1\">MTYy</item></array><array name=\"exif\"><item key=\"ColorSpace\" base64=\"1\">MQ==</item><item key=\"ExifImageWidth\" base64=\"1\">ODM1</item><item key=\"ExifImageLength\" base64=\"1\">MTAyNA==</item></array></information><alias name=\"folderthumbnail\" filename=\"Hot-Dog_folderthumbnail.jpg\" suffix=\"jpg\" dirpath=\"var/mondelli/storage/images/foto/panini/hot-dog/503-2-ita-IT\" url=\"var/mondelli/storage/images/foto/panini/hot-dog/503-2-ita-IT/Hot-Dog_folderthumbnail.jpg\" mime_type=\"image/jpeg\" width=\"180\" height=\"180\" alias_key=\"994317382\" timestamp=\"1269163128\" is_valid=\"1\"/></ezimage>\n','ezimage',503,'ita-IT',3,0,'',2),(0,363,112,0,NULL,'<?xml version=\"1.0\" encoding=\"utf-8\"?>\n<ezimage serial_number=\"1\" is_valid=\"1\" filename=\"Hot-Dog.jpg\" suffix=\"jpg\" basename=\"Hot-Dog\" dirpath=\"var/mondelli/storage/images/foto/panini/hot-dog/503-3-ita-IT\" url=\"var/mondelli/storage/images/foto/panini/hot-dog/503-3-ita-IT/Hot-Dog.jpg\" original_filename=\"c_u_r_v_e_s_0_1.jpg\" mime_type=\"image/jpeg\" width=\"1000\" height=\"1156\" alternative_text=\"\" alias_key=\"1293033771\" timestamp=\"1270936901\"><original attribute_id=\"503\" attribute_version=\"3\" attribute_language=\"ita-IT\"/><information Height=\"1156\" Width=\"1000\" IsColor=\"1\"/><alias name=\"folderthumbnail\" filename=\"Hot-Dog_folderthumbnail.jpg\" suffix=\"jpg\" dirpath=\"var/mondelli/storage/images/foto/panini/hot-dog/503-3-ita-IT\" url=\"var/mondelli/storage/images/foto/panini/hot-dog/503-3-ita-IT/Hot-Dog_folderthumbnail.jpg\" mime_type=\"image/jpeg\" width=\"180\" height=\"180\" alias_key=\"994317382\" timestamp=\"1270936906\" is_valid=\"1\"/></ezimage>\n','ezimage',503,'ita-IT',3,0,'',3),(0,4,113,0,NULL,'Hamburger','ezstring',506,'ita-IT',3,0,'hamburger',1),(0,4,113,0,NULL,'Hamburger','ezstring',506,'ita-IT',3,0,'hamburger',2),(0,155,113,0,NULL,'','ezstring',507,'ita-IT',3,0,'',1),(0,155,113,0,NULL,'','ezstring',507,'ita-IT',3,0,'',2),(0,119,113,0,1045487555,'<?xml version=\"1.0\" encoding=\"utf-8\"?>\n<section xmlns:image=\"http://ez.no/namespaces/ezpublish3/image/\" xmlns:xhtml=\"http://ez.no/namespaces/ezpublish3/xhtml/\" xmlns:custom=\"http://ez.no/namespaces/ezpublish3/custom/\"/>\n','ezxmltext',508,'ita-IT',3,0,'',1),(0,119,113,0,1045487555,'<?xml version=\"1.0\" encoding=\"utf-8\"?>\n<section xmlns:image=\"http://ez.no/namespaces/ezpublish3/image/\" xmlns:xhtml=\"http://ez.no/namespaces/ezpublish3/xhtml/\" xmlns:custom=\"http://ez.no/namespaces/ezpublish3/custom/\"/>\n','ezxmltext',508,'ita-IT',3,0,'',2),(0,156,113,0,1045487555,'<?xml version=\"1.0\" encoding=\"utf-8\"?>\n<section xmlns:image=\"http://ez.no/namespaces/ezpublish3/image/\" xmlns:xhtml=\"http://ez.no/namespaces/ezpublish3/xhtml/\" xmlns:custom=\"http://ez.no/namespaces/ezpublish3/custom/\"/>\n','ezxmltext',509,'ita-IT',3,0,'',1),(0,156,113,0,1045487555,'<?xml version=\"1.0\" encoding=\"utf-8\"?>\n<section xmlns:image=\"http://ez.no/namespaces/ezpublish3/image/\" xmlns:xhtml=\"http://ez.no/namespaces/ezpublish3/xhtml/\" xmlns:custom=\"http://ez.no/namespaces/ezpublish3/custom/\"/>\n','ezxmltext',509,'ita-IT',3,0,'',2),(510,158,113,0,1,'','ezboolean',510,'ita-IT',3,1,'',1),(510,158,113,0,1,'','ezboolean',510,'ita-IT',3,1,'',2),(0,363,113,0,NULL,'<?xml version=\"1.0\" encoding=\"utf-8\"?>\n<ezimage serial_number=\"1\" is_valid=\"1\" filename=\"Hamburger.jpg\" suffix=\"jpg\" basename=\"Hamburger\" dirpath=\"var/mondelli/storage/images/foto/panini/hamburger/511-1-ita-IT\" url=\"var/mondelli/storage/images/foto/panini/hamburger/511-1-ita-IT/Hamburger.jpg\" original_filename=\"pink_and_messy__by_ravenskar.jpg\" mime_type=\"image/jpeg\" width=\"1280\" height=\"1040\" alternative_text=\"\" alias_key=\"1293033771\" timestamp=\"1269163806\"><original attribute_id=\"511\" attribute_version=\"1\" attribute_language=\"ita-IT\"/><information Height=\"1040\" Width=\"1280\" IsColor=\"1\"/><alias name=\"folderthumbnail\" filename=\"Hamburger_folderthumbnail.jpg\" suffix=\"jpg\" dirpath=\"var/mondelli/storage/images/foto/panini/hamburger/511-1-ita-IT\" url=\"var/mondelli/storage/images/foto/panini/hamburger/511-1-ita-IT/Hamburger_folderthumbnail.jpg\" mime_type=\"image/jpeg\" width=\"180\" height=\"179\" alias_key=\"994317382\" timestamp=\"1269163806\" is_valid=\"1\"/></ezimage>\n','ezimage',511,'ita-IT',3,0,'',1),(0,363,113,0,NULL,'<?xml version=\"1.0\" encoding=\"utf-8\"?>\n<ezimage serial_number=\"1\" is_valid=\"1\" filename=\"Hamburger.jpg\" suffix=\"jpg\" basename=\"Hamburger\" dirpath=\"var/mondelli/storage/images/foto/panini/hamburger/511-2-ita-IT\" url=\"var/mondelli/storage/images/foto/panini/hamburger/511-2-ita-IT/Hamburger.jpg\" original_filename=\"Me_4_by_Lamia_stock.jpg\" mime_type=\"image/jpeg\" width=\"488\" height=\"805\" alternative_text=\"\" alias_key=\"1293033771\" timestamp=\"1270936928\"><original attribute_id=\"511\" attribute_version=\"2\" attribute_language=\"ita-IT\"/><information Height=\"805\" Width=\"488\" IsColor=\"1\"/><alias name=\"folderthumbnail\" filename=\"Hamburger_folderthumbnail.jpg\" suffix=\"jpg\" dirpath=\"var/mondelli/storage/images/foto/panini/hamburger/511-2-ita-IT\" url=\"var/mondelli/storage/images/foto/panini/hamburger/511-2-ita-IT/Hamburger_folderthumbnail.jpg\" mime_type=\"image/jpeg\" width=\"180\" height=\"180\" alias_key=\"994317382\" timestamp=\"1270936932\" is_valid=\"1\"/></ezimage>\n','ezimage',511,'ita-IT',3,0,'',2),(0,181,113,0,NULL,'','ezkeyword',512,'ita-IT',3,0,'',1),(0,181,113,0,NULL,'','ezkeyword',512,'ita-IT',3,0,'',2),(0,182,113,0,0,'','ezdatetime',513,'ita-IT',3,0,'',1),(0,182,113,0,0,'','ezdatetime',513,'ita-IT',3,0,'',2),(0,4,114,0,NULL,'Bistecche','ezstring',514,'ita-IT',3,0,'bistecche',1),(0,4,114,0,NULL,'Bistecche','ezstring',514,'ita-IT',3,0,'bistecche',2),(0,4,114,0,NULL,'Bistecche','ezstring',514,'ita-IT',3,0,'bistecche',3),(0,155,114,0,NULL,'','ezstring',515,'ita-IT',3,0,'',1),(0,155,114,0,NULL,'','ezstring',515,'ita-IT',3,0,'',2),(0,155,114,0,NULL,'','ezstring',515,'ita-IT',3,0,'',3),(0,119,114,0,1045487555,'<?xml version=\"1.0\" encoding=\"utf-8\"?>\n<section xmlns:image=\"http://ez.no/namespaces/ezpublish3/image/\" xmlns:xhtml=\"http://ez.no/namespaces/ezpublish3/xhtml/\" xmlns:custom=\"http://ez.no/namespaces/ezpublish3/custom/\"/>\n','ezxmltext',516,'ita-IT',3,0,'',1),(0,119,114,0,1045487555,'<?xml version=\"1.0\" encoding=\"utf-8\"?>\n<section xmlns:image=\"http://ez.no/namespaces/ezpublish3/image/\" xmlns:xhtml=\"http://ez.no/namespaces/ezpublish3/xhtml/\" xmlns:custom=\"http://ez.no/namespaces/ezpublish3/custom/\"/>\n','ezxmltext',516,'ita-IT',3,0,'',2),(0,119,114,0,1045487555,'<?xml version=\"1.0\" encoding=\"utf-8\"?>\n<section xmlns:image=\"http://ez.no/namespaces/ezpublish3/image/\" xmlns:xhtml=\"http://ez.no/namespaces/ezpublish3/xhtml/\" xmlns:custom=\"http://ez.no/namespaces/ezpublish3/custom/\"><paragraph>Etiam auctor, lacus sed cursus rhoncus, sapien justo consectetur elit, id luctus sapien neque vitae ante. Etiam et tortor quis elit mattis faucibus cursus in tellus. Integer rhoncus, metus cursus tincidunt semper, dui ipsum bibendum enim, ut viverra elit ligula a dui. Maecenas eros nisi, molestie </paragraph></section>\n','ezxmltext',516,'ita-IT',3,0,'',3),(0,156,114,0,1045487555,'<?xml version=\"1.0\" encoding=\"utf-8\"?>\n<section xmlns:image=\"http://ez.no/namespaces/ezpublish3/image/\" xmlns:xhtml=\"http://ez.no/namespaces/ezpublish3/xhtml/\" xmlns:custom=\"http://ez.no/namespaces/ezpublish3/custom/\"/>\n','ezxmltext',517,'ita-IT',3,0,'',1),(0,156,114,0,1045487555,'<?xml version=\"1.0\" encoding=\"utf-8\"?>\n<section xmlns:image=\"http://ez.no/namespaces/ezpublish3/image/\" xmlns:xhtml=\"http://ez.no/namespaces/ezpublish3/xhtml/\" xmlns:custom=\"http://ez.no/namespaces/ezpublish3/custom/\"/>\n','ezxmltext',517,'ita-IT',3,0,'',2),(0,156,114,0,1045487555,'<?xml version=\"1.0\" encoding=\"utf-8\"?>\n<section xmlns:image=\"http://ez.no/namespaces/ezpublish3/image/\" xmlns:xhtml=\"http://ez.no/namespaces/ezpublish3/xhtml/\" xmlns:custom=\"http://ez.no/namespaces/ezpublish3/custom/\"/>\n','ezxmltext',517,'ita-IT',3,0,'',3),(518,158,114,0,1,'','ezboolean',518,'ita-IT',3,1,'',1),(518,158,114,0,1,'','ezboolean',518,'ita-IT',3,1,'',2),(518,158,114,0,1,'','ezboolean',518,'ita-IT',3,1,'',3),(0,363,114,0,NULL,'<?xml version=\"1.0\" encoding=\"utf-8\"?>\n<ezimage serial_number=\"1\" is_valid=\"1\" filename=\"Bistecche.jpg\" suffix=\"jpg\" basename=\"Bistecche\" dirpath=\"var/mondelli/storage/images/foto/panini/bistecche/519-1-ita-IT\" url=\"var/mondelli/storage/images/foto/panini/bistecche/519-1-ita-IT/Bistecche.jpg\" original_filename=\"Vampire_Hunter_by_Conceptbloke.jpg\" mime_type=\"image/jpeg\" width=\"900\" height=\"1237\" alternative_text=\"\" alias_key=\"1293033771\" timestamp=\"1269163855\"><original attribute_id=\"519\" attribute_version=\"1\" attribute_language=\"ita-IT\"/><information Height=\"1237\" Width=\"900\" IsColor=\"1\"/><alias name=\"folderthumbnail\" filename=\"Bistecche_folderthumbnail.jpg\" suffix=\"jpg\" dirpath=\"var/mondelli/storage/images/foto/panini/bistecche/519-1-ita-IT\" url=\"var/mondelli/storage/images/foto/panini/bistecche/519-1-ita-IT/Bistecche_folderthumbnail.jpg\" mime_type=\"image/jpeg\" width=\"180\" height=\"180\" alias_key=\"994317382\" timestamp=\"1269163856\" is_valid=\"1\"/></ezimage>\n','ezimage',519,'ita-IT',3,0,'',1),(0,363,114,0,NULL,'<?xml version=\"1.0\" encoding=\"utf-8\"?>\n<ezimage serial_number=\"1\" is_valid=\"1\" filename=\"Bistecche.jpg\" suffix=\"jpg\" basename=\"Bistecche\" dirpath=\"var/mondelli/storage/images/foto/panini/bistecche/519-2-ita-IT\" url=\"var/mondelli/storage/images/foto/panini/bistecche/519-2-ita-IT/Bistecche.jpg\" original_filename=\"Wunderding.jpg\" mime_type=\"image/jpeg\" width=\"1122\" height=\"1417\" alternative_text=\"\" alias_key=\"1293033771\" timestamp=\"1270936958\"><original attribute_id=\"519\" attribute_version=\"2\" attribute_language=\"ita-IT\"/><information Height=\"1417\" Width=\"1122\" IsColor=\"1\"/><alias name=\"folderthumbnail\" filename=\"Bistecche_folderthumbnail.jpg\" suffix=\"jpg\" dirpath=\"var/mondelli/storage/images/foto/panini/bistecche/519-2-ita-IT\" url=\"var/mondelli/storage/images/foto/panini/bistecche/519-2-ita-IT/Bistecche_folderthumbnail.jpg\" mime_type=\"image/jpeg\" width=\"180\" height=\"180\" alias_key=\"994317382\" timestamp=\"1270936964\" is_valid=\"1\"/></ezimage>\n','ezimage',519,'ita-IT',3,0,'',2),(0,363,114,0,NULL,'<?xml version=\"1.0\" encoding=\"utf-8\"?>\n<ezimage serial_number=\"1\" is_valid=\"1\" filename=\"Bistecche.jpg\" suffix=\"jpg\" basename=\"Bistecche\" dirpath=\"var/mondelli/storage/images/foto/panini/bistecche/519-2-ita-IT\" url=\"var/mondelli/storage/images/foto/panini/bistecche/519-2-ita-IT/Bistecche.jpg\" original_filename=\"Wunderding.jpg\" mime_type=\"image/jpeg\" width=\"1122\" height=\"1417\" alternative_text=\"\" alias_key=\"1293033771\" timestamp=\"1270936958\"><original attribute_id=\"519\" attribute_version=\"2\" attribute_language=\"ita-IT\"/><information Height=\"1417\" Width=\"1122\" IsColor=\"1\"/><alias name=\"folderthumbnail\" filename=\"Bistecche_folderthumbnail.jpg\" suffix=\"jpg\" dirpath=\"var/mondelli/storage/images/foto/panini/bistecche/519-2-ita-IT\" url=\"var/mondelli/storage/images/foto/panini/bistecche/519-2-ita-IT/Bistecche_folderthumbnail.jpg\" mime_type=\"image/jpeg\" width=\"180\" height=\"180\" alias_key=\"994317382\" timestamp=\"1270936964\" is_valid=\"1\"/><alias name=\"medium\" filename=\"Bistecche_medium.jpg\" suffix=\"jpg\" dirpath=\"var/mondelli/storage/images/foto/panini/bistecche/519-2-ita-IT\" url=\"var/mondelli/storage/images/foto/panini/bistecche/519-2-ita-IT/Bistecche_medium.jpg\" mime_type=\"image/jpeg\" width=\"158\" height=\"200\" alias_key=\"2573207068\" timestamp=\"1271016501\" is_valid=\"1\"/><alias name=\"articlethumbnail\" filename=\"Bistecche_articlethumbnail.jpg\" suffix=\"jpg\" dirpath=\"var/mondelli/storage/images/foto/panini/bistecche/519-2-ita-IT\" url=\"var/mondelli/storage/images/foto/panini/bistecche/519-2-ita-IT/Bistecche_articlethumbnail.jpg\" mime_type=\"image/jpeg\" width=\"158\" height=\"200\" alias_key=\"2277230501\" timestamp=\"1271017098\" is_valid=\"1\"/></ezimage>\n','ezimage',519,'ita-IT',3,0,'',3),(0,181,114,0,NULL,'','ezkeyword',520,'ita-IT',3,0,'',1),(0,181,114,0,NULL,'','ezkeyword',520,'ita-IT',3,0,'',2),(0,181,114,0,NULL,'','ezkeyword',520,'ita-IT',3,0,'',3),(0,182,114,0,0,'','ezdatetime',521,'ita-IT',3,0,'',1),(0,182,114,0,0,'','ezdatetime',521,'ita-IT',3,0,'',2),(0,182,114,0,0,'','ezdatetime',521,'ita-IT',3,0,'',3),(0,4,115,0,NULL,'Lubianske','ezstring',522,'ita-IT',3,0,'lubianske',1),(0,4,115,0,NULL,'Lubianske','ezstring',522,'ita-IT',3,0,'lubianske',2),(0,4,115,0,NULL,'Lubianske','ezstring',522,'ita-IT',3,0,'lubianske',3),(0,155,115,0,NULL,'','ezstring',523,'ita-IT',3,0,'',1),(0,155,115,0,NULL,'','ezstring',523,'ita-IT',3,0,'',2),(0,155,115,0,NULL,'','ezstring',523,'ita-IT',3,0,'',3),(0,119,115,0,1045487555,'<?xml version=\"1.0\" encoding=\"utf-8\"?>\n<section xmlns:image=\"http://ez.no/namespaces/ezpublish3/image/\" xmlns:xhtml=\"http://ez.no/namespaces/ezpublish3/xhtml/\" xmlns:custom=\"http://ez.no/namespaces/ezpublish3/custom/\"/>\n','ezxmltext',524,'ita-IT',3,0,'',1),(0,119,115,0,1045487555,'<?xml version=\"1.0\" encoding=\"utf-8\"?>\n<section xmlns:image=\"http://ez.no/namespaces/ezpublish3/image/\" xmlns:xhtml=\"http://ez.no/namespaces/ezpublish3/xhtml/\" xmlns:custom=\"http://ez.no/namespaces/ezpublish3/custom/\"/>\n','ezxmltext',524,'ita-IT',3,0,'',2),(0,119,115,0,1045487555,'<?xml version=\"1.0\" encoding=\"utf-8\"?>\n<section xmlns:image=\"http://ez.no/namespaces/ezpublish3/image/\" xmlns:xhtml=\"http://ez.no/namespaces/ezpublish3/xhtml/\" xmlns:custom=\"http://ez.no/namespaces/ezpublish3/custom/\"><paragraph>Aliquam imperdiet ligula urna, non ornare massa. Phasellus interdum auctor dignissim. Class aptent taciti sociosqu ad litora torquent per conubia nostra, per inceptos himenaeos. Proin a mauris ut orci facilisis tincidunt. Etiam dui arcu, gravida ac adipiscing lobortis, sodales quis est. Aenean ullamcorper nibh a lorem</paragraph></section>\n','ezxmltext',524,'ita-IT',3,0,'',3),(0,156,115,0,1045487555,'<?xml version=\"1.0\" encoding=\"utf-8\"?>\n<section xmlns:image=\"http://ez.no/namespaces/ezpublish3/image/\" xmlns:xhtml=\"http://ez.no/namespaces/ezpublish3/xhtml/\" xmlns:custom=\"http://ez.no/namespaces/ezpublish3/custom/\"/>\n','ezxmltext',525,'ita-IT',3,0,'',1),(0,156,115,0,1045487555,'<?xml version=\"1.0\" encoding=\"utf-8\"?>\n<section xmlns:image=\"http://ez.no/namespaces/ezpublish3/image/\" xmlns:xhtml=\"http://ez.no/namespaces/ezpublish3/xhtml/\" xmlns:custom=\"http://ez.no/namespaces/ezpublish3/custom/\"/>\n','ezxmltext',525,'ita-IT',3,0,'',2),(0,156,115,0,1045487555,'<?xml version=\"1.0\" encoding=\"utf-8\"?>\n<section xmlns:image=\"http://ez.no/namespaces/ezpublish3/image/\" xmlns:xhtml=\"http://ez.no/namespaces/ezpublish3/xhtml/\" xmlns:custom=\"http://ez.no/namespaces/ezpublish3/custom/\"/>\n','ezxmltext',525,'ita-IT',3,0,'',3),(526,158,115,0,1,'','ezboolean',526,'ita-IT',3,1,'',1),(526,158,115,0,1,'','ezboolean',526,'ita-IT',3,1,'',2),(526,158,115,0,1,'','ezboolean',526,'ita-IT',3,1,'',3),(0,363,115,0,NULL,'<?xml version=\"1.0\" encoding=\"utf-8\"?>\n<ezimage serial_number=\"1\" is_valid=\"1\" filename=\"Lubianske.jpg\" suffix=\"jpg\" basename=\"Lubianske\" dirpath=\"var/mondelli/storage/images/foto/panini/lubianske/527-1-ita-IT\" url=\"var/mondelli/storage/images/foto/panini/lubianske/527-1-ita-IT/Lubianske.jpg\" original_filename=\"Sci_fi_change_by_jameswolf.jpg\" mime_type=\"image/jpeg\" width=\"900\" height=\"1200\" alternative_text=\"\" alias_key=\"1293033771\" timestamp=\"1269163906\"><original attribute_id=\"527\" attribute_version=\"1\" attribute_language=\"ita-IT\"/><information Height=\"1200\" Width=\"900\" IsColor=\"1\"/><alias name=\"folderthumbnail\" filename=\"Lubianske_folderthumbnail.jpg\" suffix=\"jpg\" dirpath=\"var/mondelli/storage/images/foto/panini/lubianske/527-1-ita-IT\" url=\"var/mondelli/storage/images/foto/panini/lubianske/527-1-ita-IT/Lubianske_folderthumbnail.jpg\" mime_type=\"image/jpeg\" width=\"180\" height=\"180\" alias_key=\"994317382\" timestamp=\"1269163906\" is_valid=\"1\"/></ezimage>\n','ezimage',527,'ita-IT',3,0,'',1),(0,363,115,0,NULL,'<?xml version=\"1.0\" encoding=\"utf-8\"?>\n<ezimage serial_number=\"1\" is_valid=\"1\" filename=\"Lubianske.jpg\" suffix=\"jpg\" basename=\"Lubianske\" dirpath=\"var/mondelli/storage/images/foto/panini/lubianske/527-2-ita-IT\" url=\"var/mondelli/storage/images/foto/panini/lubianske/527-2-ita-IT/Lubianske.jpg\" original_filename=\"Samara_by_BlueBlack.jpg\" mime_type=\"image/jpeg\" width=\"680\" height=\"680\" alternative_text=\"\" alias_key=\"1293033771\" timestamp=\"1270936995\"><original attribute_id=\"527\" attribute_version=\"2\" attribute_language=\"ita-IT\"/><information Height=\"680\" Width=\"680\" IsColor=\"1\"/><alias name=\"folderthumbnail\" filename=\"Lubianske_folderthumbnail.jpg\" suffix=\"jpg\" dirpath=\"var/mondelli/storage/images/foto/panini/lubianske/527-2-ita-IT\" url=\"var/mondelli/storage/images/foto/panini/lubianske/527-2-ita-IT/Lubianske_folderthumbnail.jpg\" mime_type=\"image/jpeg\" width=\"180\" height=\"180\" alias_key=\"994317382\" timestamp=\"1270936999\" is_valid=\"1\"/></ezimage>\n','ezimage',527,'ita-IT',3,0,'',2),(0,363,115,0,NULL,'<?xml version=\"1.0\" encoding=\"utf-8\"?>\n<ezimage serial_number=\"1\" is_valid=\"1\" filename=\"Lubianske.jpg\" suffix=\"jpg\" basename=\"Lubianske\" dirpath=\"var/mondelli/storage/images/foto/panini/lubianske/527-2-ita-IT\" url=\"var/mondelli/storage/images/foto/panini/lubianske/527-2-ita-IT/Lubianske.jpg\" original_filename=\"Samara_by_BlueBlack.jpg\" mime_type=\"image/jpeg\" width=\"680\" height=\"680\" alternative_text=\"\" alias_key=\"1293033771\" timestamp=\"1270936995\"><original attribute_id=\"527\" attribute_version=\"2\" attribute_language=\"ita-IT\"/><information Height=\"680\" Width=\"680\" IsColor=\"1\"/><alias name=\"folderthumbnail\" filename=\"Lubianske_folderthumbnail.jpg\" suffix=\"jpg\" dirpath=\"var/mondelli/storage/images/foto/panini/lubianske/527-2-ita-IT\" url=\"var/mondelli/storage/images/foto/panini/lubianske/527-2-ita-IT/Lubianske_folderthumbnail.jpg\" mime_type=\"image/jpeg\" width=\"180\" height=\"180\" alias_key=\"994317382\" timestamp=\"1270936999\" is_valid=\"1\"/><alias name=\"medium\" filename=\"Lubianske_medium.jpg\" suffix=\"jpg\" dirpath=\"var/mondelli/storage/images/foto/panini/lubianske/527-2-ita-IT\" url=\"var/mondelli/storage/images/foto/panini/lubianske/527-2-ita-IT/Lubianske_medium.jpg\" mime_type=\"image/jpeg\" width=\"200\" height=\"200\" alias_key=\"2573207068\" timestamp=\"1271017119\" is_valid=\"1\"/><alias name=\"articlethumbnail\" filename=\"Lubianske_articlethumbnail.jpg\" suffix=\"jpg\" dirpath=\"var/mondelli/storage/images/foto/panini/lubianske/527-2-ita-IT\" url=\"var/mondelli/storage/images/foto/panini/lubianske/527-2-ita-IT/Lubianske_articlethumbnail.jpg\" mime_type=\"image/jpeg\" width=\"200\" height=\"200\" alias_key=\"2277230501\" timestamp=\"1271017140\" is_valid=\"1\"/></ezimage>\n','ezimage',527,'ita-IT',3,0,'',3),(0,181,115,0,NULL,'','ezkeyword',528,'ita-IT',3,0,'',1),(0,181,115,0,NULL,'','ezkeyword',528,'ita-IT',3,0,'',2),(0,181,115,0,NULL,'','ezkeyword',528,'ita-IT',3,0,'',3),(0,182,115,0,0,'','ezdatetime',529,'ita-IT',3,0,'',1),(0,182,115,0,0,'','ezdatetime',529,'ita-IT',3,0,'',2),(0,182,115,0,0,'','ezdatetime',529,'ita-IT',3,0,'',3),(0,4,134,0,NULL,'Arrosticini','ezstring',613,'ita-IT',3,0,'arrosticini',1),(0,4,134,0,NULL,'Arrosticini','ezstring',613,'ita-IT',3,0,'arrosticini',2),(0,4,134,0,NULL,'Arrosticini','ezstring',613,'ita-IT',3,0,'arrosticini',3),(0,155,134,0,NULL,'','ezstring',614,'ita-IT',3,0,'',1),(0,155,134,0,NULL,'','ezstring',614,'ita-IT',3,0,'',2),(0,155,134,0,NULL,'','ezstring',614,'ita-IT',3,0,'',3),(0,119,134,0,1045487555,'<?xml version=\"1.0\" encoding=\"utf-8\"?>\n<section xmlns:image=\"http://ez.no/namespaces/ezpublish3/image/\" xmlns:xhtml=\"http://ez.no/namespaces/ezpublish3/xhtml/\" xmlns:custom=\"http://ez.no/namespaces/ezpublish3/custom/\"/>\n','ezxmltext',615,'ita-IT',3,0,'',1),(0,119,134,0,1045487555,'<?xml version=\"1.0\" encoding=\"utf-8\"?>\n<section xmlns:image=\"http://ez.no/namespaces/ezpublish3/image/\" xmlns:xhtml=\"http://ez.no/namespaces/ezpublish3/xhtml/\" xmlns:custom=\"http://ez.no/namespaces/ezpublish3/custom/\"/>\n','ezxmltext',615,'ita-IT',3,0,'',2),(0,119,134,0,1045487555,'<?xml version=\"1.0\" encoding=\"utf-8\"?>\n<section xmlns:image=\"http://ez.no/namespaces/ezpublish3/image/\" xmlns:xhtml=\"http://ez.no/namespaces/ezpublish3/xhtml/\" xmlns:custom=\"http://ez.no/namespaces/ezpublish3/custom/\"/>\n','ezxmltext',615,'ita-IT',3,0,'',3),(0,156,134,0,1045487555,'<?xml version=\"1.0\" encoding=\"utf-8\"?>\n<section xmlns:image=\"http://ez.no/namespaces/ezpublish3/image/\" xmlns:xhtml=\"http://ez.no/namespaces/ezpublish3/xhtml/\" xmlns:custom=\"http://ez.no/namespaces/ezpublish3/custom/\"/>\n','ezxmltext',616,'ita-IT',3,0,'',1),(0,156,134,0,1045487555,'<?xml version=\"1.0\" encoding=\"utf-8\"?>\n<section xmlns:image=\"http://ez.no/namespaces/ezpublish3/image/\" xmlns:xhtml=\"http://ez.no/namespaces/ezpublish3/xhtml/\" xmlns:custom=\"http://ez.no/namespaces/ezpublish3/custom/\"/>\n','ezxmltext',616,'ita-IT',3,0,'',2),(0,156,134,0,1045487555,'<?xml version=\"1.0\" encoding=\"utf-8\"?>\n<section xmlns:image=\"http://ez.no/namespaces/ezpublish3/image/\" xmlns:xhtml=\"http://ez.no/namespaces/ezpublish3/xhtml/\" xmlns:custom=\"http://ez.no/namespaces/ezpublish3/custom/\"/>\n','ezxmltext',616,'ita-IT',3,0,'',3),(617,158,134,0,1,'','ezboolean',617,'ita-IT',3,1,'',1),(617,158,134,0,1,'','ezboolean',617,'ita-IT',3,1,'',2),(617,158,134,0,1,'','ezboolean',617,'ita-IT',3,1,'',3),(0,363,134,0,NULL,'<?xml version=\"1.0\" encoding=\"utf-8\"?>\n<ezimage serial_number=\"1\" is_valid=\"\" filename=\"\" suffix=\"\" basename=\"\" dirpath=\"\" url=\"\" original_filename=\"\" mime_type=\"\" width=\"\" height=\"\" alternative_text=\"\" alias_key=\"1293033771\" timestamp=\"1269279578\"><original attribute_id=\"618\" attribute_version=\"1\" attribute_language=\"ita-IT\"/></ezimage>\n','ezimage',618,'ita-IT',3,0,'',1),(0,363,134,0,NULL,'<?xml version=\"1.0\" encoding=\"utf-8\"?>\n<ezimage serial_number=\"1\" is_valid=\"1\" filename=\"Arrosticini.jpg\" suffix=\"jpg\" basename=\"Arrosticini\" dirpath=\"var/mondelli/storage/images/foto/arrosticini/618-2-ita-IT\" url=\"var/mondelli/storage/images/foto/arrosticini/618-2-ita-IT/Arrosticini.jpg\" original_filename=\"_Autumn__by_Jurei_chan.jpg\" mime_type=\"image/jpeg\" width=\"325\" height=\"475\" alternative_text=\"\" alias_key=\"1293033771\" timestamp=\"1269459528\"><original attribute_id=\"618\" attribute_version=\"2\" attribute_language=\"ita-IT\"/><information Height=\"475\" Width=\"325\" IsColor=\"1\" ByteOrderMotorola=\"1\" Thumbnail.FileType=\"2\" Thumbnail.MimeType=\"image/jpeg\"><array name=\"ifd0\"><item key=\"Orientation\" base64=\"1\">MQ==</item><item key=\"XResolution\" base64=\"1\">NzIvMQ==</item><item key=\"YResolution\" base64=\"1\">NzIvMQ==</item><item key=\"ResolutionUnit\" base64=\"1\">Mg==</item><item key=\"Software\" base64=\"1\">QWRvYmUgUGhvdG9zaG9wIDcuMA==</item><item key=\"DateTime\" base64=\"1\">MjAwNTowODoxMCAyMToyNDozNQ==</item><item key=\"Exif_IFD_Pointer\" base64=\"1\">MTU2</item></array><array name=\"exif\"><item key=\"ColorSpace\" base64=\"1\">NjU1MzU=</item><item key=\"ExifImageWidth\" base64=\"1\">MzI1</item><item key=\"ExifImageLength\" base64=\"1\">NDc1</item></array></information><alias name=\"megadropsmall\" filename=\"Arrosticini_megadropsmall.jpg\" suffix=\"jpg\" dirpath=\"var/mondelli/storage/images/foto/arrosticini/618-2-ita-IT\" url=\"var/mondelli/storage/images/foto/arrosticini/618-2-ita-IT/Arrosticini_megadropsmall.jpg\" mime_type=\"image/jpeg\" width=\"40\" height=\"40\" alias_key=\"2494213375\" timestamp=\"1269459532\" is_valid=\"1\"/></ezimage>\n','ezimage',618,'ita-IT',3,0,'',2),(0,363,134,0,NULL,'<?xml version=\"1.0\" encoding=\"utf-8\"?>\n<ezimage serial_number=\"1\" is_valid=\"1\" filename=\"Arrosticini.jpg\" suffix=\"jpg\" basename=\"Arrosticini\" dirpath=\"var/mondelli/storage/images/foto/arrosticini/618-3-ita-IT\" url=\"var/mondelli/storage/images/foto/arrosticini/618-3-ita-IT/Arrosticini.jpg\" original_filename=\"Hateful_Draft_by_jameswolf.jpg\" mime_type=\"image/jpeg\" width=\"600\" height=\"558\" alternative_text=\"\" alias_key=\"1293033771\" timestamp=\"1270928306\"><original attribute_id=\"618\" attribute_version=\"3\" attribute_language=\"ita-IT\"/><information Height=\"558\" Width=\"600\" IsColor=\"1\"/><alias name=\"megadropsmall\" filename=\"Arrosticini_megadropsmall.jpg\" suffix=\"jpg\" dirpath=\"var/mondelli/storage/images/foto/arrosticini/618-3-ita-IT\" url=\"var/mondelli/storage/images/foto/arrosticini/618-3-ita-IT/Arrosticini_megadropsmall.jpg\" mime_type=\"image/jpeg\" width=\"40\" height=\"40\" alias_key=\"2494213375\" timestamp=\"1270928307\" is_valid=\"1\"/></ezimage>\n','ezimage',618,'ita-IT',3,0,'',3),(0,181,134,0,NULL,'','ezkeyword',619,'ita-IT',3,0,'',1),(0,181,134,0,NULL,'','ezkeyword',619,'ita-IT',3,0,'',2),(0,181,134,0,NULL,'','ezkeyword',619,'ita-IT',3,0,'',3),(0,182,134,0,0,'','ezdatetime',620,'ita-IT',3,0,'',1),(0,182,134,0,0,'','ezdatetime',620,'ita-IT',3,0,'',2),(0,182,134,0,0,'','ezdatetime',620,'ita-IT',3,0,'',3),(0,4,135,0,NULL,'Agnello','ezstring',621,'ita-IT',3,0,'agnello',1),(0,155,135,0,NULL,'','ezstring',622,'ita-IT',3,0,'',1),(0,119,135,0,1045487555,'<?xml version=\"1.0\" encoding=\"utf-8\"?>\n<section xmlns:image=\"http://ez.no/namespaces/ezpublish3/image/\" xmlns:xhtml=\"http://ez.no/namespaces/ezpublish3/xhtml/\" xmlns:custom=\"http://ez.no/namespaces/ezpublish3/custom/\"/>\n','ezxmltext',623,'ita-IT',3,0,'',1),(0,156,135,0,1045487555,'<?xml version=\"1.0\" encoding=\"utf-8\"?>\n<section xmlns:image=\"http://ez.no/namespaces/ezpublish3/image/\" xmlns:xhtml=\"http://ez.no/namespaces/ezpublish3/xhtml/\" xmlns:custom=\"http://ez.no/namespaces/ezpublish3/custom/\"/>\n','ezxmltext',624,'ita-IT',3,0,'',1),(625,158,135,0,1,'','ezboolean',625,'ita-IT',3,1,'',1),(0,363,135,0,NULL,'<?xml version=\"1.0\" encoding=\"utf-8\"?>\n<ezimage serial_number=\"1\" is_valid=\"1\" filename=\"Agnello.jpg\" suffix=\"jpg\" basename=\"Agnello\" dirpath=\"var/mondelli/storage/images/foto/arrosticini/agnello/626-1-ita-IT\" url=\"var/mondelli/storage/images/foto/arrosticini/agnello/626-1-ita-IT/Agnello.jpg\" original_filename=\"Tablefy___Water_Lantern_by_ethe.jpg\" mime_type=\"image/jpeg\" width=\"1024\" height=\"768\" alternative_text=\"\" alias_key=\"1293033771\" timestamp=\"1269279650\"><original attribute_id=\"626\" attribute_version=\"1\" attribute_language=\"ita-IT\"/><information Height=\"768\" Width=\"1024\" IsColor=\"1\" ByteOrderMotorola=\"1\" Thumbnail.FileType=\"2\" Thumbnail.MimeType=\"image/jpeg\"><array name=\"ifd0\"><item key=\"Orientation\" base64=\"1\">MQ==</item><item key=\"XResolution\" base64=\"1\">MzAwMDAwMC8xMDAwMA==</item><item key=\"YResolution\" base64=\"1\">MzAwMDAwMC8xMDAwMA==</item><item key=\"ResolutionUnit\" base64=\"1\">Mg==</item><item key=\"Software\" base64=\"1\">QWRvYmUgUGhvdG9zaG9wIENTMyBXaW5kb3dz</item><item key=\"DateTime\" base64=\"1\">MjAwODowODoxNCAyMTo0NDozNg==</item><item key=\"Exif_IFD_Pointer\" base64=\"1\">MTY0</item></array><array name=\"exif\"><item key=\"ColorSpace\" base64=\"1\">NjU1MzU=</item><item key=\"ExifImageWidth\" base64=\"1\">MTAyNA==</item><item key=\"ExifImageLength\" base64=\"1\">NzY4</item></array></information><alias name=\"folderthumbnail\" filename=\"Agnello_folderthumbnail.jpg\" suffix=\"jpg\" dirpath=\"var/mondelli/storage/images/foto/arrosticini/agnello/626-1-ita-IT\" url=\"var/mondelli/storage/images/foto/arrosticini/agnello/626-1-ita-IT/Agnello_folderthumbnail.jpg\" mime_type=\"image/jpeg\" width=\"180\" height=\"165\" alias_key=\"994317382\" timestamp=\"1269279650\" is_valid=\"1\"/></ezimage>\n','ezimage',626,'ita-IT',3,0,'',1),(0,181,135,0,NULL,'','ezkeyword',627,'ita-IT',3,0,'',1),(0,182,135,0,0,'','ezdatetime',628,'ita-IT',3,0,'',1),(0,4,136,0,NULL,'Zamponi','ezstring',629,'ita-IT',3,0,'zamponi',1),(0,4,136,0,NULL,'Zamponi','ezstring',629,'ita-IT',3,0,'zamponi',2),(0,155,136,0,NULL,'','ezstring',630,'ita-IT',3,0,'',1),(0,155,136,0,NULL,'','ezstring',630,'ita-IT',3,0,'',2),(0,119,136,0,1045487555,'<?xml version=\"1.0\" encoding=\"utf-8\"?>\n<section xmlns:image=\"http://ez.no/namespaces/ezpublish3/image/\" xmlns:xhtml=\"http://ez.no/namespaces/ezpublish3/xhtml/\" xmlns:custom=\"http://ez.no/namespaces/ezpublish3/custom/\"/>\n','ezxmltext',631,'ita-IT',3,0,'',1),(0,119,136,0,1045487555,'<?xml version=\"1.0\" encoding=\"utf-8\"?>\n<section xmlns:image=\"http://ez.no/namespaces/ezpublish3/image/\" xmlns:xhtml=\"http://ez.no/namespaces/ezpublish3/xhtml/\" xmlns:custom=\"http://ez.no/namespaces/ezpublish3/custom/\"/>\n','ezxmltext',631,'ita-IT',3,0,'',2),(0,156,136,0,1045487555,'<?xml version=\"1.0\" encoding=\"utf-8\"?>\n<section xmlns:image=\"http://ez.no/namespaces/ezpublish3/image/\" xmlns:xhtml=\"http://ez.no/namespaces/ezpublish3/xhtml/\" xmlns:custom=\"http://ez.no/namespaces/ezpublish3/custom/\"/>\n','ezxmltext',632,'ita-IT',3,0,'',1),(0,156,136,0,1045487555,'<?xml version=\"1.0\" encoding=\"utf-8\"?>\n<section xmlns:image=\"http://ez.no/namespaces/ezpublish3/image/\" xmlns:xhtml=\"http://ez.no/namespaces/ezpublish3/xhtml/\" xmlns:custom=\"http://ez.no/namespaces/ezpublish3/custom/\"/>\n','ezxmltext',632,'ita-IT',3,0,'',2),(633,158,136,0,1,'','ezboolean',633,'ita-IT',3,1,'',1),(633,158,136,0,1,'','ezboolean',633,'ita-IT',3,1,'',2),(0,363,136,0,NULL,'<?xml version=\"1.0\" encoding=\"utf-8\"?>\n<ezimage serial_number=\"1\" is_valid=\"1\" filename=\"Zamponi.jpg\" suffix=\"jpg\" basename=\"Zamponi\" dirpath=\"var/mondelli/storage/images/foto/zamponi/634-1-ita-IT\" url=\"var/mondelli/storage/images/foto/zamponi/634-1-ita-IT/Zamponi.jpg\" original_filename=\"I_am_the_end.jpg\" mime_type=\"image/jpeg\" width=\"666\" height=\"670\" alternative_text=\"\" alias_key=\"1293033771\" timestamp=\"1269447147\"><original attribute_id=\"634\" attribute_version=\"1\" attribute_language=\"ita-IT\"/><information Height=\"670\" Width=\"666\" IsColor=\"1\"/><alias name=\"megadropsmall\" filename=\"Zamponi_megadropsmall.jpg\" suffix=\"jpg\" dirpath=\"var/mondelli/storage/images/foto/zamponi/634-1-ita-IT\" url=\"var/mondelli/storage/images/foto/zamponi/634-1-ita-IT/Zamponi_megadropsmall.jpg\" mime_type=\"image/jpeg\" width=\"40\" height=\"40\" alias_key=\"2494213375\" timestamp=\"1269459350\" is_valid=\"1\"/></ezimage>\n','ezimage',634,'ita-IT',3,0,'',1),(0,363,136,0,NULL,'<?xml version=\"1.0\" encoding=\"utf-8\"?>\n<ezimage serial_number=\"1\" is_valid=\"1\" filename=\"Zamponi.jpg\" suffix=\"jpg\" basename=\"Zamponi\" dirpath=\"var/mondelli/storage/images/foto/zamponi/634-2-ita-IT\" url=\"var/mondelli/storage/images/foto/zamponi/634-2-ita-IT/Zamponi.jpg\" original_filename=\"Autumn_arrived_by_Xensin.jpg\" mime_type=\"image/jpeg\" width=\"969\" height=\"750\" alternative_text=\"\" alias_key=\"1293033771\" timestamp=\"1270933790\"><original attribute_id=\"634\" attribute_version=\"2\" attribute_language=\"ita-IT\"/><information Height=\"750\" Width=\"969\" IsColor=\"1\"/><alias name=\"megadropsmall\" filename=\"Zamponi_megadropsmall.jpg\" suffix=\"jpg\" dirpath=\"var/mondelli/storage/images/foto/zamponi/634-2-ita-IT\" url=\"var/mondelli/storage/images/foto/zamponi/634-2-ita-IT/Zamponi_megadropsmall.jpg\" mime_type=\"image/jpeg\" width=\"40\" height=\"40\" alias_key=\"2494213375\" timestamp=\"1270933791\" is_valid=\"1\"/></ezimage>\n','ezimage',634,'ita-IT',3,0,'',2),(0,181,136,0,NULL,'','ezkeyword',635,'ita-IT',3,0,'',1),(0,181,136,0,NULL,'','ezkeyword',635,'ita-IT',3,0,'',2),(0,182,136,0,0,'','ezdatetime',636,'ita-IT',3,0,'',1),(0,182,136,0,0,'','ezdatetime',636,'ita-IT',3,0,'',2),(0,4,137,0,NULL,'Vivi','ezstring',637,'ita-IT',3,0,'vivi',1),(0,155,137,0,NULL,'','ezstring',638,'ita-IT',3,0,'',1),(0,119,137,0,1045487555,'<?xml version=\"1.0\" encoding=\"utf-8\"?>\n<section xmlns:image=\"http://ez.no/namespaces/ezpublish3/image/\" xmlns:xhtml=\"http://ez.no/namespaces/ezpublish3/xhtml/\" xmlns:custom=\"http://ez.no/namespaces/ezpublish3/custom/\"/>\n','ezxmltext',639,'ita-IT',3,0,'',1),(0,156,137,0,1045487555,'<?xml version=\"1.0\" encoding=\"utf-8\"?>\n<section xmlns:image=\"http://ez.no/namespaces/ezpublish3/image/\" xmlns:xhtml=\"http://ez.no/namespaces/ezpublish3/xhtml/\" xmlns:custom=\"http://ez.no/namespaces/ezpublish3/custom/\"/>\n','ezxmltext',640,'ita-IT',3,0,'',1),(641,158,137,0,1,'','ezboolean',641,'ita-IT',3,1,'',1),(0,363,137,0,NULL,'<?xml version=\"1.0\" encoding=\"utf-8\"?>\n<ezimage serial_number=\"1\" is_valid=\"1\" filename=\"Vivi.jpg\" suffix=\"jpg\" basename=\"Vivi\" dirpath=\"var/mondelli/storage/images/foto/zamponi/vivi/642-1-ita-IT\" url=\"var/mondelli/storage/images/foto/zamponi/vivi/642-1-ita-IT/Vivi.jpg\" original_filename=\"_Just_a_Ravnos_.jpg\" mime_type=\"image/jpeg\" width=\"670\" height=\"650\" alternative_text=\"\" alias_key=\"1293033771\" timestamp=\"1269447180\"><original attribute_id=\"642\" attribute_version=\"1\" attribute_language=\"ita-IT\"/><information Height=\"650\" Width=\"670\" IsColor=\"1\" ByteOrderMotorola=\"1\" Thumbnail.FileType=\"2\" Thumbnail.MimeType=\"image/jpeg\"><array name=\"ifd0\"><item key=\"Orientation\" base64=\"1\">MQ==</item><item key=\"XResolution\" base64=\"1\">MzAwLzE=</item><item key=\"YResolution\" base64=\"1\">MzAwLzE=</item><item key=\"ResolutionUnit\" base64=\"1\">Mg==</item><item key=\"Software\" base64=\"1\">QWRvYmUgUGhvdG9zaG9wIDcuMA==</item><item key=\"DateTime\" base64=\"1\">MjAwNDowMzoxMyAxODowNzoyNA==</item><item key=\"Exif_IFD_Pointer\" base64=\"1\">MTU2</item></array><array name=\"exif\"><item key=\"ColorSpace\" base64=\"1\">NjU1MzU=</item><item key=\"ExifImageWidth\" base64=\"1\">Njcw</item><item key=\"ExifImageLength\" base64=\"1\">NjUw</item></array></information><alias name=\"folderthumbnail\" filename=\"Vivi_folderthumbnail.jpg\" suffix=\"jpg\" dirpath=\"var/mondelli/storage/images/foto/zamponi/vivi/642-1-ita-IT\" url=\"var/mondelli/storage/images/foto/zamponi/vivi/642-1-ita-IT/Vivi_folderthumbnail.jpg\" mime_type=\"image/jpeg\" width=\"180\" height=\"180\" alias_key=\"994317382\" timestamp=\"1269447180\" is_valid=\"1\"/></ezimage>\n','ezimage',642,'ita-IT',3,0,'',1),(0,181,137,0,NULL,'','ezkeyword',643,'ita-IT',3,0,'',1),(0,182,137,0,0,'','ezdatetime',644,'ita-IT',3,0,'',1),(0,4,138,0,NULL,'Morti','ezstring',645,'ita-IT',3,0,'morti',1),(0,155,138,0,NULL,'','ezstring',646,'ita-IT',3,0,'',1),(0,119,138,0,1045487555,'<?xml version=\"1.0\" encoding=\"utf-8\"?>\n<section xmlns:image=\"http://ez.no/namespaces/ezpublish3/image/\" xmlns:xhtml=\"http://ez.no/namespaces/ezpublish3/xhtml/\" xmlns:custom=\"http://ez.no/namespaces/ezpublish3/custom/\"/>\n','ezxmltext',647,'ita-IT',3,0,'',1),(0,156,138,0,1045487555,'<?xml version=\"1.0\" encoding=\"utf-8\"?>\n<section xmlns:image=\"http://ez.no/namespaces/ezpublish3/image/\" xmlns:xhtml=\"http://ez.no/namespaces/ezpublish3/xhtml/\" xmlns:custom=\"http://ez.no/namespaces/ezpublish3/custom/\"/>\n','ezxmltext',648,'ita-IT',3,0,'',1),(649,158,138,0,1,'','ezboolean',649,'ita-IT',3,1,'',1),(0,363,138,0,NULL,'<?xml version=\"1.0\" encoding=\"utf-8\"?>\n<ezimage serial_number=\"1\" is_valid=\"1\" filename=\"Morti.jpg\" suffix=\"jpg\" basename=\"Morti\" dirpath=\"var/mondelli/storage/images/foto/zamponi/morti/650-1-ita-IT\" url=\"var/mondelli/storage/images/foto/zamponi/morti/650-1-ita-IT/Morti.jpg\" original_filename=\"_shine_.jpg\" mime_type=\"image/jpeg\" width=\"640\" height=\"872\" alternative_text=\"\" alias_key=\"1293033771\" timestamp=\"1269447205\"><original attribute_id=\"650\" attribute_version=\"1\" attribute_language=\"ita-IT\"/><information Height=\"872\" Width=\"640\" IsColor=\"1\" ByteOrderMotorola=\"1\" Thumbnail.FileType=\"2\" Thumbnail.MimeType=\"image/jpeg\"><array name=\"ifd0\"><item key=\"Orientation\" base64=\"1\">MQ==</item><item key=\"XResolution\" base64=\"1\">MzAwLzE=</item><item key=\"YResolution\" base64=\"1\">MzAwLzE=</item><item key=\"ResolutionUnit\" base64=\"1\">Mw==</item><item key=\"Software\" base64=\"1\">QWRvYmUgUGhvdG9zaG9wIDcuMCA=</item><item key=\"DateTime\" base64=\"1\">MjAwNDowNDoyNiAwMjoxODowNw==</item><item key=\"Exif_IFD_Pointer\" base64=\"1\">MTU2</item></array><array name=\"exif\"><item key=\"ColorSpace\" base64=\"1\">NjU1MzU=</item><item key=\"ExifImageWidth\" base64=\"1\">NjQw</item><item key=\"ExifImageLength\" base64=\"1\">ODcy</item></array></information><alias name=\"folderthumbnail\" filename=\"Morti_folderthumbnail.jpg\" suffix=\"jpg\" dirpath=\"var/mondelli/storage/images/foto/zamponi/morti/650-1-ita-IT\" url=\"var/mondelli/storage/images/foto/zamponi/morti/650-1-ita-IT/Morti_folderthumbnail.jpg\" mime_type=\"image/jpeg\" width=\"180\" height=\"180\" alias_key=\"994317382\" timestamp=\"1269447206\" is_valid=\"1\"/></ezimage>\n','ezimage',650,'ita-IT',3,0,'',1),(0,181,138,0,NULL,'','ezkeyword',651,'ita-IT',3,0,'',1),(0,182,138,0,0,'','ezdatetime',652,'ita-IT',3,0,'',1),(0,4,139,0,NULL,'Moribondi','ezstring',653,'ita-IT',3,0,'moribondi',1),(0,155,139,0,NULL,'','ezstring',654,'ita-IT',3,0,'',1),(0,119,139,0,1045487555,'<?xml version=\"1.0\" encoding=\"utf-8\"?>\n<section xmlns:image=\"http://ez.no/namespaces/ezpublish3/image/\" xmlns:xhtml=\"http://ez.no/namespaces/ezpublish3/xhtml/\" xmlns:custom=\"http://ez.no/namespaces/ezpublish3/custom/\"/>\n','ezxmltext',655,'ita-IT',3,0,'',1),(0,156,139,0,1045487555,'<?xml version=\"1.0\" encoding=\"utf-8\"?>\n<section xmlns:image=\"http://ez.no/namespaces/ezpublish3/image/\" xmlns:xhtml=\"http://ez.no/namespaces/ezpublish3/xhtml/\" xmlns:custom=\"http://ez.no/namespaces/ezpublish3/custom/\"/>\n','ezxmltext',656,'ita-IT',3,0,'',1),(657,158,139,0,1,'','ezboolean',657,'ita-IT',3,1,'',1),(0,363,139,0,NULL,'<?xml version=\"1.0\" encoding=\"utf-8\"?>\n<ezimage serial_number=\"1\" is_valid=\"1\" filename=\"Moribondi.jpg\" suffix=\"jpg\" basename=\"Moribondi\" dirpath=\"var/mondelli/storage/images/foto/zamponi/moribondi/658-1-ita-IT\" url=\"var/mondelli/storage/images/foto/zamponi/moribondi/658-1-ita-IT/Moribondi.jpg\" original_filename=\"Nosferatu.jpg\" mime_type=\"image/jpeg\" width=\"800\" height=\"908\" alternative_text=\"\" alias_key=\"1293033771\" timestamp=\"1269447232\"><original attribute_id=\"658\" attribute_version=\"1\" attribute_language=\"ita-IT\"/><information Height=\"908\" Width=\"800\" IsColor=\"1\"/><alias name=\"folderthumbnail\" filename=\"Moribondi_folderthumbnail.jpg\" suffix=\"jpg\" dirpath=\"var/mondelli/storage/images/foto/zamponi/moribondi/658-1-ita-IT\" url=\"var/mondelli/storage/images/foto/zamponi/moribondi/658-1-ita-IT/Moribondi_folderthumbnail.jpg\" mime_type=\"image/jpeg\" width=\"180\" height=\"180\" alias_key=\"994317382\" timestamp=\"1269447233\" is_valid=\"1\"/></ezimage>\n','ezimage',658,'ita-IT',3,0,'',1),(0,181,139,0,NULL,'','ezkeyword',659,'ita-IT',3,0,'',1),(0,182,139,0,0,'','ezdatetime',660,'ita-IT',3,0,'',1),(0,4,140,0,NULL,'Bomboloni','ezstring',661,'ita-IT',3,0,'bomboloni',1),(0,4,140,0,NULL,'Bomboloni','ezstring',661,'ita-IT',3,0,'bomboloni',2),(0,4,140,0,NULL,'Bomboloni','ezstring',661,'ita-IT',3,0,'bomboloni',3),(0,4,140,0,NULL,'Bomboloni','ezstring',661,'ita-IT',3,0,'bomboloni',4),(0,155,140,0,NULL,'','ezstring',662,'ita-IT',3,0,'',1),(0,155,140,0,NULL,'','ezstring',662,'ita-IT',3,0,'',2),(0,155,140,0,NULL,'','ezstring',662,'ita-IT',3,0,'',3),(0,155,140,0,NULL,'','ezstring',662,'ita-IT',3,0,'',4),(0,119,140,0,1045487555,'<?xml version=\"1.0\" encoding=\"utf-8\"?>\n<section xmlns:image=\"http://ez.no/namespaces/ezpublish3/image/\" xmlns:xhtml=\"http://ez.no/namespaces/ezpublish3/xhtml/\" xmlns:custom=\"http://ez.no/namespaces/ezpublish3/custom/\"/>\n','ezxmltext',663,'ita-IT',3,0,'',1),(0,119,140,0,1045487555,'<?xml version=\"1.0\" encoding=\"utf-8\"?>\n<section xmlns:image=\"http://ez.no/namespaces/ezpublish3/image/\" xmlns:xhtml=\"http://ez.no/namespaces/ezpublish3/xhtml/\" xmlns:custom=\"http://ez.no/namespaces/ezpublish3/custom/\"/>\n','ezxmltext',663,'ita-IT',3,0,'',2),(0,119,140,0,1045487555,'<?xml version=\"1.0\" encoding=\"utf-8\"?>\n<section xmlns:image=\"http://ez.no/namespaces/ezpublish3/image/\" xmlns:xhtml=\"http://ez.no/namespaces/ezpublish3/xhtml/\" xmlns:custom=\"http://ez.no/namespaces/ezpublish3/custom/\"/>\n','ezxmltext',663,'ita-IT',3,0,'',3),(0,119,140,0,1045487555,'<?xml version=\"1.0\" encoding=\"utf-8\"?>\n<section xmlns:image=\"http://ez.no/namespaces/ezpublish3/image/\" xmlns:xhtml=\"http://ez.no/namespaces/ezpublish3/xhtml/\" xmlns:custom=\"http://ez.no/namespaces/ezpublish3/custom/\"/>\n','ezxmltext',663,'ita-IT',3,0,'',4),(0,156,140,0,1045487555,'<?xml version=\"1.0\" encoding=\"utf-8\"?>\n<section xmlns:image=\"http://ez.no/namespaces/ezpublish3/image/\" xmlns:xhtml=\"http://ez.no/namespaces/ezpublish3/xhtml/\" xmlns:custom=\"http://ez.no/namespaces/ezpublish3/custom/\"/>\n','ezxmltext',664,'ita-IT',3,0,'',1),(0,156,140,0,1045487555,'<?xml version=\"1.0\" encoding=\"utf-8\"?>\n<section xmlns:image=\"http://ez.no/namespaces/ezpublish3/image/\" xmlns:xhtml=\"http://ez.no/namespaces/ezpublish3/xhtml/\" xmlns:custom=\"http://ez.no/namespaces/ezpublish3/custom/\"/>\n','ezxmltext',664,'ita-IT',3,0,'',2),(0,156,140,0,1045487555,'<?xml version=\"1.0\" encoding=\"utf-8\"?>\n<section xmlns:image=\"http://ez.no/namespaces/ezpublish3/image/\" xmlns:xhtml=\"http://ez.no/namespaces/ezpublish3/xhtml/\" xmlns:custom=\"http://ez.no/namespaces/ezpublish3/custom/\"/>\n','ezxmltext',664,'ita-IT',3,0,'',3),(0,156,140,0,1045487555,'<?xml version=\"1.0\" encoding=\"utf-8\"?>\n<section xmlns:image=\"http://ez.no/namespaces/ezpublish3/image/\" xmlns:xhtml=\"http://ez.no/namespaces/ezpublish3/xhtml/\" xmlns:custom=\"http://ez.no/namespaces/ezpublish3/custom/\"/>\n','ezxmltext',664,'ita-IT',3,0,'',4),(665,158,140,0,1,'','ezboolean',665,'ita-IT',3,1,'',1),(665,158,140,0,1,'','ezboolean',665,'ita-IT',3,1,'',2),(665,158,140,0,1,'','ezboolean',665,'ita-IT',3,1,'',3),(665,158,140,0,1,'','ezboolean',665,'ita-IT',3,1,'',4),(0,363,140,0,NULL,'<?xml version=\"1.0\" encoding=\"utf-8\"?>\n<ezimage serial_number=\"1\" is_valid=\"\" filename=\"\" suffix=\"\" basename=\"\" dirpath=\"\" url=\"\" original_filename=\"\" mime_type=\"\" width=\"\" height=\"\" alternative_text=\"\" alias_key=\"1293033771\" timestamp=\"1269451562\"><original attribute_id=\"666\" attribute_version=\"1\" attribute_language=\"ita-IT\"/></ezimage>\n','ezimage',666,'ita-IT',3,0,'',1),(0,363,140,0,NULL,'<?xml version=\"1.0\" encoding=\"utf-8\"?>\n<ezimage serial_number=\"1\" is_valid=\"1\" filename=\"Bomboloni.jpg\" suffix=\"jpg\" basename=\"Bomboloni\" dirpath=\"var/mondelli/storage/images/foto/bomboloni/666-2-ita-IT\" url=\"var/mondelli/storage/images/foto/bomboloni/666-2-ita-IT/Bomboloni.jpg\" original_filename=\"IMAGINE__the_Art_of_IFS_by_kunkka.jpg\" mime_type=\"image/jpeg\" width=\"550\" height=\"1015\" alternative_text=\"\" alias_key=\"1293033771\" timestamp=\"1269459580\"><original attribute_id=\"666\" attribute_version=\"2\" attribute_language=\"ita-IT\"/><information Height=\"1015\" Width=\"550\" IsColor=\"1\"/><alias name=\"megadropsmall\" filename=\"Bomboloni_megadropsmall.jpg\" suffix=\"jpg\" dirpath=\"var/mondelli/storage/images/foto/bomboloni/666-2-ita-IT\" url=\"var/mondelli/storage/images/foto/bomboloni/666-2-ita-IT/Bomboloni_megadropsmall.jpg\" mime_type=\"image/jpeg\" width=\"40\" height=\"40\" alias_key=\"2494213375\" timestamp=\"1269459582\" is_valid=\"1\"/></ezimage>\n','ezimage',666,'ita-IT',3,0,'',2),(0,363,140,0,NULL,'<?xml version=\"1.0\" encoding=\"utf-8\"?>\n<ezimage serial_number=\"1\" is_valid=\"1\" filename=\"Bomboloni.jpg\" suffix=\"jpg\" basename=\"Bomboloni\" dirpath=\"var/mondelli/storage/images/foto/bomboloni/666-2-ita-IT\" url=\"var/mondelli/storage/images/foto/bomboloni/666-2-ita-IT/Bomboloni.jpg\" original_filename=\"IMAGINE__the_Art_of_IFS_by_kunkka.jpg\" mime_type=\"image/jpeg\" width=\"550\" height=\"1015\" alternative_text=\"\" alias_key=\"1293033771\" timestamp=\"1269459580\"><original attribute_id=\"666\" attribute_version=\"2\" attribute_language=\"ita-IT\"/><alias name=\"megadropsmall\" filename=\"Bomboloni_megadropsmall.jpg\" suffix=\"jpg\" dirpath=\"var/mondelli/storage/images/foto/bomboloni/666-2-ita-IT\" url=\"var/mondelli/storage/images/foto/bomboloni/666-2-ita-IT/Bomboloni_megadropsmall.jpg\" mime_type=\"image/jpeg\" width=\"40\" height=\"40\" alias_key=\"2494213375\" timestamp=\"1269459582\" is_valid=\"1\"/></ezimage>\n','ezimage',666,'ita-IT',3,0,'',3),(0,363,140,0,NULL,'<?xml version=\"1.0\" encoding=\"utf-8\"?>\n<ezimage serial_number=\"1\" is_valid=\"1\" filename=\"Bomboloni.jpg\" suffix=\"jpg\" basename=\"Bomboloni\" dirpath=\"var/mondelli/storage/images/foto/bomboloni/666-4-ita-IT\" url=\"var/mondelli/storage/images/foto/bomboloni/666-4-ita-IT/Bomboloni.jpg\" original_filename=\"_Autumn__by_Jurei_chan.jpg\" mime_type=\"image/jpeg\" width=\"325\" height=\"475\" alternative_text=\"\" alias_key=\"1293033771\" timestamp=\"1270933831\"><original attribute_id=\"666\" attribute_version=\"4\" attribute_language=\"ita-IT\"/><information Height=\"475\" Width=\"325\" IsColor=\"1\" ByteOrderMotorola=\"1\" Thumbnail.FileType=\"2\" Thumbnail.MimeType=\"image/jpeg\"><array name=\"ifd0\"><item key=\"Orientation\" base64=\"1\">MQ==</item><item key=\"XResolution\" base64=\"1\">NzIvMQ==</item><item key=\"YResolution\" base64=\"1\">NzIvMQ==</item><item key=\"ResolutionUnit\" base64=\"1\">Mg==</item><item key=\"Software\" base64=\"1\">QWRvYmUgUGhvdG9zaG9wIDcuMA==</item><item key=\"DateTime\" base64=\"1\">MjAwNTowODoxMCAyMToyNDozNQ==</item><item key=\"Exif_IFD_Pointer\" base64=\"1\">MTU2</item></array><array name=\"exif\"><item key=\"ColorSpace\" base64=\"1\">NjU1MzU=</item><item key=\"ExifImageWidth\" base64=\"1\">MzI1</item><item key=\"ExifImageLength\" base64=\"1\">NDc1</item></array></information><alias name=\"megadropsmall\" filename=\"Bomboloni_megadropsmall.jpg\" suffix=\"jpg\" dirpath=\"var/mondelli/storage/images/foto/bomboloni/666-4-ita-IT\" url=\"var/mondelli/storage/images/foto/bomboloni/666-4-ita-IT/Bomboloni_megadropsmall.jpg\" mime_type=\"image/jpeg\" width=\"40\" height=\"40\" alias_key=\"2494213375\" timestamp=\"1270933831\" is_valid=\"1\"/></ezimage>\n','ezimage',666,'ita-IT',3,0,'',4),(0,181,140,0,NULL,'','ezkeyword',667,'ita-IT',3,0,'',1),(0,181,140,0,NULL,'','ezkeyword',667,'ita-IT',3,0,'',2),(0,181,140,0,NULL,'','ezkeyword',667,'ita-IT',3,0,'',3),(0,181,140,0,NULL,'','ezkeyword',667,'ita-IT',3,0,'',4),(0,182,140,0,0,'','ezdatetime',668,'ita-IT',3,0,'',1),(0,182,140,0,0,'','ezdatetime',668,'ita-IT',3,0,'',2),(0,182,140,0,0,'','ezdatetime',668,'ita-IT',3,0,'',3),(0,182,140,0,0,'','ezdatetime',668,'ita-IT',3,0,'',4),(0,4,141,0,NULL,'Krapfen','ezstring',669,'ita-IT',3,0,'krapfen',1),(0,155,141,0,NULL,'','ezstring',670,'ita-IT',3,0,'',1),(0,119,141,0,1045487555,'<?xml version=\"1.0\" encoding=\"utf-8\"?>\n<section xmlns:image=\"http://ez.no/namespaces/ezpublish3/image/\" xmlns:xhtml=\"http://ez.no/namespaces/ezpublish3/xhtml/\" xmlns:custom=\"http://ez.no/namespaces/ezpublish3/custom/\"/>\n','ezxmltext',671,'ita-IT',3,0,'',1),(0,156,141,0,1045487555,'<?xml version=\"1.0\" encoding=\"utf-8\"?>\n<section xmlns:image=\"http://ez.no/namespaces/ezpublish3/image/\" xmlns:xhtml=\"http://ez.no/namespaces/ezpublish3/xhtml/\" xmlns:custom=\"http://ez.no/namespaces/ezpublish3/custom/\"/>\n','ezxmltext',672,'ita-IT',3,0,'',1),(673,158,141,0,1,'','ezboolean',673,'ita-IT',3,1,'',1),(0,363,141,0,NULL,'<?xml version=\"1.0\" encoding=\"utf-8\"?>\n<ezimage serial_number=\"1\" is_valid=\"1\" filename=\"Krapfen.jpg\" suffix=\"jpg\" basename=\"Krapfen\" dirpath=\"var/mondelli/storage/images/foto/bomboloni/krapfen/674-1-ita-IT\" url=\"var/mondelli/storage/images/foto/bomboloni/krapfen/674-1-ita-IT/Krapfen.jpg\" original_filename=\"Wunderding.jpg\" mime_type=\"image/jpeg\" width=\"1122\" height=\"1417\" alternative_text=\"\" alias_key=\"1293033771\" timestamp=\"1269451620\"><original attribute_id=\"674\" attribute_version=\"1\" attribute_language=\"ita-IT\"/><information Height=\"1417\" Width=\"1122\" IsColor=\"1\"/><alias name=\"folderthumbnail\" filename=\"Krapfen_folderthumbnail.jpg\" suffix=\"jpg\" dirpath=\"var/mondelli/storage/images/foto/bomboloni/krapfen/674-1-ita-IT\" url=\"var/mondelli/storage/images/foto/bomboloni/krapfen/674-1-ita-IT/Krapfen_folderthumbnail.jpg\" mime_type=\"image/jpeg\" width=\"180\" height=\"180\" alias_key=\"994317382\" timestamp=\"1269451621\" is_valid=\"1\"/></ezimage>\n','ezimage',674,'ita-IT',3,0,'',1),(0,181,141,0,NULL,'','ezkeyword',675,'ita-IT',3,0,'',1),(0,182,141,0,0,'','ezdatetime',676,'ita-IT',3,0,'',1),(0,4,142,0,NULL,'Kiffel','ezstring',677,'ita-IT',3,0,'kiffel',1),(0,155,142,0,NULL,'','ezstring',678,'ita-IT',3,0,'',1),(0,119,142,0,1045487555,'<?xml version=\"1.0\" encoding=\"utf-8\"?>\n<section xmlns:image=\"http://ez.no/namespaces/ezpublish3/image/\" xmlns:xhtml=\"http://ez.no/namespaces/ezpublish3/xhtml/\" xmlns:custom=\"http://ez.no/namespaces/ezpublish3/custom/\"/>\n','ezxmltext',679,'ita-IT',3,0,'',1),(0,156,142,0,1045487555,'<?xml version=\"1.0\" encoding=\"utf-8\"?>\n<section xmlns:image=\"http://ez.no/namespaces/ezpublish3/image/\" xmlns:xhtml=\"http://ez.no/namespaces/ezpublish3/xhtml/\" xmlns:custom=\"http://ez.no/namespaces/ezpublish3/custom/\"/>\n','ezxmltext',680,'ita-IT',3,0,'',1),(681,158,142,0,1,'','ezboolean',681,'ita-IT',3,1,'',1),(0,363,142,0,NULL,'<?xml version=\"1.0\" encoding=\"utf-8\"?>\n<ezimage serial_number=\"1\" is_valid=\"1\" filename=\"Kiffel.jpg\" suffix=\"jpg\" basename=\"Kiffel\" dirpath=\"var/mondelli/storage/images/foto/bomboloni/kiffel/682-1-ita-IT\" url=\"var/mondelli/storage/images/foto/bomboloni/kiffel/682-1-ita-IT/Kiffel.jpg\" original_filename=\"___Inimical_Chimera___.jpg\" mime_type=\"image/jpeg\" width=\"888\" height=\"1213\" alternative_text=\"\" alias_key=\"1293033771\" timestamp=\"1269451656\"><original attribute_id=\"682\" attribute_version=\"1\" attribute_language=\"ita-IT\"/><information Height=\"1213\" Width=\"888\" IsColor=\"1\"/><alias name=\"folderthumbnail\" filename=\"Kiffel_folderthumbnail.jpg\" suffix=\"jpg\" dirpath=\"var/mondelli/storage/images/foto/bomboloni/kiffel/682-1-ita-IT\" url=\"var/mondelli/storage/images/foto/bomboloni/kiffel/682-1-ita-IT/Kiffel_folderthumbnail.jpg\" mime_type=\"image/jpeg\" width=\"180\" height=\"180\" alias_key=\"994317382\" timestamp=\"1269451657\" is_valid=\"1\"/></ezimage>\n','ezimage',682,'ita-IT',3,0,'',1),(0,181,142,0,NULL,'','ezkeyword',683,'ita-IT',3,0,'',1),(0,182,142,0,0,'','ezdatetime',684,'ita-IT',3,0,'',1),(0,366,57,0,NULL,'<?xml version=\"1.0\" encoding=\"utf-8\"?>\n<ezimage serial_number=\"1\" is_valid=\"\" filename=\"\" suffix=\"\" basename=\"\" dirpath=\"\" url=\"\" original_filename=\"\" mime_type=\"\" width=\"\" height=\"\" alternative_text=\"\" alias_key=\"1293033771\" timestamp=\"1269852896\"><original attribute_id=\"688\" attribute_version=\"5\" attribute_language=\"ita-IT\"/></ezimage>\n','ezimage',688,'ita-IT',3,0,'',10),(0,366,57,0,NULL,'<?xml version=\"1.0\" encoding=\"utf-8\"?>\n<ezimage serial_number=\"1\" is_valid=\"\" filename=\"\" suffix=\"\" basename=\"\" dirpath=\"\" url=\"\" original_filename=\"\" mime_type=\"\" width=\"\" height=\"\" alternative_text=\"\" alias_key=\"1293033771\" timestamp=\"1269852896\"><original attribute_id=\"688\" attribute_version=\"5\" attribute_language=\"ita-IT\"/></ezimage>\n','ezimage',688,'ita-IT',3,0,'',11),(0,366,57,0,NULL,'<?xml version=\"1.0\" encoding=\"utf-8\"?>\n<ezimage serial_number=\"1\" is_valid=\"\" filename=\"\" suffix=\"\" basename=\"\" dirpath=\"\" url=\"\" original_filename=\"\" mime_type=\"\" width=\"\" height=\"\" alternative_text=\"\" alias_key=\"1293033771\" timestamp=\"1269852896\"><original attribute_id=\"688\" attribute_version=\"5\" attribute_language=\"ita-IT\"/></ezimage>\n','ezimage',688,'ita-IT',3,0,'',12),(0,366,57,0,NULL,'<?xml version=\"1.0\" encoding=\"utf-8\"?>\n<ezimage serial_number=\"1\" is_valid=\"\" filename=\"\" suffix=\"\" basename=\"\" dirpath=\"\" url=\"\" original_filename=\"\" mime_type=\"\" width=\"\" height=\"\" alternative_text=\"\" alias_key=\"1293033771\" timestamp=\"1269852896\"><original attribute_id=\"688\" attribute_version=\"5\" attribute_language=\"ita-IT\"/></ezimage>\n','ezimage',688,'ita-IT',3,0,'',13),(0,366,57,0,NULL,'<?xml version=\"1.0\" encoding=\"utf-8\"?>\n<ezimage serial_number=\"1\" is_valid=\"\" filename=\"\" suffix=\"\" basename=\"\" dirpath=\"\" url=\"\" original_filename=\"\" mime_type=\"\" width=\"\" height=\"\" alternative_text=\"\" alias_key=\"1293033771\" timestamp=\"1269852896\"><original attribute_id=\"688\" attribute_version=\"5\" attribute_language=\"ita-IT\"/></ezimage>\n','ezimage',688,'ita-IT',3,0,'',14),(0,366,57,0,NULL,'<?xml version=\"1.0\" encoding=\"utf-8\"?>\n<ezimage serial_number=\"1\" is_valid=\"\" filename=\"\" suffix=\"\" basename=\"\" dirpath=\"\" url=\"\" original_filename=\"\" mime_type=\"\" width=\"\" height=\"\" alternative_text=\"\" alias_key=\"1293033771\" timestamp=\"1269852896\"><original attribute_id=\"688\" attribute_version=\"5\" attribute_language=\"ita-IT\"/></ezimage>\n','ezimage',688,'ita-IT',3,0,'',15),(0,366,57,0,NULL,'<?xml version=\"1.0\" encoding=\"utf-8\"?>\n<ezimage serial_number=\"1\" is_valid=\"\" filename=\"\" suffix=\"\" basename=\"\" dirpath=\"\" url=\"\" original_filename=\"\" mime_type=\"\" width=\"\" height=\"\" alternative_text=\"\" alias_key=\"1293033771\" timestamp=\"1269852896\"><original attribute_id=\"688\" attribute_version=\"5\" attribute_language=\"ita-IT\"/></ezimage>\n','ezimage',688,'ita-IT',3,0,'',16),(0,366,57,0,NULL,'<?xml version=\"1.0\" encoding=\"utf-8\"?>\n<ezimage serial_number=\"1\" is_valid=\"\" filename=\"\" suffix=\"\" basename=\"\" dirpath=\"\" url=\"\" original_filename=\"\" mime_type=\"\" width=\"\" height=\"\" alternative_text=\"\" alias_key=\"1293033771\" timestamp=\"1269852896\"><original attribute_id=\"688\" attribute_version=\"5\" attribute_language=\"ita-IT\"/></ezimage>\n','ezimage',688,'ita-IT',3,0,'',17),(0,366,57,0,NULL,'<?xml version=\"1.0\" encoding=\"utf-8\"?>\n<ezimage serial_number=\"1\" is_valid=\"\" filename=\"\" suffix=\"\" basename=\"\" dirpath=\"\" url=\"\" original_filename=\"\" mime_type=\"\" width=\"\" height=\"\" alternative_text=\"\" alias_key=\"1293033771\" timestamp=\"1269852896\"><original attribute_id=\"688\" attribute_version=\"5\" attribute_language=\"ita-IT\"/></ezimage>\n','ezimage',688,'ita-IT',3,0,'',18),(0,366,57,0,NULL,'<?xml version=\"1.0\" encoding=\"utf-8\"?>\n<ezimage serial_number=\"1\" is_valid=\"\" filename=\"\" suffix=\"\" basename=\"\" dirpath=\"\" url=\"\" original_filename=\"\" mime_type=\"\" width=\"\" height=\"\" alternative_text=\"\" alias_key=\"1293033771\" timestamp=\"1269852896\"><original attribute_id=\"688\" attribute_version=\"5\" attribute_language=\"ita-IT\"/></ezimage>\n','ezimage',688,'ita-IT',3,0,'',19),(0,366,59,NULL,NULL,NULL,'ezimage',689,'ita-IT',2,0,'',1),(0,366,59,NULL,NULL,NULL,'ezimage',690,'ita-IT',2,0,'',2),(0,366,59,0,NULL,'<?xml version=\"1.0\" encoding=\"utf-8\"?>\n<ezimage serial_number=\"1\" is_valid=\"1\" filename=\"Foto.jpg\" suffix=\"jpg\" basename=\"Foto\" dirpath=\"var/mondelli/storage/images/foto/690-3-ita-IT\" url=\"var/mondelli/storage/images/foto/690-3-ita-IT/Foto.jpg\" original_filename=\"in_this_game__you_always_loose_by_BlueBlack.jpg\" mime_type=\"image/jpeg\" width=\"700\" height=\"885\" alternative_text=\"\" alias_key=\"1293033771\" timestamp=\"1269451866\"><original attribute_id=\"690\" attribute_version=\"3\" attribute_language=\"ita-IT\"/><information Height=\"885\" Width=\"700\" IsColor=\"1\"/><alias name=\"gallerythumbnailsquare\" filename=\"Foto_gallerythumbnailsquare.jpg\" suffix=\"jpg\" dirpath=\"var/mondelli/storage/images/foto/690-3-ita-IT\" url=\"var/mondelli/storage/images/foto/690-3-ita-IT/Foto_gallerythumbnailsquare.jpg\" mime_type=\"image/jpeg\" width=\"75\" height=\"75\" alias_key=\"4228615722\" timestamp=\"1269452285\" is_valid=\"1\"/></ezimage>\n','ezimage',690,'ita-IT',2,0,'',3),(0,366,59,0,NULL,'<?xml version=\"1.0\" encoding=\"utf-8\"?>\n<ezimage serial_number=\"1\" is_valid=\"1\" filename=\"Foto.jpg\" suffix=\"jpg\" basename=\"Foto\" dirpath=\"var/mondelli/storage/images/foto/690-3-ita-IT\" url=\"var/mondelli/storage/images/foto/690-3-ita-IT/Foto.jpg\" original_filename=\"in_this_game__you_always_loose_by_BlueBlack.jpg\" mime_type=\"image/jpeg\" width=\"700\" height=\"885\" alternative_text=\"\" alias_key=\"1293033771\" timestamp=\"1269451866\"><original attribute_id=\"690\" attribute_version=\"3\" attribute_language=\"ita-IT\"/><information Height=\"885\" Width=\"700\" IsColor=\"1\"/><alias name=\"gallerythumbnailsquare\" filename=\"Foto_gallerythumbnailsquare.jpg\" suffix=\"jpg\" dirpath=\"var/mondelli/storage/images/foto/690-3-ita-IT\" url=\"var/mondelli/storage/images/foto/690-3-ita-IT/Foto_gallerythumbnailsquare.jpg\" mime_type=\"image/jpeg\" width=\"75\" height=\"75\" alias_key=\"4228615722\" timestamp=\"1269452285\" is_valid=\"1\"/><alias name=\"medium\" filename=\"Foto_medium.jpg\" suffix=\"jpg\" dirpath=\"var/mondelli/storage/images/foto/690-3-ita-IT\" url=\"var/mondelli/storage/images/foto/690-3-ita-IT/Foto_medium.jpg\" mime_type=\"image/jpeg\" width=\"158\" height=\"200\" alias_key=\"2573207068\" timestamp=\"1269452501\" is_valid=\"1\"/><alias name=\"small\" filename=\"Foto_small.jpg\" suffix=\"jpg\" dirpath=\"var/mondelli/storage/images/foto/690-3-ita-IT\" url=\"var/mondelli/storage/images/foto/690-3-ita-IT/Foto_small.jpg\" mime_type=\"image/jpeg\" width=\"79\" height=\"100\" alias_key=\"154637809\" timestamp=\"1269508365\" is_valid=\"1\"/></ezimage>\n','ezimage',690,'ita-IT',2,0,'',4),(0,366,59,0,NULL,'<?xml version=\"1.0\" encoding=\"utf-8\"?>\n<ezimage serial_number=\"1\" is_valid=\"1\" filename=\"Foto.jpg\" suffix=\"jpg\" basename=\"Foto\" dirpath=\"var/mondelli/storage/images/foto/690-5-ita-IT\" url=\"var/mondelli/storage/images/foto/690-5-ita-IT/Foto.jpg\" original_filename=\"dans_l__imagination_by_armawolf.jpg\" mime_type=\"image/jpeg\" width=\"1250\" height=\"1250\" alternative_text=\"\" alias_key=\"1293033771\" timestamp=\"1269853335\"><original attribute_id=\"690\" attribute_version=\"5\" attribute_language=\"ita-IT\"/><information Height=\"1250\" Width=\"1250\" IsColor=\"1\" ByteOrderMotorola=\"1\" Thumbnail.FileType=\"2\" Thumbnail.MimeType=\"image/jpeg\"><array name=\"ifd0\"><item key=\"Orientation\" base64=\"1\">MQ==</item><item key=\"XResolution\" base64=\"1\">MzAwMDAwMC8xMDAwMA==</item><item key=\"YResolution\" base64=\"1\">MzAwMDAwMC8xMDAwMA==</item><item key=\"ResolutionUnit\" base64=\"1\">Mg==</item><item key=\"Software\" base64=\"1\">QWRvYmUgUGhvdG9zaG9wIENTMiBXaW5kb3dz</item><item key=\"DateTime\" base64=\"1\">MjAwNzowODoyNSAxNDo0MDo0OQ==</item><item key=\"Exif_IFD_Pointer\" base64=\"1\">MTY0</item></array><array name=\"exif\"><item key=\"ColorSpace\" base64=\"1\">MQ==</item><item key=\"ExifImageWidth\" base64=\"1\">MTI1MA==</item><item key=\"ExifImageLength\" base64=\"1\">MTI1MA==</item></array></information><alias name=\"gallerythumbnailsquare\" filename=\"Foto_gallerythumbnailsquare.jpg\" suffix=\"jpg\" dirpath=\"var/mondelli/storage/images/foto/690-5-ita-IT\" url=\"var/mondelli/storage/images/foto/690-5-ita-IT/Foto_gallerythumbnailsquare.jpg\" mime_type=\"image/jpeg\" width=\"75\" height=\"75\" alias_key=\"4228615722\" timestamp=\"1269853339\" is_valid=\"1\"/></ezimage>\n','ezimage',690,'ita-IT',2,0,'',5),(0,366,59,0,NULL,'<?xml version=\"1.0\" encoding=\"utf-8\"?>\n<ezimage serial_number=\"1\" is_valid=\"1\" filename=\"Foto.jpg\" suffix=\"jpg\" basename=\"Foto\" dirpath=\"var/mondelli/storage/images/foto/690-5-ita-IT\" url=\"var/mondelli/storage/images/foto/690-5-ita-IT/Foto.jpg\" original_filename=\"dans_l__imagination_by_armawolf.jpg\" mime_type=\"image/jpeg\" width=\"1250\" height=\"1250\" alternative_text=\"\" alias_key=\"1293033771\" timestamp=\"1269853335\"><original attribute_id=\"690\" attribute_version=\"5\" attribute_language=\"ita-IT\"/><information Height=\"1250\" Width=\"1250\" IsColor=\"1\" ByteOrderMotorola=\"1\" Thumbnail.FileType=\"2\" Thumbnail.MimeType=\"image/jpeg\"><array name=\"ifd0\"><item key=\"Orientation\" base64=\"1\">MQ==</item><item key=\"XResolution\" base64=\"1\">MzAwMDAwMC8xMDAwMA==</item><item key=\"YResolution\" base64=\"1\">MzAwMDAwMC8xMDAwMA==</item><item key=\"ResolutionUnit\" base64=\"1\">Mg==</item><item key=\"Software\" base64=\"1\">QWRvYmUgUGhvdG9zaG9wIENTMiBXaW5kb3dz</item><item key=\"DateTime\" base64=\"1\">MjAwNzowODoyNSAxNDo0MDo0OQ==</item><item key=\"Exif_IFD_Pointer\" base64=\"1\">MTY0</item></array><array name=\"exif\"><item key=\"ColorSpace\" base64=\"1\">MQ==</item><item key=\"ExifImageWidth\" base64=\"1\">MTI1MA==</item><item key=\"ExifImageLength\" base64=\"1\">MTI1MA==</item></array></information><alias name=\"gallerythumbnailsquare\" filename=\"Foto_gallerythumbnailsquare.jpg\" suffix=\"jpg\" dirpath=\"var/mondelli/storage/images/foto/690-5-ita-IT\" url=\"var/mondelli/storage/images/foto/690-5-ita-IT/Foto_gallerythumbnailsquare.jpg\" mime_type=\"image/jpeg\" width=\"75\" height=\"75\" alias_key=\"4228615722\" timestamp=\"1269853339\" is_valid=\"1\"/><alias name=\"medium\" filename=\"Foto_medium.jpg\" suffix=\"jpg\" dirpath=\"var/mondelli/storage/images/foto/690-5-ita-IT\" url=\"var/mondelli/storage/images/foto/690-5-ita-IT/Foto_medium.jpg\" mime_type=\"image/jpeg\" width=\"200\" height=\"200\" alias_key=\"2573207068\" timestamp=\"1269853363\" is_valid=\"1\"/><alias name=\"small\" filename=\"Foto_small.jpg\" suffix=\"jpg\" dirpath=\"var/mondelli/storage/images/foto/690-5-ita-IT\" url=\"var/mondelli/storage/images/foto/690-5-ita-IT/Foto_small.jpg\" mime_type=\"image/jpeg\" width=\"100\" height=\"100\" alias_key=\"154637809\" timestamp=\"1270555667\" is_valid=\"1\"/></ezimage>\n','ezimage',690,'ita-IT',2,0,'',6),(0,366,59,0,NULL,'<?xml version=\"1.0\" encoding=\"utf-8\"?>\n<ezimage serial_number=\"1\" is_valid=\"1\" filename=\"Foto.jpg\" suffix=\"jpg\" basename=\"Foto\" dirpath=\"var/mondelli/storage/images/foto/690-7-ita-IT\" url=\"var/mondelli/storage/images/foto/690-7-ita-IT/Foto.jpg\" original_filename=\"To_Autumn_by_nuriko_kun.jpg\" mime_type=\"image/jpeg\" width=\"602\" height=\"751\" alternative_text=\"\" alias_key=\"1293033771\" timestamp=\"1270935894\"><original attribute_id=\"690\" attribute_version=\"7\" attribute_language=\"ita-IT\"/><information Height=\"751\" Width=\"602\" IsColor=\"1\" ByteOrderMotorola=\"1\" Thumbnail.FileType=\"2\" Thumbnail.MimeType=\"image/jpeg\"><array name=\"ifd0\"><item key=\"Orientation\" base64=\"1\">MQ==</item><item key=\"XResolution\" base64=\"1\">OTYvMQ==</item><item key=\"YResolution\" base64=\"1\">OTYvMQ==</item><item key=\"ResolutionUnit\" base64=\"1\">Mg==</item><item key=\"Software\" base64=\"1\">QWRvYmUgUGhvdG9zaG9wIDcuMA==</item><item key=\"DateTime\" base64=\"1\">MjAwNTowNTowNiAxNzowMjoyNg==</item><item key=\"Exif_IFD_Pointer\" base64=\"1\">MTU2</item></array><array name=\"exif\"><item key=\"ColorSpace\" base64=\"1\">NjU1MzU=</item><item key=\"ExifImageWidth\" base64=\"1\">NjAy</item><item key=\"ExifImageLength\" base64=\"1\">NzUx</item></array></information><alias name=\"gallerythumbnailsquare\" filename=\"Foto_gallerythumbnailsquare.jpg\" suffix=\"jpg\" dirpath=\"var/mondelli/storage/images/foto/690-7-ita-IT\" url=\"var/mondelli/storage/images/foto/690-7-ita-IT/Foto_gallerythumbnailsquare.jpg\" mime_type=\"image/jpeg\" width=\"75\" height=\"75\" alias_key=\"4228615722\" timestamp=\"1270935895\" is_valid=\"1\"/></ezimage>\n','ezimage',690,'ita-IT',2,0,'',7),(0,366,61,NULL,NULL,NULL,'ezimage',691,'ita-IT',2,0,'',1),(0,366,61,0,NULL,'<?xml version=\"1.0\" encoding=\"utf-8\"?>\n<ezimage serial_number=\"\" is_valid=\"\" filename=\"\" suffix=\"\" basename=\"\" dirpath=\"\" url=\"\" original_filename=\"\" mime_type=\"\" width=\"\" height=\"\" alternative_text=\"\" alias_key=\"1293033771\" timestamp=\"1269452285\"/>\n','ezimage',692,'ita-IT',2,0,'',2),(0,366,61,0,NULL,'<?xml version=\"1.0\" encoding=\"utf-8\"?>\n<ezimage serial_number=\"1\" is_valid=\"1\" filename=\"Equitazione.jpg\" suffix=\"jpg\" basename=\"Equitazione\" dirpath=\"var/mondelli/storage/images/equitazione/692-3-ita-IT\" url=\"var/mondelli/storage/images/equitazione/692-3-ita-IT/Equitazione.jpg\" original_filename=\"e_x_t_r_e_m_e___P_E_T_S_by_kunkka.jpg\" mime_type=\"image/jpeg\" width=\"595\" height=\"842\" alternative_text=\"\" alias_key=\"1293033771\" timestamp=\"1269452561\"><original attribute_id=\"692\" attribute_version=\"3\" attribute_language=\"ita-IT\"/><information Height=\"842\" Width=\"595\" IsColor=\"1\"/><alias name=\"gallerythumbnailsquare\" filename=\"Equitazione_gallerythumbnailsquare.jpg\" suffix=\"jpg\" dirpath=\"var/mondelli/storage/images/equitazione/692-3-ita-IT\" url=\"var/mondelli/storage/images/equitazione/692-3-ita-IT/Equitazione_gallerythumbnailsquare.jpg\" mime_type=\"image/jpeg\" width=\"75\" height=\"75\" alias_key=\"4228615722\" timestamp=\"1269452562\" is_valid=\"1\"/><alias name=\"small\" filename=\"Equitazione_small.jpg\" suffix=\"jpg\" dirpath=\"var/mondelli/storage/images/equitazione/692-3-ita-IT\" url=\"var/mondelli/storage/images/equitazione/692-3-ita-IT/Equitazione_small.jpg\" mime_type=\"image/jpeg\" width=\"70\" height=\"100\" alias_key=\"154637809\" timestamp=\"1269508366\" is_valid=\"1\"/></ezimage>\n','ezimage',692,'ita-IT',2,0,'',3),(0,366,61,0,NULL,'<?xml version=\"1.0\" encoding=\"utf-8\"?>\n<ezimage serial_number=\"1\" is_valid=\"1\" filename=\"Equitazione.jpg\" suffix=\"jpg\" basename=\"Equitazione\" dirpath=\"var/mondelli/storage/images/equitazione/692-3-ita-IT\" url=\"var/mondelli/storage/images/equitazione/692-3-ita-IT/Equitazione.jpg\" original_filename=\"e_x_t_r_e_m_e___P_E_T_S_by_kunkka.jpg\" mime_type=\"image/jpeg\" width=\"595\" height=\"842\" alternative_text=\"\" alias_key=\"1293033771\" timestamp=\"1269452561\"><original attribute_id=\"692\" attribute_version=\"3\" attribute_language=\"ita-IT\"/><information Height=\"842\" Width=\"595\" IsColor=\"1\"/><alias name=\"gallerythumbnailsquare\" filename=\"Equitazione_gallerythumbnailsquare.jpg\" suffix=\"jpg\" dirpath=\"var/mondelli/storage/images/equitazione/692-3-ita-IT\" url=\"var/mondelli/storage/images/equitazione/692-3-ita-IT/Equitazione_gallerythumbnailsquare.jpg\" mime_type=\"image/jpeg\" width=\"75\" height=\"75\" alias_key=\"4228615722\" timestamp=\"1269452562\" is_valid=\"1\"/><alias name=\"small\" filename=\"Equitazione_small.jpg\" suffix=\"jpg\" dirpath=\"var/mondelli/storage/images/equitazione/692-3-ita-IT\" url=\"var/mondelli/storage/images/equitazione/692-3-ita-IT/Equitazione_small.jpg\" mime_type=\"image/jpeg\" width=\"70\" height=\"100\" alias_key=\"154637809\" timestamp=\"1269508366\" is_valid=\"1\"/><alias name=\"medium\" filename=\"Equitazione_medium.jpg\" suffix=\"jpg\" dirpath=\"var/mondelli/storage/images/equitazione/692-3-ita-IT\" url=\"var/mondelli/storage/images/equitazione/692-3-ita-IT/Equitazione_medium.jpg\" mime_type=\"image/jpeg\" width=\"141\" height=\"200\" alias_key=\"2573207068\" timestamp=\"1269595544\" is_valid=\"1\"/></ezimage>\n','ezimage',692,'ita-IT',2,0,'',4),(0,366,61,0,NULL,'<?xml version=\"1.0\" encoding=\"utf-8\"?>\n<ezimage serial_number=\"1\" is_valid=\"1\" filename=\"Equitazione.jpg\" suffix=\"jpg\" basename=\"Equitazione\" dirpath=\"var/mondelli/storage/images/equitazione/692-3-ita-IT\" url=\"var/mondelli/storage/images/equitazione/692-3-ita-IT/Equitazione.jpg\" original_filename=\"e_x_t_r_e_m_e___P_E_T_S_by_kunkka.jpg\" mime_type=\"image/jpeg\" width=\"595\" height=\"842\" alternative_text=\"\" alias_key=\"1293033771\" timestamp=\"1269452561\"><original attribute_id=\"692\" attribute_version=\"3\" attribute_language=\"ita-IT\"/><alias name=\"gallerythumbnailsquare\" filename=\"Equitazione_gallerythumbnailsquare.jpg\" suffix=\"jpg\" dirpath=\"var/mondelli/storage/images/equitazione/692-3-ita-IT\" url=\"var/mondelli/storage/images/equitazione/692-3-ita-IT/Equitazione_gallerythumbnailsquare.jpg\" mime_type=\"image/jpeg\" width=\"75\" height=\"75\" alias_key=\"4228615722\" timestamp=\"1269452562\" is_valid=\"1\"/><alias name=\"small\" filename=\"Equitazione_small.jpg\" suffix=\"jpg\" dirpath=\"var/mondelli/storage/images/equitazione/692-3-ita-IT\" url=\"var/mondelli/storage/images/equitazione/692-3-ita-IT/Equitazione_small.jpg\" mime_type=\"image/jpeg\" width=\"70\" height=\"100\" alias_key=\"154637809\" timestamp=\"1269508366\" is_valid=\"1\"/><alias name=\"medium\" filename=\"Equitazione_medium.jpg\" suffix=\"jpg\" dirpath=\"var/mondelli/storage/images/equitazione/692-3-ita-IT\" url=\"var/mondelli/storage/images/equitazione/692-3-ita-IT/Equitazione_medium.jpg\" mime_type=\"image/jpeg\" width=\"141\" height=\"200\" alias_key=\"2573207068\" timestamp=\"1269595544\" is_valid=\"1\"/></ezimage>\n','ezimage',692,'ita-IT',2,0,'',5),(0,366,61,0,NULL,'<?xml version=\"1.0\" encoding=\"utf-8\"?>\n<ezimage serial_number=\"1\" is_valid=\"1\" filename=\"Equitazione.jpg\" suffix=\"jpg\" basename=\"Equitazione\" dirpath=\"var/mondelli/storage/images/equitazione/692-3-ita-IT\" url=\"var/mondelli/storage/images/equitazione/692-3-ita-IT/Equitazione.jpg\" original_filename=\"e_x_t_r_e_m_e___P_E_T_S_by_kunkka.jpg\" mime_type=\"image/jpeg\" width=\"595\" height=\"842\" alternative_text=\"\" alias_key=\"1293033771\" timestamp=\"1269452561\"><original attribute_id=\"692\" attribute_version=\"3\" attribute_language=\"ita-IT\"/><alias name=\"gallerythumbnailsquare\" filename=\"Equitazione_gallerythumbnailsquare.jpg\" suffix=\"jpg\" dirpath=\"var/mondelli/storage/images/equitazione/692-3-ita-IT\" url=\"var/mondelli/storage/images/equitazione/692-3-ita-IT/Equitazione_gallerythumbnailsquare.jpg\" mime_type=\"image/jpeg\" width=\"75\" height=\"75\" alias_key=\"4228615722\" timestamp=\"1269452562\" is_valid=\"1\"/><alias name=\"small\" filename=\"Equitazione_small.jpg\" suffix=\"jpg\" dirpath=\"var/mondelli/storage/images/equitazione/692-3-ita-IT\" url=\"var/mondelli/storage/images/equitazione/692-3-ita-IT/Equitazione_small.jpg\" mime_type=\"image/jpeg\" width=\"70\" height=\"100\" alias_key=\"154637809\" timestamp=\"1269508366\" is_valid=\"1\"/><alias name=\"medium\" filename=\"Equitazione_medium.jpg\" suffix=\"jpg\" dirpath=\"var/mondelli/storage/images/equitazione/692-3-ita-IT\" url=\"var/mondelli/storage/images/equitazione/692-3-ita-IT/Equitazione_medium.jpg\" mime_type=\"image/jpeg\" width=\"141\" height=\"200\" alias_key=\"2573207068\" timestamp=\"1269595544\" is_valid=\"1\"/></ezimage>\n','ezimage',692,'ita-IT',2,0,'',6),(0,366,61,0,NULL,'<?xml version=\"1.0\" encoding=\"utf-8\"?>\n<ezimage serial_number=\"1\" is_valid=\"1\" filename=\"Equitazione.jpg\" suffix=\"jpg\" basename=\"Equitazione\" dirpath=\"var/mondelli/storage/images/equitazione/692-3-ita-IT\" url=\"var/mondelli/storage/images/equitazione/692-3-ita-IT/Equitazione.jpg\" original_filename=\"e_x_t_r_e_m_e___P_E_T_S_by_kunkka.jpg\" mime_type=\"image/jpeg\" width=\"595\" height=\"842\" alternative_text=\"\" alias_key=\"1293033771\" timestamp=\"1269452561\"><original attribute_id=\"692\" attribute_version=\"3\" attribute_language=\"ita-IT\"/><alias name=\"gallerythumbnailsquare\" filename=\"Equitazione_gallerythumbnailsquare.jpg\" suffix=\"jpg\" dirpath=\"var/mondelli/storage/images/equitazione/692-3-ita-IT\" url=\"var/mondelli/storage/images/equitazione/692-3-ita-IT/Equitazione_gallerythumbnailsquare.jpg\" mime_type=\"image/jpeg\" width=\"75\" height=\"75\" alias_key=\"4228615722\" timestamp=\"1269452562\" is_valid=\"1\"/><alias name=\"small\" filename=\"Equitazione_small.jpg\" suffix=\"jpg\" dirpath=\"var/mondelli/storage/images/equitazione/692-3-ita-IT\" url=\"var/mondelli/storage/images/equitazione/692-3-ita-IT/Equitazione_small.jpg\" mime_type=\"image/jpeg\" width=\"70\" height=\"100\" alias_key=\"154637809\" timestamp=\"1269508366\" is_valid=\"1\"/><alias name=\"medium\" filename=\"Equitazione_medium.jpg\" suffix=\"jpg\" dirpath=\"var/mondelli/storage/images/equitazione/692-3-ita-IT\" url=\"var/mondelli/storage/images/equitazione/692-3-ita-IT/Equitazione_medium.jpg\" mime_type=\"image/jpeg\" width=\"141\" height=\"200\" alias_key=\"2573207068\" timestamp=\"1269595544\" is_valid=\"1\"/></ezimage>\n','ezimage',692,'ita-IT',2,0,'',7),(0,366,61,0,NULL,'<?xml version=\"1.0\" encoding=\"utf-8\"?>\n<ezimage serial_number=\"1\" is_valid=\"1\" filename=\"Equitazione.jpg\" suffix=\"jpg\" basename=\"Equitazione\" dirpath=\"var/mondelli/storage/images/equitazione/692-8-ita-IT\" url=\"var/mondelli/storage/images/equitazione/692-8-ita-IT/Equitazione.jpg\" original_filename=\"As_Lovers_Go_by_JenZee.jpg\" mime_type=\"image/jpeg\" width=\"716\" height=\"745\" alternative_text=\"\" alias_key=\"1293033771\" timestamp=\"1270935189\"><original attribute_id=\"692\" attribute_version=\"8\" attribute_language=\"ita-IT\"/><information Height=\"745\" Width=\"716\" IsColor=\"1\"/><alias name=\"gallerythumbnailsquare\" filename=\"Equitazione_gallerythumbnailsquare.jpg\" suffix=\"jpg\" dirpath=\"var/mondelli/storage/images/equitazione/692-8-ita-IT\" url=\"var/mondelli/storage/images/equitazione/692-8-ita-IT/Equitazione_gallerythumbnailsquare.jpg\" mime_type=\"image/jpeg\" width=\"75\" height=\"75\" alias_key=\"4228615722\" timestamp=\"1270935190\" is_valid=\"1\"/></ezimage>\n','ezimage',692,'ita-IT',2,0,'',8),(0,366,62,NULL,NULL,NULL,'ezimage',693,'ita-IT',2,0,'',1),(0,366,62,0,NULL,'<?xml version=\"1.0\" encoding=\"utf-8\"?>\n<ezimage serial_number=\"\" is_valid=\"\" filename=\"\" suffix=\"\" basename=\"\" dirpath=\"\" url=\"\" original_filename=\"\" mime_type=\"\" width=\"\" height=\"\" alternative_text=\"\" alias_key=\"1293033771\" timestamp=\"1269452285\"/>\n','ezimage',694,'ita-IT',2,0,'',2),(0,366,62,0,NULL,'<?xml version=\"1.0\" encoding=\"utf-8\"?>\n<ezimage serial_number=\"1\" is_valid=\"1\" filename=\"Cucina.jpg\" suffix=\"jpg\" basename=\"Cucina\" dirpath=\"var/mondelli/storage/images/cucina/694-3-ita-IT\" url=\"var/mondelli/storage/images/cucina/694-3-ita-IT/Cucina.jpg\" original_filename=\"Miss_Lullabye.jpg\" mime_type=\"image/jpeg\" width=\"338\" height=\"667\" alternative_text=\"\" alias_key=\"1293033771\" timestamp=\"1269452611\"><original attribute_id=\"694\" attribute_version=\"3\" attribute_language=\"ita-IT\"/><information Height=\"667\" Width=\"338\" IsColor=\"1\"/><alias name=\"gallerythumbnailsquare\" filename=\"Cucina_gallerythumbnailsquare.jpg\" suffix=\"jpg\" dirpath=\"var/mondelli/storage/images/cucina/694-3-ita-IT\" url=\"var/mondelli/storage/images/cucina/694-3-ita-IT/Cucina_gallerythumbnailsquare.jpg\" mime_type=\"image/jpeg\" width=\"75\" height=\"75\" alias_key=\"4228615722\" timestamp=\"1269452612\" is_valid=\"1\"/><alias name=\"small\" filename=\"Cucina_small.jpg\" suffix=\"jpg\" dirpath=\"var/mondelli/storage/images/cucina/694-3-ita-IT\" url=\"var/mondelli/storage/images/cucina/694-3-ita-IT/Cucina_small.jpg\" mime_type=\"image/jpeg\" width=\"51\" height=\"100\" alias_key=\"154637809\" timestamp=\"1269508366\" is_valid=\"1\"/></ezimage>\n','ezimage',694,'ita-IT',2,0,'',3),(0,366,62,0,NULL,'<?xml version=\"1.0\" encoding=\"utf-8\"?>\n<ezimage serial_number=\"1\" is_valid=\"1\" filename=\"Cucina.jpg\" suffix=\"jpg\" basename=\"Cucina\" dirpath=\"var/mondelli/storage/images/cucina/694-3-ita-IT\" url=\"var/mondelli/storage/images/cucina/694-3-ita-IT/Cucina.jpg\" original_filename=\"Miss_Lullabye.jpg\" mime_type=\"image/jpeg\" width=\"338\" height=\"667\" alternative_text=\"\" alias_key=\"1293033771\" timestamp=\"1269452611\"><original attribute_id=\"694\" attribute_version=\"3\" attribute_language=\"ita-IT\"/><alias name=\"gallerythumbnailsquare\" filename=\"Cucina_gallerythumbnailsquare.jpg\" suffix=\"jpg\" dirpath=\"var/mondelli/storage/images/cucina/694-3-ita-IT\" url=\"var/mondelli/storage/images/cucina/694-3-ita-IT/Cucina_gallerythumbnailsquare.jpg\" mime_type=\"image/jpeg\" width=\"75\" height=\"75\" alias_key=\"4228615722\" timestamp=\"1269452612\" is_valid=\"1\"/><alias name=\"small\" filename=\"Cucina_small.jpg\" suffix=\"jpg\" dirpath=\"var/mondelli/storage/images/cucina/694-3-ita-IT\" url=\"var/mondelli/storage/images/cucina/694-3-ita-IT/Cucina_small.jpg\" mime_type=\"image/jpeg\" width=\"51\" height=\"100\" alias_key=\"154637809\" timestamp=\"1269508366\" is_valid=\"1\"/></ezimage>\n','ezimage',694,'ita-IT',2,0,'',4),(0,366,62,0,NULL,'<?xml version=\"1.0\" encoding=\"utf-8\"?>\n<ezimage serial_number=\"1\" is_valid=\"1\" filename=\"Cucina.jpg\" suffix=\"jpg\" basename=\"Cucina\" dirpath=\"var/mondelli/storage/images/cucina/694-5-ita-IT\" url=\"var/mondelli/storage/images/cucina/694-5-ita-IT/Cucina.jpg\" original_filename=\"displaced_by_elaborate_schemes.jpg\" mime_type=\"image/jpeg\" width=\"667\" height=\"1000\" alternative_text=\"\" alias_key=\"1293033771\" timestamp=\"1270935243\"><original attribute_id=\"694\" attribute_version=\"5\" attribute_language=\"ita-IT\"/><information Height=\"1000\" Width=\"667\" IsColor=\"1\" ByteOrderMotorola=\"1\" Thumbnail.FileType=\"2\" Thumbnail.MimeType=\"image/jpeg\"><array name=\"ifd0\"><item key=\"Orientation\" base64=\"1\">MQ==</item><item key=\"XResolution\" base64=\"1\">NjAwLzE=</item><item key=\"YResolution\" base64=\"1\">NjAwLzE=</item><item key=\"ResolutionUnit\" base64=\"1\">Mg==</item><item key=\"Software\" base64=\"1\">QWRvYmUgUGhvdG9zaG9wIDcuMA==</item><item key=\"DateTime\" base64=\"1\">MjAwNDowNDoyMSAwMTowNjoyNA==</item><item key=\"Exif_IFD_Pointer\" base64=\"1\">MTU2</item></array><array name=\"exif\"><item key=\"ColorSpace\" base64=\"1\">NjU1MzU=</item><item key=\"ExifImageWidth\" base64=\"1\">NjY3</item><item key=\"ExifImageLength\" base64=\"1\">MTAwMA==</item></array></information><alias name=\"gallerythumbnailsquare\" filename=\"Cucina_gallerythumbnailsquare.jpg\" suffix=\"jpg\" dirpath=\"var/mondelli/storage/images/cucina/694-5-ita-IT\" url=\"var/mondelli/storage/images/cucina/694-5-ita-IT/Cucina_gallerythumbnailsquare.jpg\" mime_type=\"image/jpeg\" width=\"75\" height=\"75\" alias_key=\"4228615722\" timestamp=\"1270935244\" is_valid=\"1\"/></ezimage>\n','ezimage',694,'ita-IT',2,0,'',5),(0,366,62,0,NULL,'<?xml version=\"1.0\" encoding=\"utf-8\"?>\n<ezimage serial_number=\"1\" is_valid=\"1\" filename=\"Cucina.jpg\" suffix=\"jpg\" basename=\"Cucina\" dirpath=\"var/mondelli/storage/images/cucina/694-5-ita-IT\" url=\"var/mondelli/storage/images/cucina/694-5-ita-IT/Cucina.jpg\" original_filename=\"displaced_by_elaborate_schemes.jpg\" mime_type=\"image/jpeg\" width=\"667\" height=\"1000\" alternative_text=\"\" alias_key=\"1293033771\" timestamp=\"1270935243\"><original attribute_id=\"694\" attribute_version=\"5\" attribute_language=\"ita-IT\"/><information Height=\"1000\" Width=\"667\" IsColor=\"1\" ByteOrderMotorola=\"1\" Thumbnail.FileType=\"2\" Thumbnail.MimeType=\"image/jpeg\"><array name=\"ifd0\"><item key=\"Orientation\" base64=\"1\">MQ==</item><item key=\"XResolution\" base64=\"1\">NjAwLzE=</item><item key=\"YResolution\" base64=\"1\">NjAwLzE=</item><item key=\"ResolutionUnit\" base64=\"1\">Mg==</item><item key=\"Software\" base64=\"1\">QWRvYmUgUGhvdG9zaG9wIDcuMA==</item><item key=\"DateTime\" base64=\"1\">MjAwNDowNDoyMSAwMTowNjoyNA==</item><item key=\"Exif_IFD_Pointer\" base64=\"1\">MTU2</item></array><array name=\"exif\"><item key=\"ColorSpace\" base64=\"1\">NjU1MzU=</item><item key=\"ExifImageWidth\" base64=\"1\">NjY3</item><item key=\"ExifImageLength\" base64=\"1\">MTAwMA==</item></array></information><alias name=\"gallerythumbnailsquare\" filename=\"Cucina_gallerythumbnailsquare.jpg\" suffix=\"jpg\" dirpath=\"var/mondelli/storage/images/cucina/694-5-ita-IT\" url=\"var/mondelli/storage/images/cucina/694-5-ita-IT/Cucina_gallerythumbnailsquare.jpg\" mime_type=\"image/jpeg\" width=\"75\" height=\"75\" alias_key=\"4228615722\" timestamp=\"1270935244\" is_valid=\"1\"/><alias name=\"medium\" filename=\"Cucina_medium.jpg\" suffix=\"jpg\" dirpath=\"var/mondelli/storage/images/cucina/694-5-ita-IT\" url=\"var/mondelli/storage/images/cucina/694-5-ita-IT/Cucina_medium.jpg\" mime_type=\"image/jpeg\" width=\"133\" height=\"200\" alias_key=\"2573207068\" timestamp=\"1270935532\" is_valid=\"1\"/></ezimage>\n','ezimage',694,'ita-IT',2,0,'',6),(0,366,63,NULL,NULL,NULL,'ezimage',695,'ita-IT',2,0,'',1),(0,366,63,NULL,NULL,NULL,'ezimage',696,'ita-IT',2,0,'',2),(0,366,63,0,NULL,'<?xml version=\"1.0\" encoding=\"utf-8\"?>\n<ezimage serial_number=\"\" is_valid=\"\" filename=\"\" suffix=\"\" basename=\"\" dirpath=\"\" url=\"\" original_filename=\"\" mime_type=\"\" width=\"\" height=\"\" alternative_text=\"\" alias_key=\"1293033771\" timestamp=\"1269452285\"/>\n','ezimage',697,'ita-IT',2,0,'',3),(0,366,63,0,NULL,'<?xml version=\"1.0\" encoding=\"utf-8\"?>\n<ezimage serial_number=\"1\" is_valid=\"1\" filename=\"Eventi.jpg\" suffix=\"jpg\" basename=\"Eventi\" dirpath=\"var/mondelli/storage/images/eventi/697-4-ita-IT\" url=\"var/mondelli/storage/images/eventi/697-4-ita-IT/Eventi.jpg\" original_filename=\"the_mind_by_suzi9mm.jpg\" mime_type=\"image/jpeg\" width=\"530\" height=\"785\" alternative_text=\"\" alias_key=\"1293033771\" timestamp=\"1269452650\"><original attribute_id=\"697\" attribute_version=\"4\" attribute_language=\"ita-IT\"/><information Height=\"785\" Width=\"530\" IsColor=\"1\" ByteOrderMotorola=\"0\" CCDWidth=\"4mm\" ApertureFNumber=\"f/13.0\" UserComment=\"\" UserCommentEncoding=\"UNDEFINED\" Thumbnail.FileType=\"2\" Thumbnail.MimeType=\"image/jpeg\"><serialized name=\"ifd0\" data=\"a:17:{s:10:&quot;ImageWidth&quot;;i:2332;s:11:&quot;ImageLength&quot;;i:3504;s:13:&quot;BitsPerSample&quot;;a:3:{i:0;i:8;i:1;i:8;i:2;i:8;}s:11:&quot;Compression&quot;;i:1;s:25:&quot;PhotometricInterpretation&quot;;i:2;s:4:&quot;Make&quot;;s:5:&quot;Canon&quot;;s:5:&quot;Model&quot;;s:13:&quot;Canon EOS 20D&quot;;s:11:&quot;Orientation&quot;;i:1;s:15:&quot;SamplesPerPixel&quot;;i:3;s:11:&quot;XResolution&quot;;s:13:&quot;3000000/10000&quot;;s:11:&quot;YResolution&quot;;s:13:&quot;3000000/10000&quot;;s:19:&quot;PlanarConfiguration&quot;;i:1;s:14:&quot;ResolutionUnit&quot;;i:2;s:8:&quot;Software&quot;;s:27:&quot;Adobe Photoshop CS2 Windows&quot;;s:8:&quot;DateTime&quot;;s:19:&quot;2005:11:10 20:08:51&quot;;s:6:&quot;Artist&quot;;s:7:&quot;unknown&quot;;s:16:&quot;Exif_IFD_Pointer&quot;;i:316;}\"/><array name=\"exif\"><item key=\"Artist\" base64=\"1\">dW5rbm93bg==</item><item key=\"ExposureTime\" base64=\"1\">MS8xMjU=</item><item key=\"FNumber\" base64=\"1\">MTMvMQ==</item><item key=\"ExposureProgram\" base64=\"1\">MQ==</item><item key=\"ISOSpeedRatings\" base64=\"1\">MTAw</item><item key=\"ExifVersion\" base64=\"1\">MDIyMQ==</item><item key=\"DateTimeOriginal\" base64=\"1\">MjAwNToxMDoyOSAyMjoyMDowNA==</item><item key=\"DateTimeDigitized\" base64=\"1\">MjAwNToxMDoyOSAyMjoyMDowNA==</item><item key=\"ComponentsConfiguration\" base64=\"1\">AAAAAA==</item><item key=\"ShutterSpeedValue\" base64=\"1\">NDU2NTEwLzY1NTM2</item><item key=\"ApertureValue\" base64=\"1\">NDg1MDI0LzY1NTM2</item><item key=\"ExposureBiasValue\" base64=\"1\">MC8y</item><item key=\"MeteringMode\" base64=\"1\">NQ==</item><item key=\"Flash\" base64=\"1\">MTY=</item><item key=\"FocalLength\" base64=\"1\">MTA1LzE=</item><item key=\"UserComment\" base64=\"1\">AAAAAAAAAAAAAAAAAAAAAAAAAAAAAAAAAAAAAAAAAAAAAAAAAAAAAAAAAAAAAAAAAAAAAAAAAAAAAAAAAAAAAAAAAAAAAAAAAAAAAAAAAAAAAAAAAAAAAAAAAAAAAAAAAAAAAAAAAAAAAAAAAAAAAAAAAAAAAAAAAAAAAAAAAAAAAAAAAAAAAAAAAAAAAAAAAAAAAAAAAAAAAAAAAAAAAAAAAAAAAAAAAAAAAAAAAAAAAAAAAAAAAAAAAAAAAAAAAAAAAAAAAAAAAAAAAAAAAAAAAAAAAAAAAAAAAAAAAAAAAAAAAAAAAAAAAAAAAAAAAAAAAAAAAAAAAAAAAAAAAAAAAAAAAAAA</item><item key=\"FlashPixVersion\" base64=\"1\">MDEwMA==</item><item key=\"ColorSpace\" base64=\"1\">MQ==</item><item key=\"ExifImageWidth\" base64=\"1\">NTMw</item><item key=\"ExifImageLength\" base64=\"1\">Nzg1</item><item key=\"FocalPlaneXResolution\" base64=\"1\">NDA2NDAwMC8xNDA4</item><item key=\"FocalPlaneYResolution\" base64=\"1\">MjcwNDAwMC85Mzc=</item><item key=\"FocalPlaneResolutionUnit\" base64=\"1\">Mg==</item><item key=\"CustomRendered\" base64=\"1\">MA==</item><item key=\"ExposureMode\" base64=\"1\">MQ==</item><item key=\"WhiteBalance\" base64=\"1\">MA==</item><item key=\"SceneCaptureType\" base64=\"1\">MA==</item></array></information><alias name=\"gallerythumbnailsquare\" filename=\"Eventi_gallerythumbnailsquare.jpg\" suffix=\"jpg\" dirpath=\"var/mondelli/storage/images/eventi/697-4-ita-IT\" url=\"var/mondelli/storage/images/eventi/697-4-ita-IT/Eventi_gallerythumbnailsquare.jpg\" mime_type=\"image/jpeg\" width=\"75\" height=\"75\" alias_key=\"4228615722\" timestamp=\"1269452651\" is_valid=\"1\"/><alias name=\"small\" filename=\"Eventi_small.jpg\" suffix=\"jpg\" dirpath=\"var/mondelli/storage/images/eventi/697-4-ita-IT\" url=\"var/mondelli/storage/images/eventi/697-4-ita-IT/Eventi_small.jpg\" mime_type=\"image/jpeg\" width=\"68\" height=\"100\" alias_key=\"154637809\" timestamp=\"1269508366\" is_valid=\"1\"/></ezimage>\n','ezimage',697,'ita-IT',2,0,'',4),(0,366,63,0,NULL,'<?xml version=\"1.0\" encoding=\"utf-8\"?>\n<ezimage serial_number=\"1\" is_valid=\"1\" filename=\"Eventi.jpg\" suffix=\"jpg\" basename=\"Eventi\" dirpath=\"var/mondelli/storage/images/eventi/697-4-ita-IT\" url=\"var/mondelli/storage/images/eventi/697-4-ita-IT/Eventi.jpg\" original_filename=\"the_mind_by_suzi9mm.jpg\" mime_type=\"image/jpeg\" width=\"530\" height=\"785\" alternative_text=\"\" alias_key=\"1293033771\" timestamp=\"1269452650\"><original attribute_id=\"697\" attribute_version=\"4\" attribute_language=\"ita-IT\"/><alias name=\"gallerythumbnailsquare\" filename=\"Eventi_gallerythumbnailsquare.jpg\" suffix=\"jpg\" dirpath=\"var/mondelli/storage/images/eventi/697-4-ita-IT\" url=\"var/mondelli/storage/images/eventi/697-4-ita-IT/Eventi_gallerythumbnailsquare.jpg\" mime_type=\"image/jpeg\" width=\"75\" height=\"75\" alias_key=\"4228615722\" timestamp=\"1269452651\" is_valid=\"1\"/><alias name=\"small\" filename=\"Eventi_small.jpg\" suffix=\"jpg\" dirpath=\"var/mondelli/storage/images/eventi/697-4-ita-IT\" url=\"var/mondelli/storage/images/eventi/697-4-ita-IT/Eventi_small.jpg\" mime_type=\"image/jpeg\" width=\"68\" height=\"100\" alias_key=\"154637809\" timestamp=\"1269508366\" is_valid=\"1\"/></ezimage>\n','ezimage',697,'ita-IT',2,0,'',5),(0,366,63,0,NULL,'<?xml version=\"1.0\" encoding=\"utf-8\"?>\n<ezimage serial_number=\"1\" is_valid=\"1\" filename=\"Eventi.jpg\" suffix=\"jpg\" basename=\"Eventi\" dirpath=\"var/mondelli/storage/images/eventi/697-6-ita-IT\" url=\"var/mondelli/storage/images/eventi/697-6-ita-IT/Eventi.jpg\" original_filename=\"No_more_peace_in_artcommunity_by_korone.jpg\" mime_type=\"image/jpeg\" width=\"700\" height=\"951\" alternative_text=\"\" alias_key=\"1293033771\" timestamp=\"1270935452\"><original attribute_id=\"697\" attribute_version=\"6\" attribute_language=\"ita-IT\"/><information Height=\"951\" Width=\"700\" IsColor=\"1\" ByteOrderMotorola=\"1\" Thumbnail.FileType=\"2\" Thumbnail.MimeType=\"image/jpeg\"><array name=\"ifd0\"><item key=\"Orientation\" base64=\"1\">MQ==</item><item key=\"XResolution\" base64=\"1\">MzAwLzE=</item><item key=\"YResolution\" base64=\"1\">MzAwLzE=</item><item key=\"ResolutionUnit\" base64=\"1\">Mg==</item><item key=\"Software\" base64=\"1\">QWRvYmUgUGhvdG9zaG9wIDcuMA==</item><item key=\"DateTime\" base64=\"1\">MjAwNTowODoxNyAyMjowOToxMA==</item><item key=\"Exif_IFD_Pointer\" base64=\"1\">MTU2</item></array><array name=\"exif\"><item key=\"ColorSpace\" base64=\"1\">NjU1MzU=</item><item key=\"ExifImageWidth\" base64=\"1\">NzAw</item><item key=\"ExifImageLength\" base64=\"1\">OTUx</item></array></information><alias name=\"gallerythumbnailsquare\" filename=\"Eventi_gallerythumbnailsquare.jpg\" suffix=\"jpg\" dirpath=\"var/mondelli/storage/images/eventi/697-6-ita-IT\" url=\"var/mondelli/storage/images/eventi/697-6-ita-IT/Eventi_gallerythumbnailsquare.jpg\" mime_type=\"image/jpeg\" width=\"75\" height=\"75\" alias_key=\"4228615722\" timestamp=\"1270935453\" is_valid=\"1\"/></ezimage>\n','ezimage',697,'ita-IT',2,0,'',6),(0,367,57,0,NULL,'','eztext',703,'ita-IT',3,0,'',10),(0,367,57,0,NULL,'','eztext',703,'ita-IT',3,0,'',11),(0,367,57,0,NULL,'','eztext',703,'ita-IT',3,0,'',12),(0,367,57,0,NULL,'','eztext',703,'ita-IT',3,0,'',13),(0,367,57,0,NULL,'','eztext',703,'ita-IT',3,0,'',14),(0,367,57,0,NULL,'','eztext',703,'ita-IT',3,0,'',15),(0,367,57,0,NULL,'','eztext',703,'ita-IT',3,0,'',16),(0,367,57,0,NULL,'','eztext',703,'ita-IT',3,0,'',17),(0,367,57,0,NULL,'','eztext',703,'ita-IT',3,0,'',18),(0,367,57,0,NULL,'','eztext',703,'ita-IT',3,0,'',19),(0,367,59,NULL,NULL,NULL,'eztext',704,'ita-IT',2,0,'',1),(0,367,59,NULL,NULL,NULL,'eztext',705,'ita-IT',2,0,'',2),(0,367,59,NULL,NULL,NULL,'eztext',706,'ita-IT',2,0,'',3),(0,367,59,0,NULL,'Lorem ipsum dolor sit amet, consectetur adipiscing elit. Nunc venenatis tempor posuere. Vivamus ultricies massa vel ante malesuada ultrices. Duis non lectus ac eros tincidunt lacinia. Vestibulum ante ipsum primis in faucibus orci luctus ','eztext',706,'ita-IT',2,0,'',4),(0,367,59,0,NULL,'Lorem ipsum dolor sit amet, consectetur adipiscing elit. Nunc venenatis tempor posuere. Vivamus ultricies massa vel ante malesuada ultrices. Duis non lectus ac eros tincidunt lacinia. Vestibulum ante ipsum primis in faucibus orci luctus ','eztext',706,'ita-IT',2,0,'',5),(0,367,59,0,NULL,'Lorem ipsum dolor sit amet, consectetur adipiscing elit. Nunc venenatis tempor posuere. Vivamus ultricies massa vel ante malesuada ultrices. Duis non lectus ac eros tincidunt lacinia. Vestibulum ante ipsum primis in faucibus orci luctus ','eztext',706,'ita-IT',2,0,'',6),(0,367,59,0,NULL,'Lorem ipsum dolor sit amet, consectetur adipiscing elit. Nunc venenatis tempor posuere. Vivamus ultricies massa vel ante malesuada ultrices. Duis non lectus ac eros tincidunt lacinia. Vestibulum ante ipsum primis in faucibus orci luctus ','eztext',706,'ita-IT',2,0,'',7),(0,367,61,NULL,NULL,NULL,'eztext',707,'ita-IT',2,0,'',1),(0,367,61,NULL,NULL,NULL,'eztext',708,'ita-IT',2,0,'',2),(0,367,61,0,NULL,'Lorem ipsum dolor sit amet, consectetur adipiscing elit. Nunc venenatis tempor posuere. Vivamus ultricies massa vel ante malesuada ultrices. Duis non lectus ac eros tincidunt lacinia. Vestibulum ante ipsum primis in faucibus orci luctus et ultrices posuere cubilia Curae; Ut facilisis congue diam non cursus. Nunc varius urna quis augue euismod venenatis. Nam pretium sapien non turpis viverra ac accumsan ligula lacinia.','eztext',708,'ita-IT',2,0,'',3),(0,367,61,0,NULL,'Lorem ipsum dolor sit amet, consectetur adipiscing elit. Nunc venenatis tempor posuere. Vivamus ultricies massa vel ante malesuada ultrices. Duis non lectus ac eros tincidunt lacinia. Vestibulum ante ipsum primis in faucibus orci luctus et ultrices posuere cubilia Curae; Ut facilisis congue diam non cursus. Nunc varius urna quis augue euismod venenatis. Nam pretium sapien non turpis viverra ac accumsan ligula lacinia.','eztext',708,'ita-IT',2,0,'',4),(0,367,61,0,NULL,'Lorem ipsum dolor sit amet, consectetur adipiscing elit. Nunc venenatis tempor posuere. Vivamus ultricies massa vel ante malesuada ultrices. Duis non lectus ac eros tincidunt lacinia. Vestibulum ante ipsum primis in faucibus orci luctus et ultrices posuere cubilia Curae; Ut facilisis congue diam non cursus. Nunc varius urna quis augue euismod venenatis. Nam pretium sapien non turpis viverra ac accumsan ligula lacinia.','eztext',708,'ita-IT',2,0,'',5),(0,367,61,0,NULL,'Lorem ipsum dolor sit amet, consectetur adipiscing elit. Nunc venenatis tempor posuere. Vivamus ultricies massa vel ante malesuada ultrices. Duis non lectus ac eros tincidunt lacinia. Vestibulum ante ipsum primis in faucibus orci luctus et ultrices posuere cubilia Curae; Ut facilisis congue diam non cursus. Nunc varius urna quis augue euismod venenatis. Nam pretium sapien non turpis viverra ac accumsan ligula lacinia.','eztext',708,'ita-IT',2,0,'',6),(0,367,61,0,NULL,'Lorem ipsum dolor sit amet, consectetur adipiscing elit. Nunc venenatis tempor posuere. Vivamus ultricies massa vel ante malesuada ultrices. Duis non lectus ac eros tincidunt lacinia. Vestibulum ante ipsum primis in faucibus orci luctus et ultrices posuere cubilia Curae; Ut facilisis congue diam non cursus. Nunc varius urna quis augue euismod venenatis. Nam pretium sapien non turpis viverra ac accumsan ligula lacinia.','eztext',708,'ita-IT',2,0,'',7),(0,367,61,0,NULL,'Lorem ipsum dolor sit amet, consectetur adipiscing elit. Nunc venenatis tempor posuere. Vivamus ultricies massa vel ante malesuada ultrices. Duis non lectus ac eros tincidunt lacinia. Vestibulum ante ipsum primis in faucibus orci luctus et ultrices posuere cubilia Curae; Ut facilisis congue diam non cursus. Nunc varius urna quis augue euismod venenatis. Nam pretium sapien non turpis viverra ac accumsan ligula lacinia.','eztext',708,'ita-IT',2,0,'',8),(0,367,62,NULL,NULL,NULL,'eztext',709,'ita-IT',2,0,'',1),(0,367,62,NULL,NULL,NULL,'eztext',710,'ita-IT',2,0,'',2),(0,367,62,0,NULL,'Lorem ipsum dolor sit amet, consectetur adipiscing elit. Nunc venenatis tempor posuere. Vivamus ultricies massa vel ante malesuada ultrices. Duis non lectus ac eros tincidunt lacinia. Vestibulum ante ipsum primis in faucibus orci luctus et ultrices posuere cubilia Curae; Ut facilisis congue diam non cursus. Nunc varius urna quis augue euismod venenatis. Nam pretium sapien non turpis viverra ac accumsan ligula lacinia.','eztext',710,'ita-IT',2,0,'',3),(0,367,62,0,NULL,'Lorem ipsum dolor sit amet, consectetur adipiscing elit. Nunc venenatis tempor posuere. Vivamus ultricies massa vel ante malesuada ultrices. Duis non lectus ac eros tincidunt lacinia. Vestibulum ante ipsum primis in faucibus orci luctus et ultrices posuere cubilia Curae; Ut facilisis congue diam non cursus. Nunc varius urna quis augue euismod venenatis. Nam pretium sapien non turpis viverra ac accumsan ligula lacinia.','eztext',710,'ita-IT',2,0,'',4),(0,367,62,0,NULL,'Lorem ipsum dolor sit amet, consectetur adipiscing elit. Nunc venenatis tempor posuere. Vivamus ultricies massa vel ante malesuada ultrices. Duis non lectus ac eros tincidunt lacinia. Vestibulum ante ipsum primis in faucibus orci luctus et ultrices posuere cubilia Curae; Ut facilisis congue diam non cursus. Nunc varius urna quis augue euismod venenatis. Nam pretium sapien non turpis viverra ac accumsan ligula lacinia.','eztext',710,'ita-IT',2,0,'',5),(0,367,62,0,NULL,'Lorem ipsum dolor sit amet, consectetur adipiscing elit. Nunc venenatis tempor posuere. Vivamus ultricies massa vel ante malesuada ultrices. Duis non lectus ac eros tincidunt lacinia. Vestibulum ante ipsum primis in faucibus orci luctus et ultrices posuere cubilia Curae; Ut facilisis congue diam non cursus. Nunc varius urna quis augue euismod venenatis. Nam pretium sapien non turpis viverra ac accumsan ligula lacinia.','eztext',710,'ita-IT',2,0,'',6),(0,367,63,NULL,NULL,NULL,'eztext',711,'ita-IT',2,0,'',1),(0,367,63,NULL,NULL,NULL,'eztext',712,'ita-IT',2,0,'',2),(0,367,63,NULL,NULL,NULL,'eztext',713,'ita-IT',2,0,'',3),(0,367,63,0,NULL,'Lorem ipsum dolor sit amet, consectetur adipiscing elit. Nunc venenatis tempor posuere. Vivamus ultricies massa vel ante malesuada ultrices. Duis non lectus ac eros tincidunt lacinia. Vestibulum ante ipsum primis in faucibus orci luctus et ultrices posuere cubilia Curae; Ut facilisis congue diam non cursus. Nunc varius urna quis augue euismod venenatis. Nam pretium sapien non turpis viverra ac accumsan ligula lacinia.','eztext',713,'ita-IT',2,0,'',4),(0,367,63,0,NULL,'Lorem ipsum dolor sit amet, consectetur adipiscing elit. Nunc venenatis tempor posuere. Vivamus ultricies massa vel ante malesuada ultrices. Duis non lectus ac eros tincidunt lacinia. Vestibulum ante ipsum primis in faucibus orci luctus et ultrices posuere cubilia Curae; Ut facilisis congue diam non cursus. Nunc varius urna quis augue euismod venenatis. Nam pretium sapien non turpis viverra ac accumsan ligula lacinia.','eztext',713,'ita-IT',2,0,'',5),(0,367,63,0,NULL,'Lorem ipsum dolor sit amet, consectetur adipiscing elit. Nunc venenatis tempor posuere. Vivamus ultricies massa vel ante malesuada ultrices. Duis non lectus ac eros tincidunt lacinia. Vestibulum ante ipsum primis in faucibus orci luctus et ultrices posuere cubilia Curae; Ut facilisis congue diam non cursus. Nunc varius urna quis augue euismod venenatis. Nam pretium sapien non turpis viverra ac accumsan ligula lacinia.','eztext',713,'ita-IT',2,0,'',6),(0,368,65,NULL,NULL,NULL,'ezimage',715,'ita-IT',2,0,'',1),(0,368,65,NULL,NULL,NULL,'ezimage',716,'ita-IT',2,0,'',2),(0,368,65,0,NULL,'<?xml version=\"1.0\" encoding=\"utf-8\"?>\n<ezimage serial_number=\"\" is_valid=\"\" filename=\"\" suffix=\"\" basename=\"\" dirpath=\"\" url=\"\" original_filename=\"\" mime_type=\"\" width=\"\" height=\"\" alternative_text=\"\" alias_key=\"1293033771\" timestamp=\"1269459808\"/>\n','ezimage',717,'ita-IT',2,0,'',3),(0,368,65,0,NULL,'<?xml version=\"1.0\" encoding=\"utf-8\"?>\n<ezimage serial_number=\"1\" is_valid=\"1\" filename=\"Calendario.jpg\" suffix=\"jpg\" basename=\"Calendario\" dirpath=\"var/mondelli/storage/images/eventi/calendario/717-4-ita-IT\" url=\"var/mondelli/storage/images/eventi/calendario/717-4-ita-IT/Calendario.jpg\" original_filename=\"summoners.jpg\" mime_type=\"image/jpeg\" width=\"550\" height=\"733\" alternative_text=\"\" alias_key=\"1293033771\" timestamp=\"1269459837\"><original attribute_id=\"717\" attribute_version=\"4\" attribute_language=\"ita-IT\"/><information Height=\"733\" Width=\"550\" IsColor=\"1\"/><alias name=\"megadropsmall\" filename=\"Calendario_megadropsmall.jpg\" suffix=\"jpg\" dirpath=\"var/mondelli/storage/images/eventi/calendario/717-4-ita-IT\" url=\"var/mondelli/storage/images/eventi/calendario/717-4-ita-IT/Calendario_megadropsmall.jpg\" mime_type=\"image/jpeg\" width=\"40\" height=\"40\" alias_key=\"2494213375\" timestamp=\"1269459838\" is_valid=\"1\"/></ezimage>\n','ezimage',717,'ita-IT',2,0,'',4),(0,368,65,0,NULL,'<?xml version=\"1.0\" encoding=\"utf-8\"?>\n<ezimage serial_number=\"1\" is_valid=\"1\" filename=\"Calendario.jpg\" suffix=\"jpg\" basename=\"Calendario\" dirpath=\"var/mondelli/storage/images/eventi/calendario/717-4-ita-IT\" url=\"var/mondelli/storage/images/eventi/calendario/717-4-ita-IT/Calendario.jpg\" original_filename=\"summoners.jpg\" mime_type=\"image/jpeg\" width=\"550\" height=\"733\" alternative_text=\"\" alias_key=\"1293033771\" timestamp=\"1269459837\"><original attribute_id=\"717\" attribute_version=\"4\" attribute_language=\"ita-IT\"/><alias name=\"megadropsmall\" filename=\"Calendario_megadropsmall.jpg\" suffix=\"jpg\" dirpath=\"var/mondelli/storage/images/eventi/calendario/717-4-ita-IT\" url=\"var/mondelli/storage/images/eventi/calendario/717-4-ita-IT/Calendario_megadropsmall.jpg\" mime_type=\"image/jpeg\" width=\"40\" height=\"40\" alias_key=\"2494213375\" timestamp=\"1269459838\" is_valid=\"1\"/></ezimage>\n','ezimage',717,'ita-IT',2,0,'',5),(0,4,143,0,NULL,'Spellati','ezstring',718,'ita-IT',3,0,'spellati',1),(0,155,143,0,NULL,'','ezstring',719,'ita-IT',3,0,'',1),(0,119,143,0,1045487555,'<?xml version=\"1.0\" encoding=\"utf-8\"?>\n<section xmlns:image=\"http://ez.no/namespaces/ezpublish3/image/\" xmlns:xhtml=\"http://ez.no/namespaces/ezpublish3/xhtml/\" xmlns:custom=\"http://ez.no/namespaces/ezpublish3/custom/\"/>\n','ezxmltext',720,'ita-IT',3,0,'',1),(0,156,143,0,1045487555,'<?xml version=\"1.0\" encoding=\"utf-8\"?>\n<section xmlns:image=\"http://ez.no/namespaces/ezpublish3/image/\" xmlns:xhtml=\"http://ez.no/namespaces/ezpublish3/xhtml/\" xmlns:custom=\"http://ez.no/namespaces/ezpublish3/custom/\"/>\n','ezxmltext',721,'ita-IT',3,0,'',1),(722,158,143,0,1,'','ezboolean',722,'ita-IT',3,1,'',1),(0,363,143,0,NULL,'<?xml version=\"1.0\" encoding=\"utf-8\"?>\n<ezimage serial_number=\"1\" is_valid=\"\" filename=\"\" suffix=\"\" basename=\"\" dirpath=\"\" url=\"\" original_filename=\"\" mime_type=\"\" width=\"\" height=\"\" alternative_text=\"\" alias_key=\"1293033771\" timestamp=\"1269472791\"><original attribute_id=\"723\" attribute_version=\"1\" attribute_language=\"ita-IT\"/></ezimage>\n','ezimage',723,'ita-IT',3,0,'',1),(0,181,143,0,NULL,'','ezkeyword',724,'ita-IT',3,0,'',1),(0,182,143,0,0,'','ezdatetime',725,'ita-IT',3,0,'',1),(0,183,144,0,NULL,'La tana dei tori','ezstring',726,'ita-IT',2,0,'la tana dei tori',1),(0,183,144,0,NULL,'La tana dei tori','ezstring',726,'ita-IT',2,0,'la tana dei tori',2),(0,183,144,0,NULL,'La tana dei tori','ezstring',726,'ita-IT',2,0,'la tana dei tori',3),(0,183,144,0,NULL,'La tana dei tori','ezstring',726,'ita-IT',2,0,'la tana dei tori',4),(0,183,144,0,NULL,'La tana dei tori','ezstring',726,'ita-IT',2,0,'la tana dei tori',5),(0,183,144,0,NULL,'La tana dei tori','ezstring',726,'ita-IT',2,0,'la tana dei tori',6),(0,183,144,0,NULL,'La tana dei tori','ezstring',726,'ita-IT',2,0,'la tana dei tori',7),(0,184,144,0,NULL,'','ezstring',727,'ita-IT',2,0,'',1),(0,184,144,0,NULL,'','ezstring',727,'ita-IT',2,0,'',2),(0,184,144,0,NULL,'','ezstring',727,'ita-IT',2,0,'',3),(0,184,144,0,NULL,'','ezstring',727,'ita-IT',2,0,'',4),(0,184,144,0,NULL,'','ezstring',727,'ita-IT',2,0,'',5),(0,184,144,0,NULL,'','ezstring',727,'ita-IT',2,0,'',6),(0,184,144,0,NULL,'','ezstring',727,'ita-IT',2,0,'',7),(0,185,144,0,NULL,'<?xml version=\"1.0\" encoding=\"utf-8\"?>\n<ezauthor><authors><author id=\"0\" name=\"Administrator User\" email=\"mosarg@gmail.com\"/></authors></ezauthor>\n','ezauthor',728,'ita-IT',2,0,'',1),(0,185,144,0,NULL,'<?xml version=\"1.0\" encoding=\"utf-8\"?>\n<ezauthor><authors><author id=\"0\" name=\"Administrator User\" email=\"mosarg@gmail.com\"/></authors></ezauthor>\n','ezauthor',728,'ita-IT',2,0,'',2),(0,185,144,0,NULL,'<?xml version=\"1.0\" encoding=\"utf-8\"?>\n<ezauthor><authors><author id=\"0\" name=\"Administrator User\" email=\"mosarg@gmail.com\"/></authors></ezauthor>\n','ezauthor',728,'ita-IT',2,0,'',3),(0,185,144,0,NULL,'<?xml version=\"1.0\" encoding=\"utf-8\"?>\n<ezauthor><authors><author id=\"0\" name=\"Administrator User\" email=\"mosarg@gmail.com\"/></authors></ezauthor>\n','ezauthor',728,'ita-IT',2,0,'',4),(0,185,144,0,NULL,'<?xml version=\"1.0\" encoding=\"utf-8\"?>\n<ezauthor><authors><author id=\"0\" name=\"Administrator User\" email=\"mosarg@gmail.com\"/></authors></ezauthor>\n','ezauthor',728,'ita-IT',2,0,'',5),(0,185,144,0,NULL,'<?xml version=\"1.0\" encoding=\"utf-8\"?>\n<ezauthor><authors><author id=\"0\" name=\"Administrator User\" email=\"mosarg@gmail.com\"/></authors></ezauthor>\n','ezauthor',728,'ita-IT',2,0,'',6),(0,185,144,0,NULL,'<?xml version=\"1.0\" encoding=\"utf-8\"?>\n<ezauthor><authors><author id=\"0\" name=\"Administrator User\" email=\"mosarg@gmail.com\"/></authors></ezauthor>\n','ezauthor',728,'ita-IT',2,0,'',7),(0,186,144,0,1045487555,'<?xml version=\"1.0\" encoding=\"utf-8\"?>\n<section xmlns:image=\"http://ez.no/namespaces/ezpublish3/image/\" xmlns:xhtml=\"http://ez.no/namespaces/ezpublish3/xhtml/\" xmlns:custom=\"http://ez.no/namespaces/ezpublish3/custom/\"><paragraph>Lorem ipsum dolor sit amet, consectetur adipiscing elit. Duis quis ligula a nunc iaculis luctus. Sed in quam enim, blandit condimentum orci. Aliquam non ante lectus. Sed vel justo ut risus congue vehicula vel eget massa. Cras suscipit suscipit arcu, id vestibulum neque</paragraph></section>\n','ezxmltext',729,'ita-IT',2,0,'',1),(0,186,144,0,1045487555,'<?xml version=\"1.0\" encoding=\"utf-8\"?>\n<section xmlns:image=\"http://ez.no/namespaces/ezpublish3/image/\" xmlns:xhtml=\"http://ez.no/namespaces/ezpublish3/xhtml/\" xmlns:custom=\"http://ez.no/namespaces/ezpublish3/custom/\"><paragraph>Lorem ipsum dolor sit amet, consectetur adipiscing elit. Duis quis ligula a nunc iaculis luctus. Sed in quam enim, blandit condimentum orci. Aliquam non ante lectus. Sed vel justo ut risus congue vehicula vel eget massa. Cras suscipit suscipit arcu, id vestibulum neque</paragraph></section>\n','ezxmltext',729,'ita-IT',2,0,'',2),(0,186,144,0,1045487555,'<?xml version=\"1.0\" encoding=\"utf-8\"?>\n<section xmlns:image=\"http://ez.no/namespaces/ezpublish3/image/\" xmlns:xhtml=\"http://ez.no/namespaces/ezpublish3/xhtml/\" xmlns:custom=\"http://ez.no/namespaces/ezpublish3/custom/\"><paragraph>Lorem ipsum dolor sit amet, consectetur adipiscing elit. Duis quis ligula a nunc iaculis luctus. Sed in quam enim, blandit condimentum orci. Aliquam non ante lectus. Sed vel justo ut risus congue vehicula vel eget massa. Cras suscipit suscipit arcu, id vestibulum neque</paragraph></section>\n','ezxmltext',729,'ita-IT',2,0,'',3),(0,186,144,0,1045487555,'<?xml version=\"1.0\" encoding=\"utf-8\"?>\n<section xmlns:image=\"http://ez.no/namespaces/ezpublish3/image/\" xmlns:xhtml=\"http://ez.no/namespaces/ezpublish3/xhtml/\" xmlns:custom=\"http://ez.no/namespaces/ezpublish3/custom/\"><paragraph>Lorem ipsum dolor sit amet, consectetur adipiscing elit. Duis quis ligula a nunc iaculis luctus. Sed in quam enim, blandit condimentum orci. Aliquam non ante lectus. Sed vel justo ut risus congue vehicula vel eget massa. Cras suscipit suscipit arcu, id vestibulum neque</paragraph></section>\n','ezxmltext',729,'ita-IT',2,0,'',4),(0,186,144,0,1045487555,'<?xml version=\"1.0\" encoding=\"utf-8\"?>\n<section xmlns:image=\"http://ez.no/namespaces/ezpublish3/image/\" xmlns:xhtml=\"http://ez.no/namespaces/ezpublish3/xhtml/\" xmlns:custom=\"http://ez.no/namespaces/ezpublish3/custom/\"><paragraph>Lorem ipsum dolor sit amet, consectetur adipiscing elit. Duis quis ligula a nunc iaculis luctus. Sed in quam enim, blandit condimentum orci. Aliquam non ante lectus. Sed vel justo ut risus congue vehicula vel eget massa. Cras suscipit suscipit arcu, id vestibulum neque</paragraph></section>\n','ezxmltext',729,'ita-IT',2,0,'',5),(0,186,144,0,1045487555,'<?xml version=\"1.0\" encoding=\"utf-8\"?>\n<section xmlns:image=\"http://ez.no/namespaces/ezpublish3/image/\" xmlns:xhtml=\"http://ez.no/namespaces/ezpublish3/xhtml/\" xmlns:custom=\"http://ez.no/namespaces/ezpublish3/custom/\"><paragraph>Lorem ipsum dolor sit amet, consectetur adipiscing elit. Duis quis ligula a nunc iaculis luctus. Sed in quam enim, blandit condimentum orci. Aliquam non ante lectus. Sed vel justo ut risus congue vehicula vel eget massa. Cras suscipit suscipit arcu, id vestibulum neque</paragraph></section>\n','ezxmltext',729,'ita-IT',2,0,'',6),(0,186,144,0,1045487555,'<?xml version=\"1.0\" encoding=\"utf-8\"?>\n<section xmlns:image=\"http://ez.no/namespaces/ezpublish3/image/\" xmlns:xhtml=\"http://ez.no/namespaces/ezpublish3/xhtml/\" xmlns:custom=\"http://ez.no/namespaces/ezpublish3/custom/\"><paragraph>Lorem ipsum dolor sit amet, consectetur adipiscing elit. Duis quis ligula a nunc iaculis luctus. Sed in quam enim, blandit condimentum orci. Aliquam non ante lectus. Sed vel justo ut risus congue vehicula vel eget massa. Cras suscipit suscipit arcu, id vestibulum neque</paragraph></section>\n','ezxmltext',729,'ita-IT',2,0,'',7),(0,187,144,0,1045487555,'<?xml version=\"1.0\" encoding=\"utf-8\"?>\n<section xmlns:image=\"http://ez.no/namespaces/ezpublish3/image/\" xmlns:xhtml=\"http://ez.no/namespaces/ezpublish3/xhtml/\" xmlns:custom=\"http://ez.no/namespaces/ezpublish3/custom/\"><paragraph>Lorem ipsum dolor sit amet, consectetur adipiscing elit. Duis quis ligula a nunc iaculis luctus. Sed in quam enim, blandit condimentum orci. Aliquam non ante lectus. Sed vel justo ut risus congue vehicula vel eget massa. Cras suscipit suscipit arcu, id vestibulum neque</paragraph><paragraph> Nulla ultrices tortor purus. Vestibulum quam augue, dictum at pellentesque in, malesuada non ligula. Suspendisse molestie metus id dui congue id laoreet eros vehicula. Aliquam dapibus lobortis mi, vel sollicitudin justo sollicitudin non. Aenean aliquam pharetra sapien, eget suscipit nisi porta ac. Nam justo dolor, porta vitae auctor quis, sollicitudin a sapien. Vestibulum rutrum scelerisque magna, et lobortis lacus aliquet in. Maecenas tempor vestibulum dignissim. Phasellus ante lorem, ultricies in aliquam quis, mollis ac tellus. Pellentesque posuere dolor mattis est venenatis at consectetur velit dapibus. Nam vel lectus metus. Ut arcu urna, bibendum non fringilla vulputate, pellentesque a eros. Ut eu facilisis dolor. Nam porta neque nec lacus tincidunt sodales. Etiam luctus eros et diam adipiscing rhoncus. </paragraph><paragraph xmlns:tmp=\"http://ez.no/namespaces/ezpublish3/temporary/\"> </paragraph><paragraph>In lacus magna, eleifend tristique faucibus vel, volutpat et quam. Vivamus cursus, tellus quis lacinia hendrerit, leo ligula ultrices quam, sed mollis quam lacus quis lacus. Ut ultricies sagittis commodo. Donec tincidunt ante non massa varius facilisis. Phasellus scelerisque ipsum sit amet dui consectetur vel viverra lectus varius. Nam a neque eros, ut blandit odio. Nulla justo neque, auctor id sodales id, accumsan eu odio. Sed posuere, justo quis porta rhoncus, lorem leo blandit erat, consectetur dictum lectus nisi eget neque. Duis viverra varius lacus, sit amet scelerisque purus viverra quis. Maecenas luctus ornare lorem at convallis. Proin tortor purus, hendrerit nec consequat sit amet, faucibus a dolor. Quisque ultricies lectus nec nisi auctor vitae lacinia felis convallis. Phasellus eros lorem, adipiscing ac venenatis in, gravida ac arcu. Nullam ut ultricies lectus. Pellentesque quis urna sit amet nulla pulvinar tempor eget non neque. Aenean nec augue sit amet magna faucibus blandit. Cras vehicula odio adipiscing lectus pulvinar accumsan. Curabitur posuere dignissim urna, in suscipit tortor semper nec. Ut nisi orci, mattis sit amet congue nec, commodo vitae sem. Cras in diam eu ante rutrum sodales vehicula sagittis ante. </paragraph><paragraph> Sed id orci nunc, sit amet tincidunt massa. Proin non justo id nulla tempus convallis eu ullamcorper ante. Morbi ut rhoncus lectus. Sed gravida conv</paragraph></section>\n','ezxmltext',730,'ita-IT',2,0,'',1),(0,187,144,0,1045487555,'<?xml version=\"1.0\" encoding=\"utf-8\"?>\n<section xmlns:image=\"http://ez.no/namespaces/ezpublish3/image/\" xmlns:xhtml=\"http://ez.no/namespaces/ezpublish3/xhtml/\" xmlns:custom=\"http://ez.no/namespaces/ezpublish3/custom/\"><paragraph>Lorem ipsum dolor sit amet, consectetur adipiscing elit. Duis quis ligula a nunc iaculis luctus. Sed in quam enim, blandit condimentum orci. Aliquam non ante lectus. Sed vel justo ut risus congue vehicula vel eget massa. Cras suscipit suscipit arcu, id vestibulum neque</paragraph><paragraph> Nulla ultrices tortor purus. Vestibulum quam augue, dictum at pellentesque in, malesuada non ligula. Suspendisse molestie metus id dui congue id laoreet eros vehicula. Aliquam dapibus lobortis mi, vel sollicitudin justo sollicitudin non. Aenean aliquam pharetra sapien, eget suscipit nisi porta ac. Nam justo dolor, porta vitae auctor quis, sollicitudin a sapien. Vestibulum rutrum scelerisque magna, et lobortis lacus aliquet in. Maecenas tempor vestibulum dignissim. Phasellus ante lorem, ultricies in aliquam quis, mollis ac tellus. Pellentesque posuere dolor mattis est venenatis at consectetur velit dapibus. Nam vel lectus metus. Ut arcu urna, bibendum non fringilla vulputate, pellentesque a eros. Ut eu facilisis dolor. Nam porta neque nec lacus tincidunt sodales. Etiam luctus eros et diam adipiscing rhoncus. </paragraph><paragraph><embed size=\"medium\" view=\"embed\" object_id=\"145\" custom:offset=\"0\" custom:limit=\"5\"/></paragraph><paragraph>In lacus magna, eleifend tristique faucibus vel, volutpat et quam. Vivamus cursus, tellus quis lacinia hendrerit, leo ligula ultrices quam, sed mollis quam lacus quis lacus. Ut ultricies sagittis commodo. Donec tincidunt ante non massa varius facilisis. Phasellus scelerisque ipsum sit amet dui consectetur vel viverra lectus varius. Nam a neque eros, ut blandit odio. Nulla justo neque, auctor id sodales id, accumsan eu odio. Sed posuere, justo quis porta rhoncus, lorem leo blandit erat, consectetur dictum lectus nisi eget neque. Duis viverra varius lacus, sit amet scelerisque purus viverra quis. Maecenas luctus ornare lorem at convallis. Proin tortor purus, hendrerit nec consequat sit amet, faucibus a dolor. Quisque ultricies lectus nec nisi auctor vitae lacinia felis convallis. Phasellus eros lorem, adipiscing ac venenatis in, gravida ac arcu. Nullam ut ultricies lectus. Pellentesque quis urna sit amet nulla pulvinar tempor eget non neque. Aenean nec augue sit amet magna faucibus blandit. Cras vehicula odio adipiscing lectus pulvinar accumsan. Curabitur posuere dignissim urna, in suscipit tortor semper nec. Ut nisi orci, mattis sit amet congue nec, commodo vitae sem. Cras in diam eu ante rutrum sodales vehicula sagittis ante. </paragraph><paragraph> Sed id orci nunc, sit amet tincidunt massa. Proin non justo id nulla tempus convallis eu ullamcorper ante. Morbi ut rhoncus lectus. Sed gravida conv</paragraph></section>\n','ezxmltext',730,'ita-IT',2,0,'',2),(0,187,144,0,1045487555,'<?xml version=\"1.0\" encoding=\"utf-8\"?>\n<section xmlns:image=\"http://ez.no/namespaces/ezpublish3/image/\" xmlns:xhtml=\"http://ez.no/namespaces/ezpublish3/xhtml/\" xmlns:custom=\"http://ez.no/namespaces/ezpublish3/custom/\"><paragraph>Lorem ipsum dolor sit amet, consectetur adipiscing elit. Duis quis ligula a nunc iaculis luctus. Sed in quam enim, blandit condimentum orci. Aliquam non ante lectus. Sed vel justo ut risus congue vehicula vel eget massa. Cras suscipit suscipit arcu, id vestibulum neque</paragraph><paragraph> Nulla ultrices tortor purus. Vestibulum quam augue, dictum at pellentesque in, malesuada non ligula. Suspendisse molestie metus id dui congue id laoreet eros vehicula. Aliquam dapibus lobortis mi, vel sollicitudin justo sollicitudin non. Aenean aliquam pharetra sapien, eget suscipit nisi porta ac. Nam justo dolor, porta vitae auctor quis, sollicitudin a sapien. Vestibulum rutrum scelerisque magna, et lobortis lacus aliquet in. Maecenas tempor vestibulum dignissim. Phasellus ante lorem, ultricies in aliquam quis, mollis ac tellus. Pellentesque posuere dolor mattis est venenatis at consectetur velit dapibus. Nam vel lectus metus. Ut arcu urna, bibendum non fringilla vulputate, pellentesque a eros. Ut eu facilisis dolor. Nam porta neque nec lacus tincidunt sodales. Etiam luctus eros et diam adipiscing rhoncus. </paragraph><paragraph><embed size=\"medium\" view=\"embed\" object_id=\"145\" custom:offset=\"0\" custom:limit=\"5\"/></paragraph><paragraph>In lacus magna, eleifend tristique faucibus vel, volutpat et quam. Vivamus cursus, tellus quis lacinia hendrerit, leo ligula ultrices quam, sed mollis quam lacus quis lacus. Ut ultricies sagittis commodo. Donec tincidunt ante non massa varius facilisis. Phasellus scelerisque ipsum sit amet dui consectetur vel viverra lectus varius. Nam a neque eros, ut blandit odio. Nulla justo neque, auctor id sodales id, accumsan eu odio. Sed posuere, justo quis porta rhoncus, lorem leo blandit erat, consectetur dictum lectus nisi eget neque. Duis viverra varius lacus, sit amet scelerisque purus viverra quis. Maecenas luctus ornare lorem at convallis. Proin tortor purus, hendrerit nec consequat sit amet, faucibus a dolor. Quisque ultricies lectus nec nisi auctor vitae lacinia felis convallis. Phasellus eros lorem, adipiscing ac venenatis in, gravida ac arcu. Nullam ut ultricies lectus. Pellentesque quis urna sit amet nulla pulvinar tempor eget non neque. Aenean nec augue sit amet magna faucibus blandit. Cras vehicula odio adipiscing lectus pulvinar accumsan. Curabitur posuere dignissim urna, in suscipit tortor semper nec. Ut nisi orci, mattis sit amet congue nec, commodo vitae sem. Cras in diam eu ante rutrum sodales vehicula sagittis ante. </paragraph><paragraph><embed size=\"medium\" view=\"embed\" object_id=\"146\" custom:offset=\"0\" custom:limit=\"5\"/></paragraph><paragraph> Sed id orci nunc, sit amet tincidunt massa. Proin non justo id nulla tempus convallis eu ullamcorper ante. Morbi ut rhoncus lectus. Sed gravida conv</paragraph></section>\n','ezxmltext',730,'ita-IT',2,0,'',3),(0,187,144,0,1045487555,'<?xml version=\"1.0\" encoding=\"utf-8\"?>\n<section xmlns:image=\"http://ez.no/namespaces/ezpublish3/image/\" xmlns:xhtml=\"http://ez.no/namespaces/ezpublish3/xhtml/\" xmlns:custom=\"http://ez.no/namespaces/ezpublish3/custom/\"><paragraph>Lorem ipsum dolor sit amet, consectetur adipiscing elit. Duis quis ligula a nunc iaculis luctus. Sed in quam enim, blandit condimentum orci. Aliquam non ante lectus. Sed vel justo ut risus congue vehicula vel eget massa. Cras suscipit suscipit arcu, id vestibulum neque</paragraph><paragraph> Nulla ultrices tortor purus. Vestibulum quam augue, dictum at pellentesque in, malesuada non ligula. Suspendisse molestie metus id dui congue id laoreet eros vehicula. Aliquam dapibus lobortis mi, vel sollicitudin justo sollicitudin non. Aenean aliquam pharetra sapien, eget suscipit nisi porta ac. Nam justo dolor, porta vitae auctor quis, sollicitudin a sapien. Vestibulum rutrum scelerisque magna, et lobortis lacus aliquet in. Maecenas tempor vestibulum dignissim. Phasellus ante lorem, ultricies in aliquam quis, mollis ac tellus. Pellentesque posuere dolor mattis est venenatis at consectetur velit dapibus. Nam vel lectus metus. Ut arcu urna, bibendum non fringilla vulputate, pellentesque a eros. Ut eu facilisis dolor. Nam porta neque nec lacus tincidunt sodales. Etiam luctus eros et diam adipiscing rhoncus. </paragraph><paragraph><embed size=\"large\" view=\"embed\" align=\"center\" object_id=\"145\" custom:offset=\"0\" custom:limit=\"5\"/></paragraph><paragraph>In lacus magna, eleifend tristique faucibus vel, volutpat et quam. Vivamus cursus, tellus quis lacinia hendrerit, leo ligula ultrices quam, sed mollis quam lacus quis lacus. Ut ultricies sagittis commodo. Donec tincidunt ante non massa varius facilisis. Phasellus scelerisque ipsum sit amet dui consectetur vel viverra lectus varius. Nam a neque eros, ut blandit odio. Nulla justo neque, auctor id sodales id, accumsan eu odio. Sed posuere, justo quis porta rhoncus, lorem leo blandit erat, consectetur dictum lectus nisi eget neque. Duis viverra varius lacus, sit amet scelerisque purus viverra quis. Maecenas luctus ornare lorem at convallis. Proin tortor purus, hendrerit nec consequat sit amet, faucibus a dolor. Quisque ultricies lectus nec nisi auctor vitae lacinia felis convallis. Phasellus eros lorem, adipiscing ac venenatis in, gravida ac arcu. Nullam ut ultricies lectus. Pellentesque quis urna sit amet nulla pulvinar tempor eget non neque. Aenean nec augue sit amet magna faucibus blandit. Cras vehicula odio adipiscing lectus pulvinar accumsan. Curabitur posuere dignissim urna, in suscipit tortor semper nec. Ut nisi orci, mattis sit amet congue nec, commodo vitae sem. Cras in diam eu ante rutrum sodales vehicula sagittis ante. </paragraph><paragraph><embed size=\"large\" view=\"embed\" align=\"center\" object_id=\"146\" custom:offset=\"0\" custom:limit=\"5\"/></paragraph><paragraph> Sed id orci nunc, sit amet tincidunt massa. Proin non justo id nulla tempus convallis eu ullamcorper ante. Morbi ut rhoncus lectus. Sed gravida conv</paragraph></section>\n','ezxmltext',730,'ita-IT',2,0,'',4),(0,187,144,0,1045487555,'<?xml version=\"1.0\" encoding=\"utf-8\"?>\n<section xmlns:image=\"http://ez.no/namespaces/ezpublish3/image/\" xmlns:xhtml=\"http://ez.no/namespaces/ezpublish3/xhtml/\" xmlns:custom=\"http://ez.no/namespaces/ezpublish3/custom/\"><paragraph>Lorem ipsum dolor sit amet, consectetur adipiscing elit. Duis quis ligula a nunc iaculis luctus. Sed in quam enim, blandit condimentum orci. Aliquam non ante lectus. Sed vel justo ut risus congue vehicula vel eget massa. Cras suscipit suscipit arcu, id vestibulum neque</paragraph><paragraph> Nulla ultrices tortor purus. Vestibulum quam augue, dictum at pellentesque in, malesuada non ligula. Suspendisse molestie metus id dui congue id laoreet eros vehicula. Aliquam dapibus lobortis mi, vel sollicitudin justo sollicitudin non. Aenean aliquam pharetra sapien, eget suscipit nisi porta ac. Nam justo dolor, porta vitae auctor quis, sollicitudin a sapien. Vestibulum rutrum scelerisque magna, et lobortis lacus aliquet in. Maecenas tempor vestibulum dignissim. Phasellus ante lorem, ultricies in aliquam quis, mollis ac tellus. Pellentesque posuere dolor mattis est venenatis at consectetur velit dapibus. Nam vel lectus metus. Ut arcu urna, bibendum non fringilla vulputate, pellentesque a eros. Ut eu facilisis dolor. Nam porta neque nec lacus tincidunt sodales. Etiam luctus eros et diam adipiscing rhoncus. </paragraph><paragraph><embed size=\"large\" view=\"embed\" align=\"center\" object_id=\"145\" custom:offset=\"0\" custom:limit=\"5\"/></paragraph><paragraph>In lacus magna, eleifend tristique faucibus vel, volutpat et quam. Vivamus cursus, tellus quis lacinia hendrerit, leo ligula ultrices quam, sed mollis quam lacus quis lacus. Ut ultricies sagittis commodo. Donec tincidunt ante non massa varius facilisis. Phasellus scelerisque ipsum sit amet dui consectetur vel viverra lectus varius. Nam a neque eros, ut blandit odio. Nulla justo neque, auctor id sodales id, accumsan eu odio. Sed posuere, justo quis porta rhoncus, lorem leo blandit erat, consectetur dictum lectus nisi eget neque. Duis viverra varius lacus, sit amet scelerisque purus viverra quis. Maecenas luctus ornare lorem at convallis. Proin tortor purus, hendrerit nec consequat sit amet, faucibus a dolor. Quisque ultricies lectus nec nisi auctor vitae lacinia felis convallis. Phasellus eros lorem, adipiscing ac venenatis in, gravida ac arcu. Nullam ut ultricies lectus. Pellentesque quis urna sit amet nulla pulvinar tempor eget non neque. Aenean nec augue sit amet magna faucibus blandit. Cras vehicula odio adipiscing lectus pulvinar accumsan. Curabitur posuere dignissim urna, in suscipit tortor semper nec. Ut nisi orci, mattis sit amet congue nec, commodo vitae sem. Cras in diam eu ante rutrum sodales vehicula sagittis ante. </paragraph><paragraph><embed size=\"large\" view=\"embed\" align=\"center\" object_id=\"146\" custom:offset=\"0\" custom:limit=\"5\"/></paragraph><paragraph> Sed id orci nunc, sit amet tincidunt massa. Proin non justo id nulla tempus convallis eu ullamcorper ante. Morbi ut rhoncus lectus. Sed gravida convLorem ipsum dolor sit amet, consectetur adipiscing elit. Duis quis ligula a nunc iaculis luctus. Sed in quam enim, blandit condimentum orci. Aliquam non ante lectus. Sed vel justo ut risus congue vehicula vel eget massa. Cras suscipit suscipit arcu, id vestibulum neque</paragraph><paragraph><embed size=\"large\" view=\"embed\" align=\"center\" object_id=\"147\" custom:offset=\"0\" custom:limit=\"5\"/></paragraph></section>\n','ezxmltext',730,'ita-IT',2,0,'',5),(0,187,144,0,1045487555,'<?xml version=\"1.0\" encoding=\"utf-8\"?>\n<section xmlns:image=\"http://ez.no/namespaces/ezpublish3/image/\" xmlns:xhtml=\"http://ez.no/namespaces/ezpublish3/xhtml/\" xmlns:custom=\"http://ez.no/namespaces/ezpublish3/custom/\"><paragraph>Lorem ipsum dolor sit amet, consectetur adipiscing elit. Duis quis ligula a nunc iaculis luctus. Sed in quam enim, blandit condimentum orci. Aliquam non ante lectus. Sed vel justo ut risus congue vehicula vel eget massa. Cras suscipit suscipit arcu, id vestibulum neque</paragraph><paragraph> Nulla ultrices tortor purus. Vestibulum quam augue, dictum at pellentesque in, malesuada non ligula. Suspendisse molestie metus id dui congue id laoreet eros vehicula. Aliquam dapibus lobortis mi, vel sollicitudin justo sollicitudin non. Aenean aliquam pharetra sapien, eget suscipit nisi porta ac. Nam justo dolor, porta vitae auctor quis, sollicitudin a sapien. Vestibulum rutrum scelerisque magna, et lobortis lacus aliquet in. Maecenas tempor vestibulum dignissim. Phasellus ante lorem, ultricies in aliquam quis, mollis ac tellus. Pellentesque posuere dolor mattis est venenatis at consectetur velit dapibus. Nam vel lectus metus. Ut arcu urna, bibendum non fringilla vulputate, pellentesque a eros. Ut eu facilisis dolor. Nam porta neque nec lacus tincidunt sodales. Etiam luctus eros et diam adipiscing rhoncus. </paragraph><paragraph><embed size=\"large\" view=\"embed\" align=\"center\" object_id=\"145\" custom:offset=\"0\" custom:limit=\"5\"/></paragraph><paragraph>In lacus magna, eleifend tristique faucibus vel, volutpat et quam. Vivamus cursus, tellus quis lacinia hendrerit, leo ligula ultrices quam, sed mollis quam lacus quis lacus. Ut ultricies sagittis commodo. Donec tincidunt ante non massa varius facilisis. Phasellus scelerisque ipsum sit amet dui consectetur vel viverra lectus varius. Nam a neque eros, ut blandit odio. Nulla justo neque, auctor id sodales id, accumsan eu odio. Sed posuere, justo quis porta rhoncus, lorem leo blandit erat, consectetur dictum lectus nisi eget neque. Duis viverra varius lacus, sit amet scelerisque purus viverra quis. Maecenas luctus ornare lorem at convallis. Proin tortor purus, hendrerit nec consequat sit amet, faucibus a dolor. Quisque ultricies lectus nec nisi auctor vitae lacinia felis convallis. Phasellus eros lorem, adipiscing ac venenatis in, gravida ac arcu. Nullam ut ultricies lectus. Pellentesque quis urna sit amet nulla pulvinar tempor eget non neque. Aenean nec augue sit amet magna faucibus blandit. Cras vehicula odio adipiscing lectus pulvinar accumsan. Curabitur posuere dignissim urna, in suscipit tortor semper nec. Ut nisi orci, mattis sit amet congue nec, commodo vitae sem. Cras in diam eu ante rutrum sodales vehicula sagittis ante. </paragraph><paragraph><embed size=\"large\" view=\"embed\" align=\"center\" object_id=\"146\" custom:offset=\"0\" custom:limit=\"5\"/></paragraph><paragraph> Sed id orci nunc, sit amet tincidunt massa. Proin non justo id nulla tempus convallis eu ullamcorper ante. Morbi ut rhoncus lectus. Sed gravida convLorem ipsum dolor sit amet, consectetur adipiscing elit. Duis quis ligula a nunc iaculis luctus. Sed in quam enim, blandit condimentum orci. Aliquam non ante lectus. Sed vel justo ut risus congue vehicula vel eget massa. Cras suscipit suscipit arcu, id vestibulum neque</paragraph><paragraph><embed size=\"large\" view=\"embed\" align=\"center\" object_id=\"147\" custom:offset=\"0\" custom:limit=\"5\"/></paragraph></section>\n','ezxmltext',730,'ita-IT',2,0,'',6),(0,187,144,0,1045487555,'<?xml version=\"1.0\" encoding=\"utf-8\"?>\n<section xmlns:image=\"http://ez.no/namespaces/ezpublish3/image/\" xmlns:xhtml=\"http://ez.no/namespaces/ezpublish3/xhtml/\" xmlns:custom=\"http://ez.no/namespaces/ezpublish3/custom/\"><paragraph>Lorem ipsum dolor sit amet, consectetur adipiscing elit. Duis quis ligula a nunc iaculis luctus. Sed in quam enim, blandit condimentum orci. Aliquam non ante lectus. Sed vel justo ut risus congue vehicula vel eget massa. Cras suscipit suscipit arcu, id vestibulum neque</paragraph><paragraph> Nulla ultrices tortor purus. Vestibulum quam augue, dictum at pellentesque in, malesuada non ligula. Suspendisse molestie metus id dui congue id laoreet eros vehicula. Aliquam dapibus lobortis mi, vel sollicitudin justo sollicitudin non. Aenean aliquam pharetra sapien, eget suscipit nisi porta ac. Nam justo dolor, porta vitae auctor quis, sollicitudin a sapien. Vestibulum rutrum scelerisque magna, et lobortis lacus aliquet in. Maecenas tempor vestibulum dignissim. Phasellus ante lorem, ultricies in aliquam quis, mollis ac tellus. Pellentesque posuere dolor mattis est venenatis at consectetur velit dapibus. Nam vel lectus metus. Ut arcu urna, bibendum non fringilla vulputate, pellentesque a eros. Ut eu facilisis dolor. Nam porta neque nec lacus tincidunt sodales. Etiam luctus eros et diam adipiscing rhoncus. </paragraph><paragraph><embed size=\"large\" view=\"embed\" align=\"center\" object_id=\"145\" custom:offset=\"0\" custom:limit=\"5\"/></paragraph><paragraph>In lacus magna, eleifend tristique faucibus vel, volutpat et quam. Vivamus cursus, tellus quis lacinia hendrerit, leo ligula ultrices quam, sed mollis quam lacus quis lacus. Ut ultricies sagittis commodo. Donec tincidunt ante non massa varius facilisis. Phasellus scelerisque ipsum sit amet dui consectetur vel viverra lectus varius. Nam a neque eros, ut blandit odio. Nulla justo neque, auctor id sodales id, accumsan eu odio. Sed posuere, justo quis porta rhoncus, lorem leo blandit erat, consectetur dictum lectus nisi eget neque. Duis viverra varius lacus, sit amet scelerisque purus viverra quis. Maecenas luctus ornare lorem at convallis. Proin tortor purus, hendrerit nec consequat sit amet, faucibus a dolor. Quisque ultricies lectus nec nisi auctor vitae lacinia felis convallis. Phasellus eros lorem, adipiscing ac venenatis in, gravida ac arcu. Nullam ut ultricies lectus. Pellentesque quis urna sit amet nulla pulvinar tempor eget non neque. Aenean nec augue sit amet magna faucibus blandit. Cras vehicula odio adipiscing lectus pulvinar accumsan. Curabitur posuere dignissim urna, in suscipit tortor semper nec. Ut nisi orci, mattis sit amet congue nec, commodo vitae sem. Cras in diam eu ante rutrum sodales vehicula sagittis ante. </paragraph><paragraph><embed size=\"large\" view=\"embed\" align=\"center\" object_id=\"146\" custom:offset=\"0\" custom:limit=\"5\"/></paragraph><paragraph> Sed id orci nunc, sit amet tincidunt massa. Proin non justo id nulla tempus convallis eu ullamcorper ante. Morbi ut rhoncus lectus. Sed gravida convLorem ipsum dolor sit amet, consectetur adipiscing elit. Duis quis ligula a nunc iaculis luctus. Sed in quam enim, blandit condimentum orci. Aliquam non ante lectus. Sed vel justo ut risus congue vehicula vel eget massa. Cras suscipit suscipit arcu, id vestibulum neque</paragraph><paragraph><embed size=\"large\" view=\"embed\" align=\"center\" object_id=\"147\" custom:offset=\"0\" custom:limit=\"5\"/></paragraph></section>\n','ezxmltext',730,'ita-IT',2,0,'',7),(0,189,144,0,NULL,'<?xml version=\"1.0\" encoding=\"utf-8\"?>\n<ezimage serial_number=\"1\" is_valid=\"1\" filename=\"La-tana-dei-tori.jpg\" suffix=\"jpg\" basename=\"La-tana-dei-tori\" dirpath=\"var/mondelli/storage/images/equitazione/cavalli/la-tana-dei-tori/732-1-ita-IT\" url=\"var/mondelli/storage/images/equitazione/cavalli/la-tana-dei-tori/732-1-ita-IT/La-tana-dei-tori.jpg\" original_filename=\"Exile_by_KatiBear.jpg\" mime_type=\"image/jpeg\" width=\"600\" height=\"723\" alternative_text=\"\" alias_key=\"1293033771\" timestamp=\"1269504410\"><original attribute_id=\"732\" attribute_version=\"1\" attribute_language=\"ita-IT\"/><information Height=\"723\" Width=\"600\" IsColor=\"1\"/><alias name=\"articlethumbnail\" filename=\"La-tana-dei-tori_articlethumbnail.jpg\" suffix=\"jpg\" dirpath=\"var/mondelli/storage/images/equitazione/cavalli/la-tana-dei-tori/732-1-ita-IT\" url=\"var/mondelli/storage/images/equitazione/cavalli/la-tana-dei-tori/732-1-ita-IT/La-tana-dei-tori_articlethumbnail.jpg\" mime_type=\"image/jpeg\" width=\"70\" height=\"84\" alias_key=\"4060333652\" timestamp=\"1269504411\" is_valid=\"1\"/><alias name=\"medium\" filename=\"La-tana-dei-tori_medium.jpg\" suffix=\"jpg\" dirpath=\"var/mondelli/storage/images/equitazione/cavalli/la-tana-dei-tori/732-1-ita-IT\" url=\"var/mondelli/storage/images/equitazione/cavalli/la-tana-dei-tori/732-1-ita-IT/La-tana-dei-tori_medium.jpg\" mime_type=\"image/jpeg\" width=\"166\" height=\"200\" alias_key=\"2573207068\" timestamp=\"1269504421\" is_valid=\"1\"/></ezimage>\n','ezimage',732,'ita-IT',2,0,'',1),(0,189,144,0,NULL,'<?xml version=\"1.0\" encoding=\"utf-8\"?>\n<ezimage serial_number=\"1\" is_valid=\"1\" filename=\"La-tana-dei-tori.jpg\" suffix=\"jpg\" basename=\"La-tana-dei-tori\" dirpath=\"var/mondelli/storage/images/equitazione/cavalli/la-tana-dei-tori/732-1-ita-IT\" url=\"var/mondelli/storage/images/equitazione/cavalli/la-tana-dei-tori/732-1-ita-IT/La-tana-dei-tori.jpg\" original_filename=\"Exile_by_KatiBear.jpg\" mime_type=\"image/jpeg\" width=\"600\" height=\"723\" alternative_text=\"\" alias_key=\"1293033771\" timestamp=\"1269504410\"><original attribute_id=\"732\" attribute_version=\"1\" attribute_language=\"ita-IT\"/><information Height=\"723\" Width=\"600\" IsColor=\"1\"/><alias name=\"articlethumbnail\" filename=\"La-tana-dei-tori_articlethumbnail.jpg\" suffix=\"jpg\" dirpath=\"var/mondelli/storage/images/equitazione/cavalli/la-tana-dei-tori/732-1-ita-IT\" url=\"var/mondelli/storage/images/equitazione/cavalli/la-tana-dei-tori/732-1-ita-IT/La-tana-dei-tori_articlethumbnail.jpg\" mime_type=\"image/jpeg\" width=\"70\" height=\"84\" alias_key=\"4060333652\" timestamp=\"1269504411\" is_valid=\"1\"/><alias name=\"medium\" filename=\"La-tana-dei-tori_medium.jpg\" suffix=\"jpg\" dirpath=\"var/mondelli/storage/images/equitazione/cavalli/la-tana-dei-tori/732-1-ita-IT\" url=\"var/mondelli/storage/images/equitazione/cavalli/la-tana-dei-tori/732-1-ita-IT/La-tana-dei-tori_medium.jpg\" mime_type=\"image/jpeg\" width=\"166\" height=\"200\" alias_key=\"2573207068\" timestamp=\"1269504421\" is_valid=\"1\"/></ezimage>\n','ezimage',732,'ita-IT',2,0,'',2),(0,189,144,0,NULL,'<?xml version=\"1.0\" encoding=\"utf-8\"?>\n<ezimage serial_number=\"1\" is_valid=\"1\" filename=\"La-tana-dei-tori.jpg\" suffix=\"jpg\" basename=\"La-tana-dei-tori\" dirpath=\"var/mondelli/storage/images/equitazione/cavalli/la-tana-dei-tori/732-1-ita-IT\" url=\"var/mondelli/storage/images/equitazione/cavalli/la-tana-dei-tori/732-1-ita-IT/La-tana-dei-tori.jpg\" original_filename=\"Exile_by_KatiBear.jpg\" mime_type=\"image/jpeg\" width=\"600\" height=\"723\" alternative_text=\"\" alias_key=\"1293033771\" timestamp=\"1269504410\"><original attribute_id=\"732\" attribute_version=\"1\" attribute_language=\"ita-IT\"/><information Height=\"723\" Width=\"600\" IsColor=\"1\"/><alias name=\"articlethumbnail\" filename=\"La-tana-dei-tori_articlethumbnail.jpg\" suffix=\"jpg\" dirpath=\"var/mondelli/storage/images/equitazione/cavalli/la-tana-dei-tori/732-1-ita-IT\" url=\"var/mondelli/storage/images/equitazione/cavalli/la-tana-dei-tori/732-1-ita-IT/La-tana-dei-tori_articlethumbnail.jpg\" mime_type=\"image/jpeg\" width=\"70\" height=\"84\" alias_key=\"4060333652\" timestamp=\"1269504411\" is_valid=\"1\"/><alias name=\"medium\" filename=\"La-tana-dei-tori_medium.jpg\" suffix=\"jpg\" dirpath=\"var/mondelli/storage/images/equitazione/cavalli/la-tana-dei-tori/732-1-ita-IT\" url=\"var/mondelli/storage/images/equitazione/cavalli/la-tana-dei-tori/732-1-ita-IT/La-tana-dei-tori_medium.jpg\" mime_type=\"image/jpeg\" width=\"166\" height=\"200\" alias_key=\"2573207068\" timestamp=\"1269504421\" is_valid=\"1\"/></ezimage>\n','ezimage',732,'ita-IT',2,0,'',3),(0,189,144,0,NULL,'<?xml version=\"1.0\" encoding=\"utf-8\"?>\n<ezimage serial_number=\"1\" is_valid=\"1\" filename=\"La-tana-dei-tori.jpg\" suffix=\"jpg\" basename=\"La-tana-dei-tori\" dirpath=\"var/mondelli/storage/images/equitazione/cavalli/la-tana-dei-tori/732-1-ita-IT\" url=\"var/mondelli/storage/images/equitazione/cavalli/la-tana-dei-tori/732-1-ita-IT/La-tana-dei-tori.jpg\" original_filename=\"Exile_by_KatiBear.jpg\" mime_type=\"image/jpeg\" width=\"600\" height=\"723\" alternative_text=\"\" alias_key=\"1293033771\" timestamp=\"1269504410\"><original attribute_id=\"732\" attribute_version=\"1\" attribute_language=\"ita-IT\"/><information Height=\"723\" Width=\"600\" IsColor=\"1\"/><alias name=\"articlethumbnail\" filename=\"La-tana-dei-tori_articlethumbnail.jpg\" suffix=\"jpg\" dirpath=\"var/mondelli/storage/images/equitazione/cavalli/la-tana-dei-tori/732-1-ita-IT\" url=\"var/mondelli/storage/images/equitazione/cavalli/la-tana-dei-tori/732-1-ita-IT/La-tana-dei-tori_articlethumbnail.jpg\" mime_type=\"image/jpeg\" width=\"70\" height=\"84\" alias_key=\"4060333652\" timestamp=\"1269504411\" is_valid=\"1\"/><alias name=\"medium\" filename=\"La-tana-dei-tori_medium.jpg\" suffix=\"jpg\" dirpath=\"var/mondelli/storage/images/equitazione/cavalli/la-tana-dei-tori/732-1-ita-IT\" url=\"var/mondelli/storage/images/equitazione/cavalli/la-tana-dei-tori/732-1-ita-IT/La-tana-dei-tori_medium.jpg\" mime_type=\"image/jpeg\" width=\"166\" height=\"200\" alias_key=\"2573207068\" timestamp=\"1269504421\" is_valid=\"1\"/></ezimage>\n','ezimage',732,'ita-IT',2,0,'',4),(0,189,144,0,NULL,'<?xml version=\"1.0\" encoding=\"utf-8\"?>\n<ezimage serial_number=\"1\" is_valid=\"1\" filename=\"La-tana-dei-tori.jpg\" suffix=\"jpg\" basename=\"La-tana-dei-tori\" dirpath=\"var/mondelli/storage/images/equitazione/cavalli/la-tana-dei-tori/732-1-ita-IT\" url=\"var/mondelli/storage/images/equitazione/cavalli/la-tana-dei-tori/732-1-ita-IT/La-tana-dei-tori.jpg\" original_filename=\"Exile_by_KatiBear.jpg\" mime_type=\"image/jpeg\" width=\"600\" height=\"723\" alternative_text=\"\" alias_key=\"1293033771\" timestamp=\"1269504410\"><original attribute_id=\"732\" attribute_version=\"1\" attribute_language=\"ita-IT\"/><information Height=\"723\" Width=\"600\" IsColor=\"1\"/><alias name=\"articlethumbnail\" filename=\"La-tana-dei-tori_articlethumbnail.jpg\" suffix=\"jpg\" dirpath=\"var/mondelli/storage/images/equitazione/cavalli/la-tana-dei-tori/732-1-ita-IT\" url=\"var/mondelli/storage/images/equitazione/cavalli/la-tana-dei-tori/732-1-ita-IT/La-tana-dei-tori_articlethumbnail.jpg\" mime_type=\"image/jpeg\" width=\"70\" height=\"84\" alias_key=\"4060333652\" timestamp=\"1269504411\" is_valid=\"1\"/><alias name=\"medium\" filename=\"La-tana-dei-tori_medium.jpg\" suffix=\"jpg\" dirpath=\"var/mondelli/storage/images/equitazione/cavalli/la-tana-dei-tori/732-1-ita-IT\" url=\"var/mondelli/storage/images/equitazione/cavalli/la-tana-dei-tori/732-1-ita-IT/La-tana-dei-tori_medium.jpg\" mime_type=\"image/jpeg\" width=\"166\" height=\"200\" alias_key=\"2573207068\" timestamp=\"1269504421\" is_valid=\"1\"/><alias name=\"large\" filename=\"La-tana-dei-tori_large.jpg\" suffix=\"jpg\" dirpath=\"var/mondelli/storage/images/equitazione/cavalli/la-tana-dei-tori/732-1-ita-IT\" url=\"var/mondelli/storage/images/equitazione/cavalli/la-tana-dei-tori/732-1-ita-IT/La-tana-dei-tori_large.jpg\" mime_type=\"image/jpeg\" width=\"249\" height=\"300\" alias_key=\"3084004918\" timestamp=\"1269613148\" is_valid=\"1\"/></ezimage>\n','ezimage',732,'ita-IT',2,0,'',5),(0,189,144,0,NULL,'<?xml version=\"1.0\" encoding=\"utf-8\"?>\n<ezimage serial_number=\"1\" is_valid=\"1\" filename=\"La-tana-dei-tori.jpg\" suffix=\"jpg\" basename=\"La-tana-dei-tori\" dirpath=\"var/mondelli/storage/images/equitazione/cavalli/la-tana-dei-tori/732-1-ita-IT\" url=\"var/mondelli/storage/images/equitazione/cavalli/la-tana-dei-tori/732-1-ita-IT/La-tana-dei-tori.jpg\" original_filename=\"Exile_by_KatiBear.jpg\" mime_type=\"image/jpeg\" width=\"600\" height=\"723\" alternative_text=\"\" alias_key=\"1293033771\" timestamp=\"1269504410\"><original attribute_id=\"732\" attribute_version=\"1\" attribute_language=\"ita-IT\"/><alias name=\"medium\" filename=\"La-tana-dei-tori_medium.jpg\" suffix=\"jpg\" dirpath=\"var/mondelli/storage/images/equitazione/cavalli/la-tana-dei-tori/732-1-ita-IT\" url=\"var/mondelli/storage/images/equitazione/cavalli/la-tana-dei-tori/732-1-ita-IT/La-tana-dei-tori_medium.jpg\" mime_type=\"image/jpeg\" width=\"166\" height=\"200\" alias_key=\"2573207068\" timestamp=\"1269504421\" is_valid=\"1\"/><alias name=\"large\" filename=\"La-tana-dei-tori_large.jpg\" suffix=\"jpg\" dirpath=\"var/mondelli/storage/images/equitazione/cavalli/la-tana-dei-tori/732-1-ita-IT\" url=\"var/mondelli/storage/images/equitazione/cavalli/la-tana-dei-tori/732-1-ita-IT/La-tana-dei-tori_large.jpg\" mime_type=\"image/jpeg\" width=\"249\" height=\"300\" alias_key=\"3084004918\" timestamp=\"1269613148\" is_valid=\"1\"/></ezimage>\n','ezimage',732,'ita-IT',2,0,'',6),(0,189,144,0,NULL,'<?xml version=\"1.0\" encoding=\"utf-8\"?>\n<ezimage serial_number=\"1\" is_valid=\"1\" filename=\"La-tana-dei-tori.jpg\" suffix=\"jpg\" basename=\"La-tana-dei-tori\" dirpath=\"var/mondelli/storage/images/equitazione/cavalli/la-tana-dei-tori/732-7-ita-IT\" url=\"var/mondelli/storage/images/equitazione/cavalli/la-tana-dei-tori/732-7-ita-IT/La-tana-dei-tori.jpg\" original_filename=\"e_x_t_r_e_m_e___P_E_T_S_by_kunkka.jpg\" mime_type=\"image/jpeg\" width=\"595\" height=\"842\" alternative_text=\"\" alias_key=\"1293033771\" timestamp=\"1270936703\"><original attribute_id=\"732\" attribute_version=\"7\" attribute_language=\"ita-IT\"/><information Height=\"842\" Width=\"595\" IsColor=\"1\"/><alias name=\"medium\" filename=\"La-tana-dei-tori_medium.jpg\" suffix=\"jpg\" dirpath=\"var/mondelli/storage/images/equitazione/cavalli/la-tana-dei-tori/732-7-ita-IT\" url=\"var/mondelli/storage/images/equitazione/cavalli/la-tana-dei-tori/732-7-ita-IT/La-tana-dei-tori_medium.jpg\" mime_type=\"image/jpeg\" width=\"141\" height=\"200\" alias_key=\"2573207068\" timestamp=\"1270936704\" is_valid=\"1\"/><alias name=\"large\" filename=\"La-tana-dei-tori_large.jpg\" suffix=\"jpg\" dirpath=\"var/mondelli/storage/images/equitazione/cavalli/la-tana-dei-tori/732-7-ita-IT\" url=\"var/mondelli/storage/images/equitazione/cavalli/la-tana-dei-tori/732-7-ita-IT/La-tana-dei-tori_large.jpg\" mime_type=\"image/jpeg\" width=\"212\" height=\"300\" alias_key=\"3084004918\" timestamp=\"1270936716\" is_valid=\"1\"/><alias name=\"mainstory1\" filename=\"La-tana-dei-tori_mainstory1.jpg\" suffix=\"jpg\" dirpath=\"var/mondelli/storage/images/equitazione/cavalli/la-tana-dei-tori/732-7-ita-IT\" url=\"var/mondelli/storage/images/equitazione/cavalli/la-tana-dei-tori/732-7-ita-IT/La-tana-dei-tori_mainstory1.jpg\" mime_type=\"image/jpeg\" width=\"468\" height=\"396\" alias_key=\"4189723086\" timestamp=\"1270997100\" is_valid=\"1\"/><alias name=\"block2items1\" filename=\"La-tana-dei-tori_block2items1.jpg\" suffix=\"jpg\" dirpath=\"var/mondelli/storage/images/equitazione/cavalli/la-tana-dei-tori/732-7-ita-IT\" url=\"var/mondelli/storage/images/equitazione/cavalli/la-tana-dei-tori/732-7-ita-IT/La-tana-dei-tori_block2items1.jpg\" mime_type=\"image/jpeg\" width=\"195\" height=\"98\" alias_key=\"3162376705\" timestamp=\"1271004742\" is_valid=\"1\"/></ezimage>\n','ezimage',732,'ita-IT',2,0,'',7),(0,190,144,0,1045487555,'<?xml version=\"1.0\" encoding=\"utf-8\"?>\n<section xmlns:image=\"http://ez.no/namespaces/ezpublish3/image/\" xmlns:xhtml=\"http://ez.no/namespaces/ezpublish3/xhtml/\" xmlns:custom=\"http://ez.no/namespaces/ezpublish3/custom/\"/>\n','ezxmltext',733,'ita-IT',2,0,'',1),(0,190,144,0,1045487555,'<?xml version=\"1.0\" encoding=\"utf-8\"?>\n<section xmlns:image=\"http://ez.no/namespaces/ezpublish3/image/\" xmlns:xhtml=\"http://ez.no/namespaces/ezpublish3/xhtml/\" xmlns:custom=\"http://ez.no/namespaces/ezpublish3/custom/\"/>\n','ezxmltext',733,'ita-IT',2,0,'',2),(0,190,144,0,1045487555,'<?xml version=\"1.0\" encoding=\"utf-8\"?>\n<section xmlns:image=\"http://ez.no/namespaces/ezpublish3/image/\" xmlns:xhtml=\"http://ez.no/namespaces/ezpublish3/xhtml/\" xmlns:custom=\"http://ez.no/namespaces/ezpublish3/custom/\"/>\n','ezxmltext',733,'ita-IT',2,0,'',3),(0,190,144,0,1045487555,'<?xml version=\"1.0\" encoding=\"utf-8\"?>\n<section xmlns:image=\"http://ez.no/namespaces/ezpublish3/image/\" xmlns:xhtml=\"http://ez.no/namespaces/ezpublish3/xhtml/\" xmlns:custom=\"http://ez.no/namespaces/ezpublish3/custom/\"/>\n','ezxmltext',733,'ita-IT',2,0,'',4),(0,190,144,0,1045487555,'<?xml version=\"1.0\" encoding=\"utf-8\"?>\n<section xmlns:image=\"http://ez.no/namespaces/ezpublish3/image/\" xmlns:xhtml=\"http://ez.no/namespaces/ezpublish3/xhtml/\" xmlns:custom=\"http://ez.no/namespaces/ezpublish3/custom/\"/>\n','ezxmltext',733,'ita-IT',2,0,'',5),(0,190,144,0,1045487555,'<?xml version=\"1.0\" encoding=\"utf-8\"?>\n<section xmlns:image=\"http://ez.no/namespaces/ezpublish3/image/\" xmlns:xhtml=\"http://ez.no/namespaces/ezpublish3/xhtml/\" xmlns:custom=\"http://ez.no/namespaces/ezpublish3/custom/\"/>\n','ezxmltext',733,'ita-IT',2,0,'',6),(0,190,144,0,1045487555,'<?xml version=\"1.0\" encoding=\"utf-8\"?>\n<section xmlns:image=\"http://ez.no/namespaces/ezpublish3/image/\" xmlns:xhtml=\"http://ez.no/namespaces/ezpublish3/xhtml/\" xmlns:custom=\"http://ez.no/namespaces/ezpublish3/custom/\"/>\n','ezxmltext',733,'ita-IT',2,0,'',7),(0,191,144,0,0,'','ezdatetime',734,'ita-IT',2,0,'',1),(0,191,144,0,0,'','ezdatetime',734,'ita-IT',2,0,'',2),(0,191,144,0,0,'','ezdatetime',734,'ita-IT',2,0,'',3),(0,191,144,0,0,'','ezdatetime',734,'ita-IT',2,0,'',4),(0,191,144,0,0,'','ezdatetime',734,'ita-IT',2,0,'',5),(0,191,144,0,0,'','ezdatetime',734,'ita-IT',2,0,'',6),(0,191,144,0,0,'','ezdatetime',734,'ita-IT',2,0,'',7),(0,192,144,0,0,'','ezdatetime',735,'ita-IT',2,0,'',1),(0,192,144,0,0,'','ezdatetime',735,'ita-IT',2,0,'',2),(0,192,144,0,0,'','ezdatetime',735,'ita-IT',2,0,'',3),(0,192,144,0,0,'','ezdatetime',735,'ita-IT',2,0,'',4),(0,192,144,0,0,'','ezdatetime',735,'ita-IT',2,0,'',5),(0,192,144,0,0,'','ezdatetime',735,'ita-IT',2,0,'',6),(0,192,144,0,0,'','ezdatetime',735,'ita-IT',2,0,'',7),(0,193,144,0,NULL,'','ezkeyword',736,'ita-IT',2,0,'',1),(0,193,144,0,NULL,'','ezkeyword',736,'ita-IT',2,0,'',2),(0,193,144,0,NULL,'','ezkeyword',736,'ita-IT',2,0,'',3),(0,193,144,0,NULL,'','ezkeyword',736,'ita-IT',2,0,'',4),(0,193,144,0,NULL,'','ezkeyword',736,'ita-IT',2,0,'',5),(0,193,144,0,NULL,'','ezkeyword',736,'ita-IT',2,0,'',6),(0,193,144,0,NULL,'','ezkeyword',736,'ita-IT',2,0,'',7),(0,272,145,0,NULL,'Death','ezstring',738,'ita-IT',2,0,'death',1),(0,272,145,0,NULL,'Death','ezstring',738,'ita-IT',2,0,'death',2),(0,273,145,0,1045487555,'<?xml version=\"1.0\" encoding=\"utf-8\"?>\n<section xmlns:image=\"http://ez.no/namespaces/ezpublish3/image/\" xmlns:xhtml=\"http://ez.no/namespaces/ezpublish3/xhtml/\" xmlns:custom=\"http://ez.no/namespaces/ezpublish3/custom/\"/>\n','ezxmltext',739,'ita-IT',2,0,'',1),(0,273,145,0,1045487555,'<?xml version=\"1.0\" encoding=\"utf-8\"?>\n<section xmlns:image=\"http://ez.no/namespaces/ezpublish3/image/\" xmlns:xhtml=\"http://ez.no/namespaces/ezpublish3/xhtml/\" xmlns:custom=\"http://ez.no/namespaces/ezpublish3/custom/\"><paragraph>Lorem ipsum dolor sit amet, consectetur adipiscing elit. Duis quis ligula a nunc iaculis luctus. Sed in quam enim, blandit condimentum orci. Aliquam non ante lectus. Sed vel justo ut risus congue vehicula vel eget massa. Cras suscipit suscipit arcu, id vestibulum neque</paragraph></section>\n','ezxmltext',739,'ita-IT',2,0,'',2),(0,274,145,0,NULL,'<?xml version=\"1.0\" encoding=\"utf-8\"?>\n<ezimage serial_number=\"1\" is_valid=\"1\" filename=\"Death.jpg\" suffix=\"jpg\" basename=\"Death\" dirpath=\"var/mondelli/storage/images/media/images/death/740-1-ita-IT\" url=\"var/mondelli/storage/images/media/images/death/740-1-ita-IT/Death.jpg\" original_filename=\"Death.jpg\" mime_type=\"image/jpeg\" width=\"640\" height=\"1225\" alternative_text=\"\" alias_key=\"1293033771\" timestamp=\"1269508405\"><original attribute_id=\"740\" attribute_version=\"1\" attribute_language=\"ita-IT\"/><information Height=\"1225\" Width=\"640\" IsColor=\"1\" ByteOrderMotorola=\"1\" Thumbnail.FileType=\"2\" Thumbnail.MimeType=\"image/jpeg\"><array name=\"ifd0\"><item key=\"Orientation\" base64=\"1\">MQ==</item><item key=\"XResolution\" base64=\"1\">MzAwLzE=</item><item key=\"YResolution\" base64=\"1\">MzAwLzE=</item><item key=\"ResolutionUnit\" base64=\"1\">Mg==</item><item key=\"Software\" base64=\"1\">QWRvYmUgUGhvdG9zaG9wIDcuMA==</item><item key=\"DateTime\" base64=\"1\">MjAwMzoxMDoxNiAwMTowMzoyMg==</item><item key=\"Exif_IFD_Pointer\" base64=\"1\">MTU2</item></array><array name=\"exif\"><item key=\"ColorSpace\" base64=\"1\">NjU1MzU=</item><item key=\"ExifImageWidth\" base64=\"1\">NjQw</item><item key=\"ExifImageLength\" base64=\"1\">MTIyNQ==</item></array></information><alias name=\"small\" filename=\"Death_small.jpg\" suffix=\"jpg\" dirpath=\"var/mondelli/storage/images/media/images/death/740-1-ita-IT\" url=\"var/mondelli/storage/images/media/images/death/740-1-ita-IT/Death_small.jpg\" mime_type=\"image/jpeg\" width=\"53\" height=\"100\" alias_key=\"154637809\" timestamp=\"1269508408\" is_valid=\"1\"/><alias name=\"medium\" filename=\"Death_medium.jpg\" suffix=\"jpg\" dirpath=\"var/mondelli/storage/images/media/images/death/740-1-ita-IT\" url=\"var/mondelli/storage/images/media/images/death/740-1-ita-IT/Death_medium.jpg\" mime_type=\"image/jpeg\" width=\"105\" height=\"200\" alias_key=\"2573207068\" timestamp=\"1269508409\" is_valid=\"1\"/><alias name=\"large\" filename=\"Death_large.jpg\" suffix=\"jpg\" dirpath=\"var/mondelli/storage/images/media/images/death/740-1-ita-IT\" url=\"var/mondelli/storage/images/media/images/death/740-1-ita-IT/Death_large.jpg\" mime_type=\"image/jpeg\" width=\"157\" height=\"300\" alias_key=\"3084004918\" timestamp=\"1269509619\" is_valid=\"1\"/></ezimage>\n','ezimage',740,'ita-IT',2,0,'',1),(0,274,145,0,NULL,'<?xml version=\"1.0\" encoding=\"utf-8\"?>\n<ezimage serial_number=\"1\" is_valid=\"1\" filename=\"Death.jpg\" suffix=\"jpg\" basename=\"Death\" dirpath=\"var/mondelli/storage/images/media/images/death/740-1-ita-IT\" url=\"var/mondelli/storage/images/media/images/death/740-1-ita-IT/Death.jpg\" original_filename=\"Death.jpg\" mime_type=\"image/jpeg\" width=\"640\" height=\"1225\" alternative_text=\"\" alias_key=\"1293033771\" timestamp=\"1269508405\"><original attribute_id=\"740\" attribute_version=\"1\" attribute_language=\"ita-IT\"/><information Height=\"1225\" Width=\"640\" IsColor=\"1\" ByteOrderMotorola=\"1\" Thumbnail.FileType=\"2\" Thumbnail.MimeType=\"image/jpeg\"><array name=\"ifd0\"><item key=\"Orientation\" base64=\"1\">MQ==</item><item key=\"XResolution\" base64=\"1\">MzAwLzE=</item><item key=\"YResolution\" base64=\"1\">MzAwLzE=</item><item key=\"ResolutionUnit\" base64=\"1\">Mg==</item><item key=\"Software\" base64=\"1\">QWRvYmUgUGhvdG9zaG9wIDcuMA==</item><item key=\"DateTime\" base64=\"1\">MjAwMzoxMDoxNiAwMTowMzoyMg==</item><item key=\"Exif_IFD_Pointer\" base64=\"1\">MTU2</item></array><array name=\"exif\"><item key=\"ColorSpace\" base64=\"1\">NjU1MzU=</item><item key=\"ExifImageWidth\" base64=\"1\">NjQw</item><item key=\"ExifImageLength\" base64=\"1\">MTIyNQ==</item></array></information><alias name=\"small\" filename=\"Death_small.jpg\" suffix=\"jpg\" dirpath=\"var/mondelli/storage/images/media/images/death/740-1-ita-IT\" url=\"var/mondelli/storage/images/media/images/death/740-1-ita-IT/Death_small.jpg\" mime_type=\"image/jpeg\" width=\"53\" height=\"100\" alias_key=\"154637809\" timestamp=\"1269508408\" is_valid=\"1\"/><alias name=\"medium\" filename=\"Death_medium.jpg\" suffix=\"jpg\" dirpath=\"var/mondelli/storage/images/media/images/death/740-1-ita-IT\" url=\"var/mondelli/storage/images/media/images/death/740-1-ita-IT/Death_medium.jpg\" mime_type=\"image/jpeg\" width=\"105\" height=\"200\" alias_key=\"2573207068\" timestamp=\"1269508409\" is_valid=\"1\"/><alias name=\"large\" filename=\"Death_large.jpg\" suffix=\"jpg\" dirpath=\"var/mondelli/storage/images/media/images/death/740-1-ita-IT\" url=\"var/mondelli/storage/images/media/images/death/740-1-ita-IT/Death_large.jpg\" mime_type=\"image/jpeg\" width=\"157\" height=\"300\" alias_key=\"3084004918\" timestamp=\"1269509619\" is_valid=\"1\"/></ezimage>\n','ezimage',740,'ita-IT',2,0,'',2),(0,275,145,0,NULL,'','ezkeyword',741,'ita-IT',2,0,'',1),(0,275,145,0,NULL,'','ezkeyword',741,'ita-IT',2,0,'',2),(0,272,146,0,NULL,'octopussy_II_by_kunkka','ezstring',742,'ita-IT',2,0,'octopussy_ii_by_kunkka',1),(0,273,146,0,1045487555,'<?xml version=\"1.0\" encoding=\"utf-8\"?>\n<section xmlns:image=\"http://ez.no/namespaces/ezpublish3/image/\" xmlns:xhtml=\"http://ez.no/namespaces/ezpublish3/xhtml/\" xmlns:custom=\"http://ez.no/namespaces/ezpublish3/custom/\"/>\n','ezxmltext',743,'ita-IT',2,0,'',1),(0,274,146,0,NULL,'<?xml version=\"1.0\" encoding=\"utf-8\"?>\n<ezimage serial_number=\"1\" is_valid=\"1\" filename=\"octopussy_II_by_kunkka.jpg\" suffix=\"jpg\" basename=\"octopussy_II_by_kunkka\" dirpath=\"var/mondelli/storage/images/media/images/octopussy_ii_by_kunkka/744-1-ita-IT\" url=\"var/mondelli/storage/images/media/images/octopussy_ii_by_kunkka/744-1-ita-IT/octopussy_II_by_kunkka.jpg\" original_filename=\"octopussy_II_by_kunkka.jpg\" mime_type=\"image/jpeg\" width=\"500\" height=\"1095\" alternative_text=\"\" alias_key=\"1293033771\" timestamp=\"1269508568\"><original attribute_id=\"744\" attribute_version=\"1\" attribute_language=\"ita-IT\"/><information Height=\"1095\" Width=\"500\" IsColor=\"1\" ByteOrderMotorola=\"1\" Thumbnail.FileType=\"2\" Thumbnail.MimeType=\"image/jpeg\"><array name=\"ifd0\"><item key=\"Orientation\" base64=\"1\">MQ==</item><item key=\"XResolution\" base64=\"1\">NzIvMQ==</item><item key=\"YResolution\" base64=\"1\">NzIvMQ==</item><item key=\"ResolutionUnit\" base64=\"1\">Mg==</item><item key=\"Software\" base64=\"1\">QWRvYmUgUGhvdG9zaG9wIDcuMA==</item><item key=\"DateTime\" base64=\"1\">MjAwNDowOToyMSAyMDowMzowNg==</item><item key=\"Exif_IFD_Pointer\" base64=\"1\">MTU2</item></array><array name=\"exif\"><item key=\"ColorSpace\" base64=\"1\">NjU1MzU=</item><item key=\"ExifImageWidth\" base64=\"1\">NTAw</item><item key=\"ExifImageLength\" base64=\"1\">MTA5NQ==</item></array></information><alias name=\"small\" filename=\"octopussy_II_by_kunkka_small.jpg\" suffix=\"jpg\" dirpath=\"var/mondelli/storage/images/media/images/octopussy_ii_by_kunkka/744-1-ita-IT\" url=\"var/mondelli/storage/images/media/images/octopussy_ii_by_kunkka/744-1-ita-IT/octopussy_II_by_kunkka_small.jpg\" mime_type=\"image/jpeg\" width=\"46\" height=\"100\" alias_key=\"154637809\" timestamp=\"1269508568\" is_valid=\"1\"/><alias name=\"medium\" filename=\"octopussy_II_by_kunkka_medium.jpg\" suffix=\"jpg\" dirpath=\"var/mondelli/storage/images/media/images/octopussy_ii_by_kunkka/744-1-ita-IT\" url=\"var/mondelli/storage/images/media/images/octopussy_ii_by_kunkka/744-1-ita-IT/octopussy_II_by_kunkka_medium.jpg\" mime_type=\"image/jpeg\" width=\"91\" height=\"200\" alias_key=\"2573207068\" timestamp=\"1269508569\" is_valid=\"1\"/><alias name=\"large\" filename=\"octopussy_II_by_kunkka_large.jpg\" suffix=\"jpg\" dirpath=\"var/mondelli/storage/images/media/images/octopussy_ii_by_kunkka/744-1-ita-IT\" url=\"var/mondelli/storage/images/media/images/octopussy_ii_by_kunkka/744-1-ita-IT/octopussy_II_by_kunkka_large.jpg\" mime_type=\"image/jpeg\" width=\"137\" height=\"300\" alias_key=\"3084004918\" timestamp=\"1269509662\" is_valid=\"1\"/></ezimage>\n','ezimage',744,'ita-IT',2,0,'',1),(0,275,146,0,NULL,'','ezkeyword',745,'ita-IT',2,0,'',1),(0,272,147,0,NULL,'good_morning_by_marazmuser','ezstring',746,'ita-IT',2,0,'good_morning_by_marazmuser',1),(0,272,147,0,NULL,'good_morning_by_marazmuser','ezstring',746,'ita-IT',2,0,'good_morning_by_marazmuser',2),(0,273,147,0,1045487555,'<?xml version=\"1.0\" encoding=\"utf-8\"?>\n<section xmlns:image=\"http://ez.no/namespaces/ezpublish3/image/\" xmlns:xhtml=\"http://ez.no/namespaces/ezpublish3/xhtml/\" xmlns:custom=\"http://ez.no/namespaces/ezpublish3/custom/\"/>\n','ezxmltext',747,'ita-IT',2,0,'',1),(0,273,147,0,1045487555,'<?xml version=\"1.0\" encoding=\"utf-8\"?>\n<section xmlns:image=\"http://ez.no/namespaces/ezpublish3/image/\" xmlns:xhtml=\"http://ez.no/namespaces/ezpublish3/xhtml/\" xmlns:custom=\"http://ez.no/namespaces/ezpublish3/custom/\"><paragraph>Lorem ipsum dolor sit amet, consectetur adipiscing elit. Duis quis ligula a nunc iaculis luctus. Sed in quam enim, blandit condimentum orci. Aliquam non ante lectus. Sed vel justo ut risus congue vehicula vel eget massa. Cras suscipit suscipit arcu, id vestibulum neque</paragraph></section>\n','ezxmltext',747,'ita-IT',2,0,'',2),(0,274,147,0,NULL,'<?xml version=\"1.0\" encoding=\"utf-8\"?>\n<ezimage serial_number=\"1\" is_valid=\"1\" filename=\"good_morning_by_marazmuser.jpg\" suffix=\"jpg\" basename=\"good_morning_by_marazmuser\" dirpath=\"var/mondelli/storage/images/media/images/good_morning_by_marazmuser/748-1-ita-IT\" url=\"var/mondelli/storage/images/media/images/good_morning_by_marazmuser/748-1-ita-IT/good_morning_by_marazmuser.jpg\" original_filename=\"good_morning_by_marazmuser.jpg\" mime_type=\"image/jpeg\" width=\"1680\" height=\"1050\" alternative_text=\"\" alias_key=\"1293033771\" timestamp=\"1269514200\"><original attribute_id=\"748\" attribute_version=\"1\" attribute_language=\"ita-IT\"/><information Height=\"1050\" Width=\"1680\" IsColor=\"1\"/><alias name=\"small\" filename=\"good_morning_by_marazmuser_small.jpg\" suffix=\"jpg\" dirpath=\"var/mondelli/storage/images/media/images/good_morning_by_marazmuser/748-1-ita-IT\" url=\"var/mondelli/storage/images/media/images/good_morning_by_marazmuser/748-1-ita-IT/good_morning_by_marazmuser_small.jpg\" mime_type=\"image/jpeg\" width=\"100\" height=\"63\" alias_key=\"154637809\" timestamp=\"1269514201\" is_valid=\"1\"/><alias name=\"medium\" filename=\"good_morning_by_marazmuser_medium.jpg\" suffix=\"jpg\" dirpath=\"var/mondelli/storage/images/media/images/good_morning_by_marazmuser/748-1-ita-IT\" url=\"var/mondelli/storage/images/media/images/good_morning_by_marazmuser/748-1-ita-IT/good_morning_by_marazmuser_medium.jpg\" mime_type=\"image/jpeg\" width=\"200\" height=\"125\" alias_key=\"2573207068\" timestamp=\"1269514202\" is_valid=\"1\"/><alias name=\"large\" filename=\"good_morning_by_marazmuser_large.jpg\" suffix=\"jpg\" dirpath=\"var/mondelli/storage/images/media/images/good_morning_by_marazmuser/748-1-ita-IT\" url=\"var/mondelli/storage/images/media/images/good_morning_by_marazmuser/748-1-ita-IT/good_morning_by_marazmuser_large.jpg\" mime_type=\"image/jpeg\" width=\"300\" height=\"188\" alias_key=\"3084004918\" timestamp=\"1269514206\" is_valid=\"1\"/></ezimage>\n','ezimage',748,'ita-IT',2,0,'',1),(0,274,147,0,NULL,'<?xml version=\"1.0\" encoding=\"utf-8\"?>\n<ezimage serial_number=\"1\" is_valid=\"1\" filename=\"good_morning_by_marazmuser.jpg\" suffix=\"jpg\" basename=\"good_morning_by_marazmuser\" dirpath=\"var/mondelli/storage/images/media/images/good_morning_by_marazmuser/748-1-ita-IT\" url=\"var/mondelli/storage/images/media/images/good_morning_by_marazmuser/748-1-ita-IT/good_morning_by_marazmuser.jpg\" original_filename=\"good_morning_by_marazmuser.jpg\" mime_type=\"image/jpeg\" width=\"1680\" height=\"1050\" alternative_text=\"\" alias_key=\"1293033771\" timestamp=\"1269514200\"><original attribute_id=\"748\" attribute_version=\"1\" attribute_language=\"ita-IT\"/><information Height=\"1050\" Width=\"1680\" IsColor=\"1\"/><alias name=\"small\" filename=\"good_morning_by_marazmuser_small.jpg\" suffix=\"jpg\" dirpath=\"var/mondelli/storage/images/media/images/good_morning_by_marazmuser/748-1-ita-IT\" url=\"var/mondelli/storage/images/media/images/good_morning_by_marazmuser/748-1-ita-IT/good_morning_by_marazmuser_small.jpg\" mime_type=\"image/jpeg\" width=\"100\" height=\"63\" alias_key=\"154637809\" timestamp=\"1269514201\" is_valid=\"1\"/><alias name=\"medium\" filename=\"good_morning_by_marazmuser_medium.jpg\" suffix=\"jpg\" dirpath=\"var/mondelli/storage/images/media/images/good_morning_by_marazmuser/748-1-ita-IT\" url=\"var/mondelli/storage/images/media/images/good_morning_by_marazmuser/748-1-ita-IT/good_morning_by_marazmuser_medium.jpg\" mime_type=\"image/jpeg\" width=\"200\" height=\"125\" alias_key=\"2573207068\" timestamp=\"1269514202\" is_valid=\"1\"/><alias name=\"large\" filename=\"good_morning_by_marazmuser_large.jpg\" suffix=\"jpg\" dirpath=\"var/mondelli/storage/images/media/images/good_morning_by_marazmuser/748-1-ita-IT\" url=\"var/mondelli/storage/images/media/images/good_morning_by_marazmuser/748-1-ita-IT/good_morning_by_marazmuser_large.jpg\" mime_type=\"image/jpeg\" width=\"300\" height=\"188\" alias_key=\"3084004918\" timestamp=\"1269514206\" is_valid=\"1\"/></ezimage>\n','ezimage',748,'ita-IT',2,0,'',2),(0,275,147,0,NULL,'','ezkeyword',749,'ita-IT',2,0,'',1),(0,275,147,0,NULL,'','ezkeyword',749,'ita-IT',2,0,'',2),(0,4,148,0,NULL,'Pelosi','ezstring',750,'ita-IT',3,0,'pelosi',1),(0,155,148,0,NULL,'','ezstring',751,'ita-IT',3,0,'',1),(0,119,148,0,1045487555,'<?xml version=\"1.0\" encoding=\"utf-8\"?>\n<section xmlns:image=\"http://ez.no/namespaces/ezpublish3/image/\" xmlns:xhtml=\"http://ez.no/namespaces/ezpublish3/xhtml/\" xmlns:custom=\"http://ez.no/namespaces/ezpublish3/custom/\"/>\n','ezxmltext',752,'ita-IT',3,0,'',1),(0,156,148,0,1045487555,'<?xml version=\"1.0\" encoding=\"utf-8\"?>\n<section xmlns:image=\"http://ez.no/namespaces/ezpublish3/image/\" xmlns:xhtml=\"http://ez.no/namespaces/ezpublish3/xhtml/\" xmlns:custom=\"http://ez.no/namespaces/ezpublish3/custom/\"/>\n','ezxmltext',753,'ita-IT',3,0,'',1),(754,158,148,0,1,'','ezboolean',754,'ita-IT',3,1,'',1),(0,363,148,0,NULL,'<?xml version=\"1.0\" encoding=\"utf-8\"?>\n<ezimage serial_number=\"1\" is_valid=\"1\" filename=\"Pelosi.jpg\" suffix=\"jpg\" basename=\"Pelosi\" dirpath=\"var/mondelli/storage/images/foto/arrosticini/agnello/pelosi/755-1-ita-IT\" url=\"var/mondelli/storage/images/foto/arrosticini/agnello/pelosi/755-1-ita-IT/Pelosi.jpg\" original_filename=\"Hunter_by_pixel_z.jpg\" mime_type=\"image/jpeg\" width=\"1280\" height=\"1024\" alternative_text=\"\" alias_key=\"1293033771\" timestamp=\"1269599203\"><original attribute_id=\"755\" attribute_version=\"1\" attribute_language=\"ita-IT\"/><information Height=\"1024\" Width=\"1280\" IsColor=\"1\" ByteOrderMotorola=\"1\" Thumbnail.FileType=\"2\" Thumbnail.MimeType=\"image/jpeg\"><array name=\"ifd0\"><item key=\"Orientation\" base64=\"1\">MQ==</item><item key=\"XResolution\" base64=\"1\">NzIwMDAwLzEwMDAw</item><item key=\"YResolution\" base64=\"1\">NzIwMDAwLzEwMDAw</item><item key=\"ResolutionUnit\" base64=\"1\">Mg==</item><item key=\"Software\" base64=\"1\">QWRvYmUgUGhvdG9zaG9wIENTMiBXaW5kb3dz</item><item key=\"DateTime\" base64=\"1\">MjAwNzowMjowNyAxOToxNjoyNw==</item><item key=\"Exif_IFD_Pointer\" base64=\"1\">MTY0</item></array><array name=\"exif\"><item key=\"ColorSpace\" base64=\"1\">MQ==</item><item key=\"ExifImageWidth\" base64=\"1\">MTI4MA==</item><item key=\"ExifImageLength\" base64=\"1\">MTAyNA==</item></array></information><alias name=\"folderthumbnail\" filename=\"Pelosi_folderthumbnail.jpg\" suffix=\"jpg\" dirpath=\"var/mondelli/storage/images/foto/arrosticini/agnello/pelosi/755-1-ita-IT\" url=\"var/mondelli/storage/images/foto/arrosticini/agnello/pelosi/755-1-ita-IT/Pelosi_folderthumbnail.jpg\" mime_type=\"image/jpeg\" width=\"180\" height=\"176\" alias_key=\"994317382\" timestamp=\"1269599204\" is_valid=\"1\"/></ezimage>\n','ezimage',755,'ita-IT',3,0,'',1),(0,181,148,0,NULL,'','ezkeyword',756,'ita-IT',3,0,'',1),(0,182,148,0,0,'','ezdatetime',757,'ita-IT',3,0,'',1),(0,183,149,0,NULL,'Il paradiso degli stolti','ezstring',758,'ita-IT',2,0,'il paradiso degli stolti',1),(0,183,149,0,NULL,'Il paradiso degli stolti','ezstring',758,'ita-IT',2,0,'il paradiso degli stolti',2),(0,183,149,0,NULL,'Il paradiso degli stolti','ezstring',758,'ita-IT',2,0,'il paradiso degli stolti',3),(0,184,149,0,NULL,'','ezstring',759,'ita-IT',2,0,'',1),(0,184,149,0,NULL,'','ezstring',759,'ita-IT',2,0,'',2),(0,184,149,0,NULL,'','ezstring',759,'ita-IT',2,0,'',3),(0,185,149,0,NULL,'<?xml version=\"1.0\" encoding=\"utf-8\"?>\n<ezauthor><authors><author id=\"0\" name=\"Administrator User\" email=\"mosarg@gmail.com\"/></authors></ezauthor>\n','ezauthor',760,'ita-IT',2,0,'',1),(0,185,149,0,NULL,'<?xml version=\"1.0\" encoding=\"utf-8\"?>\n<ezauthor><authors><author id=\"0\" name=\"Administrator User\" email=\"mosarg@gmail.com\"/></authors></ezauthor>\n','ezauthor',760,'ita-IT',2,0,'',2),(0,185,149,0,NULL,'<?xml version=\"1.0\" encoding=\"utf-8\"?>\n<ezauthor><authors><author id=\"0\" name=\"Administrator User\" email=\"mosarg@gmail.com\"/></authors></ezauthor>\n','ezauthor',760,'ita-IT',2,0,'',3),(0,186,149,0,1045487555,'<?xml version=\"1.0\" encoding=\"utf-8\"?>\n<section xmlns:image=\"http://ez.no/namespaces/ezpublish3/image/\" xmlns:xhtml=\"http://ez.no/namespaces/ezpublish3/xhtml/\" xmlns:custom=\"http://ez.no/namespaces/ezpublish3/custom/\"><paragraph>Donec nisl purus, consequat et congue id, dictum eget nisi. Nunc hendrerit luctus dolor, in faucibus arcu dapibus sed. Nulla est erat, hendrerit id pulvinar id, fermentum non lacus. Quisque vel quam non elit scelerisque dictum. Fusce lacus magna, aliquam non sodales consectetur, consectetur eget justo. Phasellus at odio lectus. Sed a auctor neque. Donec luctus leo sit amet orci congue nec aliquet felis accumsan. Ph</paragraph></section>\n','ezxmltext',761,'ita-IT',2,0,'',1),(0,186,149,0,1045487555,'<?xml version=\"1.0\" encoding=\"utf-8\"?>\n<section xmlns:image=\"http://ez.no/namespaces/ezpublish3/image/\" xmlns:xhtml=\"http://ez.no/namespaces/ezpublish3/xhtml/\" xmlns:custom=\"http://ez.no/namespaces/ezpublish3/custom/\"><paragraph>Donec nisl purus, consequat et congue id, dictum eget nisi. Nunc hendrerit luctus dolor, in faucibus arcu dapibus sed. Nulla est erat, hendrerit id pulvinar id, fermentum non lacus. Quisque vel quam non elit scelerisque dictum. Fusce lacus magna, aliquam non sodales consectetur, consectetur eget justo. Phasellus at odio lectus. Sed a auctor neque. Donec luctus leo sit amet orci congue nec aliquet felis accumsan. Ph</paragraph></section>\n','ezxmltext',761,'ita-IT',2,0,'',2),(0,186,149,0,1045487555,'<?xml version=\"1.0\" encoding=\"utf-8\"?>\n<section xmlns:image=\"http://ez.no/namespaces/ezpublish3/image/\" xmlns:xhtml=\"http://ez.no/namespaces/ezpublish3/xhtml/\" xmlns:custom=\"http://ez.no/namespaces/ezpublish3/custom/\"><paragraph>Donec nisl purus, consequat et congue id, dictum eget nisi. Nunc hendrerit luctus dolor, in faucibus arcu dapibus sed. Nulla est erat, hendrerit id pulvinar id, fermentum non lacus. Quisque vel quam non elit scelerisque dictum. Fusce lacus magna, aliquam non sodales consectetur, consectetur eget justo. Phasellus at odio lectus. Sed a auctor neque. Donec luctus leo sit amet orci congue nec aliquet felis accumsan. Ph</paragraph></section>\n','ezxmltext',761,'ita-IT',2,0,'',3),(0,187,149,0,1045487555,'<?xml version=\"1.0\" encoding=\"utf-8\"?>\n<section xmlns:image=\"http://ez.no/namespaces/ezpublish3/image/\" xmlns:xhtml=\"http://ez.no/namespaces/ezpublish3/xhtml/\" xmlns:custom=\"http://ez.no/namespaces/ezpublish3/custom/\"><paragraph>Donec nisl purus, consequat et congue id, dictum eget nisi. Nunc hendrerit luctus dolor, in faucibus arcu dapibus sed. Nulla est erat, hendrerit id pulvinar id, fermentum non lacus. Quisque vel quam non elit scelerisque dictum. Fusce lacus magna, aliquam non sodales consectetur, consectetur eget justo. Phasellus at odio lectus. Sed a auctor neque. Donec luctus leo sit amet orci congue nec aliquet felis accumsan. PhDonec nisl purus, consequat et congue id, dictum eget nisi. Nunc hendrerit luctus dolor, in faucibus arcu dapibus sed. Nulla est erat, hendrerit id pulvinar id, fermentum non lacus. Quisque vel quam non elit scelerisque dictum. Fusce lacus magna, aliquam non sodales consectetur, consectetur eget justo. Phasellus at odio lectus. Sed a auctor neque. Donec luctus leo sit amet orci congue nec aliquet felis accumsan. PhDonec nisl purus, consequat et congue id, dictum eget nisi. Nunc hendrerit luctus dolor, in faucibus arcu dapibus sed. Nulla est erat, hendrerit id pulvinar id, fermentum non lacus. Quisque vel quam non elit scelerisque dictum. Fusce lacus magna, aliquam non sodales consectetur, consectetur eget justo. Phasellus at odio lectus. Sed a auctor neque. Donec luctus leo sit amet orci congue nec aliquet felis accumsan. Ph</paragraph></section>\n','ezxmltext',762,'ita-IT',2,0,'',1),(0,187,149,0,1045487555,'<?xml version=\"1.0\" encoding=\"utf-8\"?>\n<section xmlns:image=\"http://ez.no/namespaces/ezpublish3/image/\" xmlns:xhtml=\"http://ez.no/namespaces/ezpublish3/xhtml/\" xmlns:custom=\"http://ez.no/namespaces/ezpublish3/custom/\"><paragraph>Donec nisl purus, consequat et congue id, dictum eget nisi. Nunc hendrerit luctus dolor, in faucibus arcu dapibus sed. Nulla est erat, hendrerit id pulvinar id, fermentum non lacus. Quisque vel quam non elit scelerisque dictum. Fusce lacus magna, aliquam non sodales consectetur, consectetur eget justo. Phasellus at odio lectus. Sed a auctor neque. Donec luctus leo sit amet orci congue nec aliquet felis accumsan. PhDonec nisl purus, consequat et congue id, dictum eget nisi. Nunc hendrerit luctus dolor, in faucibus arcu dapibus sed. Nulla est erat, hendrerit id pulvinar id, fermentum non lacus. Quisque vel quam non elit scelerisque dictum. Fusce lacus magna, aliquam non sodales consectetur, consectetur eget justo. Phasellus at odio lectus. Sed a auctor neque. Donec luctus leo sit amet orci congue nec aliquet felis accumsan. PhDonec nisl purus, consequat et congue id, dictum eget nisi. Nunc hendrerit luctus dolor, in faucibus arcu dapibus sed. Nulla est erat, hendrerit id pulvinar id, fermentum non lacus. Quisque vel quam non elit scelerisque dictum. Fusce lacus magna, aliquam non sodales consectetur, consectetur eget justo. Phasellus at odio lectus. Sed a auctor neque. Donec luctus leo sit amet orci congue nec aliquet felis accumsan. Ph</paragraph></section>\n','ezxmltext',762,'ita-IT',2,0,'',2),(0,187,149,0,1045487555,'<?xml version=\"1.0\" encoding=\"utf-8\"?>\n<section xmlns:image=\"http://ez.no/namespaces/ezpublish3/image/\" xmlns:xhtml=\"http://ez.no/namespaces/ezpublish3/xhtml/\" xmlns:custom=\"http://ez.no/namespaces/ezpublish3/custom/\"><paragraph>Donec nisl purus, consequat et congue id, dictum eget nisi. Nunc hendrerit luctus dolor, in faucibus arcu dapibus sed. Nulla est erat, hendrerit id pulvinar id, fermentum non lacus. Quisque vel quam non elit scelerisque dictum. Fusce lacus magna, aliquam non sodales consectetur, consectetur eget justo. Phasellus at odio lectus. Sed a auctor neque. Donec luctus leo sit amet orci congue nec aliquet felis accumsan. PhDonec nisl purus, consequat et congue id, dictum eget nisi. Nunc hendrerit luctus dolor, in faucibus arcu dapibus sed. Nulla est erat, hendrerit id pulvinar id, fermentum non lacus. Quisque vel quam non elit scelerisque dictum. Fusce lacus magna, aliquam non sodales consectetur, consectetur eget justo. Phasellus at odio lectus. Sed a auctor neque. Donec luctus leo sit amet orci congue nec aliquet felis accumsan. PhDonec nisl purus, consequat et congue id, dictum eget nisi. Nunc hendrerit luctus dolor, in faucibus arcu dapibus sed. Nulla est erat, hendrerit id pulvinar id, fermentum non lacus. Quisque vel quam non elit scelerisque dictum. Fusce lacus magna, aliquam non sodales consectetur, consectetur eget justo. Phasellus at odio lectus. Sed a auctor neque. Donec luctus leo sit amet orci congue nec aliquet felis accumsan. Ph</paragraph></section>\n','ezxmltext',762,'ita-IT',2,0,'',3),(0,189,149,0,NULL,'<?xml version=\"1.0\" encoding=\"utf-8\"?>\n<ezimage serial_number=\"1\" is_valid=\"1\" filename=\"Il-paradiso-degli-stolti.jpg\" suffix=\"jpg\" basename=\"Il-paradiso-degli-stolti\" dirpath=\"var/mondelli/storage/images/equitazione/cavalli/il-paradiso-degli-stolti/764-1-ita-IT\" url=\"var/mondelli/storage/images/equitazione/cavalli/il-paradiso-degli-stolti/764-1-ita-IT/Il-paradiso-degli-stolti.jpg\" original_filename=\"Childer_of_the_Night.jpg\" mime_type=\"image/jpeg\" width=\"600\" height=\"780\" alternative_text=\"\" alias_key=\"1293033771\" timestamp=\"1269615345\"><original attribute_id=\"764\" attribute_version=\"1\" attribute_language=\"ita-IT\"/><information Height=\"780\" Width=\"600\" IsColor=\"1\"/><alias name=\"large\" filename=\"Il-paradiso-degli-stolti_large.jpg\" suffix=\"jpg\" dirpath=\"var/mondelli/storage/images/equitazione/cavalli/il-paradiso-degli-stolti/764-1-ita-IT\" url=\"var/mondelli/storage/images/equitazione/cavalli/il-paradiso-degli-stolti/764-1-ita-IT/Il-paradiso-degli-stolti_large.jpg\" mime_type=\"image/jpeg\" width=\"230\" height=\"300\" alias_key=\"3084004918\" timestamp=\"1269615346\" is_valid=\"1\"/></ezimage>\n','ezimage',764,'ita-IT',2,0,'',1),(0,189,149,0,NULL,'<?xml version=\"1.0\" encoding=\"utf-8\"?>\n<ezimage serial_number=\"1\" is_valid=\"1\" filename=\"Il-paradiso-degli-stolti.jpg\" suffix=\"jpg\" basename=\"Il-paradiso-degli-stolti\" dirpath=\"var/mondelli/storage/images/equitazione/cavalli/il-paradiso-degli-stolti/764-2-ita-IT\" url=\"var/mondelli/storage/images/equitazione/cavalli/il-paradiso-degli-stolti/764-2-ita-IT/Il-paradiso-degli-stolti.jpg\" original_filename=\"___Inimical_Chimera___.jpg\" mime_type=\"image/jpeg\" width=\"888\" height=\"1213\" alternative_text=\"\" alias_key=\"1293033771\" timestamp=\"1270998011\"><original attribute_id=\"764\" attribute_version=\"2\" attribute_language=\"ita-IT\"/><information Height=\"1213\" Width=\"888\" IsColor=\"1\"/><alias name=\"medium\" filename=\"Il-paradiso-degli-stolti_medium.jpg\" suffix=\"jpg\" dirpath=\"var/mondelli/storage/images/equitazione/cavalli/il-paradiso-degli-stolti/764-2-ita-IT\" url=\"var/mondelli/storage/images/equitazione/cavalli/il-paradiso-degli-stolti/764-2-ita-IT/Il-paradiso-degli-stolti_medium.jpg\" mime_type=\"image/jpeg\" width=\"147\" height=\"200\" alias_key=\"2573207068\" timestamp=\"1270998014\" is_valid=\"1\"/><alias name=\"mainstory1\" filename=\"Il-paradiso-degli-stolti_mainstory1.jpg\" suffix=\"jpg\" dirpath=\"var/mondelli/storage/images/equitazione/cavalli/il-paradiso-degli-stolti/764-2-ita-IT\" url=\"var/mondelli/storage/images/equitazione/cavalli/il-paradiso-degli-stolti/764-2-ita-IT/Il-paradiso-degli-stolti_mainstory1.jpg\" mime_type=\"image/jpeg\" width=\"468\" height=\"396\" alias_key=\"4189723086\" timestamp=\"1270998069\" is_valid=\"1\"/><alias name=\"mainstory2\" filename=\"Il-paradiso-degli-stolti_mainstory2.jpg\" suffix=\"jpg\" dirpath=\"var/mondelli/storage/images/equitazione/cavalli/il-paradiso-degli-stolti/764-2-ita-IT\" url=\"var/mondelli/storage/images/equitazione/cavalli/il-paradiso-degli-stolti/764-2-ita-IT/Il-paradiso-degli-stolti_mainstory2.jpg\" mime_type=\"image/jpeg\" width=\"439\" height=\"233\" alias_key=\"761504640\" timestamp=\"1270998625\" is_valid=\"1\"/><alias name=\"large\" filename=\"Il-paradiso-degli-stolti_large.jpg\" suffix=\"jpg\" dirpath=\"var/mondelli/storage/images/equitazione/cavalli/il-paradiso-degli-stolti/764-2-ita-IT\" url=\"var/mondelli/storage/images/equitazione/cavalli/il-paradiso-degli-stolti/764-2-ita-IT/Il-paradiso-degli-stolti_large.jpg\" mime_type=\"image/jpeg\" width=\"220\" height=\"300\" alias_key=\"3084004918\" timestamp=\"1271001594\" is_valid=\"1\"/></ezimage>\n','ezimage',764,'ita-IT',2,0,'',2),(0,189,149,0,NULL,'<?xml version=\"1.0\" encoding=\"utf-8\"?>\n<ezimage serial_number=\"1\" is_valid=\"1\" filename=\"Il-paradiso-degli-stolti.jpg\" suffix=\"jpg\" basename=\"Il-paradiso-degli-stolti\" dirpath=\"var/mondelli/storage/images/equitazione/cavalli/il-paradiso-degli-stolti/764-2-ita-IT\" url=\"var/mondelli/storage/images/equitazione/cavalli/il-paradiso-degli-stolti/764-2-ita-IT/Il-paradiso-degli-stolti.jpg\" original_filename=\"___Inimical_Chimera___.jpg\" mime_type=\"image/jpeg\" width=\"888\" height=\"1213\" alternative_text=\"\" alias_key=\"1293033771\" timestamp=\"1270998011\"><original attribute_id=\"764\" attribute_version=\"2\" attribute_language=\"ita-IT\"/><information Height=\"1213\" Width=\"888\" IsColor=\"1\"/><alias name=\"medium\" filename=\"Il-paradiso-degli-stolti_medium.jpg\" suffix=\"jpg\" dirpath=\"var/mondelli/storage/images/equitazione/cavalli/il-paradiso-degli-stolti/764-2-ita-IT\" url=\"var/mondelli/storage/images/equitazione/cavalli/il-paradiso-degli-stolti/764-2-ita-IT/Il-paradiso-degli-stolti_medium.jpg\" mime_type=\"image/jpeg\" width=\"147\" height=\"200\" alias_key=\"2573207068\" timestamp=\"1270998014\" is_valid=\"1\"/><alias name=\"mainstory1\" filename=\"Il-paradiso-degli-stolti_mainstory1.jpg\" suffix=\"jpg\" dirpath=\"var/mondelli/storage/images/equitazione/cavalli/il-paradiso-degli-stolti/764-2-ita-IT\" url=\"var/mondelli/storage/images/equitazione/cavalli/il-paradiso-degli-stolti/764-2-ita-IT/Il-paradiso-degli-stolti_mainstory1.jpg\" mime_type=\"image/jpeg\" width=\"468\" height=\"396\" alias_key=\"4189723086\" timestamp=\"1270998069\" is_valid=\"1\"/><alias name=\"mainstory2\" filename=\"Il-paradiso-degli-stolti_mainstory2.jpg\" suffix=\"jpg\" dirpath=\"var/mondelli/storage/images/equitazione/cavalli/il-paradiso-degli-stolti/764-2-ita-IT\" url=\"var/mondelli/storage/images/equitazione/cavalli/il-paradiso-degli-stolti/764-2-ita-IT/Il-paradiso-degli-stolti_mainstory2.jpg\" mime_type=\"image/jpeg\" width=\"439\" height=\"233\" alias_key=\"761504640\" timestamp=\"1270998625\" is_valid=\"1\"/><alias name=\"large\" filename=\"Il-paradiso-degli-stolti_large.jpg\" suffix=\"jpg\" dirpath=\"var/mondelli/storage/images/equitazione/cavalli/il-paradiso-degli-stolti/764-2-ita-IT\" url=\"var/mondelli/storage/images/equitazione/cavalli/il-paradiso-degli-stolti/764-2-ita-IT/Il-paradiso-degli-stolti_large.jpg\" mime_type=\"image/jpeg\" width=\"220\" height=\"300\" alias_key=\"3084004918\" timestamp=\"1271001594\" is_valid=\"1\"/></ezimage>\n','ezimage',764,'ita-IT',2,0,'',3),(0,190,149,0,1045487555,'<?xml version=\"1.0\" encoding=\"utf-8\"?>\n<section xmlns:image=\"http://ez.no/namespaces/ezpublish3/image/\" xmlns:xhtml=\"http://ez.no/namespaces/ezpublish3/xhtml/\" xmlns:custom=\"http://ez.no/namespaces/ezpublish3/custom/\"/>\n','ezxmltext',765,'ita-IT',2,0,'',1),(0,190,149,0,1045487555,'<?xml version=\"1.0\" encoding=\"utf-8\"?>\n<section xmlns:image=\"http://ez.no/namespaces/ezpublish3/image/\" xmlns:xhtml=\"http://ez.no/namespaces/ezpublish3/xhtml/\" xmlns:custom=\"http://ez.no/namespaces/ezpublish3/custom/\"/>\n','ezxmltext',765,'ita-IT',2,0,'',2),(0,190,149,0,1045487555,'<?xml version=\"1.0\" encoding=\"utf-8\"?>\n<section xmlns:image=\"http://ez.no/namespaces/ezpublish3/image/\" xmlns:xhtml=\"http://ez.no/namespaces/ezpublish3/xhtml/\" xmlns:custom=\"http://ez.no/namespaces/ezpublish3/custom/\"/>\n','ezxmltext',765,'ita-IT',2,0,'',3),(0,191,149,0,0,'','ezdatetime',766,'ita-IT',2,0,'',1),(0,191,149,0,0,'','ezdatetime',766,'ita-IT',2,0,'',2),(0,191,149,0,0,'','ezdatetime',766,'ita-IT',2,0,'',3),(0,192,149,0,0,'','ezdatetime',767,'ita-IT',2,0,'',1),(0,192,149,0,0,'','ezdatetime',767,'ita-IT',2,0,'',2),(0,192,149,0,0,'','ezdatetime',767,'ita-IT',2,0,'',3),(0,193,149,0,NULL,'','ezkeyword',768,'ita-IT',2,0,'',1),(0,193,149,0,NULL,'','ezkeyword',768,'ita-IT',2,0,'',2),(0,193,149,0,NULL,'','ezkeyword',768,'ita-IT',2,0,'',3),(0,292,150,0,NULL,'Strane foto','ezstring',770,'ita-IT',2,0,'strane foto',1),(0,292,150,0,NULL,'Strane foto','ezstring',770,'ita-IT',2,0,'strane foto',2),(0,292,150,0,NULL,'Strane foto','ezstring',770,'ita-IT',2,0,'strane foto',3),(0,292,150,0,NULL,'Strane foto','ezstring',770,'ita-IT',2,0,'strane foto',4),(0,292,150,0,NULL,'Strane foto','ezstring',770,'ita-IT',2,0,'strane foto',5),(0,365,150,0,NULL,'Strane','ezstring',771,'ita-IT',2,0,'strane',1),(0,365,150,0,NULL,'Strane','ezstring',771,'ita-IT',2,0,'strane',2),(0,365,150,0,NULL,'Strane','ezstring',771,'ita-IT',2,0,'strane',3),(0,365,150,0,NULL,'Strane','ezstring',771,'ita-IT',2,0,'strane',4),(0,365,150,0,NULL,'Strane','ezstring',771,'ita-IT',2,0,'strane',5),(0,293,150,0,1045487555,'<?xml version=\"1.0\" encoding=\"utf-8\"?>\n<section xmlns:image=\"http://ez.no/namespaces/ezpublish3/image/\" xmlns:xhtml=\"http://ez.no/namespaces/ezpublish3/xhtml/\" xmlns:custom=\"http://ez.no/namespaces/ezpublish3/custom/\"/>\n','ezxmltext',772,'ita-IT',2,0,'',1),(0,293,150,0,1045487555,'<?xml version=\"1.0\" encoding=\"utf-8\"?>\n<section xmlns:image=\"http://ez.no/namespaces/ezpublish3/image/\" xmlns:xhtml=\"http://ez.no/namespaces/ezpublish3/xhtml/\" xmlns:custom=\"http://ez.no/namespaces/ezpublish3/custom/\"/>\n','ezxmltext',772,'ita-IT',2,0,'',2),(0,293,150,0,1045487555,'<?xml version=\"1.0\" encoding=\"utf-8\"?>\n<section xmlns:image=\"http://ez.no/namespaces/ezpublish3/image/\" xmlns:xhtml=\"http://ez.no/namespaces/ezpublish3/xhtml/\" xmlns:custom=\"http://ez.no/namespaces/ezpublish3/custom/\"/>\n','ezxmltext',772,'ita-IT',2,0,'',3),(0,293,150,0,1045487555,'<?xml version=\"1.0\" encoding=\"utf-8\"?>\n<section xmlns:image=\"http://ez.no/namespaces/ezpublish3/image/\" xmlns:xhtml=\"http://ez.no/namespaces/ezpublish3/xhtml/\" xmlns:custom=\"http://ez.no/namespaces/ezpublish3/custom/\"/>\n','ezxmltext',772,'ita-IT',2,0,'',4),(0,293,150,0,1045487555,'<?xml version=\"1.0\" encoding=\"utf-8\"?>\n<section xmlns:image=\"http://ez.no/namespaces/ezpublish3/image/\" xmlns:xhtml=\"http://ez.no/namespaces/ezpublish3/xhtml/\" xmlns:custom=\"http://ez.no/namespaces/ezpublish3/custom/\"/>\n','ezxmltext',772,'ita-IT',2,0,'',5),(0,294,150,0,1045487555,'<?xml version=\"1.0\" encoding=\"utf-8\"?>\n<section xmlns:image=\"http://ez.no/namespaces/ezpublish3/image/\" xmlns:xhtml=\"http://ez.no/namespaces/ezpublish3/xhtml/\" xmlns:custom=\"http://ez.no/namespaces/ezpublish3/custom/\"/>\n','ezxmltext',773,'ita-IT',2,0,'',1),(0,294,150,0,1045487555,'<?xml version=\"1.0\" encoding=\"utf-8\"?>\n<section xmlns:image=\"http://ez.no/namespaces/ezpublish3/image/\" xmlns:xhtml=\"http://ez.no/namespaces/ezpublish3/xhtml/\" xmlns:custom=\"http://ez.no/namespaces/ezpublish3/custom/\"/>\n','ezxmltext',773,'ita-IT',2,0,'',2),(0,294,150,0,1045487555,'<?xml version=\"1.0\" encoding=\"utf-8\"?>\n<section xmlns:image=\"http://ez.no/namespaces/ezpublish3/image/\" xmlns:xhtml=\"http://ez.no/namespaces/ezpublish3/xhtml/\" xmlns:custom=\"http://ez.no/namespaces/ezpublish3/custom/\"/>\n','ezxmltext',773,'ita-IT',2,0,'',3),(0,294,150,0,1045487555,'<?xml version=\"1.0\" encoding=\"utf-8\"?>\n<section xmlns:image=\"http://ez.no/namespaces/ezpublish3/image/\" xmlns:xhtml=\"http://ez.no/namespaces/ezpublish3/xhtml/\" xmlns:custom=\"http://ez.no/namespaces/ezpublish3/custom/\"/>\n','ezxmltext',773,'ita-IT',2,0,'',4),(0,294,150,0,1045487555,'<?xml version=\"1.0\" encoding=\"utf-8\"?>\n<section xmlns:image=\"http://ez.no/namespaces/ezpublish3/image/\" xmlns:xhtml=\"http://ez.no/namespaces/ezpublish3/xhtml/\" xmlns:custom=\"http://ez.no/namespaces/ezpublish3/custom/\"/>\n','ezxmltext',773,'ita-IT',2,0,'',5),(0,364,150,0,NULL,'<?xml version=\"1.0\" encoding=\"utf-8\"?>\n<related-objects><relation-list/></related-objects>\n','ezobjectrelationlist',774,'ita-IT',2,0,'',1),(0,364,150,0,NULL,'<?xml version=\"1.0\" encoding=\"utf-8\"?>\n<related-objects><relation-list><relation-item priority=\"1\" contentobject-id=\"271\" contentobject-version=\"1\" node-id=\"180\" parent-node-id=\"150\" contentclass-id=\"33\" contentclass-identifier=\"image\" contentobject-remote-id=\"a61e0d39af80b611e22d622a235aeaac\"/></relation-list></related-objects>\n','ezobjectrelationlist',774,'ita-IT',2,0,'',2),(0,364,150,0,NULL,'<?xml version=\"1.0\" encoding=\"utf-8\"?>\n<related-objects><relation-list><relation-item priority=\"1\" contentobject-id=\"271\" contentobject-version=\"1\" node-id=\"180\" parent-node-id=\"150\" contentclass-id=\"33\" contentclass-identifier=\"image\" contentobject-remote-id=\"a61e0d39af80b611e22d622a235aeaac\"/></relation-list></related-objects>\n','ezobjectrelationlist',774,'ita-IT',2,0,'',3),(0,364,150,0,NULL,'<?xml version=\"1.0\" encoding=\"utf-8\"?>\n<related-objects><relation-list><relation-item priority=\"1\" contentobject-id=\"271\" contentobject-version=\"1\" node-id=\"180\" parent-node-id=\"150\" contentclass-id=\"33\" contentclass-identifier=\"image\" contentobject-remote-id=\"a61e0d39af80b611e22d622a235aeaac\"/></relation-list></related-objects>\n','ezobjectrelationlist',774,'ita-IT',2,0,'',4),(0,364,150,0,NULL,'<?xml version=\"1.0\" encoding=\"utf-8\"?>\n<related-objects><relation-list><relation-item priority=\"1\" contentobject-id=\"271\" contentobject-version=\"1\" node-id=\"180\" parent-node-id=\"150\" contentclass-id=\"33\" contentclass-identifier=\"image\" contentobject-remote-id=\"a61e0d39af80b611e22d622a235aeaac\"/></relation-list></related-objects>\n','ezobjectrelationlist',774,'ita-IT',2,0,'',5),(0,354,157,0,NULL,'New Eventaaa','ezstring',829,'ita-IT',2,0,'new eventaaa',1),(0,354,157,0,NULL,'New Eventaaa','ezstring',829,'ita-IT',2,0,'new eventaaa',2),(0,354,157,0,NULL,'New Eventaaa','ezstring',829,'ita-IT',2,0,'new eventaaa',3),(0,355,157,0,NULL,'','ezstring',830,'ita-IT',2,0,'',1),(0,355,157,0,NULL,'','ezstring',830,'ita-IT',2,0,'',2),(0,355,157,0,NULL,'','ezstring',830,'ita-IT',2,0,'',3),(0,356,157,0,1045487555,'<?xml version=\"1.0\" encoding=\"utf-8\"?>\n                <section xmlns:image=\"http://ez.no/namespaces/ezpublish3/image/\"\n                         xmlns:xhtml=\"http://ez.no/namespaces/ezpublish3/xhtml/\"\n                         xmlns:custom=\"http://ez.no/namespaces/ezpublish3/custom/\">\n                        <paragraph>asas</paragraph></section>','ezxmltext',831,'ita-IT',2,0,'',1),(0,356,157,0,1045487555,'<?xml version=\"1.0\" encoding=\"utf-8\"?>\n<section xmlns:image=\"http://ez.no/namespaces/ezpublish3/image/\" xmlns:xhtml=\"http://ez.no/namespaces/ezpublish3/xhtml/\" xmlns:custom=\"http://ez.no/namespaces/ezpublish3/custom/\"><paragraph>asas</paragraph><paragraph><embed size=\"medium\" view=\"embed\" object_id=\"166\" custom:offset=\"0\" custom:limit=\"5\"/></paragraph></section>\n','ezxmltext',831,'ita-IT',2,0,'',2),(0,356,157,0,1045487555,'<?xml version=\"1.0\" encoding=\"utf-8\"?>\n<section xmlns:image=\"http://ez.no/namespaces/ezpublish3/image/\" xmlns:xhtml=\"http://ez.no/namespaces/ezpublish3/xhtml/\" xmlns:custom=\"http://ez.no/namespaces/ezpublish3/custom/\"><paragraph>asas</paragraph><paragraph><embed size=\"medium\" view=\"embed\" object_id=\"166\" custom:offset=\"0\" custom:limit=\"5\"/>Lorem ipsum dolor sit amet, consectetur adipiscing elit. Donec a massa lectus. Cras imperdiet pretium urna, rutrum pretium mi mollis ut. Etiam tempus dictum lacus, in ultricies odio rhoncus sed. Morbi condimentum tristique justo, sed tempor odio tincidunt eu. Pellentesque vehicula accumsan pulvinar. Aliquam eget felis vitae nisi dapibus pellentesque. Sed nec tellus eu justo gravida iaculis et et dui. Aenean nisl elit, volutpat at pharetra et, consectetur nec magna. In hac habitasse platea dictumst. Ut semper augue eu arcu tempus convallis. Aliquam quam tortor, vestibulum in tincidunt id, hendrerit sit amet velit. Praesent commodo tortor quis dolor vehicula sit amet varius arcu feugiat. Pellentesque hendrerit cursus dignissim. Proin scelerisque, magna congue malesuada posuere, lorem a</paragraph></section>\n','ezxmltext',831,'ita-IT',2,0,'',3),(0,357,157,0,NULL,'','ezkeyword',832,'ita-IT',2,0,'',1),(0,357,157,0,NULL,'','ezkeyword',832,'ita-IT',2,0,'',2),(0,357,157,0,NULL,'','ezkeyword',832,'ita-IT',2,0,'',3),(0,358,157,0,1270184400,'','ezdatetime',833,'ita-IT',2,1270184400,'',1),(0,358,157,0,1270184400,'','ezdatetime',833,'ita-IT',2,1270184400,'',2),(0,358,157,0,1270184400,'','ezdatetime',833,'ita-IT',2,1270184400,'',3),(0,359,157,0,1270191600,'','ezdatetime',834,'ita-IT',2,1270191600,'',1),(0,359,157,0,1270191600,'','ezdatetime',834,'ita-IT',2,1270191600,'',2),(0,359,157,0,1270191600,'','ezdatetime',834,'ita-IT',2,1270191600,'',3),(0,360,157,0,NULL,'','ezselection',835,'ita-IT',2,0,'',1),(0,360,157,0,NULL,'0','ezselection',835,'ita-IT',2,0,'0',2),(0,360,157,0,NULL,'0','ezselection',835,'ita-IT',2,0,'0',3),(0,361,157,0,1270191600,'','ezdatetime',836,'ita-IT',2,1270191600,'',1),(0,361,157,0,1270191600,'','ezdatetime',836,'ita-IT',2,1270191600,'',2),(0,361,157,0,1270191600,'','ezdatetime',836,'ita-IT',2,1270191600,'',3),(0,362,157,0,NULL,'where','ezstring',837,'ita-IT',2,0,'where',1),(0,362,157,0,NULL,'where','ezstring',837,'ita-IT',2,0,'where',2),(0,362,157,0,NULL,'where','ezstring',837,'ita-IT',2,0,'where',3),(0,354,165,0,NULL,'New Event','ezstring',901,'ita-IT',2,0,'new event',1),(0,355,165,0,NULL,'','ezstring',902,'ita-IT',2,0,'',1),(0,356,165,0,1045487555,'<?xml version=\"1.0\" encoding=\"utf-8\"?>\n                <section xmlns:image=\"http://ez.no/namespaces/ezpublish3/image/\"\n                         xmlns:xhtml=\"http://ez.no/namespaces/ezpublish3/xhtml/\"\n                         xmlns:custom=\"http://ez.no/namespaces/ezpublish3/custom/\">\n                        <paragraph>fhg</paragraph></section>','ezxmltext',903,'ita-IT',2,0,'',1),(0,357,165,0,NULL,'','ezkeyword',904,'ita-IT',2,0,'',1),(0,358,165,0,1272090600,'','ezdatetime',905,'ita-IT',2,1272090600,'',1),(0,359,165,0,1272094200,'','ezdatetime',906,'ita-IT',2,1272094200,'',1),(0,360,165,0,NULL,'','ezselection',907,'ita-IT',2,0,'',1),(0,361,165,0,1272094200,'','ezdatetime',908,'ita-IT',2,1272094200,'',1),(0,362,165,0,NULL,'where','ezstring',909,'ita-IT',2,0,'where',1),(0,272,166,0,NULL,'Exile_by_KatiBear','ezstring',910,'ita-IT',2,0,'exile_by_katibear',1),(0,273,166,0,1045487555,'<?xml version=\"1.0\" encoding=\"utf-8\"?>\n<section xmlns:image=\"http://ez.no/namespaces/ezpublish3/image/\" xmlns:xhtml=\"http://ez.no/namespaces/ezpublish3/xhtml/\" xmlns:custom=\"http://ez.no/namespaces/ezpublish3/custom/\"/>\n','ezxmltext',911,'ita-IT',2,0,'',1),(0,274,166,0,NULL,'<?xml version=\"1.0\" encoding=\"utf-8\"?>\n<ezimage serial_number=\"1\" is_valid=\"1\" filename=\"Exile_by_KatiBear.jpg\" suffix=\"jpg\" basename=\"Exile_by_KatiBear\" dirpath=\"var/mondelli/storage/images/media/images/exile_by_katibear/912-1-ita-IT\" url=\"var/mondelli/storage/images/media/images/exile_by_katibear/912-1-ita-IT/Exile_by_KatiBear.jpg\" original_filename=\"Exile_by_KatiBear.jpg\" mime_type=\"image/jpeg\" width=\"600\" height=\"723\" alternative_text=\"\" alias_key=\"1293033771\" timestamp=\"1270555683\"><original attribute_id=\"912\" attribute_version=\"1\" attribute_language=\"ita-IT\"/><information Height=\"723\" Width=\"600\" IsColor=\"1\"/><alias name=\"small\" filename=\"Exile_by_KatiBear_small.jpg\" suffix=\"jpg\" dirpath=\"var/mondelli/storage/images/media/images/exile_by_katibear/912-1-ita-IT\" url=\"var/mondelli/storage/images/media/images/exile_by_katibear/912-1-ita-IT/Exile_by_KatiBear_small.jpg\" mime_type=\"image/jpeg\" width=\"83\" height=\"100\" alias_key=\"154637809\" timestamp=\"1270555686\" is_valid=\"1\"/><alias name=\"medium\" filename=\"Exile_by_KatiBear_medium.jpg\" suffix=\"jpg\" dirpath=\"var/mondelli/storage/images/media/images/exile_by_katibear/912-1-ita-IT\" url=\"var/mondelli/storage/images/media/images/exile_by_katibear/912-1-ita-IT/Exile_by_KatiBear_medium.jpg\" mime_type=\"image/jpeg\" width=\"166\" height=\"200\" alias_key=\"2573207068\" timestamp=\"1270555687\" is_valid=\"1\"/></ezimage>\n','ezimage',912,'ita-IT',2,0,'',1),(0,275,166,0,NULL,'','ezkeyword',913,'ita-IT',2,0,'',1),(0,354,167,0,NULL,'Santi Licheri','ezstring',914,'ita-IT',2,0,'santi licheri',1),(0,355,167,0,NULL,'','ezstring',915,'ita-IT',2,0,'',1),(0,356,167,0,1045487555,'<?xml version=\"1.0\" encoding=\"utf-8\"?>\n                <section xmlns:image=\"http://ez.no/namespaces/ezpublish3/image/\"\n                         xmlns:xhtml=\"http://ez.no/namespaces/ezpublish3/xhtml/\"\n                         xmlns:custom=\"http://ez.no/namespaces/ezpublish3/custom/\">\n                        <paragraph>sdsdasd</paragraph></section>','ezxmltext',916,'ita-IT',2,0,'',1),(0,357,167,0,NULL,'','ezkeyword',917,'ita-IT',2,0,'',1),(0,358,167,0,1271307600,'','ezdatetime',918,'ita-IT',2,1271307600,'',1),(0,359,167,0,1271327400,'','ezdatetime',919,'ita-IT',2,1271327400,'',1),(0,360,167,0,NULL,'','ezselection',920,'ita-IT',2,0,'',1),(0,361,167,0,1271309400,'','ezdatetime',921,'ita-IT',2,1271309400,'',1),(0,362,167,0,NULL,'where','ezstring',922,'ita-IT',2,0,'where',1),(0,8,169,0,NULL,'mosarg','ezstring',928,'ita-IT',3,0,'mosarg',1),(0,9,169,0,NULL,'mosarg','ezstring',929,'ita-IT',3,0,'mosarg',1),(0,12,169,0,NULL,'','ezuser',930,'ita-IT',3,0,'',1),(0,179,169,0,NULL,'','eztext',931,'ita-IT',3,0,'',1),(0,180,169,0,NULL,'<?xml version=\"1.0\" encoding=\"utf-8\"?>\n<ezimage serial_number=\"1\" is_valid=\"\" filename=\"\" suffix=\"\" basename=\"\" dirpath=\"\" url=\"\" original_filename=\"\" mime_type=\"\" width=\"\" height=\"\" alternative_text=\"\" alias_key=\"1293033771\" timestamp=\"1270652336\"><original attribute_id=\"932\" attribute_version=\"1\" attribute_language=\"ita-IT\"/></ezimage>\n','ezimage',932,'ita-IT',3,0,'',1),(0,354,170,0,NULL,'Evento di test','ezstring',933,'ita-IT',2,0,'evento di test',1),(0,355,170,0,NULL,'','ezstring',934,'ita-IT',2,0,'',1),(0,356,170,0,1045487555,'<?xml version=\"1.0\" encoding=\"utf-8\"?>\n                <section xmlns:image=\"http://ez.no/namespaces/ezpublish3/image/\"\n                         xmlns:xhtml=\"http://ez.no/namespaces/ezpublish3/xhtml/\"\n                         xmlns:custom=\"http://ez.no/namespaces/ezpublish3/custom/\">\n                        <paragraph>cosa sono io?</paragraph></section>','ezxmltext',935,'ita-IT',2,0,'',1),(0,357,170,0,NULL,'','ezkeyword',936,'ita-IT',2,0,'',1),(0,358,170,0,1270443600,'','ezdatetime',937,'ita-IT',2,1270443600,'',1),(0,359,170,0,1270454400,'','ezdatetime',938,'ita-IT',2,1270454400,'',1),(0,360,170,0,NULL,'','ezselection',939,'ita-IT',2,0,'',1),(0,361,170,0,1270454400,'','ezdatetime',940,'ita-IT',2,1270454400,'',1),(0,362,170,0,NULL,'where','ezstring',941,'ita-IT',2,0,'where',1),(0,354,171,0,NULL,'Secondo evento del giorno','ezstring',942,'ita-IT',2,0,'secondo evento del giorno',1),(0,355,171,0,NULL,'','ezstring',943,'ita-IT',2,0,'',1),(0,356,171,0,1045487555,'<?xml version=\"1.0\" encoding=\"utf-8\"?>\n                <section xmlns:image=\"http://ez.no/namespaces/ezpublish3/image/\"\n                         xmlns:xhtml=\"http://ez.no/namespaces/ezpublish3/xhtml/\"\n                         xmlns:custom=\"http://ez.no/namespaces/ezpublish3/custom/\">\n                        <paragraph></paragraph></section>','ezxmltext',944,'ita-IT',2,0,'',1),(0,357,171,0,NULL,'','ezkeyword',945,'ita-IT',2,0,'',1),(0,358,171,0,1271322000,'','ezdatetime',946,'ita-IT',2,1271322000,'',1),(0,359,171,0,1271361600,'','ezdatetime',947,'ita-IT',2,1271361600,'',1),(0,360,171,0,NULL,'','ezselection',948,'ita-IT',2,0,'',1),(0,361,171,0,1271361600,'','ezdatetime',949,'ita-IT',2,1271361600,'',1),(0,362,171,0,NULL,'where','ezstring',950,'ita-IT',2,0,'where',1),(0,8,205,0,NULL,'cane','ezstring',1116,'ita-IT',3,0,'cane',1),(0,9,205,0,NULL,'rognoso','ezstring',1117,'ita-IT',3,0,'rognoso',1),(0,12,205,0,NULL,'','ezuser',1118,'ita-IT',3,0,'',1),(0,179,205,0,NULL,'','eztext',1119,'ita-IT',3,0,'',1),(0,180,205,0,NULL,'<?xml version=\"1.0\" encoding=\"utf-8\"?>\n<ezimage serial_number=\"1\" is_valid=\"\" filename=\"\" suffix=\"\" basename=\"\" dirpath=\"\" url=\"\" original_filename=\"\" mime_type=\"\" width=\"\" height=\"\" alternative_text=\"\" alias_key=\"1293033771\" timestamp=\"1270746387\"><original attribute_id=\"1120\" attribute_version=\"1\" attribute_language=\"ita-IT\"/></ezimage>\n','ezimage',1120,'ita-IT',3,0,'',1),(0,8,249,0,NULL,'Guglielmo','ezstring',1336,'ita-IT',3,0,'guglielmo',1),(0,9,249,0,NULL,'Marconi','ezstring',1337,'ita-IT',3,0,'marconi',1),(0,12,249,0,NULL,'','ezuser',1338,'ita-IT',3,0,'',1),(0,179,249,0,NULL,'','eztext',1339,'ita-IT',3,0,'',1),(0,180,249,0,NULL,'<?xml version=\"1.0\" encoding=\"utf-8\"?>\n<ezimage serial_number=\"1\" is_valid=\"\" filename=\"\" suffix=\"\" basename=\"\" dirpath=\"\" url=\"\" original_filename=\"\" mime_type=\"\" width=\"\" height=\"\" alternative_text=\"\" alias_key=\"1293033771\" timestamp=\"1270767003\"><original attribute_id=\"1340\" attribute_version=\"1\" attribute_language=\"ita-IT\"/></ezimage>\n','ezimage',1340,'ita-IT',3,0,'',1),(0,8,261,0,NULL,'antonio ','ezstring',1396,'ita-IT',3,0,'antonio ',1),(0,9,261,0,NULL,'astolfi','ezstring',1397,'ita-IT',3,0,'astolfi',1),(0,12,261,0,NULL,'','ezuser',1398,'ita-IT',3,0,'',1),(0,179,261,0,NULL,'','eztext',1399,'ita-IT',3,0,'',1),(0,180,261,0,NULL,'<?xml version=\"1.0\" encoding=\"utf-8\"?>\n<ezimage serial_number=\"1\" is_valid=\"\" filename=\"\" suffix=\"\" basename=\"\" dirpath=\"\" url=\"\" original_filename=\"\" mime_type=\"\" width=\"\" height=\"\" alternative_text=\"\" alias_key=\"1293033771\" timestamp=\"1270798365\"><original attribute_id=\"1400\" attribute_version=\"1\" attribute_language=\"ita-IT\"/></ezimage>\n','ezimage',1400,'ita-IT',3,0,'',1),(0,6,262,0,NULL,'Editor limitato','ezstring',1401,'ita-IT',3,0,'editor limitato',1),(0,7,262,0,NULL,'','ezstring',1402,'ita-IT',3,0,'',1),(0,8,263,0,NULL,'enzo','ezstring',1403,'ita-IT',3,0,'enzo',1),(0,8,263,0,NULL,'enzo','ezstring',1403,'ita-IT',3,0,'enzo',2),(0,8,263,0,NULL,'enzo','ezstring',1403,'ita-IT',3,0,'enzo',3),(0,9,263,0,NULL,'enzo','ezstring',1404,'ita-IT',3,0,'enzo',1),(0,9,263,0,NULL,'enzo','ezstring',1404,'ita-IT',3,0,'enzo',2),(0,9,263,0,NULL,'enzo','ezstring',1404,'ita-IT',3,0,'enzo',3),(0,12,263,0,NULL,'','ezuser',1405,'ita-IT',3,0,'',1),(0,12,263,0,NULL,'','ezuser',1405,'ita-IT',3,0,'',2),(0,12,263,0,NULL,'','ezuser',1405,'ita-IT',3,0,'',3),(0,179,263,0,NULL,'','eztext',1406,'ita-IT',3,0,'',1),(0,179,263,0,NULL,'','eztext',1406,'ita-IT',3,0,'',2),(0,179,263,0,NULL,'','eztext',1406,'ita-IT',3,0,'',3),(0,180,263,0,NULL,'<?xml version=\"1.0\" encoding=\"utf-8\"?>\n<ezimage serial_number=\"1\" is_valid=\"\" filename=\"\" suffix=\"\" basename=\"\" dirpath=\"\" url=\"\" original_filename=\"\" mime_type=\"\" width=\"\" height=\"\" alternative_text=\"\" alias_key=\"1293033771\" timestamp=\"1270820806\"><original attribute_id=\"1407\" attribute_version=\"1\" attribute_language=\"ita-IT\"/></ezimage>\n','ezimage',1407,'ita-IT',3,0,'',1),(0,180,263,0,NULL,'<?xml version=\"1.0\" encoding=\"utf-8\"?>\n<ezimage serial_number=\"1\" is_valid=\"1\" filename=\"enzo-enzo.jpg\" suffix=\"jpg\" basename=\"enzo-enzo\" dirpath=\"var/mondelli/storage/images/users/editor-limitato/enzo-enzo/1407-2-ita-IT\" url=\"var/mondelli/storage/images/users/editor-limitato/enzo-enzo/1407-2-ita-IT/enzo-enzo.jpg\" original_filename=\"consumed_by_BlueBlack.jpg\" mime_type=\"image/jpeg\" width=\"450\" height=\"543\" alternative_text=\"\" alias_key=\"1293033771\" timestamp=\"1271060539\"><original attribute_id=\"1407\" attribute_version=\"2\" attribute_language=\"ita-IT\"/><information Height=\"543\" Width=\"450\" IsColor=\"1\"/><alias name=\"large\" filename=\"enzo-enzo_large.jpg\" suffix=\"jpg\" dirpath=\"var/mondelli/storage/images/users/editor-limitato/enzo-enzo/1407-2-ita-IT\" url=\"var/mondelli/storage/images/users/editor-limitato/enzo-enzo/1407-2-ita-IT/enzo-enzo_large.jpg\" mime_type=\"image/jpeg\" width=\"249\" height=\"300\" alias_key=\"3084004918\" timestamp=\"1271061062\" is_valid=\"1\"/></ezimage>\n','ezimage',1407,'ita-IT',3,0,'',2),(0,180,263,0,NULL,'<?xml version=\"1.0\" encoding=\"utf-8\"?>\n<ezimage serial_number=\"1\" is_valid=\"1\" filename=\"enzo-enzo.jpg\" suffix=\"jpg\" basename=\"enzo-enzo\" dirpath=\"var/mondelli/storage/images/users/editor-limitato/enzo-enzo/1407-2-ita-IT\" url=\"var/mondelli/storage/images/users/editor-limitato/enzo-enzo/1407-2-ita-IT/enzo-enzo.jpg\" original_filename=\"consumed_by_BlueBlack.jpg\" mime_type=\"image/jpeg\" width=\"450\" height=\"543\" alternative_text=\"\" alias_key=\"1293033771\" timestamp=\"1271060539\"><original attribute_id=\"1407\" attribute_version=\"2\" attribute_language=\"ita-IT\"/><information Height=\"543\" Width=\"450\" IsColor=\"1\"/><alias name=\"large\" filename=\"enzo-enzo_large.jpg\" suffix=\"jpg\" dirpath=\"var/mondelli/storage/images/users/editor-limitato/enzo-enzo/1407-2-ita-IT\" url=\"var/mondelli/storage/images/users/editor-limitato/enzo-enzo/1407-2-ita-IT/enzo-enzo_large.jpg\" mime_type=\"image/jpeg\" width=\"249\" height=\"300\" alias_key=\"3084004918\" timestamp=\"1271061062\" is_valid=\"1\"/><alias name=\"medium\" filename=\"enzo-enzo_medium.jpg\" suffix=\"jpg\" dirpath=\"var/mondelli/storage/images/users/editor-limitato/enzo-enzo/1407-2-ita-IT\" url=\"var/mondelli/storage/images/users/editor-limitato/enzo-enzo/1407-2-ita-IT/enzo-enzo_medium.jpg\" mime_type=\"image/jpeg\" width=\"166\" height=\"200\" alias_key=\"2573207068\" timestamp=\"1271063822\" is_valid=\"1\"/></ezimage>\n','ezimage',1407,'ita-IT',3,0,'',3),(0,272,267,0,NULL,'dans_l__imagination_by_armawolf','ezstring',1432,'ita-IT',2,0,'dans_l__imagination_by_armawolf',1),(0,272,267,0,NULL,'Imagination','ezstring',1432,'ita-IT',2,0,'imagination',2),(0,272,267,0,NULL,'Imagination','ezstring',1432,'ita-IT',2,0,'imagination',3),(0,273,267,0,1045487555,'<?xml version=\"1.0\" encoding=\"utf-8\"?>\n<section xmlns:image=\"http://ez.no/namespaces/ezpublish3/image/\" xmlns:xhtml=\"http://ez.no/namespaces/ezpublish3/xhtml/\" xmlns:custom=\"http://ez.no/namespaces/ezpublish3/custom/\"/>\n','ezxmltext',1433,'ita-IT',2,0,'',1),(0,273,267,0,1045487555,'<?xml version=\"1.0\" encoding=\"utf-8\"?>\n<section xmlns:image=\"http://ez.no/namespaces/ezpublish3/image/\" xmlns:xhtml=\"http://ez.no/namespaces/ezpublish3/xhtml/\" xmlns:custom=\"http://ez.no/namespaces/ezpublish3/custom/\"/>\n','ezxmltext',1433,'ita-IT',2,0,'',2),(0,273,267,0,1045487555,'<?xml version=\"1.0\" encoding=\"utf-8\"?>\n<section xmlns:image=\"http://ez.no/namespaces/ezpublish3/image/\" xmlns:xhtml=\"http://ez.no/namespaces/ezpublish3/xhtml/\" xmlns:custom=\"http://ez.no/namespaces/ezpublish3/custom/\"><paragraph>Lorem ipsum dolor sit amet, consectetur adipiscing elit. Curabitur eget nisi dolor. Ut eget urna tellus. Mauris vestibulum egestas diam, quis molestie lorem consectetur vitae. Maecenas tincidunt, arcu nec auctor sollicitudin, nibh ipsum tristique nibh, non luctus arcu leo</paragraph></section>\n','ezxmltext',1433,'ita-IT',2,0,'',3),(0,274,267,0,NULL,'<?xml version=\"1.0\" encoding=\"utf-8\"?>\n<ezimage serial_number=\"1\" is_valid=\"1\" filename=\"dans_l__imagination_by_armawolf.jpg\" suffix=\"jpg\" basename=\"dans_l__imagination_by_armawolf\" dirpath=\"var/mondelli/storage/images/foto/panini/strane-foto/dans_l__imagination_by_armawolf/1434-1-ita-IT\" url=\"var/mondelli/storage/images/foto/panini/strane-foto/dans_l__imagination_by_armawolf/1434-1-ita-IT/dans_l__imagination_by_armawolf.jpg\" original_filename=\"dans_l__imagination_by_armawolf.jpg\" mime_type=\"image/jpeg\" width=\"1250\" height=\"1250\" alternative_text=\"\" alias_key=\"1293033771\" timestamp=\"1270903811\"><original attribute_id=\"1434\" attribute_version=\"1\" attribute_language=\"ita-IT\"/><information Height=\"1250\" Width=\"1250\" IsColor=\"1\" ByteOrderMotorola=\"1\" Thumbnail.FileType=\"2\" Thumbnail.MimeType=\"image/jpeg\"><array name=\"ifd0\"><item key=\"Orientation\" base64=\"1\">MQ==</item><item key=\"XResolution\" base64=\"1\">MzAwMDAwMC8xMDAwMA==</item><item key=\"YResolution\" base64=\"1\">MzAwMDAwMC8xMDAwMA==</item><item key=\"ResolutionUnit\" base64=\"1\">Mg==</item><item key=\"Software\" base64=\"1\">QWRvYmUgUGhvdG9zaG9wIENTMiBXaW5kb3dz</item><item key=\"DateTime\" base64=\"1\">MjAwNzowODoyNSAxNDo0MDo0OQ==</item><item key=\"Exif_IFD_Pointer\" base64=\"1\">MTY0</item></array><array name=\"exif\"><item key=\"ColorSpace\" base64=\"1\">MQ==</item><item key=\"ExifImageWidth\" base64=\"1\">MTI1MA==</item><item key=\"ExifImageLength\" base64=\"1\">MTI1MA==</item></array></information><alias name=\"multiuploadthumbnail\" filename=\"dans_l__imagination_by_armawolf_multiuploadthumbnail.jpg\" suffix=\"jpg\" dirpath=\"var/mondelli/storage/images/foto/panini/strane-foto/dans_l__imagination_by_armawolf/1434-1-ita-IT\" url=\"var/mondelli/storage/images/foto/panini/strane-foto/dans_l__imagination_by_armawolf/1434-1-ita-IT/dans_l__imagination_by_armawolf_multiuploadthumbnail.jpg\" mime_type=\"image/jpeg\" width=\"80\" height=\"80\" alias_key=\"63312607\" timestamp=\"1270903814\" is_valid=\"1\"/><alias name=\"galleryfull\" filename=\"dans_l__imagination_by_armawolf_galleryfull.jpg\" suffix=\"jpg\" dirpath=\"var/mondelli/storage/images/foto/panini/strane-foto/dans_l__imagination_by_armawolf/1434-1-ita-IT\" url=\"var/mondelli/storage/images/foto/panini/strane-foto/dans_l__imagination_by_armawolf/1434-1-ita-IT/dans_l__imagination_by_armawolf_galleryfull.jpg\" mime_type=\"image/jpeg\" width=\"550\" height=\"550\" alias_key=\"499548835\" timestamp=\"1270903826\" is_valid=\"1\"/><alias name=\"gallerythumbnailsquare\" filename=\"dans_l__imagination_by_armawolf_gallerythumbnailsquare.jpg\" suffix=\"jpg\" dirpath=\"var/mondelli/storage/images/foto/panini/strane-foto/dans_l__imagination_by_armawolf/1434-1-ita-IT\" url=\"var/mondelli/storage/images/foto/panini/strane-foto/dans_l__imagination_by_armawolf/1434-1-ita-IT/dans_l__imagination_by_armawolf_gallerythumbnailsquare.jpg\" mime_type=\"image/jpeg\" width=\"75\" height=\"75\" alias_key=\"4228615722\" timestamp=\"1270903826\" is_valid=\"1\"/><alias name=\"imagelarge\" filename=\"dans_l__imagination_by_armawolf_imagelarge.jpg\" suffix=\"jpg\" dirpath=\"var/mondelli/storage/images/foto/panini/strane-foto/dans_l__imagination_by_armawolf/1434-1-ita-IT\" url=\"var/mondelli/storage/images/foto/panini/strane-foto/dans_l__imagination_by_armawolf/1434-1-ita-IT/dans_l__imagination_by_armawolf_imagelarge.jpg\" mime_type=\"image/jpeg\" width=\"448\" height=\"448\" alias_key=\"2602985738\" timestamp=\"1270907190\" is_valid=\"1\"/></ezimage>\n','ezimage',1434,'ita-IT',2,0,'',1),(0,274,267,0,NULL,'<?xml version=\"1.0\" encoding=\"utf-8\"?>\n<ezimage serial_number=\"1\" is_valid=\"1\" filename=\"Imagination.jpg\" suffix=\"jpg\" basename=\"Imagination\" dirpath=\"var/mondelli/storage/images/foto/panini/strane-foto/imagination/1434-1-ita-IT\" url=\"var/mondelli/storage/images/foto/panini/strane-foto/imagination/1434-1-ita-IT/Imagination.jpg\" original_filename=\"dans_l__imagination_by_armawolf.jpg\" mime_type=\"image/jpeg\" width=\"1250\" height=\"1250\" alternative_text=\"\" alias_key=\"1293033771\" timestamp=\"1270903811\"><original attribute_id=\"1434\" attribute_version=\"1\" attribute_language=\"ita-IT\"/><information Height=\"1250\" Width=\"1250\" IsColor=\"1\" ByteOrderMotorola=\"1\" Thumbnail.FileType=\"2\" Thumbnail.MimeType=\"image/jpeg\"><array name=\"ifd0\"><item key=\"Orientation\" base64=\"1\">MQ==</item><item key=\"XResolution\" base64=\"1\">MzAwMDAwMC8xMDAwMA==</item><item key=\"YResolution\" base64=\"1\">MzAwMDAwMC8xMDAwMA==</item><item key=\"ResolutionUnit\" base64=\"1\">Mg==</item><item key=\"Software\" base64=\"1\">QWRvYmUgUGhvdG9zaG9wIENTMiBXaW5kb3dz</item><item key=\"DateTime\" base64=\"1\">MjAwNzowODoyNSAxNDo0MDo0OQ==</item><item key=\"Exif_IFD_Pointer\" base64=\"1\">MTY0</item></array><array name=\"exif\"><item key=\"ColorSpace\" base64=\"1\">MQ==</item><item key=\"ExifImageWidth\" base64=\"1\">MTI1MA==</item><item key=\"ExifImageLength\" base64=\"1\">MTI1MA==</item></array></information><alias name=\"multiuploadthumbnail\" filename=\"Imagination_multiuploadthumbnail.jpg\" suffix=\"jpg\" dirpath=\"var/mondelli/storage/images/foto/panini/strane-foto/imagination/1434-1-ita-IT\" url=\"var/mondelli/storage/images/foto/panini/strane-foto/imagination/1434-1-ita-IT/Imagination_multiuploadthumbnail.jpg\" mime_type=\"image/jpeg\" width=\"80\" height=\"80\" alias_key=\"63312607\" timestamp=\"1270903814\" is_valid=\"1\"/><alias name=\"galleryfull\" filename=\"Imagination_galleryfull.jpg\" suffix=\"jpg\" dirpath=\"var/mondelli/storage/images/foto/panini/strane-foto/imagination/1434-1-ita-IT\" url=\"var/mondelli/storage/images/foto/panini/strane-foto/imagination/1434-1-ita-IT/Imagination_galleryfull.jpg\" mime_type=\"image/jpeg\" width=\"550\" height=\"550\" alias_key=\"499548835\" timestamp=\"1270903826\" is_valid=\"1\"/><alias name=\"gallerythumbnailsquare\" filename=\"Imagination_gallerythumbnailsquare.jpg\" suffix=\"jpg\" dirpath=\"var/mondelli/storage/images/foto/panini/strane-foto/imagination/1434-1-ita-IT\" url=\"var/mondelli/storage/images/foto/panini/strane-foto/imagination/1434-1-ita-IT/Imagination_gallerythumbnailsquare.jpg\" mime_type=\"image/jpeg\" width=\"75\" height=\"75\" alias_key=\"4228615722\" timestamp=\"1270903826\" is_valid=\"1\"/><alias name=\"imagelarge\" filename=\"Imagination_imagelarge.jpg\" suffix=\"jpg\" dirpath=\"var/mondelli/storage/images/foto/panini/strane-foto/imagination/1434-1-ita-IT\" url=\"var/mondelli/storage/images/foto/panini/strane-foto/imagination/1434-1-ita-IT/Imagination_imagelarge.jpg\" mime_type=\"image/jpeg\" width=\"448\" height=\"448\" alias_key=\"2602985738\" timestamp=\"1270907190\" is_valid=\"1\"/><alias name=\"medium\" filename=\"Imagination_medium.jpg\" suffix=\"jpg\" dirpath=\"var/mondelli/storage/images/foto/panini/strane-foto/imagination/1434-1-ita-IT\" url=\"var/mondelli/storage/images/foto/panini/strane-foto/imagination/1434-1-ita-IT/Imagination_medium.jpg\" mime_type=\"image/jpeg\" width=\"200\" height=\"200\" alias_key=\"2573207068\" timestamp=\"1270907916\" is_valid=\"1\"/></ezimage>\n','ezimage',1434,'ita-IT',2,0,'',2),(0,274,267,0,NULL,'<?xml version=\"1.0\" encoding=\"utf-8\"?>\n<ezimage serial_number=\"1\" is_valid=\"1\" filename=\"Imagination.jpg\" suffix=\"jpg\" basename=\"Imagination\" dirpath=\"var/mondelli/storage/images/foto/panini/strane-foto/imagination/1434-1-ita-IT\" url=\"var/mondelli/storage/images/foto/panini/strane-foto/imagination/1434-1-ita-IT/Imagination.jpg\" original_filename=\"dans_l__imagination_by_armawolf.jpg\" mime_type=\"image/jpeg\" width=\"1250\" height=\"1250\" alternative_text=\"\" alias_key=\"1293033771\" timestamp=\"1270903811\"><original attribute_id=\"1434\" attribute_version=\"1\" attribute_language=\"ita-IT\"/><information Height=\"1250\" Width=\"1250\" IsColor=\"1\" ByteOrderMotorola=\"1\" Thumbnail.FileType=\"2\" Thumbnail.MimeType=\"image/jpeg\"><array name=\"ifd0\"><item key=\"Orientation\" base64=\"1\">MQ==</item><item key=\"XResolution\" base64=\"1\">MzAwMDAwMC8xMDAwMA==</item><item key=\"YResolution\" base64=\"1\">MzAwMDAwMC8xMDAwMA==</item><item key=\"ResolutionUnit\" base64=\"1\">Mg==</item><item key=\"Software\" base64=\"1\">QWRvYmUgUGhvdG9zaG9wIENTMiBXaW5kb3dz</item><item key=\"DateTime\" base64=\"1\">MjAwNzowODoyNSAxNDo0MDo0OQ==</item><item key=\"Exif_IFD_Pointer\" base64=\"1\">MTY0</item></array><array name=\"exif\"><item key=\"ColorSpace\" base64=\"1\">MQ==</item><item key=\"ExifImageWidth\" base64=\"1\">MTI1MA==</item><item key=\"ExifImageLength\" base64=\"1\">MTI1MA==</item></array></information><alias name=\"multiuploadthumbnail\" filename=\"Imagination_multiuploadthumbnail.jpg\" suffix=\"jpg\" dirpath=\"var/mondelli/storage/images/foto/panini/strane-foto/imagination/1434-1-ita-IT\" url=\"var/mondelli/storage/images/foto/panini/strane-foto/imagination/1434-1-ita-IT/Imagination_multiuploadthumbnail.jpg\" mime_type=\"image/jpeg\" width=\"80\" height=\"80\" alias_key=\"63312607\" timestamp=\"1270903814\" is_valid=\"1\"/><alias name=\"galleryfull\" filename=\"Imagination_galleryfull.jpg\" suffix=\"jpg\" dirpath=\"var/mondelli/storage/images/foto/panini/strane-foto/imagination/1434-1-ita-IT\" url=\"var/mondelli/storage/images/foto/panini/strane-foto/imagination/1434-1-ita-IT/Imagination_galleryfull.jpg\" mime_type=\"image/jpeg\" width=\"550\" height=\"550\" alias_key=\"499548835\" timestamp=\"1270903826\" is_valid=\"1\"/><alias name=\"gallerythumbnailsquare\" filename=\"Imagination_gallerythumbnailsquare.jpg\" suffix=\"jpg\" dirpath=\"var/mondelli/storage/images/foto/panini/strane-foto/imagination/1434-1-ita-IT\" url=\"var/mondelli/storage/images/foto/panini/strane-foto/imagination/1434-1-ita-IT/Imagination_gallerythumbnailsquare.jpg\" mime_type=\"image/jpeg\" width=\"75\" height=\"75\" alias_key=\"4228615722\" timestamp=\"1270903826\" is_valid=\"1\"/><alias name=\"imagelarge\" filename=\"Imagination_imagelarge.jpg\" suffix=\"jpg\" dirpath=\"var/mondelli/storage/images/foto/panini/strane-foto/imagination/1434-1-ita-IT\" url=\"var/mondelli/storage/images/foto/panini/strane-foto/imagination/1434-1-ita-IT/Imagination_imagelarge.jpg\" mime_type=\"image/jpeg\" width=\"448\" height=\"448\" alias_key=\"2602985738\" timestamp=\"1270907190\" is_valid=\"1\"/><alias name=\"medium\" filename=\"Imagination_medium.jpg\" suffix=\"jpg\" dirpath=\"var/mondelli/storage/images/foto/panini/strane-foto/imagination/1434-1-ita-IT\" url=\"var/mondelli/storage/images/foto/panini/strane-foto/imagination/1434-1-ita-IT/Imagination_medium.jpg\" mime_type=\"image/jpeg\" width=\"200\" height=\"200\" alias_key=\"2573207068\" timestamp=\"1270907916\" is_valid=\"1\"/></ezimage>\n','ezimage',1434,'ita-IT',2,0,'',3),(0,275,267,0,NULL,'','ezkeyword',1435,'ita-IT',2,0,'',1),(0,275,267,0,NULL,'','ezkeyword',1435,'ita-IT',2,0,'',2),(0,275,267,0,NULL,'','ezkeyword',1435,'ita-IT',2,0,'',3),(0,272,268,0,NULL,'difference_by_baspunk','ezstring',1436,'ita-IT',2,0,'difference_by_baspunk',1),(0,273,268,0,1045487555,'<?xml version=\"1.0\" encoding=\"utf-8\"?>\n<section xmlns:image=\"http://ez.no/namespaces/ezpublish3/image/\" xmlns:xhtml=\"http://ez.no/namespaces/ezpublish3/xhtml/\" xmlns:custom=\"http://ez.no/namespaces/ezpublish3/custom/\"/>\n','ezxmltext',1437,'ita-IT',2,0,'',1),(0,274,268,0,NULL,'<?xml version=\"1.0\" encoding=\"utf-8\"?>\n<ezimage serial_number=\"1\" is_valid=\"1\" filename=\"difference_by_baspunk.jpg\" suffix=\"jpg\" basename=\"difference_by_baspunk\" dirpath=\"var/mondelli/storage/images/foto/panini/strane-foto/difference_by_baspunk/1438-1-ita-IT\" url=\"var/mondelli/storage/images/foto/panini/strane-foto/difference_by_baspunk/1438-1-ita-IT/difference_by_baspunk.jpg\" original_filename=\"difference_by_baspunk.jpg\" mime_type=\"image/jpeg\" width=\"1600\" height=\"1200\" alternative_text=\"\" alias_key=\"1293033771\" timestamp=\"1270903814\"><original attribute_id=\"1438\" attribute_version=\"1\" attribute_language=\"ita-IT\"/><information Height=\"1200\" Width=\"1600\" IsColor=\"1\"/><alias name=\"multiuploadthumbnail\" filename=\"difference_by_baspunk_multiuploadthumbnail.jpg\" suffix=\"jpg\" dirpath=\"var/mondelli/storage/images/foto/panini/strane-foto/difference_by_baspunk/1438-1-ita-IT\" url=\"var/mondelli/storage/images/foto/panini/strane-foto/difference_by_baspunk/1438-1-ita-IT/difference_by_baspunk_multiuploadthumbnail.jpg\" mime_type=\"image/jpeg\" width=\"100\" height=\"75\" alias_key=\"63312607\" timestamp=\"1270903815\" is_valid=\"1\"/><alias name=\"galleryfull\" filename=\"difference_by_baspunk_galleryfull.jpg\" suffix=\"jpg\" dirpath=\"var/mondelli/storage/images/foto/panini/strane-foto/difference_by_baspunk/1438-1-ita-IT\" url=\"var/mondelli/storage/images/foto/panini/strane-foto/difference_by_baspunk/1438-1-ita-IT/difference_by_baspunk_galleryfull.jpg\" mime_type=\"image/jpeg\" width=\"550\" height=\"413\" alias_key=\"499548835\" timestamp=\"1270903827\" is_valid=\"1\"/><alias name=\"gallerythumbnailsquare\" filename=\"difference_by_baspunk_gallerythumbnailsquare.jpg\" suffix=\"jpg\" dirpath=\"var/mondelli/storage/images/foto/panini/strane-foto/difference_by_baspunk/1438-1-ita-IT\" url=\"var/mondelli/storage/images/foto/panini/strane-foto/difference_by_baspunk/1438-1-ita-IT/difference_by_baspunk_gallerythumbnailsquare.jpg\" mime_type=\"image/jpeg\" width=\"75\" height=\"75\" alias_key=\"4228615722\" timestamp=\"1270903827\" is_valid=\"1\"/></ezimage>\n','ezimage',1438,'ita-IT',2,0,'',1),(0,275,268,0,NULL,'','ezkeyword',1439,'ita-IT',2,0,'',1),(0,272,269,0,NULL,'Frills_4_by_Goldfishdreams_stock','ezstring',1440,'ita-IT',2,0,'frills_4_by_goldfishdreams_stock',1),(0,273,269,0,1045487555,'<?xml version=\"1.0\" encoding=\"utf-8\"?>\n<section xmlns:image=\"http://ez.no/namespaces/ezpublish3/image/\" xmlns:xhtml=\"http://ez.no/namespaces/ezpublish3/xhtml/\" xmlns:custom=\"http://ez.no/namespaces/ezpublish3/custom/\"/>\n','ezxmltext',1441,'ita-IT',2,0,'',1),(0,274,269,0,NULL,'<?xml version=\"1.0\" encoding=\"utf-8\"?>\n<ezimage serial_number=\"1\" is_valid=\"1\" filename=\"Frills_4_by_Goldfishdreams_stock.jpg\" suffix=\"jpg\" basename=\"Frills_4_by_Goldfishdreams_stock\" dirpath=\"var/mondelli/storage/images/foto/panini/strane-foto/frills_4_by_goldfishdreams_stock/1442-1-ita-IT\" url=\"var/mondelli/storage/images/foto/panini/strane-foto/frills_4_by_goldfishdreams_stock/1442-1-ita-IT/Frills_4_by_Goldfishdreams_stock.jpg\" original_filename=\"Frills_4_by_Goldfishdreams_stock.jpg\" mime_type=\"image/jpeg\" width=\"1632\" height=\"2464\" alternative_text=\"\" alias_key=\"1293033771\" timestamp=\"1270903815\"><original attribute_id=\"1442\" attribute_version=\"1\" attribute_language=\"ita-IT\"/><information Height=\"2464\" Width=\"1632\" IsColor=\"1\" ByteOrderMotorola=\"0\" ApertureFNumber=\"f/2.8\" UserComment=\" \" UserCommentEncoding=\"ASCII\" Thumbnail.FileType=\"2\" Thumbnail.MimeType=\"image/jpeg\"><serialized name=\"ifd0\" data=\"a:24:{s:4:&quot;Make&quot;;s:17:&quot;NIKON CORPORATION&quot;;s:5:&quot;Model&quot;;s:9:&quot;NIKON D2H&quot;;s:11:&quot;XResolution&quot;;s:5:&quot;300/1&quot;;s:11:&quot;YResolution&quot;;s:5:&quot;300/1&quot;;s:14:&quot;ResolutionUnit&quot;;i:2;s:8:&quot;Software&quot;;s:9:&quot;Ver.2.00 &quot;;s:8:&quot;DateTime&quot;;s:19:&quot;2007:04:02 13:23:58&quot;;s:10:&quot;WhitePoint&quot;;a:2:{i:0;s:8:&quot;313/1000&quot;;i:1;s:8:&quot;329/1000&quot;;}s:21:&quot;PrimaryChromaticities&quot;;a:6:{i:0;s:6:&quot;64/100&quot;;i:1;s:6:&quot;33/100&quot;;i:2;s:6:&quot;21/100&quot;;i:3;s:6:&quot;71/100&quot;;i:4;s:6:&quot;15/100&quot;;i:5;s:5:&quot;6/100&quot;;}s:17:&quot;YCbCrCoefficients&quot;;a:3:{i:0;s:8:&quot;299/1000&quot;;i:1;s:8:&quot;587/1000&quot;;i:2;s:8:&quot;114/1000&quot;;}s:16:&quot;YCbCrPositioning&quot;;i:2;s:16:&quot;Exif_IFD_Pointer&quot;;i:480;s:14:&quot;CustomRendered&quot;;i:0;s:12:&quot;ExposureMode&quot;;i:0;s:12:&quot;WhiteBalance&quot;;i:0;s:16:&quot;DigitalZoomRatio&quot;;s:3:&quot;1/1&quot;;s:21:&quot;FocalLengthIn35mmFilm&quot;;i:52;s:16:&quot;SceneCaptureType&quot;;i:0;s:11:&quot;GainControl&quot;;i:0;s:8:&quot;Contrast&quot;;i:0;s:10:&quot;Saturation&quot;;i:0;s:9:&quot;Sharpness&quot;;i:2;s:20:&quot;SubjectDistanceRange&quot;;i:0;s:19:&quot;UndefinedTag:0xA500&quot;;s:5:&quot;22/10&quot;;}\"/><array name=\"exif\"><item key=\"ExposureTime\" base64=\"1\">MTAvNDAw</item><item key=\"FNumber\" base64=\"1\">MjgvMTA=</item><item key=\"ExposureProgram\" base64=\"1\">Mw==</item><item key=\"ISOSpeedRatings\" base64=\"1\">NDAw</item><item key=\"ExifVersion\" base64=\"1\">MDIyMQ==</item><item key=\"DateTimeOriginal\" base64=\"1\">MjAwNzowNDowMiAxMzoyMzo1OA==</item><item key=\"DateTimeDigitized\" base64=\"1\">MjAwNzowNDowMiAxMzoyMzo1OA==</item><item key=\"ComponentsConfiguration\" base64=\"1\">AQIDAA==</item><item key=\"CompressedBitsPerPixel\" base64=\"1\">NC8x</item><item key=\"ExposureBiasValue\" base64=\"1\">Ni82</item><item key=\"MaxApertureValue\" base64=\"1\">MzAvMTA=</item><item key=\"MeteringMode\" base64=\"1\">Mw==</item><item key=\"LightSource\" base64=\"1\">MA==</item><item key=\"Flash\" base64=\"1\">MA==</item><item key=\"FocalLength\" base64=\"1\">MzUwLzEw</item><item key=\"MakerNote\" base64=\"1\">Tmlrb24AAgAAAE1NACoAAAAIACYAAQAHAAAABDAyMDAAAgADAAAAAgAAAZAABAACAAAACAAAAdYABQACAAAADQAAAd4ABgACAAAABwAAAe4ABwACAAAABwAAAfYACAACAAAADQAAAf4ACQACAAAACQAAAg4ACwAIAAAAAQAAAAAADQAHAAAABAABBgAADgAHAAAABAABDAAAEQAEAAAAAQAABfIAEgAHAAAABAABBgAAEwADAAAAAgAAAZAAgQACAAAACQAAAhoAgwABAAAAAQIAAAAAhAAFAAAABAAAAiYAhwABAAAAAQAAAAAAiAAHAAAABAAKAAAAiQABAAAAASEAAAAAigADAAAAAQAAAAAAiwAHAAAABFQBDAAAjQACAAAACQAAAkYAkAACAAAADAAAAlIAkQAHAAACDQAAAl4AkgAIAAAAAQAAAAAAlQACAAAABQAABG4AlwAHAAABCAAABHYAmAAHAAAAHwAABX4AmgAFAAAAAgAABZ4AoAACAAAAFQAABa4AogAEAAAAAQAVfYkAowABAAAAAQAAAAAApQAEAAAAAQAAb3cApgAEAAAAAQAAGIcApwAEAAAAAQAAh/4AqAAHAAAAFAAABcYArwAHAAAAGAAABdoAAAAARklORSAgIABBVVRPICAgICAgICAAAAAATUVELkggAABBRi1DICAAAE5PUk1BTCAgICAgIAAAAAAgICAgICAgIAAAAABOT1JNQUwgIAAAAAAAAAEYAAAACgAAAu4AAAAKAAAAHAAAAAoAAAAcAAAACk1PREUyICAgAAAAAE5BVFVSQUwgICAgADAxMDIMCxEOFA4D/gMO5w/MD30BQQSZAGQAjAAAAAAAAAAAAAAAAAAAAAAAAAAAAAAAAAAAAAAAAAAAAAAAAAAAAAAAAAAAAAAAAAAAAAAAAAAAAAAAAAAAAAAAhB8SVAAAIAAAgABUHxIAAIf+AAAYhx8AAAYAAABaRAHiAAALRd4AAAAAAAAAcYAAAAAAAAAAwc4AAAAAAAAAAAAAAAAAAAQAAAD/f/9//3//f4AAAAAAAAAAAAAAAAAAAAD/f/9//3//f8A+AAAAAAAAG//AAAAFVAAAAAAAFGAYJAEAIlpEM1Q8XiQkYiQUVR5VAAAAAAAAAAAAEAAAAAAAHwBPAAMAMwAQAAwAZgABAEUAMAAIAMoAFwEAFgAACwAAAAAAABcAAA0AAB8AAAAAEAAAAAD7EAAAAAAAAAgAEgAAFgAA6QAAAAAQAB8PABAAABcAAQAAAAAAABAAAAAAAAAAAAAAABAAAAAAAAAAAAAAABAAAAAAAAAAgoEAAAAAAACBAAAAAAMAgclMcXGeRBNyTcQzM8yoUTWE7DMzdnp6bAAAAABtbWd0RoZaTxAQEBAQEBAQEBAQEAAYABgAGAAYAQEBAA0NDQ0AAAAAAwMDA////v8DAwMDDaPAbQ2jwG0No8BsDaPAX35+gG4No8BuAAAAIwAANRMFbKBxEwcTgClIEGIAAAAAAFAyMwAAAE9GRiAAAAAAMDEwMgAAAAAADAIDAQABAAGZAwMAAQAAAAEAAQwEAx8CbQRnBAYECgHyABgEAgRXAlkATQCWAB0CHwKmAMUAggJkAh4AAAQrAAsBQAD6AAkAlBRFAAAAAAAAAAAAAAAAAAAAAAAAAAAAAAAAAAAAAAAAAAAA/wD/AP8A/wD/AP8A/wD/AP8A/wD/AP8A/wD/AP8A/wAAAAAAAAAAAAAAAAAAAAAAAAAAAAAAAAAAAAAAAAAAAAAAAAAAAAAAAAAAAAAAAAAAAAAAAAAAAAAAAAAAAAAA/wD/AP8A/wD/AP8A/wD/AP8A/wD/AP8A/wD/AP8A/woCADREjSIpA3YBRhAQECXMzTMrMDEwMRgkAQAiWkQzVDxeJCRiJBRVHlUAAAAAAAAAAAAAAABeAAAACgAAAF4AAAAKIFBLRzU5Nzc1OTg4MzA1MjMwNjQAAAAAMDEwMAAAAAAAAAAAAAAAAAAAAAAwMTAwAAAAAAAAAAAAAAAAAQAAAAAAAAAABwEDAAMAAAABAAYAAAEaAAUAAAABAAAGTgEbAAUAAAABAAAGVgEoAAMAAAABAAIAAAIBAAQAAAABAAAGXgICAAQAAAABAABp8AITAAMAAAABAAIAAAAAAAAAAAAAASwAAAABAAABLAAAAAH/2P/bAIQABQcHCAcGCggICAsKCgsOGBAODQ0OHRUWERgjHiQkIh4hISYrNy8mKTQpISEwQTA0OTs+Pj4lLkRIQzxINzw+OwEFCwsODQ4cEBAcOychJzs7Ozs7Ozs7Ozs7Ozs7Ozs7Ozs7Ozs7Ozs7Ozs7Ozs7Ozs7Ozs7Ozs7Ozs7Ozs7Ozs7/8AAEQgBdwI6AwEhAAIRAQMRAf/EAaIAAAEFAQEBAQEBAAAAAAAAAAABAgMEBQYHCAkKCxAAAgEDAwIEAwUFBAQAAAF9AQIDAAQRBRIhMUEGE1FhByJxFDKBkaEII0KxwRVS0fAkM2JyggkKFhcYGRolJicoKSo0NTY3ODk6Q0RFRkdISUpTVFVWV1hZWmNkZWZnaGlqc3R1dnd4eXqDhIWGh4iJipKTlJWWl5iZmqKjpKWmp6ipqrKztLW2t7i5usLDxMXGx8jJytLT1NXW19jZ2uHi4+Tl5ufo6erx8vP09fb3+Pn6AQADAQEBAQEBAQEBAAAAAAAAAQIDBAUGBwgJCgsRAAIBAgQEAwQHBQQEAAECdwABAgMRBAUhMQYSQVEHYXETIjKBCBRCkaGxwQkjM1LwFWJy0QoWJDThJfEXGBkaJicoKSo1Njc4OTpDREVGR0hJSlNUVVZXWFlaY2RlZmdoaWpzdHV2d3h5eoKDhIWGh4iJipKTlJWWl5iZmqKjpKWmp6ipqrKztLW2t7i5usLDxMXGx8jJytLT1NXW19jZ2uLj5OXm5+jp6vLz9PX29/j5+v/aAAwDAQACEQMRAD8A8enTy53T+6xH61AaCBnp60e+KYx46U4EUCJ1966LRG265Yt6XCH/AMeFAH2ZmlzmuU1IWHpTB096QxhqoxOTVCPlL4jqB4mU+tuv82rydVOOBXRHYzLUCF7iNNm4lsYNfbPwvYNoV0AMAXLYA6AYHSrJPaKrhGDH5sjNICeniqEKDzUtSMWjjOaQxaWgYUgoAdRSKCigAooAKKACigAooAKKACigAooASkrMYw02pKFoFIB4paBBRQAtFMAopgFJUgLRQAlLQAUlABRSA/OPVF2ateIP4bhxj/gRrM71ujMjxSd6Yh/aloAsKa2NObZqVs/92VT+opgfa2KWuU1I2qIDikA0DLBSQMnqTVNzVCPlX4kf8jHGf+ndf/QmryQZzkHFbx2MyzC5SdH6kMCK+1fhdn/hHpnLghpzwO3ArQR7P5gJxSck9aQEgNPJpgKOtS5pAGadQMWikAUooAdRSKCigYUUAFFABRQAUUAFFABRQAUUAJTTWRRGaSpGLS0gHilpiCigApaYBRTAKKQBRTAKKACikAUlAH50azxrt/8A9fUn/oRrG6nOc1qtjMaf8ikxjHvVCHCl4pAWF9KvW7bZ0b0YGmB9wdh70veuU2ImPNIOlICnIQRiqMj0AfLPxFbPiGMn/n3X+bV5PnNdEdjPqTRf6xPqK+zfhYf+KbnJ73B/9BFWI9qyBTt9TcRIjDFSbqoBwapQaYhc0oNAD80ZxQMcKdQAtFSULSUAN/i9qdmgAzS0AFFAxM0m4UxXFBzS0hhRQAUUgG001mUMNNqShwpaQh1OFMQUUALRTAKKoAopAFFUIKKACikAUlIZ+dmvKya/qAb/AJ+ZD+bE1g9q0WxmJkDNRZPpTETA9qcTk54/CgCRetWI2w4+tAz7mjO6NT6gVITXMzUruahLYFSBSkftWbI9ZtlnzJ8RhjWrd8/eg/qa8lzXVHYye5NGzB1xnOa+wPhbJ/xILkZ6XH/soq2Se3eZTfMrO47DhLz1qQS00waJ1kq0JK2IJQ1OBpiHA00nmqAkVuKkBpAOpakoWkpAFJTAKM0CG7qN1Owrjc00mmIUGpQ2aRSH0VJYUlSwG02oKGmmGpKFFOpAOpMigQbqTNAD1p9UIKKoQtFUIKKYBRSASikMKKBn5/8Ai1dnim+Ud3B6+qg/1rjCelWtjMQj3ph65oEPBo9KAJAfm5qZTyOakZ9w2b77KF/70an9Ktk4rFmhSkfBqiZOtYtmiKLycmqMj8Vi2aI+c/iNzf2besbD9a8ezXXDYwluWYz8y/Wvqb4XT/6Bfp6SqcfhWrJR7t5vvTDMB3rC5pYYJxnrUwmB700JlgS+9WFn963Mi0s3vVpZK1RBKGyKdmrJHAmpATQBMDTs+9QUOzRmgYZpM0AJn2qMmmiRtLVCFzTTQMTNGSKQEwk9RUgYGoLFpuazZY0/WmZA71JQwsKiLD1NQMUH0NLvNIADE0tMB2afQBlXms6XpjKt/qNras4yommVCfpk1ftL21v4BPZ3MVxEekkTh1P4ii4i7RWpItFWIKKACikAUlIBaKBnwB4zOPF18R2Kf+gLXDk5qlsSxhNHbpTELRn1oEJu55qVX7elSyj7X0mYHRrJietun/oIq88w9a52aGfJKPWs5px65rlZsjMllLHOcUzzQwPPSoZaPA/iIQZrI98P/SvGs4HNdlP4TCW5OjYI+tfS/wAMpMQ6imeNyH+dXLYlHu2/PemlxiuY2Kct1bwAGaZI9xwN7AZPpVxWHUVSZNiysgqysgrdMyaLKyYq2klaoyZoI+atKc1sQS1IKYEmM08AVJQ7FLSGFJ1oAa2AKrEDNUiWHFOFMQ6kzQMbRmpATNKpO7rikMlZlHVh+dUpby0hGZbmKP8A3pAKxuame+saeqF0uBPjqLdTKfyQE1VTW0lP7uwvyv8Aea2ZP0bBqdSjUW9RhzFMvsYm/wAKrSajDEfmSf8AC3kP8hWbKMqfxLpVscXF4ttnvOpi/wDQgKsWutaZfHFpqNrcH0imVj+hoA3A4xnNcDrnjrQdALR3V4JLhf8Al3gG98+h7L17kUbgeJah8ZbtnK6bpkMagnDXDFyw7cDGPzNZcXxd8Syyqkdjp8hY42rE+f8A0OrsG55zq+lay3najeIbiSQl5HByfqa93+CtlNHDqt2zuIWdI1TPylgCSfqMj86lSUtjSUXHc+o6Wtkc4UVYgooAKKQBRSAKKYHwD45XZ4tvCf4gjD/vhR/SuBzmmthDTyQaTP8AKqEIWozSATNN3EdKhlH2Do0udCsf+vdP/QRWk8wA61gyjGubuOGNpZpFjjXlmY4A/GvPbjxzokJIW4klIP8ABGf64rCzexrsc3dfEK1VwLayllXHJdgn+NUZPiEgAMentu7gy4A/Sr9mw5jgPEHiA67JCxthD5QOAH3Zzj2HpXH10RjyqxDdxysARXrPhDxTZeH1vWuRLIZtuxY1BJxnPWiSbQlodtefFO1EX+g2EryHvMQoH5Zz+leY6h4816/yPtYtkP8ADbrt/Xr+tZKn3KcjhZrye5k3zzSTP/edix/M12eh+MNV0QqsU5ltx1glOVx7en4V0OKtYg+mvD/i7T9fQLGfJuQPmhc8/ge4/wA4rvVkrm2ZZbWSrqPWyMmaMb1pRtW6Mi2KlFWBMKeKkY6ikMK5S81m6s7iVP7EvriJCNssGxt/HoWB68U0rgYv/CWoWIl0PWoMd3sif/QSaQ+KrfHy6Zq7n0Wwk/qKuzIuWYteuZwDF4e1Ug93ESfo0gNbEd3eyDP9mvF7Syp/7KTRYRcie8YnzYYEHbbKWP8A6CKkkFwR+7kjU/7UZP8AUUhjHjldMeeyN3KKP6g0JE6rhriRz6tt/oKkY8x5UhnY598fyrMuIbGKBmu/LMKjLG4fcoHvuNIZxR8UeDLFwkU1mznoLSDzP/QAa0V8Y6Z0jtdQYeq2T4/lUWZoiCTxrCG2waHrdx7x2RA/8eIoHibUZ1zbeFtTJ7eeY4h+rVm0yyuNU8WTLxoNlak9POvt/wCirVJT42dsySaGo9FWU/1rOy7llop4tdSrT6MQexhlP/s1eK+NbC3srJm1UaDFcyKfLFrBKkrHnkANj8W4pproB4A2sai1mLM39ybYf8sjM2z/AL5zisjeScDqa2tYg9W8K+DptZK3VyCloD8o7yf/AFq+lNO8NWlooEcKqB/s4rhqSvoejTjbU6WXT4NmAoPtiq/hi2m0fUJbCztIzYXLtcO+/BibaFIAxyDhcdMc+1csJWkbVVeJ6zS17B4oUVQBRQAUUAFFABRQB8HeOlN7rQvbEfabZ4VHnRDemQTkbhxnpXlRkIbB/EYoWwhhlHqKj87HegQnnqOrCojdRKM7s/SgCE30XqfypVvYiMFj+VTYo+sdDvY28PWbhxtWBcn0wK8+1n4h2duNmnD7VJ/eOVQf1Nc1m3Y02PHNY8UajrQRLp1WJTkRxjAz6muYDg85rqiklYhu4u78qTcc8frVAN3E96TcKQAWFLuJoAXGO3NGTn7v5UAIGPfipQ1AFuKd4JFkico6nIZeCD616XY/ELXLQjzJo7pBxiVBn8xj+tQ1cZ7doXj7S9VZYZibO4bgLIflY+zf44r1hJOOtZbAacUla8T5roRkzSQ5qwK0JJwKkpDFopDCkoArSHmoashi04UwFpM0gGUlIY3Nc3quh6drRg/tG3FwsDFkRj8uT3I7/SkUXre0t7OMRWtvFBGOixoFH6VpLJng9ayZSELVXeTaM1zs2RmtLzXD634y0fQG8u9uczEZEMQ3P+I7fjis9XsWeP6z8Wy1uY9Hs3jkb/lrcY+X6KCefqfwNfON5fXOoXcl1dzvNNKcu7nJNdMY23M27lDtWvo9ul3rFrby/cklVWwexYA/pWj0Qlufd2nqkEKRRoqooAAAwAB2rpkYHivJZ6yJ8bqgBa3lWVPvKc49fauZ6O5vurHdRSLNEsiHIYZqWvdTurngtWdgoqyQooAKKACigAooA+UfhpIH8KNn+G5cfotej3GnWF5/x82cE3+/GDWUtyzlbrwR4duc509Yz6xsy/oDiuC1L4caLDbyTi/ubZI1LFnKsAB+AquZk2PmC6ECXMiwTGaIH5HZdpI+nas4vycVYhuSTwKQbvSkB0Om63qOlSKbadwgOTG3KH6isB2MkpcgDcSTgYH5Ura3GMzTc4NMRZWTPXFIck9aYxucDk0b096BBvXPAqQSK3HQ0ATb8Dj9aVXAOf50hlkSfjTtqt0AoGQlOTjgj1pM4PNMRMp9DXo2g+MdU0UqglNxbLx5MpyAPY9R/L2qWrgfTugeK9M1tVWC48u4xzA5AYfT1/CvSon6c0kSzbifIrRUitSCwDxTxTGOpKQBSUAVH69aj4rQzDIpwNAC5pM0DGkmmc1IDOaiIPrSKIWB/vVVPBzurNlIlEikfe5rPmmUnGeK42zqR5L418WL4e08JbkNe3AIiHXYO7H+n/1q+Mp7iSeV5ZXZ5HJZmY5JJ7mtqa6kS7FQk0xeproMySp4neKVZI2KupypXqDUlH3tZeZ9niaQYcoCw98c10MT15LPWRoxnmpHGRWLNkXNNuDFKYHPyufl9jXWV6FF3jY8uqrSuFFdpyBRQAUUAFFABRQB8hfCxs+F5x6Xbf8AoK17IOM1lLcsZI+xCeuK+YPiPrz3Mi6TE5VUIeXB6nsP6/lTSuQ97HgJjx1NOCqB61qAhIxUJJPqaGA7Yx5x+dSCMDqaQD9qdlBqMov90D8aYERVabtz0zSGPELHjP6VIYEUZZj+FAAIF6nIHvU4VE5C596YDwxxjp7ULjPCj6kUASiPPXA+gqTy1IPYikMhIdc5BYUwSx9ww9aQDuDyGyPbjFSqg/vH86YizFmKRXRirqcqwOCD6ivr7wP4w/tuP7De4W9iTIYdJQO/sfUf5AxHuUD4IrbRsjNWZlkVKKAHUYpDExTCBQBVZRmmYFaGYYFOGKYhaM0hjSajJNIZEfrUB571IyB/rVF8Vmy0ZssoQ4FY+oapZ6bYyXl3KscUY5J7+w9TXDI60fD3iDWpte1ea+mG0McRx5yEUdB/nuTXL13JWVjBu7G4zTcYOfzqxDgccflXq/hDwu2pvHqN2VWzR8qp6y4P8s1lJ2VzWKuz6ljnHY1rxSA15Z6ZqRtmru7IrNmiI3XuOCPSuztZvPt1c/e6N9a1ou0rHNWWly3RXrHlhRQAUUAFFABRQB8Y/CiXOh3sf924B/NR/hXuJbFZS3LKUzFkIrxHxF4Tg1eQ3MTCG67tjh/r/jW8DnloeBanot9pLAXcOxWOA4OVP41zmSDVNWKTuNEZ3ZY8elSjI680hkhbj1qHaWOC2KAGlBnjJNAjJ68CosUTKig561JwKqwhSw5xj8aiyAck59KBkisJCFC/MTwMVZaKRCRt4+tK6N405SV0VymCMrj608+gH5UGVrbjw4HXOfpSCU54IpCDzDzgGmld3I4P04pDHDrhlxjoRUqpk9R9aAHjOSD1Fatjez2N3FdW8hjljO5WB6GmI+7fDetRa5pMN7FhWYYkTOdjDqP89iK9BhfjFWtjF7l8GpQaYyTNFIYtNzSEVn9ag3VqiGNLUbqZI7dSbqQxhaomepKIi9RM1IoqvJgZrJmmAHvWEjRHMXd3HbwyTzuEjjBZmboBXyB4r8Sz69eHBZLWM/uo/wD2Y+5/SsYq7Nnojg+po711GQUEUgHlVZAQfmHaun03xBqGmw+RBORGeArDIHuPSokk1ZmidtT2jw14kkvoSLj5ZUIDeh/zzXr9rdK4yDXmtWdj0E7o6SGTIBFayPxWTNkWuorR02TZO0RPD8j6/wCf5Uou0kKavFnTUV7Z4oUUAFFABRQAUUAfD3wlbNpqa56PGf0b/CvfWNZvcortyDXPyQsCccitI6GUkc7qem2+pWjW1zGJFJyOxU+oPrXzrqfg7U7B3ZI/tEIICsnU59utdFrmSdjiZYZYpCksboynBVhgg1Fgj2rM2GFj/wDqpmc96AF3nHWojKw6UhjQ8jnC5P0FacVs5G52qGzqpw5mWjEqjgVUZcgj+tRc73FLQfbOtvcxuwyob5seneu5u54kEc6xJNbSDawxyDzyD2/+tWEt0d9CVoyRmtbwyndburoR90nkVlNaqrESypFnoM5J/wAKak1oFSlCSv07jDZyfwkEDrWewxwVwenSulO54dSk4FnIXgdfQUuDkFj+ApnMAUNncOp6g9KhQsp2ntQBbYdGH4ioyeR9aQz1vwH4jOia0sMz4tLohJMnhT2b/H2PtX23E2RxWiMJGojZFWVpiJAaXNIYtRk0AV3biqJaqRDIy1JuqhC7jS7qQCbqjPNIYYqB+OKllmVPKEHWubnnChmZgAOSSelcsmbo+WfGniz+1ZTY2Tn7JGfnYf8ALVv8BXj7c1pFWQMM8ZqTHGe1aCE/Glx6mpGSL7819KfD7wOsyprWrQbkPNtA46/7RHp6D8a56jsjSKPoV9LsHtnt/skSRuACEQL06dPSvL7u0n0S6CMTJbuf3cp/kfeuE60dNaXQdRzXUQyZxUs2RrKcinhjGyyL1U5rBm52qsHUMpyCMinV7yd1c8F6BRTEFFABRQAUUAfC3wkb93qo/wCuR/8AQ6+gmPNQ9yiI1lStkkDtTiZsz2Xmq7xIxyRnHr2rqRzGdPAjdVDY9R0rxvxboBmT7faRDeg/eoo+8PX61o9UZrRniuKaRj6VgdhAxwat21qZvnbIQfrWTZ00480rG/FbDjjCirwj46YHpWVz6KMLFSVcGs9bd5ZNqD3JzwPrSRzVEdA2lw2hjiuA73M2NkKD5+enH8PtnJ9hXf3vha4tYI7e0mgkuJFXNoXG4+uD0OPXA6GteW6POhW5JXRcs/B82k2FzqOo2NreNEm8QLKwIA65/h6c964u1utFl1iGSWzn063PDtbTlyD/AHiGByPUDt+RqyRzubket+I/BrXmmJc6QYrhwobJRA0q9QVZQB+HQ/z8Zazh1RmjhiNpqEXym2cnEhHXaTyD/snn60kwbexzDK8TlHQq44YEYINGDySRVGYuAAcgConB2hx1HXFSA5WJJOfqaQ8Pg8jqKYFlTxkYI9q+wPh34r/tay/s27cm8tl4ZjzKnr9R0P4VSM5bHvMTc1pLVsyQ+lpFATVZm5oApyOOlUy9UiGMLUm+mIXfSb6AGl6cG4pMpB5oDDmoZ5lxiueRvE4+8l8sNI7gIoySTwBXyt4v8YPqbNY2DlbQHDuODL/9b+dYr3mabHkGaYa6TMQcH2qwM46Uhj8e1KFPtUlHsfgfwPca/eLd3cbJp8RyzEY80j+Ef1r7O8tY0CKoVVGABxgVxz1ZvEgNVLq1hvrZ7eddyOMH29x71xm55O0M+kX32Wc5U8xv2df8a7K0uAwFWzRHSxPkD1q6DmsGdKOnsJN9sFPVDitOvWpu8EePUVpMKK3MQooAKKACigD4I+EsmLvUYv70aN+RP+NfSJ61MhldzhT9KymqomUiuwqFuK3MSs4zWc68nIqhM+c/GGnW9jqaPAuxZ1LFR0BzzivPcEnA5JrNm8dUa1vYBsF+T39q31gVeTwB0A6VyN3PqaNJRWpKzKg4HNRNIx4HFM65PsZxLyShO5PpXc2tjLb61YaZbBWuCFkuMqCIiec+5Az7cjHNbRSbPBrzex13jMafpOnrHZ20a311Ju87rIoHJIY8jnA/OuZ8Mwx6Ndf2rra3UJYH7MvlnMufvHn0BH510PU8lHqjePtOjG2DTbmTjnzCqj+Zqho3w4sNW06HUPt04inG4RqoynYqSeuDxnAzjpWasanYXml3/g/w7I2jStdxwtveK6G7Yvcrtxjnkg8dT658Oi1Kx8SeIIW1+CK1Eg2G4tsxnd/CXySMds8YzycCsutyzb+I2gzac9rfR5mt9vlPI+DIXGcbiAM8dD7c+/iisMBucdqEIaT3bgdvelUnOOAPSqAjxtY7ehoxkle46UhEq88jgiuh0bVJdH1W31CD78Lhiv8AeHcfiMimB+gun6hBfWkN1A+6KZA6n2NdIsgx1rU5US+YvrSGVR3pWKuV3uB2qi8xNVYm5SaT3qEvQSRGQetQm4Ud80IZGbmmm5I71diLjftJ7YpDcNjrUM0RVNyAwya5jWfFWl6QhN1dLv7RIcsfw7fjXHN9Dqij5m8TeN7vXA1vADb2ndAfmf6n+leWkk1UY2Q27jccUtaEhtzUyjHHWpGWQue1fR3wv8Hwar52qapaLLap8kCSA4Zs8n3A6fjWbLPrZbeOGJY4kVEUYVVGAB6AVUkj9qwki0zNdMVX6VxM6UUL+wh1O1MEvBHKOOqH1rzWCWaxu2tLpdsiH8GHYj2qlsNbnfWswYA1tK2TWTOpGvZXCQSlZGCq+ACfXtXUV30fhPNrfEFFdhyhRQAUUAFFAH58fChsa3eL62xP/jy19RGkxlWX7hrKOaqJjIjI4qIjPWtjMrsMCqLjrVEngvxCXbJYyD/bH/oNebWKDzEdv4jwKxe53UVqrnTLGScg4XNPkLEgCuU+w6ELDpkflS4zzWhm9Ta0mKOKR72RPNFuN4Qc7m6Iv4sc/wDAa19H1i20BLu81GOSTVrl/mhKFWReoznpnOfpit47XPma799o908OWFpqsFvrdzbo91OnBb5hGAei56f/AFzWf8SLEmysLpcBY5GQj3YA/wDsprplorHGtzwtVzwQDzX0f8NrzzNPurBiT5Lh1yezdQPxGfxrmOhHsjRKylWAIPBB6GvhrxLoy6Xrd1ZjAVJD5Yzn5Tyv6GsDU910u4tfEngQ2up3CI+w28kkjY+ZcFXyTyfun3Oa+V7jRNSs7d7ia0lS3yMTbfkP0boQfUcVp1MWYZXBzk/lTgeRjnNBIMwDke3Woc4lBPfimIsFerDqR0o3YAPekM+svhlePJ4caJ2z5U7Ko9AQD/MmveIpcr1rqWxxPcseZSF6AIi9V2ekBSeTFU2m96zZaM6W4ycA8VU86qJKNxqtna/8fF1FF/vuB/OsdvFOjjJ/tK2OPSQGhyGkc1efEHS7dT5HmXDdgo2j8zXCXfxJv3H+jWcMXu7F/wDCsW7m6R57f+KNav8APnX0gU/wxnaP0ri3Zieck1NiyLn0NN/OqAcCw/8Ar08E96AJAakDVIzrvDdjFqfiCxtLnd5M0yowHUjNfo9Y21tZWkdraxLDFENqoowAKz6g2aBAquyZFJopGXKmKzHXBrhkjpiyIHmub8Q2Mdzpr3Q+We1UurAdQOStZR3NGcto2oRzxqQ2c16Ekg2ZzxRJG8WcD4ovZLrSpbWwlAk4O8Njoc4B9eK9002c3Om28zMGZoxuI/vY5/XNenCk4RTfU8aVeNSo4roaVFajCigAooAKKAPzx+FR/wCKhuh62jf+hrX1QeKJdBleQfIazCKqJjIjYZFRmtTIgcVRf0qhHiHxEj/0Szc9BIR+n/1q8gt3Anj5+UEVg9zvpG99tEZbnCmqxvGblZB+FYI+hlV6Ige+cDG79KoNcyOeWP0FaJHnTqy2PePAMMbXUEqFjutpFcHpuV15/J/1ri/G8ZXxfdkjAYRke42KP6V2tWiePe7Poz4fTJL4VtlU5MTOjex3E/yIrtfFNmuo+HLiPjzEXzEz6jnj3IyPxpSLR83WXhvWL/Bt7CZlP8Un7sf+Pdfwr1XTtE1fwjbXGrsbeUrGENuu7kFl53dsfSs7W3NUznb3xdrt11u1tUI5WGPH6nJ/Ku68CTLeR3iXR+0zxurCWU7mwRjGTzxt/Wua/Y2scp8VdPeRNOmhRQqeYrEsFA+7jr+NFwkmofCHLyRl44APlOcCOTA/RadzNnyqTkcH9KiUndhuMnirMyZwM7hw3T61Gyk4xjP8qQiwvbP40xxjJFA2epeCvEv9jXBt58fZp3G5u6Hpn6V9b210rBWVgVIyCD1roi+hySWpqiYHoaPOpkkTS1Ue4UfxUhmZLdelZMlwTnmk0FzitZ8TWWjxEzSB5f4YlPzH/CvA9U8ZarqTMEnNtD2SI4/M9TWbZokcOZGYlmYknvnrUJcioNh6nIBB/OkJOcUhiEMPeoie1MY0GnYoAXFOoAXFSKuaQH2F8K/DlpDpQ1maJZLiVyIiw/1ajjj3PNfRIYg8U1sZvc0FOQKQ1BoVJFBFY8i4Nck0bxZmtwaPlkRo3AKsCCD3FcPU6j5lureXwtrt5G91IbZj5keewJyc8dO1UrjUr3xLI8Fpq5S0UDzEClSc59hkfjX0qpQmlJ7s+blXqU5NJe6iVNOnvriKzj1PNnaKgdVYb9wzxx9O/SvofwFKVt7yB70XBedpY/mztXgEfgQPzrWpC0b3OOjVTmla3/BPW6K4D3QooAKKACigD85vhdJs8UMv9+3cfqD/AEr61IpMCNhkYrKYYJHpVRMpFY1ET2rdGJXkOAawJ7uOBSXYA+maYjwzxxqSXdtbxqclZCf0rx9WboOlc7d2dUdCZpGYYJzXfaHolrf31nZ3Ejq88bSNhcYA6AE+oBP+eHFXZpKbJNY0uCw8SjTYIt0YaNRuOScgZ5/Gtjxbpul6akUVjAFmZiXwxO0AdOvuK67JJnK5N2NfwabixksZ5Qy28s7KjbgBgqVYEdTlgh/4DXTeItEm8U+IVOmTW7rBbqkz+YMIdzcHHfFVbSzC+ppXUWq+BtFihtJ45VuJWMkvlf6ttowBk85A7+lcHPqt5fnN5eTTknO0sdv5dBWUmbo+ufDF8NT0K1uCcyBdkmTk7hwSfr1/GuvurRbuwntm4E0bIT6ZGKzkbI+Q5rbyXdHUhkJDA9QfSux8E3SweIhEeDPGyY9x83/sprj6m5u/FRPM8MREfwXSn/x1h/WuL024WP4XT2u9WneOZViz8xyT269Oa2SMGfNaghRnn3qOTBXjoKozFGTED6dKAfY0hkm7cCRUMm7ZgDOKAJof4VBAJ55r6T8Bz6jFYzQ3iOsKMPJ3jtznHtWkdzCWx64Ln0qQ3TetbnMQNcE9Wqm1wOmaRRg3esWlujtJOihPvc9K8g1nxwrI8Wng+nnH+grJs0SPFJppJ5GlkYlmOck5JpSVYA4rM6BCB2NJtyKQyMHYOfWpkbIz69KAQ7NIaChmBTcUCEHpml78mgB3410+haPPrWqw2VuuWkbk/wB0dzUjP0D02zg0uwisrSMRwwrhQP51qeYfWt7HLcsR3OOD0q4JQRwc1k0aJjGfNZ8p4JrCSNkzEmY9qzRIwPU15rVmdqZwXjbS49S0gXaqRcWh3hk6le49x/hXgYvIrxPs0OnMsUxCm4gXgD3AH6GvoMNL3LHz2Kg+ZO9jSih0eFBp9lqLpPcsFMqNuyPQ44Fek6DqOkeHdUV4Zzmzt2WVN2dwLDP/AALOOPpXVKELWueap1eZO3n+h9ZKwdQynIIyKdXmH0YUUwCigAooA/Nn4bNt8YW4/vRyD/x0n+lfYpFDAjNVZY92SOtJEsyXGCc1SlljhjaSRwiqMljwBXSjmZ5pe+KlLMloOOm9x1+grz65uzdOWluZGz2GBUyVy46GJPY216FQLK7k4QK3JY9AKyL/AEG6s0DS2c9rHgDMg3LnHPI9TSUNNDTmu9TnUtJFvhbSqY3D7GVuCpzjnPSvab0WNjpd7qdhEYrpL0W0T/8APMKBkryRyB6nr1NbQ0bT3Mpa2NW0WO58CXmqzxLNfbXQzuMv/dHPsDVbSLOZfAN1cwhpbq6kYKF5ZuQv6cmurrp2MCcohhtJ4cT6dawPb7Adu+QRlpMjHTaCPqaq+Ero+GPFcum3b7be6+RZCMBiCdjd/cY7EnPQ0pLW5pF9D6B8RaV/bOhTWqKGlA3w5x98dBz0zyPxr5OE/kyNG6lGRsMrLggjqDXLNHUmfQXw21dfOudPY8OPOTp1HDf0/I19HCZAmWYD61kza585a7pV1qGv3X9kRC6jZgxeNxtRj1BJOM5ycdeRVCbQNS8KWUniCS4txPa48uEAup3fLyeP73b0rLltqy79iLwTq+qa/r11cahdPPDDBwnREYsMYUcdA3PWuY+2JL4r8Qa+QPJ0+NooiW4L42Lj64b861XQyZ4KW7nNNB454qQFA+UqOlIOVGOKkBpzzTlZhxmgDRsGRb4OxA8sd+2a9MtfE11aRxIAreYTzjBA7UzJnRQ+O4DCWa3OUOGy2Ksp46t5WVUhO5+nP/1qvmMuUoz+Nn89okhAZfxzWa3imS5Dbp0CEEgR8HHoam7KSPL9Q1L7RvWMssbnoe9c+Du69BUo1JG5pBwAKCg6migZGwJ/xqUEKAB0xQAufeikMXtSUAGKUDn1oAXb3H5V9G/CW4slkvEZV+18FW77O/60+pm9j6ZNwg9zVZr1V6kCtrGBVN6rHO78c1Il4Qcq5p2JLIv5P9k/XinNqdv0lcRn/aPB/GuWSsdMWRSsDyDke1Y8jhOScCvMkd8TO+12GoRzWAu4XaRGRkVwWAIx0r5kvoNT0vUpLIIltMhLgsvyTr0DA16mFk03Hqzy8VBSV+iHxahpmlKonsVa7ddzeWuRk9wT0H0r1DwzoVldWSlbUiK4UNM0nXGc7Qfr6V6k5xgtVqvzPFhTqzej0b/A+soJY5Yg0RBXpx29qnryk7o+has7BRVCCigAooA/NH4ett8ZWXuJB/441fZnShgNxk1GfSoEZ08e5SRXhfju+eK3t7dWIWRyWA74reOxg9zxf7UenSlFyady7ENxdOLqGNCQEGRg/wAXrXsMWt63q/hO7jNgl08ICNKerKR129yOPzreF9SHseYaWA2uaXKVUg3CIV29cMOwK9iP4s8dRXomiQ/2jqCeFtRRVt5ZHnEkR+ctjPJ/Ag/SiHxWJkdBb2x0vx5F4ZSR20phu8iXDByYy3PH94fpWhaxRad8VzZxxrHDJBtjRRgD5Aen/ATXWv1MCGyslXUNW0SZhGkN+0o9dk0bRrj8XX86xtckg1LT5Ha2M7i2W4eJW2yWsgIVyMg5U8ZHT5c980PYa3O8t9U1b/hGobzQbiPU1jTlLlCZiB1GVIBYcDGOfU5GfIdO13S9U11pvEWmxEXDANNCWTYemSAcEevf61i3qjdH0gfC2mQ2sp02AWl0YyIZ0dsoxGAc56etfNE2pX0sjQ389xI6MVZJpGbaRwRgmokWme8fDC5DyajEOBtjYD/voVa+K1+INBt7JHxJcz52+qqMn9Stc7R0XOK8LSDSfCN2bIpPq90C4gjYGRAPlXI7YyW59cV5RqlzHZ6FY6RbSpJ5o+1XTq2dzngKf90D8+aZJwh6+tQYIyayKEiYEkmnKSV+XFADt2Rg0q9aQypI4SUA9D1qzFdOpGxy2OBmgzZEXIZgCcdx605XaHa4PIIApiHPcSJPuDfMDnNUzKQQQec9aQEJclhV5BhRQNDqjJxmqKHx8Ln1qUEY4pDGYFBpAOxS8elAxeM//Xozk4GTSGa9to2qXgzbWE8g9RGcV00PgvXGwZbZYwf7zDP6VDkkPlbNdPBF4uDJIv0BrbsdJvdAna9tD86KQ2OrL3GK3jUh1MZU5vY9Q86+mtkmOplUkUMCpAyD+FUXtpJOft1059VDn9ciu5SXRHBZ9WU5LK9A/dNcZ9WlIH6PXOXL6nE+wXTZx1WVj/OsXUiWqcmLFPrgCqkrn/aYkmqlzbarcOrHzJpAR8zkkD2rz5zjI76cHE6ObXfENvZrF+6RlUDcE/ln+teWa9qOsapGDeTnYnQAYB98UoKI5XOBIKEbH+cchga1r7XNTv4oIry5M4hBCO4+bHuep/Gutq+pz36GeLiZZBIshzjg1sr4h1eMeUmoXAUr08w05Lm3Ji+XY1LPxHrFtLxrN9HuxkJOwz9ea+l/B3jq6kkS11SYTxtwsrfeX6nv+NHIraGbqO+p9HgggEcg0tYHWFFABRQB+X/guTyvFunHPWXb+YI/rX26aHsAgFBxUCKrjivnT4gRqVt2Y42uwHHXpWsepjLdHijbO5pFeHu4/OpNjqdGhs7nxFZJKA6SuUdD7jH9a9+nuNO8EWMVs7yukzuy7VBY/X8wK9KFkrnJK9z5y1G6je6juLfKM0rzYwBtJbgDBPZR2H4jFe6W8V7c6rZ+J45bae3gha6ZFULMVYESL0GdrBlGcZxxxUQ30CWi1LNoIfGmvN4h06R7WfTlVVhkUHzD8xBJB4B6fhVfw3cReLtSudSumFprNooEJi4QDBAO09cEkH2IrpVrrzMbNHP6XeXOpXuoaZqLxwa3vDw3TKAWZCP3bY6rwMDH8hWzBf3kTLZz2LpeWvzxoQzcDOVVhkMhGQN3K543YpJ3G9Cvo32jQfEsI06KS40fVGyI1G4wt3z/AHSp6+3qRxg3UnhzWvGM6X1vdaWHO0tkJukzyXUj5c//AFz1NZdLM39Dsda8R6l4Mvo9GszFcWsUK+S1whL7eRgkEA4IIHHQVb0jwkvjK1fXbmQ2M1zKcpDGNjYABYAnPJznnrmle40c9PrDeDdVvdN0F1lyVSSeYbm3DPC44wCccjrmvTdXvpvD/hNNR1dkudYkXbEzouUducDAwAoGT6kfSsTZHlBJ8PeGJI5XKajqS+bdOT80cXOF/wB5ucfUn+GvFrmfzpjIyhAcbVXooHAAqGUVh1P1qOZ8rt/OsSiFDjHoas7QnAoAVhxngAU8JgjnNIooXcfR/wADVAMQnB70iGTh/kOe/eh5GKDP97NUSMZstn1FRdRSAmiG5xmtGgoX0qMimAuTRzQUL+NLSAmSF26CvZfC3w+n1hRd6gXgtD93A+Z/p6CspSsjSMbs9stfh74dtVBa0MxHOZXJ/lxXI3emWk14TY2dtFBDyrIgUj3PesoNt3ZrNWVkes20US2K/OZO5ZupNUJF4Jbv2rNrU26HL3MiJnp9ax98Eh5Cn61i5NbDSRU0W8e3W6s5Ex9nlIjbH3kbkfl0/Cul8+V+QmAfWu3ndji5NRJhLHA0zsQqgk4FXjpKAAQPIoHV1jVQfcZ59eoFc7lrqdkYpGBZzLbW75eSWV5XDGTGRtYrjjtxXQ2ZM5lRlAePGcdwehpNWVyObWwtxYCYYK9a4jWPDwmgwg6dqzjKzuXKN0eCajpkllOQQQAeDWXNAzIWC4x1FezF3R48lyyHR27taiQdEOG+hpywYnTI4JxXQonPzDb5PK1HC9MDFd5pk3kiNmIAPWqW5nLVI+1/B2pNqGiqHbc8R2k5rva4pKzaO+PwoKKg0CigD8svCrY8U6Yf+nqP/wBCFfdeKHsAVHUiGkcVwfiLw2mtwoocI6PuGeh4oRLR5LefDK4lyyXAQj8RXIT/AA51eM/u5IHHuSP6VaQrmVceHtZ0KNNQkRYjburLIHBGc8V003ir+2bdm1G0ia7VCkL5xHGpHzNgn73HH4fjvGVtCGrnmFzdCWfKnKINideg+vTPJ/GvUfBPiEWk01nJPBGGUmBZg2JHO0GPI4XcAOW4G0fjCm46opq6Lmk61B4Ogmltp/tN3cYSW0liaPyiM8k98dMe9csviUwXM17a2aQXs5cvMsjYG4novT8811OdtCFTctWYY13URcNcNcFpXxmRlDMfTkis59SvXmaU3Uqsy7SVYrkenFYc7Ohwiuhpabrl3prAR3EwQSCTCSYIYcZ5BHTg5BB7120/jOx1OFRrWjQXsyAASqTE2Pcjr+g9qtT0szJx7DkvrHXjvazaNIcBibh3kSMFedzZ4AyOnAOcHFfQtj4pWPQ57DT7FLK6tIygSSTMcY7Nu6kEc5xg881tozLY8b8LW8MOrf2pqEF3fLC2+MwRF1d89SxxnHXjOTWn4k1h7jW01TUrd2tICUtYXRlCHruKsAWPsMDgZNZ2ZpzHkOr6xLqtwXkJCbiwDHJJP8THuePoMYGAK5lmGfWudmyFAGMgnFQyADvyeakYKCAMjBFWSxJUjof0oAGYEY9utKGcHGARSGX4LVLsvHJJ5QEbODjOSBnFct/AT707aEN6k8iKiRMrbiy5YY6HJ4pYIjOXUMAVQtg98c4pEkQBZCR1WlUcA9u9IoWI4f8AGtCmMKDQMbz6UY9/yoAmVc4Cjk1rQ24GPl3NSGfRnhDwFnZqOrxYH3o7dh192/wr6EUBQFUYA4AFebOV2elBWQ9hwR7V5xb6aL+6kDq6xRnG4Ejce9aw0RnNXaOgkCRKIoxhF6VgX04C7QaBs4i58yTPauaMTzT+VFkn+I+lYlI7qw04RoMDce5NdfBY9yKrYm1ye8g/0VRjhnVT9CcVQ8QXUllYStGcFVOD71NrsvoeWaGZ7glpQTukZyT7nP8AWvUdIUPqd0uP+WUfP4tXp1opQVjzKbbqHVtAR2qq9qHUjFeKeweb6/4dS4gc7OSOteHNp5t4ninBDDIB9feu6nOyOCpC7IEMdpAyAArIOeKWNLadVVmCv2J7Gu+NXY86VI5nUlC6jhh/+rrV8z48oA8E44rsT1OVrRH198MrgDS5PMYKGbgk9a93rjn8bO2HwoKKzNAooA/Kjw02zxLpjel3F/6EK+924oewDT0plQIZTQcCgRGzYU1mSFepxVkHmXjiPzvDFzHGN75TCryT8wr5gGn6mYwgtbnZnONjYz/nFUUgbS7tc5jYY65U1Gunzluh/KoO1U2TusoPzsTjjmq+SDVJ3KnFol3DPSozhqoyZCUNM8v3pGZt6VeNp90r+YVQn5u/44/H8iR3r2C2uoZo4pEbKxD92ySeW8QJ6I54K9Rsb8CRXXT2scs9CjrFy1tEJZY4ZJWzmSW1eCUn/eQ7WryiadpZC7Elj6kn+dKb1sOC6lLLNwOB6mpAiqPu5Pqa5TYQuxOAP/rVMiDBzyfWgBv3mODxThxkZ4P6UwFYcZ/Om+YR8oGTUlFqCdrSaOd+Qrcj2PB/Ss427fZ53XlI3HNMh7hcJttIG9c/0quoZZ1HQkfzpCFikMMzZGQQVYGkRTuKDvyKYDOj5FaAYEZoGLuHrRn0oKLNvby3U8cMSF5JGCqB3JrRnsZLK68icKW2qw2sGBDAMDkeoIpX1sM6htNt70wQ6VFcNdSMA0TLngIuTkf7W/8AAc19GeFvBFrpAS91DbPedVXqsf8Aia55tpWZvBXZ6wZC5wKupHgc1wo7wK1VlbywQK6EjJs5u5+6W6GuVkj3McmqZByWpTbMRx53twK07GxFtACw+ZuSay6lPY6e2kUTLAuNxGfwru4YgEBNRIuKM/UQFtieyOrn6AisjWrUXFnIh5DKRTW4PY8r0qd7dpI1XbtGGBHfvivTvDlvJma5kGDK3yg+g6f1r1K79xI86mv3jPQGh4pggxXiHrGLqcarbMcdK+WtR1zy7+SJ4keDOCpXuPT0raKuYTdjDfWbJm8uOzUIeMNyfrWXeyWk8YaFDC4/uniuizRy3TOO1C4aXypCfmVdrfhVuzEkiBsEgV6VN3Z501ZH1xoc0WjeF7OWfIUsCwHXmvfNM1CHUbVZYFYLjHNZb3fmb7WXkbFFSMKKAPlSH4e+H7Nlnhgl82I70cynIYcg+leBSfErxGxOJ4E+kI/rU7iM9viF4mb/AJiOPpCn+FU38deJXHOqyD6Io/kKYFF/F3iCT72r3X4Pj+VUW8R6233tWvP+/wC3+NAio+tao4+fUrtvrOx/rVFry5f79xK31cmgZ3vgWVj4rtgzE7lccn/ZNfU10VEWD3FbRIkeQ67NAAUjAVx1PrXlklw8Wdh5rGTs9D2aUbw1Mp5AyfNyTWZI20Y6g1CNZvQqh8Um/nrWx5AwuT0pm5j3xSJbE59auxXEkDho5GRuxRiCKpaEMvNeTTqFkcMF6cAH9OtR9TTbuNFeTk0zDjjOBUjJQjr1cCnc95OPYUgJFCgHaevqaVhxxTAdndGcjtUSoTznigYkuWjxnAB4zXUahqlpcaddRwx+W9w8TFR0XCgEfmAafSxD3Ma4u7S40+zg8to3t43EjDnexJ2n+VZxmjeaFyu3y1UHA4OKNBEl55Ml080I2RSEsqlskD3rRuprSV7J7VDG6whJwTwWHGR9RzT0FZmCyMGI+mKuG3PmRbMt565T69MfnxSsMiU84PXvVpoygDnBU9Md6dii/bSSQMlxC7KyfNvQkMhHQj8a1LVRdRLKYyGVvvEcNT0Grn0D4Zt107UkSBTumtvnyerAjJH/AH1XtMMU0mC7V5Mm5O56sVZG9DGF4Aq8B2ppAxhG0Zx0rHlyc1sjJmFdZCVz0vyxsRQxHG28P2rVxu5CjNdjqeLW2EpOEUcn0rFGjPONMuJB4psJpnKmdWBGex6D88V7fc6n5MsUKYy7bckexP8ASnJXZ31lyOxBdRyXUTwOSUkUq2PQ1zOo6hqem2rvc2BuYY0y0sDc4xydp6fmag4ilp+iyyxpdyKV87MmM5GG5A/LFerWEIiQL0xWk5uVjOMbNnQ7eBTdtY2NbnHa/KIbNmyMYr49vo1mkYjks7H8M/8A1q9DDxvI83EytE5KWPa2QOScCrRgf7o7dfx/ya9CUbnlqdjPltgbhwRwI8mtbSvlixtHXj61MI2KqSudCNYvrwKJ7hnCHAToB26V9heA5Un0t5E3YUhfm9ev+FXKPLGyLUnKV2epUVxHWFFAHkrfdP0r823GGIPY1CAipKoQlJTAKKAO28HziDxNaSe7D/x019Cahqi4OWrVaK5D1Z45q18ryHDda4Z5ySa5W7s9uErRKTSmqruWGD2po5ZyIc0u6tDjDJ9aXAoEHfjrXolnayfZAgght/LH764mA6nnj8CK0iJmTdLpyBvLnlnlxwVQKua58kjvQwREX5qXzFI5qBihnI4Ax70oLk/dBpgWArA/MuB6g0/GDjHXmgYqdMHpTmAUYHemApQSxhScVr6zpVja2llc6ZdPcpMmJty7fLlABK/qP160iWchsbPSuxl0ixXQTcpeOdQjIaS2KcCM7cMD3+909j+II43a3oa6zTdETUbSWQX0UUyRllikBBkIP3V9T0/yDQBz1upnuEiLqm843N0Fbuq6NcaP5P2kxsJkDo0bbgQQD1+jD86QGIWDvuZslyc+ufWpVR2jVQRgd84wasZcsWaJmVhuyeQTxXXo0lvbKs0cgjU4UEdARkfpzSZpF2Op0XWZLfULaYl2igDByoyVUjnI9sV9N6LrEOqWn2i1k82MNtJ2kc/j9a4ais7o7YSvodnG+at5rNM0aGscgismQZrZGTMK6IC8nFcxcMNjAGgDl9MYDVGU8Eiuh8UJMdHkKkbQoJH4j8+M1jE16nnizpHrej3GNyABTx74r1ucCPU45JDhfugnsc1TPTxK1TO4+02yAbUGcdfWuO1jxAJLSezsrRrqV1KfIPlBx0LdKyW557KOma8hsbazuV8q5hjWORTjO4AZ6fn+NehWUokUMKGmiE7s3M4xURcAUijx7xtfqlukCv8AM5xgdcV8+SoFyM/MevsK9nDxsrnhYmV3YowWO65Msg+VB8oq9DaBlLt1Zv06f413xR5kjHuosGaQjknA+lJYwhIkz1Jq7WEndE1tajzckc57V9xeC7L7H4bgGMGTLn/P4VjV+E66fxHeUV5p6AUUAeSnpX51ahD5GoXMXTZKy/kTWa3Ay6ZWgBSUAPbBPAxUZNAi/YXBt72KVeCjda7ia6vZl3FH2+uMCk7lo5a9aSGd4ZkdJUYqysMEEcEGssb3YAdzUpFc/Y9k0/wZBrl5e28N0IfsKxoSiEh2K/MecHqDXF6d4al1TVp9PgmCtCGJdhxwcV1cmxz8+rMq90K5s9UOnB0mnBAxHk8n8Khk0TUI7tbQ25aZhkKpycVHKyuYnuNBu7aRYnaIzHkxq+5l+uOlYUsEsMhjkQqy9Qalqw7liy4vYvl3ENkL6nsPzr037ILmN7KFI2KNvuryXordwP5U0DKOoaiICtrp91A6AYZli28/yNcdt3uzt8zE5J9at6iQnlqSeB+VRm3Xr0+lZ2LG+Wo4y2KAdp4NIC0CccfN/OnA56A5oGMUYYinkfi1UIRc49OapyXc5he23/ui+7bjuOKVxMz+anWaUAje2Cu3k9vSgkiyfWrMV1PCVKSMNjbl56GkMjWZ0dXU4ZTkH3rS/tSc2jWx2FGJOCoOMkE4z0+6On0oEUE2nByM56Yq2OnSmMmVmB4Jren1rULq0itJ5zJDERtUqB0GBkjk4HAznA4pNFhb6vc2sEsMDeWJhhyoG7GCCAeoBBII719HfC/V7F9Nm06W4RLrzi6oxwWUgdPXoaxqK6NoOzPfQApBHSp92RXCtzvYxpAi5J4HWqSzw3MZkhkVx0ypzXSjFnN3Z3kqRXG3aSR5IyR7UCOMkumt7pZsEMp5969H+1Jf2S4IIIrNbgzgW0d49UstpzAs27/dHXH6V7uYYbiMF0DdxSn0O6VTnsNkgUxEfWsiDZDo8GAATEvT1xWZzHiksnmai06Es6ylWUZPA7/qfyr2Pw9fs0klpKf3kOCPdT0P9Pwr2KyTpRZ5sHaq0d3Lcqi5Y4AryzW/GtnYhoIHEs/91T0+przKcHOVkd85qCueFXerSX07SySbpG43dgPQVytzqiqxjh6Z5b1r6ayhGyPl23KVzSgvCLOSVjk9APU1LbXS+XHHu7/nVGTRXvZEaPOcqCSPfFc/bXLEbVbO0Yob1NEtD0XQrJr6/ggRSWkYDpX3VbQi3tooVAAjQLgewrkrPZHTSWrZZorgO4KKAPJjX59eIV2eItSUdruUf+Pms1uI5o0nWrAbQPegBhPFN60xliOPceTgDrXV6TpF9qt08NnbvN5K73TPbgd/rVxV2S9DrtUtdHikEcN0bxDEY9pYq8EnY8jO3J6fWsDwzp63evxQynCxb5XGD0jUuRwQf4exzT5ff8iL2R7jqBk8Ah9QicX76u5Zt42bCMnoOv3v0qnfWsfga1i1uyJupNRG0rNwFz82Rj6V6G3yOREHiGxj8NWkHiO2zJfXrjeJvmVdyljgcemOvSoLZVCX+p3kpiikhjVyDglygZiD1AG4AAVD0djRHmd5ug043aRGO3lfEEUkmGYd2IHX8644fa7gHYuF/uqAM/h3rgOouh5IblJDaCNlb5SqkDPauxIgaDy7iZo9Otzt2p964k7n8/8APoxjL1pprIx2ejNa245MhX5mFcYo/DParELyPambivcVBQ8OrHmnmJGHFAwWLaeGpCMd81IxBweRTs4Oc9KoQ4AnnoOtYjZDFc9DUgyME54JoBPSgkXJoycUCHKpc4FTeQe5oGSCIr3FTDdTGOG6nc0FAN2fpUqkghgcEcgikB6Rpfj3xDpgCC7+0xj+C4G79ev616jY/FpCAL3TXU92hcN+hx/OuZ0+x0xm+p1sfxG0C5i2vO8JYfdeM/0yK5a28VWFrNI9tew4YbnDt1PpVRVtGTKV9UdxD4h0u8gWQ39qJD1QSrVppoJ48xyI4Poc1NjS9zmrqzSXsKyTNHo8XmM5CkgbfXPpWL0ZR2MEoLYkBVh2PFdVb3AwFzRJBFmt5wPGe1cwzNLYMoGCjMuPYEgfpioNTwayuZrXVZFkGDvbGR9K9UjvYLLUYrqVwimJlZj07Ef1r2pe9SVjyb2qXPJfE/jm51F3t7B2ithwXHBb6egrzKIyNk5IB5JNddKChE5q0+ZhcXQjhKxnJbq3rXPo2+Tk8DrmlJ3ZjFWVzdmuwLdI1OAB0qKO6YPkMfkXFaNiUdCWa5cwBhggcYNR6ef321l5b04xUvctKyZ9r/Dzw2bW0XVruPEkq/uVI5VfX8a9yrz5u7OmCtEKKyNgooA8nr4C8ULt8UamP+nuU/8AjxqFuByRp6KG71Yh7RqF3bx9KqGmxFnylNushcDLFcd+3+NV9q/3qBkyAZ+9Xvnw9u4bfxXNAJd32qA7WAP3uGx+W78q6Ke5nI5HxXp0ln4wvESNisrmUbR1Dc5/A5/Krmkwpc+KmihwGu7JyAVIG94CT1HTJPOMeh71a0l8zO+h6dr80PjxrfTdJJjubJnMq3A2hRwvUZ70zXw3iOztPC9muNS00Azb/lU7V2nB78kfga63rfzOdaFbxLcp4j0u20CxOdRsSpnjf5QNqlWwTweT2rkdQf7Xb21nMfJtoJgbrPUkDaAMe6EflWM9bmsTly8+r6s86pvWM7YoljL7V7cdB9SRWi2iXm8yPZTOx6n7RFux9MHH0zXnnYcxc2yrnYsseGIbem0qeoBwcfpWrpK+c8eLy0hlUbUE7ldnuMgjJ9aQzpNQ0+80xt+rJqMcDHAuYLneufcYGK5vUdBeKGK7t7yK7tpztjkHytuxnBHr1qkxNHLgEkqykEcY9KPLjXqBV2AYY1ccfL7iq7I8XIYmpAtJLvUZ4PtTuCemcUmVcaD857e9KVy2QelMQ8ZAxyTWUyHc7HoTgUCZCq9TilCkL9aCQ2/L+NN29BSAkUhGwe9XwQQDTGhp64pyDqDQMlyo7UmewoKAHnNO3e1IAooGNzRn0pAG49KsxSzxuGheRG9VJFUlchux0MfiTW4V8sXkn/AgGP5muy8HtJqniFJ9TnMywoXUOeN3bipdPyDnPpRxa3K/MykjowPIqubOWMbo5Aw7Z61k4mikPEk6LudeOmc1mG4kguZI+FMmHXe4XdxyBnHQKD+J9KycGzeM0cfr4jt4YLu7eJED5ByCSCvGMZ/vD9a8R1vVZL65FvE5eND26E16NJNOxyVUtxunaR5rebdTLGo7Z+Y/QVS1GQNN5MCYiT/x4+9dzlrY4Er6nM3Dljt6YpscRGAe/Wud7m3QVsmQfWmpuIOPWi40tC8nUq+drDg46V778PPA0mr3a6hdoVsIzwSMeaR2Ht6mk5WJtfQ+1lUKoVQAAMADtTq4jqCigAooA8nr4Q8aJ5fi7Ulxj98T+YB/rUIDhDTc4qhDc02mAufk2/jUVMBynBruPDc839sxiCUwyvGyI4OMNtOOfqBWkN0RLY9Y0XWg/h7VpNRlaW4j4V5DljuBAUfiDx715Ha6kdO1+1vFRH+zMhKYGHAxkHA78+9dMnszGK1Z71a6fJomtS+J444108hzNDbyB9qlQQQehBODjt07UaYp1Txe3ifS5N1oABOj8ODswRjvjg/yrqS2XzOe7Oblliu/Gra1ogM9spH2nAxtJBBIB5Pr9axtRuLW+lmWDdOWnHlInHmFuqH0+Zcn2+tcstvU3jubNvoGt6hcyaa95HbW1vjzpIfvSFgGxjrwCB2GAKqHwhpV9eyWGkTXE9xEMyTbwY4znABIHXrwOeD6Vz2Om5iaFq1x4d1ho72EPEshS5jKjcCDgkH1GOmcH9a9q8deGNNvdMOp2skMN0i7g2QBOoGce5wMg/h9JtoMwdEu9X0fwzdLrmkTTWEKAR+YBuAJxsKk5K8+nH06Ymj6BpXiPwveJp0bW9/HMX2tJu2nnYM/3SOM+o9qlovc81Sxk1KKVVjZdRtMiaIjBdQcZ+oPBH/18c6RhcHJOea031IImlYj5QM1Csh6/mDUgKRj5kPHcelSq7bSD2pFCgEk4p20heOfakAodl4OefSvafDvhcahpcErWb4cc7k6+4NXEznseix+BYDMhaxXAGMbe1XJfh/avcJI1km1VICqP51tynNc5/Uvh3bFC8VqUwO2a8WvfC00FxKUXEaDGc9/TmocS1I5O70traMtkkjrx0rNRWjODWVjZMkB+ce9SYwaCwopDFo69KADv1ooGLzTSaAAcHkVJ5rAYzge1WnbYhq45biQEDJYeh5r1PwslneExrfLa3sjbEidTtcex/pXQqnRnPKHY9Sn0DW40+SATn+9HcFfyBrIEXiq1by4o51/2S6MP1roTi9zmd1sbKN4ybb/AKEjY6ZXP48Gs3WbfxFLbM+pyLHCvJHk4x+OM1nywKvM8wsNK1fXp2t9PhkMfRpMcfnXsul/DT7LF+/JaX1GMCplKMNilFy0Z1tj4HtrSbzZm8zHIQjj8RnFLH4U0+O6lJt1eOTkAqMA15Lqu56XIrHlHiH4eXp1C4udOtozaMAyqjcrgcjB/OvEGXyHIZSeemK7YS5kc8lZk6/Z5OdrDHavTPDHhRNcvEQfLGx+Y45xW70VzLyPqew+G/hqz2lrNrgjnEzZGfpXp8UUcMSxRIqIowqqMACuNu5ulYlopFBRQAUUAeT18PfEAbfG2oD3Q/8AkNazQHmpptWIaaSmAlLQBNbkC4jJGQHGQfrXt+pzWkdsSIIl7ZVQCKq9kNK7R5PJePHMzxHJOclvm655+vPWsZnYncxyT3pXuU4pPQ9g0rxrO2iyaRebGj8gxBiQpKY657sBwAeuAOCOb8PiXTPDFsy6FcG8a5x5onUjYR0I6dcn8q7ozSV3ujhcHfQ5m213T9OWS6tBcLezA7lGPLUk5xjuK7Xw/OsdvdeJtQhVfIQiNVGA8jAZI9yNgz7mock9EaqLW5H4Lsb3X9Vv764up4oZUZZXibaXZuw+g59uKtJqlv8AD/VLuwsFN88ioXeVtojbkgYA54br74qNlco9K8P6PpPiK2/4SDUbFGuLp2Ypk7BhsdO/TnPU5rxTxlarZeKLy3hBEKlWjU9FBUHAHYDoPpUyLR734H1Vde8NPp94PMkt18iUH+OMghc/hkf8Bz3rxWBp/AnjJ0k3Nb52ucf6yFjwR7jjp3BFZPc1O98R+HpZdesNa0WRFkuJFDlT8p4J3+4Kg59fxNeM6/Yz6dr11a3Kqu+QyIwXCspJII/z1FOJLOY8rDHPWo2iwdyjnv71QioSUkGDUpX5gRnBHIqQJQvHNSop6ZpgT8dMZr7d+Gtx9r8IwKVIaBmiJPfnI/QgfhVx3Mp7Hrfl0hjrpOUgMdc7d6JZXSMskC/MckikM85ufBUUW9oY0lUj7rCvkXVbVrbVbqCRCjrI3ykY4zxWLRrEwwvz5PGKcSOgBzWR0CgjbmkXkZoKFppFIAxgUDkZpABPakoGJk0zBPJJoEOC1chkaOVXRyrKQQVOCDQB+h+g3DXui2dyyYeaFWIJzziuugsEB3MoznP41pfQ5kjWWIDtWDqmhQavEIbhmEecsqnG72zWWxsXrPTLTTrdYLSBIo16KoxUkuFFZM0RhTEucDpUCR1ys3OP8YaqNM0n7PG2Li6BUY6qvc/0/GvJ/D/hiC+b7TeQBkP3VI4xW9+VaCS5mesQ+E9DiwV023yO+wV6TpNjBaQ7oYUjB4AVccVipSlKzNZRUY3OhortOIKKACigAooA8nr4i+Igx42vvcR/+i1rJAzzE02tQG0lAgpuaABWwwNdRe3ss/ylvl9KDWJilcn0qCRCOQcinYhsjA9aQ8HFIZPBG086RL1YgV7bc6fc3vhE3M159ntIpDJBDIv3owAqD69ceuc1ojNnoega3pVvpH2HREe4uYoi4h2FWkbuSTx1689OleOz+GfENzLPfXVjKuS0s0kmFA7k/wD6q1epOx7fpvjDQNH062srbz7lYYwuY4tuT3J3Y6nJ/Gqt9ocnjy7OqaYFt40UQutxwxI5zxnjBFS7M0VzS0nQr7wKbnVr1kntfKCSJAx3ZLDBwcA+nXua5zVr7SfHGq2FnGlxZTlivnSInIxnaefUcfX3rHQ11M7xpp174eGkPbXk8lvbDEXmHdskU5z0x06D0BHStjxnZReIfClrr9og82JA7beTtPDLnHO1v60CPFLzazWsqxNG9xEGK7cAnJUkexIJ/GsK4cnavTPUVtuZFd4hlW9P1piks+SOn8qgZYXp169qnHsaALsUbSMqoCSTgAdzX6A+EdEOg+H4LNzmQjfJ/vHtWsTGZ22KMVqYCYqMoDQBXaKuL1bwtpGrsz3lkjyEY8wcN+YoauB8j+M/B0/hu78yINLZSn5JMfdP90+9eXFa52dCdyMqe1SIuEGe9I0H49qbg0DEK0zGDSGGBSetIBmPU0e9IBcjNSBsUhn1N8J/EV3LcDQ5UWSFEaSNy2GQenuOfwr63RwR6U90Z7MlzSFsVIypJLtFYssuTzWTNEUs5NJPcQ2NrJdXDbI413MaxWrNDwbZP4h1hr65GFY4RD/Co6D/AD617JZWqwQhQOAKibOmCNmKPzZFQdzXYKoVQoGABgU6S3ZFV7IdRXacQUUAFFABRQB5RivjD4mx7PGMrf34kb9Mf0rHqM8iNMrUQlNpiCm8k8c0AWFhPc1e69e1XYdxpPH0pgbFMkayAjI4qoRzyKhos7fwhpJ1XXI4mU+SgLSkf3fT8en411fjPVGvNVOnwnFtZnZtXgF+5x7dPwPrV9CT2X4c+Hls9MOpyp+/u+EyOVjB/qefpiut8bTmz8NTRxkiS6IhBHofvfoCPxrfZAfOFpZL/F+NfVnw/tPJ0KVgPvzkj6bR/wDXrlOlHS+JbZZ/D2oRuuR5DNj3AyP5V8YQsbHUYLtEBaCVZACe4Of6VlfUs+k/iBpwvfCdywQu9uVmUD2OCf8AvktXiOj+I/7J8E3dnPBJK00jx2+4HYQy/MM+3XH+1Wpizc+IFjbnQNH1OzQRxrtRABg7WXcv5bf1rxXW7c299LG4wwAYflWhnY5x33RKMEEnmnouFK9z1pCJTjpjPpUqqc9KBnu/wy8MPq2tLfzL/o1kwY56M/Yf1r7Z8qqvY55K7HCP3p3lilzE2DyxR5YpXY7DTEDVV4K0UhWMm80+3vrZ7a6hWWFxhkYZBr5u174SvvabRpwVPPkynBH0NW1clOx4xe+DtesGxPpk+B3Vdw/MVhf2PqG/Bs5s/wDXM1ib3Rs2/hPXLogQ6ZcNnv5ZxXX23ww8STjLWyRA/wB9wKNegcyLsnwo19FyPIf2D1wOq+E9Y0fLXdjKqD+MDK/mKLNBzXOGcFTg1CWpGgzdS596QC4XNS49KQzodE1e70PVIr6zk2SxnoejDuD7Gv0T0TWINb0i31G34SZckHqp7j8DSJZ0YlAHNQyTgDikxox5ZiapFiTXM2bImXAGWOAOpNeT6xqD67dLbW+fsUTZz/z1b1+g7VOyLSuzpNNsRCo4Arr14G2uVs7kjd06P70p+grcrtpq0TgqO8goroOcKKACigAooA8qNfH/AMVlx4phPraIf/HnrDqNniBpprYkbSUAFXkQKOB261aEJkjrTgaYA3Sg9MUxDhwOaaQDQM6bTrmay06Se2leKVbmPDqcfwv/APXr3PUfA9rPbS6rDeyR5jM8gkAfPG44PHv61pFXRLep3ekeONCW2it9s9skSBEWSPPAGByufTvWP4wu01xrM6estxbxKxaSKNmUMccH0IA/WtJa7FrTc8/gAi4Zgp/2hivrXwpGsHhu0BK5dS/B7Ekj9MVz2Nky3rxX+wtQ5A/0aTn0+U18fjSLm9IFpaTSljwyocfn0FYNM0ueiX3jR7i6t9BFnjfIlrePIc5yQrhQD9ef0p/xPsbe18N2QhiWMR3IRFUYABVuP0FbGLKWs2b6h8PtHhDohjjjmkZj9yNYzlsd+o/OvmrUL+bU76W8mI3SNnCjAA9B+lUQZo/1vsOlWgu1SR6UhD1QDnv61bjGTQM+1fhEhHhediODdNj3+Va94qTEKWgYUUAFNJFAiuVyaZsra5kL5dJ5S56CnzBYfsFLsFTzDsIY6qTW6SIVdQynqCODTTA8m17wPo2qRtm0WGQ9JIhtNfIPiXwvdeH7kpLHvhY/u5V6H/A1D0Zsjgyp/u4pMD0qSx2QOgpQxPQUhlkEEYPNfVHwm8QZhm0OdxlD5sHqR/EP6/ialjZ9ItLiqTzZrKTGkV85p+QqlmIAHJJ7Vzmx5tqepyatIbS1JW0Bw7jrL7fT+da2n2KxKAq1MmdEUdjHFham2nOBySa52daOxhjEUSoOwqavVSsrHjN3dwoqiQooAKKACigDyk18kfFlCPEdq/Y2gH5O3+NYrcbPCTTK1EJTaYh6LuPtV/t1q0Ib25ppX+6aYAG3fKaTJApAOGWpM44Y0DNmCRTpssOTv85GA7EYYE/mR+dfXMkuzwEXbknTR+seP610w2Zmz52sjnbj+ea+vPBFp5fh/efmE0zOOPYL/wCy1nHc6Oh6D9nhK4aNSBzjFfJkl0XupLhXZGZmbKuRjJyelOTYkkbGiBrvXbKNndlMysQXJBAOen4V9RCGNM7UA+grC7NnY+GrSf7d45tpU5WXUVcfQyZr6E8Txaf4ogNuL5Vs9OkMt3KnOCFI2g9M43Z9OPWqS0MGz5y1TV5LbQmtN7/aNR2gITkwWq8Iv4/qOe9ecMoWPGM46U2ShETAyep9qnYE8j9aQwT9K3rCznvbmO3to2eWU7VUDqaYH6HeGdHXQtAtbDA3ouZCO7Hk11lQYhS0FC0UDGmoqDNhilpki0YpAFLQMKQjNAzMniyOlef6zpNvqVpJa3MYeNx+XuKuWqKifDfiHR59D1WSzlyQOUfsy9jXIHJbA61JoG3GAOTU6qB15pDFLAd/wFX7W7nsrlLi3leGZDuR1OCDSKPrjwf47TXgLK+Cw3qr8pBws3rj0Pt/ketjmuSW5qiTcsaM7sFVRkkngV5rf6lLrEpggylop59ZPr7VGyNEjasrEIo4rsIIQo6VizrRfxirdlH5lxuPKpz+NQldpFSdos6aivWPHCigAooAKKACigDyuvl34vRgXumy/wB6ORfyI/xrFDZ85GmmtRCYpDz0piLSjaAMU761oIlBzTcbTx0oAQjP1poPOCOaAJBxxS8dzQBpafeyadfRXUYVih5RxlXHQqR6EZFe5X3iWe20t41iWfR9QgaO3fGGtiVxsOOPlOcD0xya6IuyM2jiTpd7pbI91CfKcBo50+aNwehDDjnr6+1fZfhJ0Phex2nOUJz/AMCNLlaZomdJfTfZ7C5n/wCecTN+QJr45QEr2P4dKmRojsfB43+KrMehcnjphDX0Df6/p9rcpYLcJJezNsjgT5myfXHQd8ntWUVcts+cfEfhqx8MaVDZ25a71a/cIjngooPJUds5A59TWHrmqW3h3w9beH7R47mWRvNvNrcOeDt/3egyOoHucXsc54zLLLPO1zcPvlc7mP8AntUWcgsT1qSxyjd/FipMA8ZzUjLMaZOOtfZnwy8JLYWK6zeR/wCkTD9ypH3F9fqaZmz6CpakQtFIYUUANNMpmbCloEFFAxaKBi0UDInXIrn7mHOeKtbCPCviL4d/tHQnvok/f2QL5xyU7j+v4V8cBNozjk1mjUjH3qVm4qgEGFGTUm7C5bqe1IolWUxlXUlGByrKcEGvsPw74602fQrKXULtVunPlSKASdw4yQBxng/jWE0Wi/f6hLrL+RCGS0B5zwZPr7VvWNksagAVy3OxI7GCIADitMAAVizoQxuBmuitIvKgGR8zcmtaavIwqv3S9RXoHnBRQAUUAFFABRQB5Rmvmr4vjnST/wBdh/6BWCKZ80GkxWxAlAHIpgWCQDk03zFq7iHZz0NWFIYe9MBCp6imcMPRhQAqkjII5p5IPGM0AM6H2rXt9Xubezkst++0lOXhYZGfUeh4HI/WmnYR9H+CdTtodJcWV3JeRIC32BlBnhPfHI3r34H68VyerazNLq8txol9KbWUjbBbyujI235hs4PUE5Axz1zXc37uhhsynB4n1ITKlxe3bwEgSxvKxDr3BB9s19WN4Q8Olt5sh07SMB+QNZ2vuaXPGPGNm0V0lp4d0828MCk3F4mUBJ/hMhxwO/OOfasDwxNZ+GDJqWpBEuCNsUspwoUjkoPvOT0zgDGfm5rK2pVzi/EXjD+2NRee0tQrEAedMNxwOmAc4Ht06k5PI81Zy0ruztJIxy8jnJJ9zUNjQ3PPPJpgbCgFdzHoKgomOAhO0cfjSxB2OWyBTEeueBPDv9v+IIoJARBGPMlI9B2/Hivv1EWNFRRhVGAB2FJkklFSMWikMKKQDDTaozYlLQIWigYtFAxaWgY0iqjw7qpCM24tI5YXikQMjqVYEcEGvgfxj4RuvDN+Sy7rSVz5Mo7j0PvWaepr0PMSOtRD72a0EKeSB71MwyaQxCPMYDJAHpXrfg/w/LczpeEYgRjgf3jWU3ZGkVdn01Z2YQABa6uCEL2rzz0EbCLilas2ak1rF59wM8onJrqK7KS0ucNV62Ciuo5AooAKKACigAooA8lzXzv8W4y9vpjAEkSSL+YX/CuVFs+YaVUZ2wAWJ7CukzOusfCOvaiAYNNm2n+JxsH5mulvvh9qel6RNqV3NCPJAPlISxPIH0qbgeYlfmzjp2pSAR0rYCFowBlaRDzSEWc5p3UfyqgGk5FR5J4NACEj1qNVLn0A71Iy4g8pleNmVxyGHGDV4396JjM11I0pcP5hOX3Dod3Wru0TudnN4+164tJLe4mhlEgKlzCoYAjBAIFYo8Q38sgka4811PHnDzAPwbI/StXNkqKRBqWvavqbKLu/mlxjaucKv0A4FY4Qlt0jFmPJyc1k22XaxKcgEDIHoBUqhe2KBgRgbsdOtQKCQMdWpCLuz5QMdOtaFvHvOKoR91/Drw1/Ymi/aZ0xdXYDNnqq9h/WvXqzEgpaRQUtIAooGMIplMzYUtMQuKWgYUtBQUuKQwxTsUhkLoDXnHjLw0PEegTWS4E6/vIWPZx/jyPxoGfnrd2s1ncSwXEbRyRkqyMMEEVmY4FaEjsfMKVuBQMevDoP9rmvtXwvaRw6BYhB96FW/EjP9a5ah0U9z0SGIDHFa6Ka4zvRY6VVcnOBWTNDqrWDyIQp+8eW+tXK9OKskjyJO7uFFaEBRQAUUAFFABRQB4Jfa7pemg/bL+CEgZ2s43fl1ryzVZNN+ImzTtOvGT7I3mvK0RwQRjABIPeuZJmhdsPhloVqAbkzXbd977V/If416NY6PpunLizsYIOOqIAT+PWi9ybG1XCeNEMnhO/APSMHj2INUSfFJHJqtyCfSukQoPrUZGGz2NAiagdKoBjHAqtuLHAGTUsZKkbt1BAq+E2jA4oQEZOzgg/hSGRD1BNMQCKN/usRTlhGfvH8qLAXAoHT0pQSGxwc+lUA4k96lwD2waADJx1/OnKFUACmBIMk17r8NvCj61qi3lxH/oVsdzZHDt2WkSfcIGBgUtZlC0UgCloKCigBhFMxTMmGKXFMVhcUYoKsGKXFIdhcUuKBi0UigqIxg0CPAPij4R/tPSP7TsbZWu7Y7pSo+Z48c/XHBr4iZNvbpVoQwjkUEZIFMBxXvX0f8OPEN1dT/wBj3IDpHFuifuAMDBrKa0NouzPpmNMAcVoqABXns9MikYAVa0+AyP57j5V+77mpirysTN2idJRXpnlBRQAUUAFFABRQAUUAfkIWJ5Jr3T4VN/xO7tfW2z/48tJ7DW59ScYoBrkLFzWLq9s95pF3bRkBpYmUE+pFaEPY+D7iNoJXicYZGKsPQis9uldRAzOKcGBHWmBKMYph45pgMX94+Ow61bC7T8qipGPOfT8jTlyaoBSvPNIBg/8A1qBCkgdVzShlBzQBLkHGDTs/jTAbtz9alACjANAhwXH+NWETJHGaoR7R4J8BT+JJ/tFyGhsIz8zgcufQV9saZplppFhHY2UQjhiGAPX3NQxI16KzNApaACigYUUAIelMpkMKWmIKWkMKWkMKWgYUUDCigBCARg8g14V4o+Fml6uklxpmLG7OTgD9259x2/CgR8a6romoaNeNaahbPBKvZhwR6g9xWFtw3StdyRDXs/wvuLaHxDOs7BXkgxEWPXkZA/z2rOfwmsdz7GjIYDBFEjlBz0rypHrROQ1rW4NLsXuZWzgfIndm7AV6BoF1NfaFZ3Vxb/ZpZYgzRDt/+vr+Nb0l1OSq+h0FFdpxBRQAUUAFFABRQAUUAfkEK9r+Fz7fEU4z961b/wBCWpew1ufVgNID1rjNR4pprREM+cPiN4dWLGrWyYBIWVVXj/eP8q+ez+ddSMiMqSKZjbg1QDshRTVzI2O1Ay6AsfQClD88iqESDnpR0+lAyQH0o60ALtbtTqYhMZPAxUgHsaBD9tSKvHIqhFpIy7BVBJPAAr6M8FfDSe/KX2sI0Nt1WI8NJ/gKTYj67traCzt0t7eJYooxhUUYAFWqyKFpaRQUUDCigAooAKZuU9GH50xBRQSHFLketAxeKWkMKKBhRQAUUAFFAGJqujadrdsbfUbWOdO24cr9D1FfMXin4StaWkl7ok8lxs5NtIBu298EdT7YpoR8ztCykgjGO1RoGRwykqwOQR1FbCPa/A3i7UoNahsbq6ee1myMSHJU44wevb9a941rxLbWVs0s0oUAcep+leZUjrZHp05aXZ836hqmr317Drclm/2OCUGLzoyYuucH1zivsPQvGWka7FbLbS7bmYlTbfxRkKSc/wCzxwfcd+K6IpJaHFJ3Z31FaGYUUAFFABRQAUUAFFAH5DBa9Y+HLlPFUa/34nX9M/0pPYa3PrcUo61wGxMBS7TWqIZm39hDqFnJa3EYkicYINfI3iLwjd6RcM8SGWBmbbsUnYPet4mLPOGBAqLaTW4FZh81XY12pmkMlPHWo6oRIo75qQc8GgB2B0pcY7/pQBN8wIAU9KcEYnJH6UxEgjbH3T+VPCt6H8qoRYiglmcJGhZj2Ar2Tw58M9X1llluYzZ2x5LyD5iPYUriPqPQ/AWg6GUkhtRNOv8Ay1l5OfYdBXpOKyGkLS0iwooGFFABRQAUUAROrNja+0Z5461AbO3ZtzRKzepHNVexFrj/ALNB/wA8k/KmG0gP/LNafMxcqIf7PtT1j/8AHj/jT1srdekY/PNPmYcqJfs0J6xqfqBTDZ25/wCWSj6cUuZj5UPFtEvQMPo5/wAaf5KdwT9WNK7HZEbWsDDmMGqh0y0PWP8AU0XYrIb/AGXbj7jSx/7krCm/2XGBxc3n/gS/+NK47ER0hD0vb4fS5aqUnh9JSC2p6nx2W7YfypBYsJoqx/d1HUP+BXJb+dWhpuP+X68P/bX/AOtQOxh3Xg3QL1ne706OaST70jEhj75FcxP8L/C00ewWssR/vpMc/rmgLHAax8K4tLs5NR0K5uJLu3+eOFwG3juBjHOOffGO9eXeE9Ev/Eniq2GoxyzwQPvn3j5VA/h9snAxUtaFJtKx9xS2ltPataywRvAy7TEygqR6YrL0/QdJ0pi1hp8Fux/iROfz607CN+imAUUAFFABRQAUUAFFAH5M+R2r0jwHHs8V2px2cH/vg02tBLc+tdmSDnpU6pXnI6GWFTjrU4QVsjNk4jHpVW4sYbhCsiAgjGMVqZs8ou/hvod1KzhJYSe0bYA/CvNvEngvTtEaBoGlkWUtkOw4xj2roSMLs8S1Wx+zXI8sHY/I9qzxwApp21NVsBVscNQIz3OfqaRRKBjA4/Cr7Ws624uGhdYWOA5U4P0NADrSA3UyRpkszBQAO5r2Pxzp2n6Fb6ZpFlAi3Hl+bcSYyxJ6c/n+VVYybN3wFbRXniKyW7gimRoNuHQEEe9fWK+GtEVty6VaA+vlCqkjNFh9B0iRNj6ZaEenkr/hVI+FNAbrpFp/36FYmljUttG0yybdbafbxN6pGAa2qCkhaWkUFLQMKKBhRQAUUAFFABRQAUUAFFABRQAUUAFFABRQAUUAFFABRQAUYoAKKACigAooAKKACigAooAKKAPy8EQHIruPCf7rxHZt2LEfmpFaPYyW59Urip1xmvNR2FgDip1q0ZssDipa1IImjBryLx/EEsrV/SQj9P8A61dCZi0eAyRpIpDqGB7GsmTSbWX+Aof9k1u0Rcyn0lUOBKce4qq2niPO98/QVNi+YhCKsgGO9e4avGtz8KbSbqbebbkduSKlgcd8O9OGoeKLZWGY4j5r/QVX8X6kdV8X31znKJJ5ac9AvH+NX2JPT/h60X9vaWE+9tfdzX2fVVBRFpa5zUKWkULRSGFLQAUUDCigAooAKKACigAooAKKACigAooAKKACigAooAKKACigAooAKKACigAooAKKACigAooAKKAPzKrptBOzXLL/AK7KP1rZ7GK3PqodasLXmI6yypxVgVRJYBpwOD7UXsA8V5V8QlzpFuf+m/8A7Ka6YsxZ88HvQK7TApy/eArMuO1AjFkGCCO1e4aQP7R+G+r2nVrdjIB+ANYT2NUN+HaDTNA1rXGAzDEUQn1x/wDqrxCEsxZycljk5rRbks9z8BfJrelsNud7DOK+3aJ7iiLS1ibBS0gFopDCigYtFAwooAKKACigAooAKKACigAooAKKACigAooAKKACigAooAKKACigAooAKKACigAooAKKACigD8yx0rf0c41iyOelwn/oQrYxW59XirC15aOxk61ZXORWpmWByKUAmoaKHhSK868dx7tBRv7syn9CP61tBWMpHzUaUV6BzFSbqDWTcE5piMxxuFe0fDlxJcapp7crcW2cfTIrGRoizq6HQvhXb2WMS305LeuASf6CvDoVIjXmnBiZ654IfGvaaoc5Ex49K+7qJbghaWszUKKQC0UDCigBaKQxaKBhRQAUUAFFABRQAUUAFFABRQAUUAFFABRQAUUAFFABRQAUUAFFABRQAUUAFFABRQAUUAfmStati/l39u/pKp/WtzE+uVNTg4615KO1llasCtTMnU81LnByKbESqwNcJ42GfDUx64dP5itYshny+cZpBwOK7jmK0vP+FY0/0pgFnaT3koigiaRieijNe9+EPC2oaPrCajcskaOhjMeeea55PU0Rg/FadUvdO0uPgQQ7yPqf/rGvGQQFHtWkRHoPhKYxa1ZNxgTge/Wvv4HIzSluJD6WszQKKBhRQAUtIYUUgFpaBhRQMKKACigAooAKKACigAooAKKACigAooAKKACigAooAKKACigAooAKKACigAooAKKAPzHU1bjbbIpHYg1uYH2Ip4qcfnXkncycHGKnBrQgnU5NWh0qyRcc8VxfjFS3hm69ip/8eFNaEs+WzTRyK9E5i9a6Zd6jKI7W3eQn0HA/GvVNL+G+7bLqk3/bKP8Aqaxk+hSR7BYaRYaXF5dpbJGB3A5P40syGS6hjHdwaw6mnQ+d/ixY+T4htb0HclzDjPYEHp+teLg4roiQzr/D8oj1O1bHKzKf1r9DojmNT6gGrkQieisTQWigYUUALRQMKKQC0tIYtFBQUUAFFABRQAUUAFFABRQAUUAFFABRQAUUAFFABRQAUUAFFABRQAUUAFFABRQAUUAfmCp5+tWlOCPStjE+xLdt0CN6qD+lXVzXlnaxJWKqGHqKtZqiS1GMc1aBqyR4rmPFC7/Dd6P+mefyNNEM+ZdO0u61SbyrZVY+5AFe1aT4AghxLqMvmt/cTgV1uXQxSPVre0t7OIR28KxqOMKMVZasjQgqnkLd78fcjZv0oW4HgHiuX+3fh5bamR+8tJyCT1xnFeAA55q4EM6fSM+auPvBxiv0RtCfskOeuwZ/KuiWxmi9S1gWFFAwooAWigYtFAwpaQC0tIoKKBhRQAUUAFFACUUCFooGFFABRQAUUAFFABRQAUUAFFABRQAUUAFFABRQAUUAFFAH/9k=</item><item key=\"UserComment\" base64=\"1\">QVNDSUkAAAAgAAAAAAAAAAAAAAAAAAAAAAAAAAAAAAAAAAAAAAAAAAAAAAA=</item><item key=\"SubSecTime\" base64=\"1\">MTM=</item><item key=\"SubSecTimeOriginal\" base64=\"1\">MTM=</item><item key=\"SubSecTimeDigitized\" base64=\"1\">MTM=</item><item key=\"FlashPixVersion\" base64=\"1\">MDEwMA==</item><item key=\"ColorSpace\" base64=\"1\">NjU1MzU=</item><item key=\"ExifImageWidth\" base64=\"1\">MTYzMg==</item><item key=\"ExifImageLength\" base64=\"1\">MjQ2NA==</item><item key=\"RelatedSoundFile\" base64=\"1\">ICAgICAgICAgICAg</item><item key=\"SensingMethod\" base64=\"1\">Mg==</item><item key=\"FileSource\" base64=\"1\">Aw==</item><item key=\"SceneType\" base64=\"1\">AQ==</item><item key=\"CFAPattern\" base64=\"1\">AAIAAgECAAE=</item></array></information><alias name=\"multiuploadthumbnail\" filename=\"Frills_4_by_Goldfishdreams_stock_multiuploadthumbnail.jpg\" suffix=\"jpg\" dirpath=\"var/mondelli/storage/images/foto/panini/strane-foto/frills_4_by_goldfishdreams_stock/1442-1-ita-IT\" url=\"var/mondelli/storage/images/foto/panini/strane-foto/frills_4_by_goldfishdreams_stock/1442-1-ita-IT/Frills_4_by_Goldfishdreams_stock_multiuploadthumbnail.jpg\" mime_type=\"image/jpeg\" width=\"53\" height=\"80\" alias_key=\"63312607\" timestamp=\"1270903816\" is_valid=\"1\"/><alias name=\"galleryfull\" filename=\"Frills_4_by_Goldfishdreams_stock_galleryfull.jpg\" suffix=\"jpg\" dirpath=\"var/mondelli/storage/images/foto/panini/strane-foto/frills_4_by_goldfishdreams_stock/1442-1-ita-IT\" url=\"var/mondelli/storage/images/foto/panini/strane-foto/frills_4_by_goldfishdreams_stock/1442-1-ita-IT/Frills_4_by_Goldfishdreams_stock_galleryfull.jpg\" mime_type=\"image/jpeg\" width=\"550\" height=\"830\" alias_key=\"499548835\" timestamp=\"1270903827\" is_valid=\"1\"/><alias name=\"gallerythumbnailsquare\" filename=\"Frills_4_by_Goldfishdreams_stock_gallerythumbnailsquare.jpg\" suffix=\"jpg\" dirpath=\"var/mondelli/storage/images/foto/panini/strane-foto/frills_4_by_goldfishdreams_stock/1442-1-ita-IT\" url=\"var/mondelli/storage/images/foto/panini/strane-foto/frills_4_by_goldfishdreams_stock/1442-1-ita-IT/Frills_4_by_Goldfishdreams_stock_gallerythumbnailsquare.jpg\" mime_type=\"image/jpeg\" width=\"75\" height=\"75\" alias_key=\"4228615722\" timestamp=\"1270903828\" is_valid=\"1\"/><alias name=\"imagelarge\" filename=\"Frills_4_by_Goldfishdreams_stock_imagelarge.jpg\" suffix=\"jpg\" dirpath=\"var/mondelli/storage/images/foto/panini/strane-foto/frills_4_by_goldfishdreams_stock/1442-1-ita-IT\" url=\"var/mondelli/storage/images/foto/panini/strane-foto/frills_4_by_goldfishdreams_stock/1442-1-ita-IT/Frills_4_by_Goldfishdreams_stock_imagelarge.jpg\" mime_type=\"image/jpeg\" width=\"412\" height=\"622\" alias_key=\"2602985738\" timestamp=\"1270935946\" is_valid=\"1\"/></ezimage>\n','ezimage',1442,'ita-IT',2,0,'',1),(0,275,269,0,NULL,'','ezkeyword',1443,'ita-IT',2,0,'',1),(0,272,270,0,NULL,'fractalFlowers_30_by_love1008','ezstring',1444,'ita-IT',2,0,'fractalflowers_30_by_love1008',1),(0,273,270,0,1045487555,'<?xml version=\"1.0\" encoding=\"utf-8\"?>\n<section xmlns:image=\"http://ez.no/namespaces/ezpublish3/image/\" xmlns:xhtml=\"http://ez.no/namespaces/ezpublish3/xhtml/\" xmlns:custom=\"http://ez.no/namespaces/ezpublish3/custom/\"/>\n','ezxmltext',1445,'ita-IT',2,0,'',1),(0,274,270,0,NULL,'<?xml version=\"1.0\" encoding=\"utf-8\"?>\n<ezimage serial_number=\"1\" is_valid=\"1\" filename=\"fractalFlowers_30_by_love1008.jpg\" suffix=\"jpg\" basename=\"fractalFlowers_30_by_love1008\" dirpath=\"var/mondelli/storage/images/foto/panini/strane-foto/fractalflowers_30_by_love1008/1446-1-ita-IT\" url=\"var/mondelli/storage/images/foto/panini/strane-foto/fractalflowers_30_by_love1008/1446-1-ita-IT/fractalFlowers_30_by_love1008.jpg\" original_filename=\"fractalFlowers_30_by_love1008.jpg\" mime_type=\"image/jpeg\" width=\"1024\" height=\"768\" alternative_text=\"\" alias_key=\"1293033771\" timestamp=\"1270903816\"><original attribute_id=\"1446\" attribute_version=\"1\" attribute_language=\"ita-IT\"/><information Height=\"768\" Width=\"1024\" IsColor=\"1\"/><alias name=\"multiuploadthumbnail\" filename=\"fractalFlowers_30_by_love1008_multiuploadthumbnail.jpg\" suffix=\"jpg\" dirpath=\"var/mondelli/storage/images/foto/panini/strane-foto/fractalflowers_30_by_love1008/1446-1-ita-IT\" url=\"var/mondelli/storage/images/foto/panini/strane-foto/fractalflowers_30_by_love1008/1446-1-ita-IT/fractalFlowers_30_by_love1008_multiuploadthumbnail.jpg\" mime_type=\"image/jpeg\" width=\"100\" height=\"75\" alias_key=\"63312607\" timestamp=\"1270903816\" is_valid=\"1\"/><alias name=\"galleryfull\" filename=\"fractalFlowers_30_by_love1008_galleryfull.jpg\" suffix=\"jpg\" dirpath=\"var/mondelli/storage/images/foto/panini/strane-foto/fractalflowers_30_by_love1008/1446-1-ita-IT\" url=\"var/mondelli/storage/images/foto/panini/strane-foto/fractalflowers_30_by_love1008/1446-1-ita-IT/fractalFlowers_30_by_love1008_galleryfull.jpg\" mime_type=\"image/jpeg\" width=\"550\" height=\"413\" alias_key=\"499548835\" timestamp=\"1270903828\" is_valid=\"1\"/><alias name=\"gallerythumbnailsquare\" filename=\"fractalFlowers_30_by_love1008_gallerythumbnailsquare.jpg\" suffix=\"jpg\" dirpath=\"var/mondelli/storage/images/foto/panini/strane-foto/fractalflowers_30_by_love1008/1446-1-ita-IT\" url=\"var/mondelli/storage/images/foto/panini/strane-foto/fractalflowers_30_by_love1008/1446-1-ita-IT/fractalFlowers_30_by_love1008_gallerythumbnailsquare.jpg\" mime_type=\"image/jpeg\" width=\"75\" height=\"75\" alias_key=\"4228615722\" timestamp=\"1270903828\" is_valid=\"1\"/></ezimage>\n','ezimage',1446,'ita-IT',2,0,'',1),(0,275,270,0,NULL,'','ezkeyword',1447,'ita-IT',2,0,'',1),(0,272,271,0,NULL,'Exile_by_KatiBear','ezstring',1448,'ita-IT',2,0,'exile_by_katibear',1),(0,273,271,0,1045487555,'<?xml version=\"1.0\" encoding=\"utf-8\"?>\n<section xmlns:image=\"http://ez.no/namespaces/ezpublish3/image/\" xmlns:xhtml=\"http://ez.no/namespaces/ezpublish3/xhtml/\" xmlns:custom=\"http://ez.no/namespaces/ezpublish3/custom/\"/>\n','ezxmltext',1449,'ita-IT',2,0,'',1),(0,274,271,0,NULL,'<?xml version=\"1.0\" encoding=\"utf-8\"?>\n<ezimage serial_number=\"1\" is_valid=\"1\" filename=\"Exile_by_KatiBear.jpg\" suffix=\"jpg\" basename=\"Exile_by_KatiBear\" dirpath=\"var/mondelli/storage/images/foto/panini/strane-foto/exile_by_katibear/1450-1-ita-IT\" url=\"var/mondelli/storage/images/foto/panini/strane-foto/exile_by_katibear/1450-1-ita-IT/Exile_by_KatiBear.jpg\" original_filename=\"Exile_by_KatiBear.jpg\" mime_type=\"image/jpeg\" width=\"600\" height=\"723\" alternative_text=\"\" alias_key=\"1293033771\" timestamp=\"1270903817\"><original attribute_id=\"1450\" attribute_version=\"1\" attribute_language=\"ita-IT\"/><information Height=\"723\" Width=\"600\" IsColor=\"1\"/><alias name=\"multiuploadthumbnail\" filename=\"Exile_by_KatiBear_multiuploadthumbnail.jpg\" suffix=\"jpg\" dirpath=\"var/mondelli/storage/images/foto/panini/strane-foto/exile_by_katibear/1450-1-ita-IT\" url=\"var/mondelli/storage/images/foto/panini/strane-foto/exile_by_katibear/1450-1-ita-IT/Exile_by_KatiBear_multiuploadthumbnail.jpg\" mime_type=\"image/jpeg\" width=\"66\" height=\"80\" alias_key=\"63312607\" timestamp=\"1270903817\" is_valid=\"1\"/><alias name=\"galleryfull\" filename=\"Exile_by_KatiBear_galleryfull.jpg\" suffix=\"jpg\" dirpath=\"var/mondelli/storage/images/foto/panini/strane-foto/exile_by_katibear/1450-1-ita-IT\" url=\"var/mondelli/storage/images/foto/panini/strane-foto/exile_by_katibear/1450-1-ita-IT/Exile_by_KatiBear_galleryfull.jpg\" mime_type=\"image/jpeg\" width=\"550\" height=\"663\" alias_key=\"499548835\" timestamp=\"1270903828\" is_valid=\"1\"/><alias name=\"gallerythumbnailsquare\" filename=\"Exile_by_KatiBear_gallerythumbnailsquare.jpg\" suffix=\"jpg\" dirpath=\"var/mondelli/storage/images/foto/panini/strane-foto/exile_by_katibear/1450-1-ita-IT\" url=\"var/mondelli/storage/images/foto/panini/strane-foto/exile_by_katibear/1450-1-ita-IT/Exile_by_KatiBear_gallerythumbnailsquare.jpg\" mime_type=\"image/jpeg\" width=\"75\" height=\"75\" alias_key=\"4228615722\" timestamp=\"1270903828\" is_valid=\"1\"/><alias name=\"folderthumbnail\" filename=\"Exile_by_KatiBear_folderthumbnail.jpg\" suffix=\"jpg\" dirpath=\"var/mondelli/storage/images/foto/panini/strane-foto/exile_by_katibear/1450-1-ita-IT\" url=\"var/mondelli/storage/images/foto/panini/strane-foto/exile_by_katibear/1450-1-ita-IT/Exile_by_KatiBear_folderthumbnail.jpg\" mime_type=\"image/jpeg\" width=\"180\" height=\"180\" alias_key=\"994317382\" timestamp=\"1270906998\" is_valid=\"1\"/></ezimage>\n','ezimage',1450,'ita-IT',2,0,'',1),(0,275,271,0,NULL,'','ezkeyword',1451,'ita-IT',2,0,'',1),(0,272,272,0,NULL,'Dawn_On_The_Deck_by_l8','ezstring',1452,'ita-IT',2,0,'dawn_on_the_deck_by_l8',1),(0,273,272,0,1045487555,'<?xml version=\"1.0\" encoding=\"utf-8\"?>\n<section xmlns:image=\"http://ez.no/namespaces/ezpublish3/image/\" xmlns:xhtml=\"http://ez.no/namespaces/ezpublish3/xhtml/\" xmlns:custom=\"http://ez.no/namespaces/ezpublish3/custom/\"/>\n','ezxmltext',1453,'ita-IT',2,0,'',1),(0,274,272,0,NULL,'<?xml version=\"1.0\" encoding=\"utf-8\"?>\n<ezimage serial_number=\"1\" is_valid=\"1\" filename=\"Dawn_On_The_Deck_by_l8.jpg\" suffix=\"jpg\" basename=\"Dawn_On_The_Deck_by_l8\" dirpath=\"var/mondelli/storage/images/foto/panini/strane-foto/dawn_on_the_deck_by_l8/1454-1-ita-IT\" url=\"var/mondelli/storage/images/foto/panini/strane-foto/dawn_on_the_deck_by_l8/1454-1-ita-IT/Dawn_On_The_Deck_by_l8.jpg\" original_filename=\"Dawn_On_The_Deck_by_l8.jpg\" mime_type=\"image/jpeg\" width=\"1920\" height=\"1200\" alternative_text=\"\" alias_key=\"1293033771\" timestamp=\"1270903817\"><original attribute_id=\"1454\" attribute_version=\"1\" attribute_language=\"ita-IT\"/><information Height=\"1200\" Width=\"1920\" IsColor=\"1\" ByteOrderMotorola=\"1\" Thumbnail.FileType=\"2\" Thumbnail.MimeType=\"image/jpeg\"><array name=\"ifd0\"><item key=\"Orientation\" base64=\"1\">MQ==</item><item key=\"XResolution\" base64=\"1\">MTAwMDAwMC8xMDAwMA==</item><item key=\"YResolution\" base64=\"1\">MTAwMDAwMC8xMDAwMA==</item><item key=\"ResolutionUnit\" base64=\"1\">Mw==</item><item key=\"Software\" base64=\"1\">QWRvYmUgUGhvdG9zaG9wIENTMyBXaW5kb3dz</item><item key=\"DateTime\" base64=\"1\">MjAwODoxMjoxNyAwOToxNzoyNw==</item><item key=\"Exif_IFD_Pointer\" base64=\"1\">MTY0</item></array><array name=\"exif\"><item key=\"ColorSpace\" base64=\"1\">MQ==</item><item key=\"ExifImageWidth\" base64=\"1\">MTkyMA==</item><item key=\"ExifImageLength\" base64=\"1\">MTIwMA==</item></array></information><alias name=\"multiuploadthumbnail\" filename=\"Dawn_On_The_Deck_by_l8_multiuploadthumbnail.jpg\" suffix=\"jpg\" dirpath=\"var/mondelli/storage/images/foto/panini/strane-foto/dawn_on_the_deck_by_l8/1454-1-ita-IT\" url=\"var/mondelli/storage/images/foto/panini/strane-foto/dawn_on_the_deck_by_l8/1454-1-ita-IT/Dawn_On_The_Deck_by_l8_multiuploadthumbnail.jpg\" mime_type=\"image/jpeg\" width=\"100\" height=\"63\" alias_key=\"63312607\" timestamp=\"1270903817\" is_valid=\"1\"/><alias name=\"galleryfull\" filename=\"Dawn_On_The_Deck_by_l8_galleryfull.jpg\" suffix=\"jpg\" dirpath=\"var/mondelli/storage/images/foto/panini/strane-foto/dawn_on_the_deck_by_l8/1454-1-ita-IT\" url=\"var/mondelli/storage/images/foto/panini/strane-foto/dawn_on_the_deck_by_l8/1454-1-ita-IT/Dawn_On_The_Deck_by_l8_galleryfull.jpg\" mime_type=\"image/jpeg\" width=\"550\" height=\"344\" alias_key=\"499548835\" timestamp=\"1270903829\" is_valid=\"1\"/><alias name=\"gallerythumbnailsquare\" filename=\"Dawn_On_The_Deck_by_l8_gallerythumbnailsquare.jpg\" suffix=\"jpg\" dirpath=\"var/mondelli/storage/images/foto/panini/strane-foto/dawn_on_the_deck_by_l8/1454-1-ita-IT\" url=\"var/mondelli/storage/images/foto/panini/strane-foto/dawn_on_the_deck_by_l8/1454-1-ita-IT/Dawn_On_The_Deck_by_l8_gallerythumbnailsquare.jpg\" mime_type=\"image/jpeg\" width=\"75\" height=\"75\" alias_key=\"4228615722\" timestamp=\"1270903829\" is_valid=\"1\"/></ezimage>\n','ezimage',1454,'ita-IT',2,0,'',1),(0,275,272,0,NULL,'','ezkeyword',1455,'ita-IT',2,0,'',1),(0,272,273,0,NULL,'6533-2','ezstring',1456,'ita-IT',2,0,'6533-2',1),(0,273,273,0,1045487555,'<?xml version=\"1.0\" encoding=\"utf-8\"?>\n<section xmlns:image=\"http://ez.no/namespaces/ezpublish3/image/\" xmlns:xhtml=\"http://ez.no/namespaces/ezpublish3/xhtml/\" xmlns:custom=\"http://ez.no/namespaces/ezpublish3/custom/\"/>\n','ezxmltext',1457,'ita-IT',2,0,'',1),(0,274,273,0,NULL,'<?xml version=\"1.0\" encoding=\"utf-8\"?>\n<ezimage serial_number=\"1\" is_valid=\"1\" filename=\"6533-2.jpg\" suffix=\"jpg\" basename=\"6533-2\" dirpath=\"var/mondelli/storage/images/foto/panini/strane-foto/6533-2/1458-1-ita-IT\" url=\"var/mondelli/storage/images/foto/panini/strane-foto/6533-2/1458-1-ita-IT/6533-2.jpg\" original_filename=\"6533-2.jpg\" mime_type=\"image/jpeg\" width=\"1024\" height=\"768\" alternative_text=\"\" alias_key=\"1293033771\" timestamp=\"1270908459\"><original attribute_id=\"1458\" attribute_version=\"1\" attribute_language=\"ita-IT\"/><information Height=\"768\" Width=\"1024\" IsColor=\"1\"/><alias name=\"multiuploadthumbnail\" filename=\"6533-2_multiuploadthumbnail.jpg\" suffix=\"jpg\" dirpath=\"var/mondelli/storage/images/foto/panini/strane-foto/6533-2/1458-1-ita-IT\" url=\"var/mondelli/storage/images/foto/panini/strane-foto/6533-2/1458-1-ita-IT/6533-2_multiuploadthumbnail.jpg\" mime_type=\"image/jpeg\" width=\"100\" height=\"75\" alias_key=\"63312607\" timestamp=\"1270908459\" is_valid=\"1\"/><alias name=\"galleryfull\" filename=\"6533-2_galleryfull.jpg\" suffix=\"jpg\" dirpath=\"var/mondelli/storage/images/foto/panini/strane-foto/6533-2/1458-1-ita-IT\" url=\"var/mondelli/storage/images/foto/panini/strane-foto/6533-2/1458-1-ita-IT/6533-2_galleryfull.jpg\" mime_type=\"image/jpeg\" width=\"550\" height=\"413\" alias_key=\"499548835\" timestamp=\"1270908469\" is_valid=\"1\"/><alias name=\"gallerythumbnailsquare\" filename=\"6533-2_gallerythumbnailsquare.jpg\" suffix=\"jpg\" dirpath=\"var/mondelli/storage/images/foto/panini/strane-foto/6533-2/1458-1-ita-IT\" url=\"var/mondelli/storage/images/foto/panini/strane-foto/6533-2/1458-1-ita-IT/6533-2_gallerythumbnailsquare.jpg\" mime_type=\"image/jpeg\" width=\"75\" height=\"75\" alias_key=\"4228615722\" timestamp=\"1270908469\" is_valid=\"1\"/></ezimage>\n','ezimage',1458,'ita-IT',2,0,'',1),(0,275,273,0,NULL,'','ezkeyword',1459,'ita-IT',2,0,'',1),(0,272,274,0,NULL,'6964-Unwetterhimmel','ezstring',1460,'ita-IT',2,0,'6964-unwetterhimmel',1),(0,273,274,0,1045487555,'<?xml version=\"1.0\" encoding=\"utf-8\"?>\n<section xmlns:image=\"http://ez.no/namespaces/ezpublish3/image/\" xmlns:xhtml=\"http://ez.no/namespaces/ezpublish3/xhtml/\" xmlns:custom=\"http://ez.no/namespaces/ezpublish3/custom/\"/>\n','ezxmltext',1461,'ita-IT',2,0,'',1),(0,274,274,0,NULL,'<?xml version=\"1.0\" encoding=\"utf-8\"?>\n<ezimage serial_number=\"1\" is_valid=\"1\" filename=\"6964-Unwetterhimmel.jpg\" suffix=\"jpg\" basename=\"6964-Unwetterhimmel\" dirpath=\"var/mondelli/storage/images/foto/panini/strane-foto/6964-unwetterhimmel/1462-1-ita-IT\" url=\"var/mondelli/storage/images/foto/panini/strane-foto/6964-unwetterhimmel/1462-1-ita-IT/6964-Unwetterhimmel.jpg\" original_filename=\"6964-Unwetterhimmel.jpg\" mime_type=\"image/jpeg\" width=\"1024\" height=\"768\" alternative_text=\"\" alias_key=\"1293033771\" timestamp=\"1270908459\"><original attribute_id=\"1462\" attribute_version=\"1\" attribute_language=\"ita-IT\"/><information Height=\"768\" Width=\"1024\" IsColor=\"1\"/><alias name=\"multiuploadthumbnail\" filename=\"6964-Unwetterhimmel_multiuploadthumbnail.jpg\" suffix=\"jpg\" dirpath=\"var/mondelli/storage/images/foto/panini/strane-foto/6964-unwetterhimmel/1462-1-ita-IT\" url=\"var/mondelli/storage/images/foto/panini/strane-foto/6964-unwetterhimmel/1462-1-ita-IT/6964-Unwetterhimmel_multiuploadthumbnail.jpg\" mime_type=\"image/jpeg\" width=\"100\" height=\"75\" alias_key=\"63312607\" timestamp=\"1270908459\" is_valid=\"1\"/><alias name=\"galleryfull\" filename=\"6964-Unwetterhimmel_galleryfull.jpg\" suffix=\"jpg\" dirpath=\"var/mondelli/storage/images/foto/panini/strane-foto/6964-unwetterhimmel/1462-1-ita-IT\" url=\"var/mondelli/storage/images/foto/panini/strane-foto/6964-unwetterhimmel/1462-1-ita-IT/6964-Unwetterhimmel_galleryfull.jpg\" mime_type=\"image/jpeg\" width=\"550\" height=\"413\" alias_key=\"499548835\" timestamp=\"1270908469\" is_valid=\"1\"/><alias name=\"gallerythumbnailsquare\" filename=\"6964-Unwetterhimmel_gallerythumbnailsquare.jpg\" suffix=\"jpg\" dirpath=\"var/mondelli/storage/images/foto/panini/strane-foto/6964-unwetterhimmel/1462-1-ita-IT\" url=\"var/mondelli/storage/images/foto/panini/strane-foto/6964-unwetterhimmel/1462-1-ita-IT/6964-Unwetterhimmel_gallerythumbnailsquare.jpg\" mime_type=\"image/jpeg\" width=\"75\" height=\"75\" alias_key=\"4228615722\" timestamp=\"1270908469\" is_valid=\"1\"/></ezimage>\n','ezimage',1462,'ita-IT',2,0,'',1),(0,275,274,0,NULL,'','ezkeyword',1463,'ita-IT',2,0,'',1),(0,272,275,0,NULL,'6947-Midsommarblomma','ezstring',1464,'ita-IT',2,0,'6947-midsommarblomma',1),(0,273,275,0,1045487555,'<?xml version=\"1.0\" encoding=\"utf-8\"?>\n<section xmlns:image=\"http://ez.no/namespaces/ezpublish3/image/\" xmlns:xhtml=\"http://ez.no/namespaces/ezpublish3/xhtml/\" xmlns:custom=\"http://ez.no/namespaces/ezpublish3/custom/\"/>\n','ezxmltext',1465,'ita-IT',2,0,'',1),(0,274,275,0,NULL,'<?xml version=\"1.0\" encoding=\"utf-8\"?>\n<ezimage serial_number=\"1\" is_valid=\"1\" filename=\"6947-Midsommarblomma.jpg\" suffix=\"jpg\" basename=\"6947-Midsommarblomma\" dirpath=\"var/mondelli/storage/images/foto/panini/strane-foto/6947-midsommarblomma/1466-1-ita-IT\" url=\"var/mondelli/storage/images/foto/panini/strane-foto/6947-midsommarblomma/1466-1-ita-IT/6947-Midsommarblomma.jpg\" original_filename=\"6947-Midsommarblomma.jpg\" mime_type=\"image/jpeg\" width=\"1024\" height=\"768\" alternative_text=\"\" alias_key=\"1293033771\" timestamp=\"1270908460\"><original attribute_id=\"1466\" attribute_version=\"1\" attribute_language=\"ita-IT\"/><information Height=\"768\" Width=\"1024\" IsColor=\"1\" ByteOrderMotorola=\"1\" ApertureFNumber=\"f/2.8\" Thumbnail.FileType=\"2\" Thumbnail.MimeType=\"image/jpeg\"><array name=\"ifd0\"><item key=\"ImageDescription\" base64=\"1\">ICAgICAgICAgICA=</item><item key=\"Make\" base64=\"1\">TklLT04=</item><item key=\"Model\" base64=\"1\">RTIwMDA=</item><item key=\"Orientation\" base64=\"1\">MQ==</item><item key=\"XResolution\" base64=\"1\">MzAwLzE=</item><item key=\"YResolution\" base64=\"1\">MzAwLzE=</item><item key=\"ResolutionUnit\" base64=\"1\">Mg==</item><item key=\"Software\" base64=\"1\">RTIwMDB2MS40</item><item key=\"DateTime\" base64=\"1\">MjAwMzowNzowOCAxODo0NjozMg==</item><item key=\"YCbCrPositioning\" base64=\"1\">Mg==</item><item key=\"Exif_IFD_Pointer\" base64=\"1\">MjE2</item></array><array name=\"exif\"><item key=\"ExposureTime\" base64=\"1\">Mjk5Lzk0NTA=</item><item key=\"FNumber\" base64=\"1\">MjgwLzEwMA==</item><item key=\"ExposureProgram\" base64=\"1\">Mg==</item><item key=\"ISOSpeedRatings\" base64=\"1\">NzU=</item><item key=\"ExifVersion\" base64=\"1\">MDIyMA==</item><item key=\"DateTimeOriginal\" base64=\"1\">MjAwMzowNzowOCAxODo0NjozMg==</item><item key=\"DateTimeDigitized\" base64=\"1\">MjAwMzowNzowOCAxODo0NjozMg==</item><item key=\"ComponentsConfiguration\" base64=\"1\">AQIDAA==</item><item key=\"CompressedBitsPerPixel\" base64=\"1\">MjMvMTA=</item><item key=\"ExposureBiasValue\" base64=\"1\">MC8xMDA=</item><item key=\"MaxApertureValue\" base64=\"1\">MzAvMTA=</item><item key=\"MeteringMode\" base64=\"1\">NQ==</item><item key=\"LightSource\" base64=\"1\">MA==</item><item key=\"Flash\" base64=\"1\">MjQ=</item><item key=\"FocalLength\" base64=\"1\">NTgwLzEwMA==</item><item key=\"MakerNote\" base64=\"1\">Tmlrb24AAgAAAE1NACoAAAAIAA8AAQAHAAAABDAyMDAAAgADAAAAAgAAAAAAAwACAAAABgAAAMIABAACAAAABwAAAMgABQACAAAADQAAAM8ABgACAAAABwAAANwABwACAAAABwAAAOMACAACAAAACAAAAOoACgAFAAAAAQAAAPIADwACAAAABwAAAPoAEQAEAAAAAQAAAUgAFQAHAAAAIQAAAQEAgAACAAAADgAAASIAhgAFAAAAAQAAATAAjwACAAAAEAAAATgAAAAAQ09MT1IATk9STUFMAEFVVE8gICAgICAgIABBVVRPICAAQUYtQyAgAE5PUk1BTCAAAAAClwAAAGRBVVRPICAAhVNELACqAIYAEQDEAAAAAAAAAS3u7v8ABQg7XQDKAMUAQVVUTyAgICAgICAgIAAAAAZgAAAGYCAgICAgICAgICAgICAgIAAABwEDAAMAAAABAAYAAAEaAAUAAAABAAABogEbAAUAAAABAAABqgEoAAMAAAABAAIAAAIBAAQAAAABAAABsgICAAQAAAABAAAnSwITAAMAAAABAAIAAAAAAAAAAAEsAAAAAQAAASwAAAAB/9j/2wCEAAwGGBIMDB4YEgwkHhISKiQYEjAqHhg2MCQePDYqJDw8DAxgYBIMYGASEmBgYBJgYGBgYGBgYGBgYGBgYGBgYGABDAzAwBIMwMASEsDAwBLAwMDAwMDAwMDAwMDAwMDAwMAMDP//Egz//xIS////Ev/////////////////////////AABEIAPABQAMBIQACEQEDEQH/xAGiAAABBQEBAQEBAQAAAAAAAAAAAQIDBAUGBwgJCgsQAAIBAwMCBAMFBQQEAAABfQECAwAEEQUSITFBBhNRYQcicRQygZGhCCNCscEVUtHwJDNicoIJChYXGBkaJSYnKCkqNDU2Nzg5OkNERUZHSElKU1RVVldYWVpjZGVmZ2hpanN0dXZ3eHl6g4SFhoeIiYqSk5SVlpeYmZqio6Slpqeoqaqys7S1tre4ubrCw8TFxsfIycrS09TV1tfY2drh4uPk5ebn6Onq8fLz9PX29/j5+gEAAwEBAQEBAQEBAQAAAAAAAAECAwQFBgcICQoLEQACAQIEBAMEBwUEBAABAncAAQIDEQQFITEGEkFRB2FxEyIygQgUQpGhscEJIzNS8BVictEKFiQ04SXxFxgZGiYnKCkqNTY3ODk6Q0RFRkdISUpTVFVWV1hZWmNkZWZnaGlqc3R1dnd4eXqCg4SFhoeIiYqSk5SVlpeYmZqio6Slpqeoqaqys7S1tre4ubrCw8TFxsfIycrS09TV1tfY2dri4+Tl5ufo6ery8/T19vf4+fr/2gAMAwEAAhEDEQA/ALiMrLgCorv5V461rL3YadBbR06EFtkVOozXl1NZ6GPUtQR4GTUc/J4rr/5htSn8JEy1PbkgV51PVmSFdwO9KWGODXc/dh6muyGBjmrMRyK4OvqZjuKcXxwBXqZfvqdNIco3imMNprkzLWtp0Oer8Q+MqahuxjkVkvgD7I2J9oqC4k3moK+yMjGaV1qCHsNIqNxzzT2YkOjHpTnLoOKsoqwENL89O1koF4rVFbobpCLMvXmluISj5FNaoOg1hgUxcHiuWWkjLqS2qFmq+qAHkVpDVFR1LFyimPIrPCZ6UT+EJbE8CgjmmzqoHWpjsZmbLGCcg0KwXg1ZSLFtnNOm5rpq6RN5bEkQ4pY+Grnj8RCNCZ0WPA6mqsZHevUxWmH06msvhGzEVETivGWhz7MpXjEGmWzkmolq9RmxZrvFWAuwV1S0plvRBjNNcYpx91aFdCSI7RUchya5J+/U16/15GL1ZetUAXNVLzG7A6V6lXTDmj0iU5xxxVUg5rz0QtieHIFPyKlgtgao5BkVDEOsuDzU0+COlNAZFypaTii7iJXk10xKRXsS8De1aZm3Lz1oejK2RBJl6YiNnOK55asx6l6wyrc1qSruWqpjRSlcoME1WLYPFEtEN6ofE/rUUoLt14qUT1Kk6PHyOlULnJNa7bDjubwwGpXXIzXbiNZ6G0tWWLEA1V1EfP8AL0pP+B6D+yR9BUU7Ed64Z7GTJLYNIKe6laqOsRFWQBqXT48yU4/xNS+p1NnGAlR3oxX0GJ/3fQ3n8JU3Be9MDbjXzT0ZyMJCKbECxqOoFtiyJ1qmh3P1rSprDUUi2EG2qc4ANRHYuBDMwFQBuapCloywCGFKOBTAiJweDSAktWb0kC3LMceeaZd5HFbx2KZSlUGmRqKJbCkWUAUVbsCp4NYx3Mg1LanIqvaTsTirWktBrclvB5oz3qCNeOauWqLFZeOKSBsHnrUdAJ2ZWGCKpFVNaRJRIT82asbspjFenT+HXodH2RkRKikkIJrknrD1I6DJiMVWbmuEguWbbRjFSSAt2rahrL0/r1HHcoXAKN9ataecHNVX92enQb0ZtLMETk1l39xvPFetN3w2r/r8jb7JViLOauD5VrwamstDmluRRnLVdhKqMlv8/Tk0qX7yfuLf+t9EC1ehLP8AMnB4NV4Fwc1Nb3Je8tv631Qno9SSZiBVJssacCqe5FMKj4q1uKerHLxUy8ijqSREHNPiyp6USAsrJgYxUNw4c1pD4S+hCAKZN8oqZEFWRzTIZdrdamIyWWQy9TViy2g09mGxcuGVV4qk8npVMY+Bs1HN1oEwtTk80+5BB46Uo7giQJ81TvheK9er7sf6/wCHOmWgk2Nv1qjNwa8+exiyJzmnQDdWK1egI0dKUB+a1roIEwK9nCaUdTWHwmPdoWPSkiUrXjYnSZhPckmG4YqERBeSKiPvLToNbEsO0Ul0RipJ6lC4YjG1sZ6//r61PakpjByevX+v0r7LK17Klt8X9bao9Kj7sfUu2bjbgnr0/wA9eTU6MK8XPVy4jb4v69TkxWk/X+vUQ81Tucq3FeTTMEKscki5xUZjZetdEvdj6jBAc1YC4FZx+ESHRLntVmJFPUVD3DqJdRpis+RQpoluEtyFutJcDIoEV2UEVSlXa1XHYaLNihep5EZDQX0GXO4iq6cUCFDbTTlbzHxUdQZpRRcAjrUsmFGDW+xqVUfNSE5HFduL1joFXYD0qndHmvP3MUQITnmtHTMd66MN/E1Nae5NcHn5adaswPzV7S974FudC8jTtmiYYLjNOuUA5FY4xfudVt/XoZ1divGATTdQHy8Vz5frHUVL4TEmLKabExfr2rhhrifUzj8YncYHU8VasyIm3d15HXg+/fg19rT0j6HpLYW3Y7cduv49Ov0pxcjkD+f+eajFL29L3+n9baE1Pfjr0/ryLemSeZwy4xgf/rHv2qaVctnFfMYtfV577/1t7zOOp7n9f8OWoHVBio7llcUVdY6AtSGFMnirscfHNc+H9+f9f8Ayj8RFMBGaidsdKjF+5P8Ar/gjejK07EnrUEgLVxLVkMrXAK1XuG+XrW/QbIIpMDmmKQ7daqGxKLdo4jNTTSB6TNI7EkfzjFMmjPWoWhLIhEcZxTJYypyO1EQJ0kZf61cVlda3+yaR2KEy7elTQcCspmL2EJyaZIAaiJI3ZntUqDaK3joXHQs2P7xSOh/z0qJi0UoI52nP1/z2r67Lfewx6NLWBJPIJOi4x/nrT7B8uF80gMDn6+w5FdtT34+8t/630Zq9UWpAYcfvCQfX+h/nTLlvlrwcT/s1T3V8X9b+9I5n7r06mPddabFgDr15rzMD72NMYfxBCG8oNjg5Ix657npyKtTL5ZI3Z2jJOR+nbg9a+vjudoyE/IeM9vp9OnanKGlJ2qMDr/8AWHJrRbFIIgEkOeq5xj19zyPrW1MwMIJ6kA14ub60PQ56+sTHmkOajWQ5618rPRHG9EamiSfNg1s3cipHmvYyrVG1LVHLalcAydaZFMD3rkx3vVzCfxEsLBz1q2OK4NmQyO6XetY13G+fatVqhlaRCBTbdWX6U4jLUYz1qeIAVL0YFqFgKss4K1D1YCRspFNfFPYtla4UVFGdver6CloiwfmqG5OOBUz3MxIqJzQhk1qwC0IQWrv3jqWPbpz+FRnrx0r6/D+7S91f1+J6cNI6Aeegx6U0gN7EVsyyRSehYkjpyT+Rq7bZKDeOG+7/APXFcmN/e4fbb+vJGVTVFe+j5qgn3v8AZ7/5+lfP5Zpif8Jz0/iGpgyY7n/9fH1qa44TOODwP/rfTvX0sTqQlt93O72Pv36fWpbSQwBsICHx3/8AQTz+NUgCAALkj72Senv2/wB7rU1y5CAH04+n/wCrpXn5nrhfQzrfAZ9xUCkiviKp50jX0cjqTR4jmCRnDV9PlemFOml/DOMaUs3Wp7Z2Jrw62tYw6mvpjEda2I2yK55bkz3JoDTpQrfWktzMqXcORkVRddldm1MpDAR2oVWNc27AtwJgc06TgULc0WxWkDZ4qaAnvVFPcluBlaxrosGxQiHqzXmIUcVTc5NVPcGOU0p5oexIw/LSZINOO4IuSncOnIpE/X/PavvMP/BPXh8A5sufenY3KMHrwfr7/Wth7DJxxjHzLzn/AB+venKzNGOeByB/nnrUPcTJZ38yLOeQOf8APvWfYAyS7S2ByTnp/hz2rw8P+7xvr/Xmc8dJDoxiQn0GB7/061BdkHgd+P8AJ68dq9T7OpshynkDP3uP/wBf9alcGMYYc/19qqIMniwCN3Tv/wDW7daUgt/n/PbpXFmumE9TKvpAjkQmopkx2r4t6nnEMrmJeKwNSkknbGeK7qD5KWnX+vM0jsR2ERLc10FjCpHSueeshMvBAgpGbbUVCXqOtXyavwjPNZQ+Igfcyqgwaz5isvSu6X8Mt7FKQbWrSsQCKwRLLEg4qlIDuo6lR2FQqGwadKu7kUi+hVuZBHwaoyMrtkUR3J6l6U1GMVbAVKeCBUdBEMpyaaDmqp7jRcT7ozTkweRX3GC97Dnq0tYEsQDRlu4pYiBH93ODz9P/AK1dbKYmCTtHPP6/Xr0pbMfvNpb5Tkj6/wCyfcVjU0XoS9ireEozDPB4/r9elOtFBBznt+XOcng/7tea/wCP6/16GXUSYhU578/5/CqkuWO5h97leO3sP510dDToJFg/eOM9/T8PepbQbjk/dH3P8ccde1XHViLdrySNvJxg+n0HvV2NcV5Wd6UjlxOxJgYqnfD0r5tHGjB1RXPQVBp8TM3K1cNWXE02iCDpU1qQBU1dBSHSvmqc5JNQ9UCLVkK0S2xKlbkvcx7kmR/aprbjvWoPYknGabGWTpVrYRes2JHNRXLANWEtxlVxvPBq3FlV5p9C+hh6yu9+tRQqVHXmqQI0JzUG7FaTGKHqOR8DrWT0QiqZRnGakhfNEdCkbGnkTYHpUknD4HGK+wyr3sP6f16HfR1iOk3bshfrj+oqayCPG2Wxjn/9dewbENt8p4bHp1/Q+4qaL5XGexGevT6dOBXJW+EiWxHqSn7V7DB/yORzUgGEOO/H+fpXk/bOcoXgLMc/8C/wFK5D26oI/mUkk+v171vLQ0K0aZbJHA6f/Xq1bgSA/PgJjPTn6fQda6aOq33GXrZQvOMZ6ew9z9OtTqa+ZzT95iPT+vJnDX1l6Dww9aqXRG6vMqaLYwI50DLUmmKua0oeZrT3JdTQFeKxZFZTSrbiluTWoJ60SL81TAktKNq5qKVwRjNWIgbHWq6sQ1UMtwnd3q3EFA5oexLFZ1A4rH1ByX4rAqI2CQrV6NzItJFyKV2Gzk01TzXStECHucioGBqpgAGBUE4yKiXwiM9l5qzajFZ7IZdjfZ0PNX7BxMOW+YV62Uvkr6/b/rzOiho/UuwE9M9eD/8AWpZEO7cq5/vD1+nbjtX2G6OzqSoN3Tv09j/tL7GpnBYbgnyPwD7/AMvlrir7Ez2Fm5kz6gf5NRyDj6f5/TtXiR/inL1F1Hyz9xuT976/Xpx/DVLZjvwOv/1q65amglz0Hp/n7tLbBUI4yf4fr7mtoe9DR7/1sNbaD2dmJAHPT/J600E4+979v161thV7PZb/ANfDrEIaMGGCOff/AD9O9Rg4PPQf54roxH72l7y3/ryNJe9HUsg5GKmtxs5r4Or+7q+n9eZ5j92Q923VBIoJqHqiWPhQYqvcLh6uOsQRelUeVWDeD5uKpbDRGjcc1Tu22mr+yUFvLzWnCzOtOO2oDtpx1qEx7ua5pbiWgxkq1aoV7VC1kD1C9xjpVB67ZfCU9iPNSRHNTMEDn3qtfFlTKrk/56CktUNb6lO233C7lTPrRGWV8EcilLYqp7rHyBiavWClec81MNHp0JWhsWbIw+Z/nHQf4VagYr1GV9fT/eFfbYF+1ob7f1vod0PeiXAvy71OQPv47j2/3afEhXP1yPof/sqyxWwp7EH3pD6dBUcpGev0rwo/Gc63IH4GCcZ/zzVTdJuxjk/c/wDrr7CuqOr3OiHvdR0WWYhx8y8H6+596ddjYvI56120hv3WNvGSIgK27Hcc+n/AaZEzghtuB1X3/Dpwa74abDiSyFsc9Tz/APqHXmocNvwSMnnr/M/zrZ6otFzByPTH+c1Zi5618fmn++aHDW+MmKgConry6mhyvQIs+lV7w4bmtaXwlRLandDWNcD5q0ekRlO54qlccisFuMWwAzW1ZgYrTdEvYfcnaKLM5Fc8tyRD96rdqyg4NOI+pn6yRniswtk10TLeg2TipYPmHFEhkN0Shp9o2c+oFKO4LczdPcxykp07+/Pb+lbJ2T4/vHkV0P4TsnrEgvBspbbzHGEj/wA/WsKfvT0W/wDW+xydS7b28gbMkuD7Z/nxWraL5WB527PsP16CvpsvXsnrPf8Ar4tTrpe7v1NOzB/hHPf0P++v8qLhsZGOen9elGP935iqFNztHX/P04NR5VzwMH/P3R05rxqerM46kVypkctj/d64H06niqGobYxlmyeOn+PXpXStZam8PiH2EvlDKSAF/vfd4+nU8Co5fmbJfOf88Hmuunr1/r1Kl8Woig9FWnxjHXp/noelenS0KRK2X53ZP9Pr/KpbRCylv4F4P19un410oaNIhSox6VE/HSvi8x/3k82p8Y5SSKjY4615z1MGXdOKvVLxGuwZFdlL4Dpj8JVtHPlVl3Mnz8msp/CZMjmIYVnXJ54NYoZZ0sbjW5bgKtbrYljLgFqltxtWueW4kLjNVb8EDg804iW5hXMrZIY0acQz1ozXctYJq1py4PNavX5FE95FvPSqd+nkRkjvSWwo/Ec9YnDe5rW047zjHParltod/wBn0NhFXOWGWFW4gSOBwK+myxezh7y+L+vOIU9CXOevJ/z3q5FGExuwTXrvY1L0CKgz0PTggcf7R46ms3VG2vu39v8AOBXz2YbHLU1ZhTyCQ8M/4f17VJpwRM4Vi7dNxz7/AHeehry6RUNFsW9kkidQCOTgd/cc1HLAW6sSWHPHb2HB6V3w16G0fdXw/wBegyNWVdo6rz0/p0pkoO7JXBPXr+vU/SuqG3qD39RIw4bKuQenb/PPeltgFkHmElRk/j/u8L1rvhtuT8iaLPr9P89OlSxg4wD1/wA9OldMNiompEPkH0/zms+/fYa+Hx3+8anlT+MoSz7T1pjTb+lcuwi3psjRml1yRpV6VvDRHRHYo2rMqciqckbyyZHSspGLLkUDbeazb6JlfgVmtxFqzVkHStG23Gq2QmWQOKjlO2slqSNVuKiueVNVH4h9TltV/wBZUNs5ifNbbmi2Ogi5NTbtrVvLRjNW0YFOaqaxiWIj8qdfSGg5aHI4McnTof0rotIQRRgn7zfyrpy/95X9P68jsp6mlYlBu3kZ7f8A1qUN1weDX18dF6GwKXfpgZqcLu+/IT2HJ/Qcdab1Q0XLZUTnGMc//r603WI5HG8fdx/nI9+9eRjfh0MqnmZ8aO65VRnvTgDGvMQ3f56N7V4sdHsYdS5bkdwMH6/oelE0hjB2qcHgj2/2etdUPdHsyKBXdi5jwrfKoJ57nnqetMmwp+aMg/TP+LV6VHzNRlqYfNBYjHcHj8hwfpUt5EikkPleDHnjPXOT0+ld0fLqGxXgVpeAmSP8/KfamRP5MoYfwdR+nNamiNG1l8zJPfp/np0qO+QS18rm/wDvJ5+I0qFKS2DdqSOAJ2rynsZdSxEgqykQIpRNuhFLEB2qa1RV7VjV0ZhPRk4A9KrXMaselYLRklS6QIOlV43CVvvEY5ZAxp8oyM0gIhUcwJGKqIGFfxMZOlQzwtjpWqLNKOp4huNOWrK6FoblFNcE0p6r0JepnajEzyrtTIJw/wBK0jxwBwK9zJtzrw4uB6VLbcfjX0sTrJ15+vb/AOvViEqqZ/i7/wCeladCkT2x35LdRjyx/iOn0rQwWwCeG/w7V5uK1iYVSO1Ty39j0/z7Gm30YzkL06j3/wBk9Oa8Q5epn42D1Udf/svoetUbgXMCkofMjHPuB7r1oltp0/rc2eqLFlNlOeG6nj+a/XrUs8quuMc/57dee9d2F1QR3IAysOx/z3HWpIQv8Jx69f1X7teuveRqiexWMSAu5AHQj+vb61X15VeTco4/n/vVM99FsJ7+glkvy8HpV6Dgc18hi/3lf0/ryPPq+9MeTTZBmuNmfUYABU8DACmtGbdBSQaanWpl7z/r/gGUtWK9NxXLLRkMjuF3CsbUEC1cdRoox/I1akBDpTKZXujsplm+41p0DoWCoY5pJlULWyEYZJBrS0wjvUP4iy9lT0qRADUmYTAKue9VnBK5H417+SbnZhQiHy59OKlUjGPT/PNfTI7hwYLU1spkbluT+Xr9eO9UUtizb9evStC1PmSjB4X5fx+nTpXJifhMqmw5up9V/wATUs23YWJ4A5HqP9k+3avGXxHL1MuceW5P5+4//V0qW12Fcg8H7w/w78VT0ZRn6zbwk7oiVc9fr7r069azDvThyOOnX9V6c1y1v9nqe79r+t/eZL9169RykMOacDsOVfn0/wDr16NB3j70v69djaGpOkrMPugHvz/SnSBperVljHeHudf622CptoWbQbBRdNivAf5nK9xbZs96kY1lIynoytKxBoDe9cs9zIRX96t2rUQ0YyXOad2qZasRm6nL5Vc9ezl3xVwKiL95c0+0kKHBrQou3fzx5qjbHYa2qe7EbL8DjFV9TkwvBqY6kdSlLz2pybgOKuW5oaenKzcmp7phEKUiXqUJpTUunkzA7W5FeplHu1v8X9eZ04bR+pJPwwwevX61IuB719TDzO1FrTFExIA5HI+ntUt38snt/npWg+opOwVZtG2L79fx/wD11FXVCkSI4M2PoDV4kFcY6/54rzJ+7I53uZ042qQRwv3T7fXn7naqgOztwOvuPrz+FVLVFMsOBM37lcj/AD976Vna0itFuT76cSD/AOt7Uq/7zD/1/wABCnrExy2xaz5pWLcV8v8ADLXocsdGRpNIjcjit7Spi4HFTuy1qzbtjuFR3Yz2rVfCUQxgrT0PNck9zmnqNuRmqkpxXPUMghOauQ8VgIsxGp05FUgRk6+uRXLXS4aumHwmkSa3fAxVhV381e6KLErbUxVBjk0qusPQb2LtgNwpmoLSo6ogXS0LLk9utW5EHau6Gq1NVqizAwjjrHv3MkmKxfxEdSJ+lRWbPDMGU/X6e9VT9ypp0/rzLjozemZX528/56U+3IH8Oe3+e9fb0Peh6norVD4co2VbB/z3qzGwWRWc5APzf/q68V0dCuhLesJmGxx5a8/U+3fiiMqWO704qSehXLYfP+f84rSjk+UH0FedS/eR9P68jKGqEl3Mm7t+H8unT7tUgMnA5/u+/wDujk/Ma6TUmsvMt1DrjZIdrD/HoOKlZDKSw+8vEnv9Og6UR0foZHLa9G0MuNvytyv+fY1RhQ91r5LMPcxGnX+vM5J6SHmLeeBWhp8flnkVwx3JibELKg61YjIcVotGS9yOQc00YFYVNzNkc7YFZ1wctWU/hAltgalcsB0rGOpIyJyDV+1fNaMZX1nDL1rnrhc1tHSJUSuFAarqHYtNFjJW3iqkpC96zkIt+G3Dk5PSpNVbDVrDQC7bAwcgdPvf/WqebBUMD8rfof8Aaruhoax2K1yCY+Oo4NZeMHmsJ7iluQztg06A561EdWSjYU4HTipkIxX2+E/gnpw+EA65xnmpFxKOvHf/APVXWWieD0HQf56USHggNz3rGv7lL0/rzInsRr86nngcn/8AVVqw5U5b7oH+R9O9ceA1p6dTGGxJA7eUB/D/AF+n16U6x5lCkfe5jODwe4B4rvfwm7+EswurjyJD0yueOg6Vds41VMKOBwPp9eeg6VzS0+ZzvT5mN4qUNjPUdP8APXkVnxopFYTXtJa9f68hbmhpkcfcVHraqg+WvGxK5ZaGUtEYbu2a1NKbjk15Evi9DnlsX35FU+d1ZVNjISYZpiIDWX2S18JahAQc0SlDRDRkoiCKx4p4THSq3YFHUNwqjJ92tCkZtwwjfk0y8mBXg11YbU2hsNs2yvNQX2XbANc09JkdQtS1ryO/WnxuZmyae/yK6HRRyMjYZckU+2cgkbco3P8AkV1r3J6r+vxNoFtlWQZX6GsbVIzGSQOKitrt1FMxJDukpbl/LHBqafwmZp6FcLMAjn5h92tZwCwA79K+qy73qPp/Xkjuo/CT20flNkpyvP8A+uki/wBYffk13bMt7jLqbygVQ9etV9Mb94cnrXz+avmn7v2f628jnqavToTrkOV7H/PNSk4HPauzKNYa9B0ti1Zn93jHzAknPp9OvB61NA5XGDyPu9P/AB7vyOle2tYnR0IrkAkEPljy3Xg+/wCPWrugOwlC/wAJPP16cfWs5awJfwieJxkj1Gf6da59GKnHpXm4v93T0/r8znl7sS1bOR3qaU7xyawofvF739fkOOq1M25j5yKLVipxXg4v3a2nX+vU5Z7mtakkc0964auxgylettFQ2EoLYrCOw47Gg/zrxVSVWq4iGIxjPNWI5Qe9W/IZBqDqRWVM4xVLRDRhasSzcVBbKSea6KeiNVsX8bV4qO25bmip8Ih1/wAjFFmuBXNHYXQ6GIKxySQ1OPByWGRXqS1er3OiOhPbMCevNPuyCuGHWuSp5BM5LUUKXR29DyKhul3VcdiCGNCO9TxyTQnKzHjpW1P93L3X/X4lLR6GraXd1MMGX26D+dXICy8luavEv2kNX/X4MJakk4E68ffH61DZ5Vhnr0rzl8RP2vU0rkgYPr1pbVkCsHON2Nv6969/Jv4nqbUtyxakeYfcH/OOnWlJMZBH1X/63bg19LHSJ1LYjkLF8nkucn6/T61v6OnkR7nHzNj8B/nrWdTSPqKekfUpa6cyfT/PIrkLl8ykD1ryMz0w3qctXSBoWWcVJIcd6+ej7uxy7EMsgAosMO1VV95DlqjXTAFQXUgQda8+erMGYuoShj1qtbkhsg0omi2NvT3yOTWimGFPZkPcpaouBWM5YHito7FR2EkLEc1TucgVTKKMmO9OhxVRL6GharuXmpPLA7U57EEEiZartogYVzQ+IDbsYhInzD/PtVPVIjD0PFe21z4fTp/XkjqXwGXIXQ5FKJmIw3SvHWktSBkjo+MjpTJEEnKPXXHWOhb1jp/X6EbKU6rVW5ApPQxegtkwRq045Aw61hLURZhKqM7+T0qafDR7h94df/rVqtI+p0x+AdeZeHjqOaZZHcFz9DXoZb7uI/xChpP1NCIYOfy/+tWjNFHEcy3HHYY5/LkV9W/djtudT0RCzhOIk2g8Z7n/AIH1qKGWWJv9YT65J/8A19Kl67i33EvW/dsxbnr/AJP8q5e2zuyep5NeTnH8LQxxGkTTtm4qO9faOtfNs4upmqxdq0NNO01l1A05ZAFrE1R2boaU9iEZfzFq0rIHFRHcsvR5Wr1k5HWtJbEyLU2JFqhIgU0QJRTviq1nTMHHFa9CzKvMg9KjtWIbnpRHYtbG1ayKB1q/CfMHFZS3JZG4OelWrD5ahaSEdXYquOO9VNWQOpFfWR93DHdtA5vUVwpA61nGJ2FeB8TOd6orXcbotRQeYpqNhLQvJIwHIqOVo3+8uKb8zT4tyNohIMxyf5/nT7KOSM/MOKmWxMtEWrggdR06U7TZkmO3GMcUR/h+h0UdImlEcZHY8VTRhG/PSnR9yr/h/rzMp6TN7SWCEP1C/wCePpUbnc2c8n/PNfcUvep+v9eR1x1Q24O3vz1FUL2RxziuPGv2C23/AK31RnV93p/X4mdPJJNwzfKO3+eadCK+crv29XX+vnozkl77/r/gE2Qoqlcku1clTRmbHQrtqeOshDnJx1qvLzRLVASQKD2qxEAppQ0YE0pAFR7iOlbVBskhkYVFeSEisVoSZ0hMlV4vlfBqkNFmWNZBVZrYtyK02QLQZawusmD0rprFAkfSh6oGRTjmoycVhIlGtJNsI2mrDSGRc+te3HVHZujIvCC9XbRVZPeuSXuS/r/gkLczdZxnAqAoNmcVD1M5mZOwU4pqDf1rPeRJPCoToam3lO9N7FLQbLMh4Zc0QRxH5k471lt8yt9i7ESnOenWkugG5HQ0Fv4NSK1la3bhvl7j/OauR3EI5Z+vOMH9P4a9nLH7L+JL+vxZVHRasomdp5M447fT3/rU4beOa4sY/bV9P6/JmNT3pEbKM00gg1yw0foQtCO4yBzVBWw9TPVjNKA7lp61IhVGacy8VQhI+DV+FAwqOomQ3C4NNRc0+oDmXioZVyKfQCsVwahljZuRSQC2hZX2kV0umoNnIpT0iKWw6WJd2cVNKuEp0vh1EtjHu8hsYqtcBuwqZ7jRacYbrU5bavFfR0/donftTK8uJPrRAzIcZryqnvSMUPnAIyaqyNkYrBkTMW7XMnSrVrGe9IjoNvVcdKzb92Qc046sEN0vMrc10dku1axraSHLcmfbUbfL06GrjrHToXDVGTqWY256HpUSKzjK846//qrLdk9SxYgg1fhHHvWlPYuPw+hKgxUq7e9dUNIakLYoapyOKoxRnIJ71yP4iUaVsuBVgLxVoQ08dKceRTAYg5q3ExUVm9xMrTMS1T25BoQuhaGMUyPDGq2QiYRBu1SRxAdqxYiB4VEmcVpwgKlKWqBkMxwaWNgetZ7IkqyAM+cU/aPSrQzM1BsVUdzivYq/wzslsMt5CWq8MEVwkRJgCyY/KqEowcVLFLUdbxhjmrgQKOlD2MyregAVz2or5re1TDSRUdyTTU8o1sxNxUVtZhIjnOakj4XmlDQFoQ3AWZcH/wDV9KrabG0cmD+FPqW/I2mj+Xdj61Vk+U5A4rpXwmv2PUhd+wpiFnPFKprHQwkTGMt1NBGG6cCs47AtvUkDAUO4IwKvoSOt1zzU7jApoRRumCGrunnzFqPtAPuUqqcpTYIlSTiord/3tJ/CB0ulYcc1YugO1ZR1iQUpxRE1Ykle6NMgPND2GPPWpl6VUQMM4k61XuEPau+Z0y20GQjFW4uRWS3MyzbsBwagvh3FJ7l9B9o2BUsrin0MmULs7hWdLwelLqUhUB9KnjzWVXcGK+RTWY4xUx1EJbKQ2auxYz7V2T92kbfZNfT8MmKrX6YyPXkU4awNoaoywtWLRdvbmuVfEcr+Ivwr7cmi4QY9612HPRGBq+5DxRo/zDJpok14SBTpDkVQjA107TV/w2+4daj7Q+htzEbazrgjNUyURACo12h81nL4Sjd0p1x1rRyG71zvQzYhGahdcUiSnecVWQ4oewyeE5p8jYFaLRAYb8Hg1NbE963N47EhVWNIQU4oEyGUlTU8R81aW4IWEYqC8+Wn0JKitk80sg3dKkBYhinYwaU9UBIozUNyMVMNAHREIOas22G5U/X/APVXfP3qR0bwNPSiIScjIPSm6o6lRg81hT0RrS+IpkA9Px/+tVobU/h+tS9yZ6SB5BGOR8zcLViFfl5OWPX/AOtUvY556L1M3Uow5qrbx+WajYzRZXig5xwK1jqMyNThkmbPanaSv2duWqZbldDZ3gr1rN1Bwp61MySDzAR1qOVie9Q9hsLeWSM8c1qWc8h6ikhGtZysavxHcKnYzZV1AZFZwBzUyBE8IxTmOK0Qz//ZAA==</item><item key=\"FlashPixVersion\" base64=\"1\">MDEwMA==</item><item key=\"ColorSpace\" base64=\"1\">MQ==</item><item key=\"ExifImageWidth\" base64=\"1\">MTAyNA==</item><item key=\"ExifImageLength\" base64=\"1\">NzY4</item><item key=\"InteroperabilityOffset\" base64=\"1\">MTEyMzA=</item><item key=\"FileSource\" base64=\"1\">Aw==</item><item key=\"SceneType\" base64=\"1\">AQ==</item><item key=\"CustomRendered\" base64=\"1\">MA==</item><item key=\"ExposureMode\" base64=\"1\">MA==</item><item key=\"WhiteBalance\" base64=\"1\">MA==</item><item key=\"DigitalZoomRatio\" base64=\"1\">MS8w</item><item key=\"FocalLengthIn35mmFilm\" base64=\"1\">Mzg=</item><item key=\"SceneCaptureType\" base64=\"1\">MA==</item><item key=\"GainControl\" base64=\"1\">MA==</item><item key=\"Contrast\" base64=\"1\">MA==</item><item key=\"Saturation\" base64=\"1\">MA==</item><item key=\"Sharpness\" base64=\"1\">MA==</item><item key=\"SubjectDistanceRange\" base64=\"1\">MQ==</item></array></information><alias name=\"multiuploadthumbnail\" filename=\"6947-Midsommarblomma_multiuploadthumbnail.jpg\" suffix=\"jpg\" dirpath=\"var/mondelli/storage/images/foto/panini/strane-foto/6947-midsommarblomma/1466-1-ita-IT\" url=\"var/mondelli/storage/images/foto/panini/strane-foto/6947-midsommarblomma/1466-1-ita-IT/6947-Midsommarblomma_multiuploadthumbnail.jpg\" mime_type=\"image/jpeg\" width=\"100\" height=\"75\" alias_key=\"63312607\" timestamp=\"1270908460\" is_valid=\"1\"/><alias name=\"galleryfull\" filename=\"6947-Midsommarblomma_galleryfull.jpg\" suffix=\"jpg\" dirpath=\"var/mondelli/storage/images/foto/panini/strane-foto/6947-midsommarblomma/1466-1-ita-IT\" url=\"var/mondelli/storage/images/foto/panini/strane-foto/6947-midsommarblomma/1466-1-ita-IT/6947-Midsommarblomma_galleryfull.jpg\" mime_type=\"image/jpeg\" width=\"550\" height=\"413\" alias_key=\"499548835\" timestamp=\"1270908470\" is_valid=\"1\"/><alias name=\"gallerythumbnailsquare\" filename=\"6947-Midsommarblomma_gallerythumbnailsquare.jpg\" suffix=\"jpg\" dirpath=\"var/mondelli/storage/images/foto/panini/strane-foto/6947-midsommarblomma/1466-1-ita-IT\" url=\"var/mondelli/storage/images/foto/panini/strane-foto/6947-midsommarblomma/1466-1-ita-IT/6947-Midsommarblomma_gallerythumbnailsquare.jpg\" mime_type=\"image/jpeg\" width=\"75\" height=\"75\" alias_key=\"4228615722\" timestamp=\"1270908470\" is_valid=\"1\"/></ezimage>\n','ezimage',1466,'ita-IT',2,0,'',1),(0,275,275,0,NULL,'','ezkeyword',1467,'ita-IT',2,0,'',1),(0,272,276,0,NULL,'7007-Renfana','ezstring',1468,'ita-IT',2,0,'7007-renfana',1),(0,273,276,0,1045487555,'<?xml version=\"1.0\" encoding=\"utf-8\"?>\n<section xmlns:image=\"http://ez.no/namespaces/ezpublish3/image/\" xmlns:xhtml=\"http://ez.no/namespaces/ezpublish3/xhtml/\" xmlns:custom=\"http://ez.no/namespaces/ezpublish3/custom/\"/>\n','ezxmltext',1469,'ita-IT',2,0,'',1),(0,274,276,0,NULL,'<?xml version=\"1.0\" encoding=\"utf-8\"?>\n<ezimage serial_number=\"1\" is_valid=\"1\" filename=\"7007-Renfana.jpg\" suffix=\"jpg\" basename=\"7007-Renfana\" dirpath=\"var/mondelli/storage/images/foto/panini/strane-foto/7007-renfana/1470-1-ita-IT\" url=\"var/mondelli/storage/images/foto/panini/strane-foto/7007-renfana/1470-1-ita-IT/7007-Renfana.jpg\" original_filename=\"7007-Renfana.jpg\" mime_type=\"image/jpeg\" width=\"1024\" height=\"768\" alternative_text=\"\" alias_key=\"1293033771\" timestamp=\"1270908460\"><original attribute_id=\"1470\" attribute_version=\"1\" attribute_language=\"ita-IT\"/><information Height=\"768\" Width=\"1024\" IsColor=\"1\"/><alias name=\"multiuploadthumbnail\" filename=\"7007-Renfana_multiuploadthumbnail.jpg\" suffix=\"jpg\" dirpath=\"var/mondelli/storage/images/foto/panini/strane-foto/7007-renfana/1470-1-ita-IT\" url=\"var/mondelli/storage/images/foto/panini/strane-foto/7007-renfana/1470-1-ita-IT/7007-Renfana_multiuploadthumbnail.jpg\" mime_type=\"image/jpeg\" width=\"100\" height=\"75\" alias_key=\"63312607\" timestamp=\"1270908461\" is_valid=\"1\"/><alias name=\"galleryfull\" filename=\"7007-Renfana_galleryfull.jpg\" suffix=\"jpg\" dirpath=\"var/mondelli/storage/images/foto/panini/strane-foto/7007-renfana/1470-1-ita-IT\" url=\"var/mondelli/storage/images/foto/panini/strane-foto/7007-renfana/1470-1-ita-IT/7007-Renfana_galleryfull.jpg\" mime_type=\"image/jpeg\" width=\"550\" height=\"413\" alias_key=\"499548835\" timestamp=\"1270908470\" is_valid=\"1\"/><alias name=\"gallerythumbnailsquare\" filename=\"7007-Renfana_gallerythumbnailsquare.jpg\" suffix=\"jpg\" dirpath=\"var/mondelli/storage/images/foto/panini/strane-foto/7007-renfana/1470-1-ita-IT\" url=\"var/mondelli/storage/images/foto/panini/strane-foto/7007-renfana/1470-1-ita-IT/7007-Renfana_gallerythumbnailsquare.jpg\" mime_type=\"image/jpeg\" width=\"75\" height=\"75\" alias_key=\"4228615722\" timestamp=\"1270908470\" is_valid=\"1\"/></ezimage>\n','ezimage',1470,'ita-IT',2,0,'',1),(0,275,276,0,NULL,'','ezkeyword',1471,'ita-IT',2,0,'',1),(0,272,277,0,NULL,'4561-Misato','ezstring',1472,'ita-IT',2,0,'4561-misato',1),(0,273,277,0,1045487555,'<?xml version=\"1.0\" encoding=\"utf-8\"?>\n<section xmlns:image=\"http://ez.no/namespaces/ezpublish3/image/\" xmlns:xhtml=\"http://ez.no/namespaces/ezpublish3/xhtml/\" xmlns:custom=\"http://ez.no/namespaces/ezpublish3/custom/\"/>\n','ezxmltext',1473,'ita-IT',2,0,'',1),(0,274,277,0,NULL,'<?xml version=\"1.0\" encoding=\"utf-8\"?>\n<ezimage serial_number=\"1\" is_valid=\"1\" filename=\"4561-Misato.jpg\" suffix=\"jpg\" basename=\"4561-Misato\" dirpath=\"var/mondelli/storage/images/foto/panini/strane-foto/4561-misato/1474-1-ita-IT\" url=\"var/mondelli/storage/images/foto/panini/strane-foto/4561-misato/1474-1-ita-IT/4561-Misato.jpg\" original_filename=\"4561-Misato.jpg\" mime_type=\"image/jpeg\" width=\"1024\" height=\"768\" alternative_text=\"\" alias_key=\"1293033771\" timestamp=\"1270908461\"><original attribute_id=\"1474\" attribute_version=\"1\" attribute_language=\"ita-IT\"/><information Height=\"768\" Width=\"1024\" IsColor=\"1\"/><alias name=\"multiuploadthumbnail\" filename=\"4561-Misato_multiuploadthumbnail.jpg\" suffix=\"jpg\" dirpath=\"var/mondelli/storage/images/foto/panini/strane-foto/4561-misato/1474-1-ita-IT\" url=\"var/mondelli/storage/images/foto/panini/strane-foto/4561-misato/1474-1-ita-IT/4561-Misato_multiuploadthumbnail.jpg\" mime_type=\"image/jpeg\" width=\"100\" height=\"75\" alias_key=\"63312607\" timestamp=\"1270908461\" is_valid=\"1\"/><alias name=\"galleryfull\" filename=\"4561-Misato_galleryfull.jpg\" suffix=\"jpg\" dirpath=\"var/mondelli/storage/images/foto/panini/strane-foto/4561-misato/1474-1-ita-IT\" url=\"var/mondelli/storage/images/foto/panini/strane-foto/4561-misato/1474-1-ita-IT/4561-Misato_galleryfull.jpg\" mime_type=\"image/jpeg\" width=\"550\" height=\"413\" alias_key=\"499548835\" timestamp=\"1270908470\" is_valid=\"1\"/><alias name=\"gallerythumbnailsquare\" filename=\"4561-Misato_gallerythumbnailsquare.jpg\" suffix=\"jpg\" dirpath=\"var/mondelli/storage/images/foto/panini/strane-foto/4561-misato/1474-1-ita-IT\" url=\"var/mondelli/storage/images/foto/panini/strane-foto/4561-misato/1474-1-ita-IT/4561-Misato_gallerythumbnailsquare.jpg\" mime_type=\"image/jpeg\" width=\"75\" height=\"75\" alias_key=\"4228615722\" timestamp=\"1270908470\" is_valid=\"1\"/><alias name=\"imagelarge\" filename=\"4561-Misato_imagelarge.jpg\" suffix=\"jpg\" dirpath=\"var/mondelli/storage/images/foto/panini/strane-foto/4561-misato/1474-1-ita-IT\" url=\"var/mondelli/storage/images/foto/panini/strane-foto/4561-misato/1474-1-ita-IT/4561-Misato_imagelarge.jpg\" mime_type=\"image/jpeg\" width=\"448\" height=\"336\" alias_key=\"2602985738\" timestamp=\"1270909301\" is_valid=\"1\"/></ezimage>\n','ezimage',1474,'ita-IT',2,0,'',1),(0,275,277,0,NULL,'','ezkeyword',1475,'ita-IT',2,0,'',1),(0,272,278,0,NULL,'7000-Gulvial','ezstring',1476,'ita-IT',2,0,'7000-gulvial',1),(0,273,278,0,1045487555,'<?xml version=\"1.0\" encoding=\"utf-8\"?>\n<section xmlns:image=\"http://ez.no/namespaces/ezpublish3/image/\" xmlns:xhtml=\"http://ez.no/namespaces/ezpublish3/xhtml/\" xmlns:custom=\"http://ez.no/namespaces/ezpublish3/custom/\"/>\n','ezxmltext',1477,'ita-IT',2,0,'',1),(0,274,278,0,NULL,'<?xml version=\"1.0\" encoding=\"utf-8\"?>\n<ezimage serial_number=\"1\" is_valid=\"1\" filename=\"7000-Gulvial.jpg\" suffix=\"jpg\" basename=\"7000-Gulvial\" dirpath=\"var/mondelli/storage/images/foto/panini/strane-foto/7000-gulvial/1478-1-ita-IT\" url=\"var/mondelli/storage/images/foto/panini/strane-foto/7000-gulvial/1478-1-ita-IT/7000-Gulvial.jpg\" original_filename=\"7000-Gulvial.jpg\" mime_type=\"image/jpeg\" width=\"1024\" height=\"768\" alternative_text=\"\" alias_key=\"1293033771\" timestamp=\"1270908461\"><original attribute_id=\"1478\" attribute_version=\"1\" attribute_language=\"ita-IT\"/><information Height=\"768\" Width=\"1024\" IsColor=\"1\"/><alias name=\"multiuploadthumbnail\" filename=\"7000-Gulvial_multiuploadthumbnail.jpg\" suffix=\"jpg\" dirpath=\"var/mondelli/storage/images/foto/panini/strane-foto/7000-gulvial/1478-1-ita-IT\" url=\"var/mondelli/storage/images/foto/panini/strane-foto/7000-gulvial/1478-1-ita-IT/7000-Gulvial_multiuploadthumbnail.jpg\" mime_type=\"image/jpeg\" width=\"100\" height=\"75\" alias_key=\"63312607\" timestamp=\"1270908462\" is_valid=\"1\"/><alias name=\"galleryfull\" filename=\"7000-Gulvial_galleryfull.jpg\" suffix=\"jpg\" dirpath=\"var/mondelli/storage/images/foto/panini/strane-foto/7000-gulvial/1478-1-ita-IT\" url=\"var/mondelli/storage/images/foto/panini/strane-foto/7000-gulvial/1478-1-ita-IT/7000-Gulvial_galleryfull.jpg\" mime_type=\"image/jpeg\" width=\"550\" height=\"413\" alias_key=\"499548835\" timestamp=\"1270908471\" is_valid=\"1\"/><alias name=\"gallerythumbnailsquare\" filename=\"7000-Gulvial_gallerythumbnailsquare.jpg\" suffix=\"jpg\" dirpath=\"var/mondelli/storage/images/foto/panini/strane-foto/7000-gulvial/1478-1-ita-IT\" url=\"var/mondelli/storage/images/foto/panini/strane-foto/7000-gulvial/1478-1-ita-IT/7000-Gulvial_gallerythumbnailsquare.jpg\" mime_type=\"image/jpeg\" width=\"75\" height=\"75\" alias_key=\"4228615722\" timestamp=\"1270908471\" is_valid=\"1\"/></ezimage>\n','ezimage',1478,'ita-IT',2,0,'',1),(0,275,278,0,NULL,'','ezkeyword',1479,'ita-IT',2,0,'',1),(0,272,279,0,NULL,'5913-Kitsh_sunset','ezstring',1480,'ita-IT',2,0,'5913-kitsh_sunset',1),(0,273,279,0,1045487555,'<?xml version=\"1.0\" encoding=\"utf-8\"?>\n<section xmlns:image=\"http://ez.no/namespaces/ezpublish3/image/\" xmlns:xhtml=\"http://ez.no/namespaces/ezpublish3/xhtml/\" xmlns:custom=\"http://ez.no/namespaces/ezpublish3/custom/\"/>\n','ezxmltext',1481,'ita-IT',2,0,'',1),(0,274,279,0,NULL,'<?xml version=\"1.0\" encoding=\"utf-8\"?>\n<ezimage serial_number=\"1\" is_valid=\"1\" filename=\"5913-Kitsh_sunset.jpg\" suffix=\"jpg\" basename=\"5913-Kitsh_sunset\" dirpath=\"var/mondelli/storage/images/foto/panini/strane-foto/5913-kitsh_sunset/1482-1-ita-IT\" url=\"var/mondelli/storage/images/foto/panini/strane-foto/5913-kitsh_sunset/1482-1-ita-IT/5913-Kitsh_sunset.jpg\" original_filename=\"5913-Kitsh_sunset.jpg\" mime_type=\"image/jpeg\" width=\"1280\" height=\"1024\" alternative_text=\"\" alias_key=\"1293033771\" timestamp=\"1270908462\"><original attribute_id=\"1482\" attribute_version=\"1\" attribute_language=\"ita-IT\"/><information Height=\"1024\" Width=\"1280\" IsColor=\"1\"/><alias name=\"multiuploadthumbnail\" filename=\"5913-Kitsh_sunset_multiuploadthumbnail.jpg\" suffix=\"jpg\" dirpath=\"var/mondelli/storage/images/foto/panini/strane-foto/5913-kitsh_sunset/1482-1-ita-IT\" url=\"var/mondelli/storage/images/foto/panini/strane-foto/5913-kitsh_sunset/1482-1-ita-IT/5913-Kitsh_sunset_multiuploadthumbnail.jpg\" mime_type=\"image/jpeg\" width=\"100\" height=\"80\" alias_key=\"63312607\" timestamp=\"1270908462\" is_valid=\"1\"/><alias name=\"galleryfull\" filename=\"5913-Kitsh_sunset_galleryfull.jpg\" suffix=\"jpg\" dirpath=\"var/mondelli/storage/images/foto/panini/strane-foto/5913-kitsh_sunset/1482-1-ita-IT\" url=\"var/mondelli/storage/images/foto/panini/strane-foto/5913-kitsh_sunset/1482-1-ita-IT/5913-Kitsh_sunset_galleryfull.jpg\" mime_type=\"image/jpeg\" width=\"550\" height=\"440\" alias_key=\"499548835\" timestamp=\"1270908471\" is_valid=\"1\"/><alias name=\"gallerythumbnailsquare\" filename=\"5913-Kitsh_sunset_gallerythumbnailsquare.jpg\" suffix=\"jpg\" dirpath=\"var/mondelli/storage/images/foto/panini/strane-foto/5913-kitsh_sunset/1482-1-ita-IT\" url=\"var/mondelli/storage/images/foto/panini/strane-foto/5913-kitsh_sunset/1482-1-ita-IT/5913-Kitsh_sunset_gallerythumbnailsquare.jpg\" mime_type=\"image/jpeg\" width=\"75\" height=\"75\" alias_key=\"4228615722\" timestamp=\"1270908471\" is_valid=\"1\"/></ezimage>\n','ezimage',1482,'ita-IT',2,0,'',1),(0,275,279,0,NULL,'','ezkeyword',1483,'ita-IT',2,0,'',1),(0,369,74,0,NULL,'','ezcomcomments',1484,'ita-IT',2,0,'',1),(0,369,145,0,NULL,'','ezcomcomments',1485,'ita-IT',2,0,'',1),(0,369,145,0,NULL,'','ezcomcomments',1486,'ita-IT',2,0,'',2),(0,369,146,0,NULL,'','ezcomcomments',1487,'ita-IT',2,0,'',1),(0,369,147,0,NULL,'','ezcomcomments',1488,'ita-IT',2,0,'',1),(0,369,147,0,NULL,'','ezcomcomments',1489,'ita-IT',2,0,'',2),(0,369,166,0,NULL,'','ezcomcomments',1490,'ita-IT',2,0,'',1),(0,369,267,0,NULL,'','ezcomcomments',1491,'ita-IT',2,0,'',1),(0,369,267,0,NULL,'','ezcomcomments',1492,'ita-IT',2,0,'',2),(0,369,267,1,1,'','ezcomcomments',1492,'ita-IT',2,0,'',3),(0,369,268,0,NULL,'','ezcomcomments',1493,'ita-IT',2,0,'',1),(0,369,269,0,NULL,'','ezcomcomments',1494,'ita-IT',2,0,'',1),(0,369,270,0,NULL,'','ezcomcomments',1495,'ita-IT',2,0,'',1),(0,369,271,0,NULL,'','ezcomcomments',1496,'ita-IT',2,0,'',1),(0,369,272,0,NULL,'','ezcomcomments',1497,'ita-IT',2,0,'',1),(0,369,273,0,NULL,'','ezcomcomments',1498,'ita-IT',2,0,'',1),(0,369,274,0,NULL,'','ezcomcomments',1499,'ita-IT',2,0,'',1),(0,369,275,0,NULL,'','ezcomcomments',1500,'ita-IT',2,0,'',1),(0,369,276,0,NULL,'','ezcomcomments',1501,'ita-IT',2,0,'',1),(0,369,277,0,NULL,'','ezcomcomments',1502,'ita-IT',2,0,'',1),(0,369,278,0,NULL,'','ezcomcomments',1503,'ita-IT',2,0,'',1),(0,369,279,0,NULL,'','ezcomcomments',1504,'ita-IT',2,0,'',1),(0,370,144,0,NULL,'','ezcomcomments',1505,'ita-IT',2,0,'',1),(0,370,144,0,NULL,'','ezcomcomments',1506,'ita-IT',2,0,'',2),(0,370,144,0,NULL,'','ezcomcomments',1507,'ita-IT',2,0,'',3),(0,370,144,0,NULL,'','ezcomcomments',1508,'ita-IT',2,0,'',4),(0,370,144,0,NULL,'','ezcomcomments',1509,'ita-IT',2,0,'',5),(0,370,144,1,1,'','ezcomcomments',1509,'ita-IT',2,0,'',6),(0,370,144,1,1,'','ezcomcomments',1509,'ita-IT',2,0,'',7),(0,370,149,0,NULL,'','ezcomcomments',1510,'ita-IT',2,0,'',1),(0,370,149,1,1,'','ezcomcomments',1510,'ita-IT',2,0,'',2),(0,370,149,1,1,'','ezcomcomments',1510,'ita-IT',2,0,'',3),(0,371,144,0,0,'','ezgmaplocation',1511,'ita-IT',2,0,'',1),(0,371,144,0,0,'','ezgmaplocation',1512,'ita-IT',2,0,'',2),(0,371,144,0,0,'','ezgmaplocation',1513,'ita-IT',2,0,'',3),(0,371,144,0,0,'','ezgmaplocation',1514,'ita-IT',2,0,'',4),(0,371,144,0,0,'','ezgmaplocation',1515,'ita-IT',2,0,'',5),(0,371,144,0,0,'','ezgmaplocation',1516,'ita-IT',2,0,'',6),(0,371,144,0,0,'','ezgmaplocation',1517,'ita-IT',2,0,'',7),(0,371,149,0,0,'','ezgmaplocation',1518,'ita-IT',2,0,'',1),(0,371,149,0,0,'','ezgmaplocation',1519,'ita-IT',2,0,'',2),(0,371,149,0,1,'','ezgmaplocation',1519,'ita-IT',2,0,'sant andrat del cormor,talmassons,ud,italy',3);
/*!40000 ALTER TABLE `ezcontentobject_attribute` ENABLE KEYS */;
UNLOCK TABLES;

--
-- Table structure for table `ezcontentobject_link`
--

DROP TABLE IF EXISTS `ezcontentobject_link`;
/*!40101 SET @saved_cs_client     = @@character_set_client */;
/*!40101 SET character_set_client = utf8 */;
CREATE TABLE `ezcontentobject_link` (
  `contentclassattribute_id` int(11) NOT NULL DEFAULT '0',
  `from_contentobject_id` int(11) NOT NULL DEFAULT '0',
  `from_contentobject_version` int(11) NOT NULL DEFAULT '0',
  `id` int(11) NOT NULL AUTO_INCREMENT,
  `op_code` int(11) NOT NULL DEFAULT '0',
  `relation_type` int(11) NOT NULL DEFAULT '1',
  `to_contentobject_id` int(11) NOT NULL DEFAULT '0',
  PRIMARY KEY (`id`),
  KEY `ezco_link_from` (`from_contentobject_id`,`from_contentobject_version`,`contentclassattribute_id`),
  KEY `ezco_link_to_co_id` (`to_contentobject_id`)
) ENGINE=InnoDB AUTO_INCREMENT=87 DEFAULT CHARSET=utf8;
/*!40101 SET character_set_client = @saved_cs_client */;

--
-- Dumping data for table `ezcontentobject_link`
--

LOCK TABLES `ezcontentobject_link` WRITE;
/*!40000 ALTER TABLE `ezcontentobject_link` DISABLE KEYS */;
INSERT INTO `ezcontentobject_link` VALUES (0,67,3,31,0,2,74),(0,144,2,34,0,2,145),(0,144,3,38,0,2,145),(0,144,3,39,0,2,146),(0,144,4,42,0,2,145),(0,144,4,43,0,2,146),(0,144,5,48,0,2,145),(0,144,5,49,0,2,146),(0,144,5,50,0,2,147),(0,157,2,53,0,2,166),(0,157,3,55,0,2,166),(364,150,2,58,0,8,271),(0,144,6,62,0,2,145),(0,144,6,63,0,2,146),(0,144,6,64,0,2,147),(364,150,3,70,0,8,271),(364,150,4,73,0,8,271),(364,150,5,78,0,8,271),(0,144,7,84,0,2,145),(0,144,7,85,0,2,146),(0,144,7,86,0,2,147);
/*!40000 ALTER TABLE `ezcontentobject_link` ENABLE KEYS */;
UNLOCK TABLES;

--
-- Table structure for table `ezcontentobject_name`
--

DROP TABLE IF EXISTS `ezcontentobject_name`;
/*!40101 SET @saved_cs_client     = @@character_set_client */;
/*!40101 SET character_set_client = utf8 */;
CREATE TABLE `ezcontentobject_name` (
  `content_translation` varchar(20) NOT NULL DEFAULT '',
  `content_version` int(11) NOT NULL DEFAULT '0',
  `contentobject_id` int(11) NOT NULL DEFAULT '0',
  `language_id` int(11) NOT NULL DEFAULT '0',
  `name` varchar(255) DEFAULT NULL,
  `real_translation` varchar(20) DEFAULT NULL,
  PRIMARY KEY (`contentobject_id`,`content_version`,`content_translation`),
  KEY `ezcontentobject_name_co_id` (`contentobject_id`),
  KEY `ezcontentobject_name_cov_id` (`content_version`),
  KEY `ezcontentobject_name_lang_id` (`language_id`),
  KEY `ezcontentobject_name_name` (`name`)
) ENGINE=InnoDB DEFAULT CHARSET=utf8;
/*!40101 SET character_set_client = @saved_cs_client */;

--
-- Dumping data for table `ezcontentobject_name`
--

LOCK TABLES `ezcontentobject_name` WRITE;
/*!40000 ALTER TABLE `ezcontentobject_name` DISABLE KEYS */;
INSERT INTO `ezcontentobject_name` VALUES ('ita-IT',1,4,3,'Users','ita-IT'),('ita-IT',2,10,3,'Anonymous User','ita-IT'),('ita-IT',1,11,3,'Guest accounts','ita-IT'),('ita-IT',2,11,3,'Members','ita-IT'),('ita-IT',1,12,3,'Administrator users','ita-IT'),('ita-IT',1,13,3,'Editors','ita-IT'),('ita-IT',1,14,3,'Administrator User','ita-IT'),('ita-IT',2,14,3,'Administrator User','ita-IT'),('ita-IT',1,41,3,'Media','ita-IT'),('ita-IT',1,42,3,'Anonymous Users','ita-IT'),('ita-IT',1,45,3,'Setup','ita-IT'),('ita-IT',1,49,3,'Images','ita-IT'),('ita-IT',1,50,3,'Files','ita-IT'),('ita-IT',1,51,3,'Multimedia','ita-IT'),('ita-IT',1,52,2,'Common INI settings','ita-IT'),('ita-IT',2,52,2,'Common INI settings','ita-IT'),('ita-IT',1,54,2,'eZ Flow (without demo content)','ita-IT'),('ita-IT',2,54,2,'Mondelli Stable','ita-IT'),('ita-IT',1,56,3,'Design','ita-IT'),('ita-IT',10,57,3,'Home','ita-IT'),('ita-IT',11,57,3,'Home','ita-IT'),('ita-IT',12,57,3,'Home','ita-IT'),('ita-IT',13,57,3,'Home','ita-IT'),('ita-IT',14,57,3,'Home','ita-IT'),('ita-IT',15,57,3,'Home','ita-IT'),('ita-IT',16,57,3,'Home','ita-IT'),('ita-IT',17,57,3,'Home','ita-IT'),('ita-IT',18,57,3,'Home','ita-IT'),('ita-IT',19,57,3,'Home','ita-IT'),('ita-IT',1,58,3,'Partners','ita-IT'),('ita-IT',1,59,2,'Foto','ita-IT'),('ita-IT',2,59,2,'Foto','ita-IT'),('ita-IT',3,59,2,'Foto','ita-IT'),('ita-IT',4,59,2,'Foto','ita-IT'),('ita-IT',5,59,2,'Foto','ita-IT'),('ita-IT',6,59,2,'Foto','ita-IT'),('ita-IT',7,59,2,'Foto','ita-IT'),('ita-IT',1,61,2,'Equitazione','ita-IT'),('ita-IT',2,61,2,'Equitazione','ita-IT'),('ita-IT',3,61,2,'Equitazione','ita-IT'),('ita-IT',4,61,2,'Equitazione','ita-IT'),('ita-IT',5,61,2,'Equitazione','ita-IT'),('ita-IT',6,61,2,'Equitazione','ita-IT'),('ita-IT',7,61,2,'Equitazione','ita-IT'),('ita-IT',8,61,2,'Equitazione','ita-IT'),('ita-IT',1,62,2,'Cucina','ita-IT'),('ita-IT',2,62,2,'Cucina','ita-IT'),('ita-IT',3,62,2,'Cucina','ita-IT'),('ita-IT',4,62,2,'Cucina','ita-IT'),('ita-IT',5,62,2,'Cucina','ita-IT'),('ita-IT',6,62,2,'Cucina','ita-IT'),('ita-IT',1,63,2,'Cucina','ita-IT'),('ita-IT',2,63,2,'Eventi','ita-IT'),('ita-IT',3,63,2,'Eventi','ita-IT'),('ita-IT',4,63,2,'Eventi','ita-IT'),('ita-IT',5,63,2,'Eventi','ita-IT'),('ita-IT',6,63,2,'Eventi','ita-IT'),('ita-IT',1,64,3,'Test','ita-IT'),('ita-IT',1,65,2,'Calendario','ita-IT'),('ita-IT',2,65,2,'Calendario','ita-IT'),('ita-IT',3,65,2,'Calendario','ita-IT'),('ita-IT',4,65,2,'Calendario','ita-IT'),('ita-IT',5,65,2,'Calendario','ita-IT'),('ita-IT',1,66,3,'Manicaretti','ita-IT'),('ita-IT',2,66,3,'Manicaretti','ita-IT'),('ita-IT',3,67,3,'Cavalli','ita-IT'),('ita-IT',4,67,3,'Cavalli','ita-IT'),('ita-IT',5,67,3,'Cavalli','ita-IT'),('ita-IT',6,67,3,'Cavalli','ita-IT'),('ita-IT',7,67,3,'Cavalli','ita-IT'),('ita-IT',1,68,3,'Panini','ita-IT'),('ita-IT',2,68,3,'Panini','ita-IT'),('ita-IT',3,68,3,'Panini','ita-IT'),('ita-IT',4,68,3,'Panini','ita-IT'),('ita-IT',1,69,3,'Musica','ita-IT'),('ita-IT',2,69,3,'Musica','ita-IT'),('ita-IT',1,70,2,'Prova','ita-IT'),('ita-IT',1,71,2,'Patatine','ita-IT'),('ita-IT',1,72,2,'New Event','ita-IT'),('ita-IT',1,73,2,'New Event','ita-IT'),('ita-IT',1,74,2,'P5250041','ita-IT'),('ita-IT',1,109,2,'New Event','ita-IT'),('ita-IT',1,110,2,'New Event','ita-IT'),('ita-IT',1,112,3,'Hot Dog','ita-IT'),('ita-IT',2,112,3,'Hot Dog','ita-IT'),('ita-IT',3,112,3,'Hot Dog','ita-IT'),('ita-IT',1,113,3,'Hamburger','ita-IT'),('ita-IT',2,113,3,'Hamburger','ita-IT'),('ita-IT',1,114,3,'Bistecche','ita-IT'),('ita-IT',2,114,3,'Bistecche','ita-IT'),('ita-IT',3,114,3,'Bistecche','ita-IT'),('ita-IT',1,115,3,'Lubianske','ita-IT'),('ita-IT',2,115,3,'Lubianske','ita-IT'),('ita-IT',3,115,3,'Lubianske','ita-IT'),('ita-IT',1,134,3,'Arrosticini','ita-IT'),('ita-IT',2,134,3,'Arrosticini','ita-IT'),('ita-IT',3,134,3,'Arrosticini','ita-IT'),('ita-IT',1,135,3,'Agnello','ita-IT'),('ita-IT',1,136,3,'Zamponi','ita-IT'),('ita-IT',2,136,3,'Zamponi','ita-IT'),('ita-IT',1,137,3,'Vivi','ita-IT'),('ita-IT',1,138,3,'Morti','ita-IT'),('ita-IT',1,139,3,'Moribondi','ita-IT'),('ita-IT',1,140,3,'Bomboloni','ita-IT'),('ita-IT',2,140,3,'Bomboloni','ita-IT'),('ita-IT',3,140,3,'Bomboloni','ita-IT'),('ita-IT',4,140,3,'Bomboloni','ita-IT'),('ita-IT',1,141,3,'Krapfen','ita-IT'),('ita-IT',1,142,3,'Kiffel','ita-IT'),('ita-IT',1,143,3,'Spellati','ita-IT'),('ita-IT',1,144,2,'La tana dei tori','ita-IT'),('ita-IT',2,144,2,'La tana dei tori','ita-IT'),('ita-IT',3,144,2,'La tana dei tori','ita-IT'),('ita-IT',4,144,2,'La tana dei tori','ita-IT'),('ita-IT',5,144,2,'La tana dei tori','ita-IT'),('ita-IT',6,144,2,'La tana dei tori','ita-IT'),('ita-IT',7,144,2,'La tana dei tori','ita-IT'),('ita-IT',1,145,2,'Death','ita-IT'),('ita-IT',2,145,2,'Death','ita-IT'),('ita-IT',1,146,2,'octopussy_II_by_kunkka','ita-IT'),('ita-IT',1,147,2,'good_morning_by_marazmuser','ita-IT'),('ita-IT',2,147,2,'good_morning_by_marazmuser','ita-IT'),('ita-IT',1,148,3,'Pelosi','ita-IT'),('ita-IT',1,149,2,'Il paradiso degli stolti','ita-IT'),('ita-IT',2,149,2,'Il paradiso degli stolti','ita-IT'),('ita-IT',3,149,2,'Il paradiso degli stolti','ita-IT'),('ita-IT',1,150,2,'Strane foto','ita-IT'),('ita-IT',2,150,2,'Strane foto','ita-IT'),('ita-IT',3,150,2,'Strane foto','ita-IT'),('ita-IT',4,150,2,'Strane foto','ita-IT'),('ita-IT',5,150,2,'Strane foto','ita-IT'),('ita-IT',1,157,2,'New Eventaaa','ita-IT'),('ita-IT',2,157,2,'New Eventaaa','ita-IT'),('ita-IT',3,157,2,'New Eventaaa','ita-IT'),('ita-IT',1,165,2,'New Event','ita-IT'),('ita-IT',1,166,2,'Exile_by_KatiBear','ita-IT'),('ita-IT',1,167,2,'Santi Licheri','ita-IT'),('ita-IT',1,169,3,'mosarg mosarg','ita-IT'),('ita-IT',1,170,2,'Evento di test','ita-IT'),('ita-IT',1,171,2,'Secondo evento del giorno','ita-IT'),('ita-IT',1,205,3,'cane rognoso','ita-IT'),('ita-IT',1,249,3,'Guglielmo Marconi','ita-IT'),('ita-IT',1,261,3,'antonio  astolfi','ita-IT'),('ita-IT',1,262,3,'Editor limitato','ita-IT'),('ita-IT',1,263,3,'enzo enzo','ita-IT'),('ita-IT',2,263,3,'enzo enzo','ita-IT'),('ita-IT',3,263,3,'enzo enzo','ita-IT'),('ita-IT',1,267,2,'dans_l__imagination_by_armawolf','ita-IT'),('ita-IT',2,267,2,'Imagination','ita-IT'),('ita-IT',3,267,2,'Imagination','ita-IT'),('ita-IT',1,268,2,'difference_by_baspunk','ita-IT'),('ita-IT',1,269,2,'Frills_4_by_Goldfishdreams_stock','ita-IT'),('ita-IT',1,270,2,'fractalFlowers_30_by_love1008','ita-IT'),('ita-IT',1,271,2,'Exile_by_KatiBear','ita-IT'),('ita-IT',1,272,2,'Dawn_On_The_Deck_by_l8','ita-IT'),('ita-IT',1,273,2,'6533-2','ita-IT'),('ita-IT',1,274,2,'6964-Unwetterhimmel','ita-IT'),('ita-IT',1,275,2,'6947-Midsommarblomma','ita-IT'),('ita-IT',1,276,2,'7007-Renfana','ita-IT'),('ita-IT',1,277,2,'4561-Misato','ita-IT'),('ita-IT',1,278,2,'7000-Gulvial','ita-IT'),('ita-IT',1,279,2,'5913-Kitsh_sunset','ita-IT');
/*!40000 ALTER TABLE `ezcontentobject_name` ENABLE KEYS */;
UNLOCK TABLES;

--
-- Table structure for table `ezcontentobject_trash`
--

DROP TABLE IF EXISTS `ezcontentobject_trash`;
/*!40101 SET @saved_cs_client     = @@character_set_client */;
/*!40101 SET character_set_client = utf8 */;
CREATE TABLE `ezcontentobject_trash` (
  `contentobject_id` int(11) DEFAULT NULL,
  `contentobject_version` int(11) DEFAULT NULL,
  `depth` int(11) NOT NULL DEFAULT '0',
  `is_hidden` int(11) NOT NULL DEFAULT '0',
  `is_invisible` int(11) NOT NULL DEFAULT '0',
  `main_node_id` int(11) DEFAULT NULL,
  `modified_subnode` int(11) DEFAULT '0',
  `node_id` int(11) NOT NULL DEFAULT '0',
  `parent_node_id` int(11) NOT NULL DEFAULT '0',
  `path_identification_string` longtext,
  `path_string` varchar(255) NOT NULL DEFAULT '',
  `priority` int(11) NOT NULL DEFAULT '0',
  `remote_id` varchar(100) NOT NULL DEFAULT '',
  `sort_field` int(11) DEFAULT '1',
  `sort_order` int(11) DEFAULT '1',
  PRIMARY KEY (`node_id`),
  KEY `ezcobj_trash_co_id` (`contentobject_id`),
  KEY `ezcobj_trash_depth` (`depth`),
  KEY `ezcobj_trash_modified_subnode` (`modified_subnode`),
  KEY `ezcobj_trash_p_node_id` (`parent_node_id`),
  KEY `ezcobj_trash_path` (`path_string`),
  KEY `ezcobj_trash_path_ident` (`path_identification_string`(50))
) ENGINE=InnoDB DEFAULT CHARSET=utf8;
/*!40101 SET character_set_client = @saved_cs_client */;

--
-- Dumping data for table `ezcontentobject_trash`
--

LOCK TABLES `ezcontentobject_trash` WRITE;
/*!40000 ALTER TABLE `ezcontentobject_trash` DISABLE KEYS */;
INSERT INTO `ezcontentobject_trash` VALUES (64,1,3,0,0,65,1263928383,65,64,'eventi/test','/1/2/64/65/',0,'7fd2a9d2e1d722a3311daf811c7bd115',1,1);
/*!40000 ALTER TABLE `ezcontentobject_trash` ENABLE KEYS */;
UNLOCK TABLES;

--
-- Table structure for table `ezcontentobject_tree`
--

DROP TABLE IF EXISTS `ezcontentobject_tree`;
/*!40101 SET @saved_cs_client     = @@character_set_client */;
/*!40101 SET character_set_client = utf8 */;
CREATE TABLE `ezcontentobject_tree` (
  `contentobject_id` int(11) DEFAULT NULL,
  `contentobject_is_published` int(11) DEFAULT NULL,
  `contentobject_version` int(11) DEFAULT NULL,
  `depth` int(11) NOT NULL DEFAULT '0',
  `is_hidden` int(11) NOT NULL DEFAULT '0',
  `is_invisible` int(11) NOT NULL DEFAULT '0',
  `main_node_id` int(11) DEFAULT NULL,
  `modified_subnode` int(11) DEFAULT '0',
  `node_id` int(11) NOT NULL AUTO_INCREMENT,
  `parent_node_id` int(11) NOT NULL DEFAULT '0',
  `path_identification_string` longtext,
  `path_string` varchar(255) NOT NULL DEFAULT '',
  `priority` int(11) NOT NULL DEFAULT '0',
  `remote_id` varchar(100) NOT NULL DEFAULT '',
  `sort_field` int(11) DEFAULT '1',
  `sort_order` int(11) DEFAULT '1',
  PRIMARY KEY (`node_id`),
  KEY `ezcontentobject_tree_co_id` (`contentobject_id`),
  KEY `ezcontentobject_tree_depth` (`depth`),
  KEY `ezcontentobject_tree_p_node_id` (`parent_node_id`),
  KEY `ezcontentobject_tree_path` (`path_string`),
  KEY `ezcontentobject_tree_path_ident` (`path_identification_string`(50)),
  KEY `modified_subnode` (`modified_subnode`)
) ENGINE=InnoDB AUTO_INCREMENT=189 DEFAULT CHARSET=utf8;
/*!40101 SET character_set_client = @saved_cs_client */;

--
-- Dumping data for table `ezcontentobject_tree`
--

LOCK TABLES `ezcontentobject_tree` WRITE;
/*!40000 ALTER TABLE `ezcontentobject_tree` DISABLE KEYS */;
INSERT INTO `ezcontentobject_tree` VALUES (0,1,1,0,0,0,1,1271079306,1,1,'','/1/',0,'629709ba256fe317c3ddcee35453a96a',1,1),(57,1,19,1,0,0,2,1271079306,2,1,'','/1/2/',0,'f7aa2340c501cddb432d3a1949ac1387',8,1),(4,1,1,1,0,0,5,1271063857,5,1,'users','/1/5/',0,'3f6d92f8044aed134f32153517850f5a',1,1),(11,1,2,2,0,0,12,1270798498,12,5,'users/members','/1/5/12/',0,'602dcf84765e56b7f999eaafd3821dd3',1,1),(12,1,1,2,0,0,13,1262689288,13,5,'users/administrator_users','/1/5/13/',0,'769380b7aa94541679167eab817ca893',1,1),(13,1,1,2,0,0,14,1081860719,14,5,'users/editors','/1/5/14/',0,'f7dda2854fc68f7c8455d9cb14bd04a9',1,1),(14,1,2,3,0,0,15,1262689288,15,13,'users/administrator_users/administrator_user','/1/5/13/15/',0,'e5161a99f733200b9ed4e80f9c16187b',1,1),(41,1,1,1,0,0,43,1270555685,43,1,'media','/1/43/',0,'75c715a51699d2d309a924eca6a95145',9,1),(42,1,1,2,0,0,44,1081860719,44,5,'users/anonymous_users','/1/5/44/',0,'4fdf0072da953bb276c0c7e0141c5c9b',9,1),(10,1,2,3,0,0,45,1081860719,45,44,'users/anonymous_users/anonymous_user','/1/5/44/45/',0,'2cf8343bee7b482bab82b269d8fecd76',9,1),(45,1,1,1,0,0,48,1263418478,48,1,'setup2','/1/48/',0,'182ce1b5af0c09fa378557c462ba2617',9,1),(49,1,1,2,0,0,51,1270555685,51,43,'media/images','/1/43/51/',0,'1b26c0454b09bb49dfb1b9190ffd67cb',9,1),(50,1,1,2,0,0,52,1081860720,52,43,'media/files','/1/43/52/',0,'0b113a208f7890f9ad3c24444ff5988c',9,1),(51,1,1,2,0,0,53,1081860720,53,43,'media/multimedia','/1/43/53/',0,'4f18b82c75f10aad476cae5adf98c11f',9,1),(52,1,2,2,0,0,54,1263418478,54,48,'setup2/common_ini_settings','/1/48/54/',0,'fa9f3cff9cf90ecfae335718dcbddfe2',1,1),(54,1,2,2,0,0,56,1263418389,56,58,'design/mondelli_stable','/1/58/56/',0,'772da20ecf88b3035d73cbdfcea0f119',1,1),(56,1,1,1,0,0,58,1263418389,58,1,'design','/1/58/',0,'79f2d67372ab56f59b5d65bb9e0ca3b9',2,0),(58,1,1,2,0,0,60,1262689290,60,5,'users/partners','/1/5/60/',0,'698f71d0f5b9ec58a6857c3cdbacb360',1,1),(59,1,7,2,0,0,61,1271017134,61,2,'foto','/1/2/61/',0,'bf548acceb6ddda2b3f9857e8fa55e6c',1,1),(61,1,8,2,0,0,62,1271079306,62,2,'equitazione','/1/2/62/',0,'fb26e0c4206677d3ac994427312c8feb',1,1),(62,1,6,2,0,0,63,1270935682,63,2,'cucina','/1/2/63/',0,'1776f32e439af413cff89757b03b8d2b',1,1),(63,1,6,2,0,0,64,1271004591,64,2,'eventi','/1/2/64/',0,'e90cee5a19ccfe7fabde43d9f3708775',1,1),(65,1,5,3,0,0,66,1271004591,66,64,'eventi/calendario','/1/2/64/66/',0,'218faf5b6a523537f8487091113ec655',1,1),(66,1,2,3,0,0,67,1269459712,67,63,'cucina/manicaretti','/1/2/63/67/',0,'405cc326bc41f120c55c6f0e9a1ada12',1,1),(67,1,7,3,0,0,68,1271079306,68,62,'equitazione/cavalli','/1/2/62/68/',0,'bb9f37e1b5a5a5d2ba78e63bbd9c0e7a',1,1),(68,1,4,3,0,0,69,1271017134,69,61,'foto/panini','/1/2/61/69/',0,'bccf503f7de7de84a2a343525283efec',1,1),(69,1,2,3,0,0,70,1269459869,70,64,'eventi/musica','/1/2/64/70/',0,'4dbecace8bae83cbbd32666901f82d6a',1,1),(70,1,1,4,0,0,71,1265551972,71,66,'eventi/calendario/prova','/1/2/64/66/71/',0,'9d819243c7d4e86399079af414aab3f0',1,1),(71,1,1,4,0,0,72,1265551981,72,66,'eventi/calendario/patatine','/1/2/64/66/72/',0,'1ca54757912a970990a34c01aa3990ae',1,1),(72,1,1,4,0,0,73,1269089044,73,66,'eventi/calendario/new_event','/1/2/64/66/73/',0,'61d6efd95c944d10fc2c0d61ca57ca3f',1,1),(73,1,1,4,0,0,74,1269089049,74,66,'eventi/calendario/new_event2','/1/2/64/66/74/',0,'6426dd8d4ed5c2956732eeca1880143f',1,1),(74,1,1,3,0,0,75,1269090694,75,51,'media/images/p5250041','/1/43/51/75/',0,'fa48ec31fa0aac9fade141d3a0f3b6f1',2,0),(109,1,1,4,0,0,110,1269129470,110,66,'eventi/calendario/new_event3','/1/2/64/66/110/',0,'d8c9ed293650b212d4fdcd637886e205',1,1),(110,1,1,4,0,0,111,1269129485,111,66,'eventi/calendario/new_event4','/1/2/64/66/111/',0,'d74545802429cc4d5f654d2f910fa61d',1,1),(112,1,3,4,0,0,112,1270936901,112,69,'foto/panini/hot_dog','/1/2/61/69/112/',0,'fa650e25784c939a06977a8442d4e4ed',1,1),(113,1,2,4,0,0,113,1270936928,113,69,'foto/panini/hamburger','/1/2/61/69/113/',0,'725b7bb2d6edde24fd2abda054399f49',1,1),(114,1,3,4,0,0,114,1271017092,114,69,'foto/panini/bistecche','/1/2/61/69/114/',0,'bdbf36e5cebc19cd4a5cef225a61ee81',1,1),(115,1,3,4,0,0,115,1271017134,115,69,'foto/panini/lubianske','/1/2/61/69/115/',0,'2cd651fe7a4d42aa5126fdc83679bfb7',1,1),(134,1,3,3,0,0,134,1270928306,134,61,'foto/arrosticini','/1/2/61/134/',0,'c40f72a391958eeba40e7357e7d478b7',1,1),(135,1,1,4,0,0,135,1269599203,135,134,'foto/arrosticini/agnello','/1/2/61/134/135/',0,'4ff19ab3a248c6325b309474e9fa5b1c',1,1),(136,1,2,3,0,0,136,1270933790,136,61,'foto/zamponi','/1/2/61/136/',0,'d4f568a086f7ff5b60e58b9ec076bf83',1,1),(137,1,1,4,0,0,137,1269447180,137,136,'foto/zamponi/vivi','/1/2/61/136/137/',0,'5ce44de983de579c7a39d6b701f97c37',1,1),(138,1,1,4,0,0,138,1269447205,138,136,'foto/zamponi/morti','/1/2/61/136/138/',0,'ab4721dd19f148346c091a4ed50cacbf',1,1),(139,1,1,4,0,0,139,1269447232,139,136,'foto/zamponi/moribondi','/1/2/61/136/139/',0,'7cff48d62118ba8565724c6e5a000995',1,1),(140,1,4,3,0,0,140,1270933831,140,61,'foto/bomboloni','/1/2/61/140/',0,'5966f6e7e0f7bcd6cf92ae64bf6e615e',1,1),(141,1,1,4,0,0,141,1269451620,141,140,'foto/bomboloni/krapfen','/1/2/61/140/141/',0,'562b73d27791bc282da6fab1f7f368d2',1,1),(142,1,1,4,0,0,142,1269451656,142,140,'foto/bomboloni/kiffel','/1/2/61/140/142/',0,'9e6840292e12739dfeade7b1f403da73',1,1),(143,1,1,5,0,0,143,1269472802,143,135,'foto/arrosticini/agnello/spellati','/1/2/61/134/135/143/',0,'2c0c39a6fc0d9a606bfc13bffe16bd2f',1,1),(144,1,7,4,0,0,144,1270936703,144,68,'equitazione/cavalli/la_tana_dei_tori','/1/2/62/68/144/',0,'c5f52ce3b4af39379a0d1c84961fe30b',1,1),(145,1,2,3,0,0,145,1269513914,145,51,'media/images/death','/1/43/51/145/',0,'f5cdc819a59fb8bdedb2297a8e983178',2,0),(146,1,1,3,0,0,146,1269508568,146,51,'media/images/octopussy_ii_by_kunkka','/1/43/51/146/',0,'ad9038632f06bf024c3acb493874ce14',2,0),(147,1,2,3,0,0,147,1269514239,147,51,'media/images/good_morning_by_marazmuser','/1/43/51/147/',0,'583fe92e79d31a443ff0a2014d25787f',2,0),(148,1,1,5,0,0,148,1269599203,148,135,'foto/arrosticini/agnello/pelosi','/1/2/61/134/135/148/',0,'b9d80297d05d23885a8c0ba24d05e71f',1,1),(149,1,3,4,0,0,149,1271079306,149,68,'equitazione/cavalli/il_paradiso_degli_stolti','/1/2/62/68/149/',0,'8e108c0e3130a026bf8a81a0df0a0946',1,1),(150,1,5,4,0,0,150,1270928910,150,69,'foto/panini/strane_foto','/1/2/61/69/150/',0,'46c5ae668ad429121c512007be907f80',1,1),(157,1,3,4,0,0,157,1270591302,157,66,'eventi/calendario/new_eventaaa','/1/2/64/66/157/',0,'5bf84f468aef3bb730666a10bbefefc4',1,1),(165,1,1,4,0,0,165,1270547108,165,66,'eventi/calendario/new_event5','/1/2/64/66/165/',0,'8715c062c5f91a52cd7ba72b7a6920ac',1,1),(166,1,1,3,0,0,166,1270555685,166,51,'media/images/exile_by_katibear','/1/43/51/166/',0,'430e5af61dfb9061b013b83b735b2aa0',2,0),(167,1,1,4,0,0,167,1270590526,167,66,'eventi/calendario/santi_licheri','/1/2/64/66/167/',0,'4a7ac78e870712be96c15b01b99e7d24',1,1),(169,1,1,3,0,0,168,1270652625,168,12,'users/members/mosarg_mosarg','/1/5/12/168/',0,'f910bbebc17eb2a1c625ec81e51de171',2,0),(170,1,1,4,0,0,169,1270659154,169,66,'eventi/calendario/evento_di_test','/1/2/64/66/169/',0,'5d050c705b55aee084a8ec53e80aa51f',1,1),(171,1,1,4,0,0,170,1270659786,170,66,'eventi/calendario/secondo_evento_del_giorno','/1/2/64/66/170/',0,'d6b402d6ae3584856eded06f273e0608',1,1),(205,1,1,3,0,0,171,1270746442,171,12,'users/members/cane_rognoso','/1/5/12/171/',0,'09b79d3d7d414240f4d2244e1cbaf083',2,0),(249,1,1,3,0,0,172,1270767027,172,12,'users/members/guglielmo_marconi','/1/5/12/172/',0,'7b05b681e55a93f2f234134d5697e67e',2,0),(261,1,1,3,0,0,173,1270798498,173,12,'users/members/antonio_astolfi','/1/5/12/173/',0,'81b1086f0e5fd9eaaa0b5cfb9b209b3a',2,0),(262,1,1,2,0,0,174,1271063857,174,5,'users/editor_limitato','/1/5/174/',0,'b09052180307b0abfbe190c7d511e2bd',1,1),(263,1,3,3,0,0,175,1271063857,175,174,'users/editor_limitato/enzo_enzo','/1/5/174/175/',0,'fcbfdfb16bb471a4b3b9ab3db1ebbc07',1,1),(267,1,3,5,0,0,176,1270925840,176,150,'foto/panini/strane_foto/imagination','/1/2/61/69/150/176/',0,'fd8a8edaae86451af6d4531fbf33c3cd',2,0),(268,1,1,5,0,0,177,1270903814,177,150,'foto/panini/strane_foto/difference_by_baspunk','/1/2/61/69/150/177/',0,'13c9a0497ef6be33a5521ac14813b1d1',2,0),(269,1,1,5,0,0,178,1270903815,178,150,'foto/panini/strane_foto/frills_4_by_goldfishdreams_stock','/1/2/61/69/150/178/',0,'63ec0fafbe75412f65e6d14eeb9bdef3',2,0),(270,1,1,5,0,0,179,1270903816,179,150,'foto/panini/strane_foto/fractalflowers_30_by_love1008','/1/2/61/69/150/179/',0,'c15da74f0044e89b1a49c3bbd14088c3',2,0),(271,1,1,5,0,0,180,1270903817,180,150,'foto/panini/strane_foto/exile_by_katibear','/1/2/61/69/150/180/',0,'a318af53f4fd92e80be1693791413e1e',2,0),(272,1,1,5,0,0,181,1270903817,181,150,'foto/panini/strane_foto/dawn_on_the_deck_by_l8','/1/2/61/69/150/181/',0,'2b240b68c50e557b464ebf59cf9ce6b2',2,0),(273,1,1,5,0,0,182,1270908459,182,150,'foto/panini/strane_foto/6533_2','/1/2/61/69/150/182/',0,'2459b8dbabf1f0ee2b1e74766181e683',2,0),(274,1,1,5,0,0,183,1270908459,183,150,'foto/panini/strane_foto/6964_unwetterhimmel','/1/2/61/69/150/183/',0,'b87e412948aeffd548d3f55f3590eb84',2,0),(275,1,1,5,0,0,184,1270908460,184,150,'foto/panini/strane_foto/6947_midsommarblomma','/1/2/61/69/150/184/',0,'ceb46f37a9b0566e4d42622784ecaa68',2,0),(276,1,1,5,0,0,185,1270908460,185,150,'foto/panini/strane_foto/7007_renfana','/1/2/61/69/150/185/',0,'57a9c860472652d6e5d224c2123efa2f',2,0),(277,1,1,5,0,0,186,1270908461,186,150,'foto/panini/strane_foto/4561_misato','/1/2/61/69/150/186/',0,'5a06b428607ed63047e58654a51b60d7',2,0),(278,1,1,5,0,0,187,1270908461,187,150,'foto/panini/strane_foto/7000_gulvial','/1/2/61/69/150/187/',0,'67ed77f3059c5da6bc5d8b5b565a6596',2,0),(279,1,1,5,0,0,188,1270908462,188,150,'foto/panini/strane_foto/5913_kitsh_sunset','/1/2/61/69/150/188/',0,'7d56c89ffa8bee8b46f794145168706a',2,0);
/*!40000 ALTER TABLE `ezcontentobject_tree` ENABLE KEYS */;
UNLOCK TABLES;

--
-- Table structure for table `ezcontentobject_version`
--

DROP TABLE IF EXISTS `ezcontentobject_version`;
/*!40101 SET @saved_cs_client     = @@character_set_client */;
/*!40101 SET character_set_client = utf8 */;
CREATE TABLE `ezcontentobject_version` (
  `contentobject_id` int(11) DEFAULT NULL,
  `created` int(11) NOT NULL DEFAULT '0',
  `creator_id` int(11) NOT NULL DEFAULT '0',
  `id` int(11) NOT NULL AUTO_INCREMENT,
  `initial_language_id` int(11) NOT NULL DEFAULT '0',
  `language_mask` int(11) NOT NULL DEFAULT '0',
  `modified` int(11) NOT NULL DEFAULT '0',
  `status` int(11) NOT NULL DEFAULT '0',
  `user_id` int(11) NOT NULL DEFAULT '0',
  `version` int(11) NOT NULL DEFAULT '0',
  `workflow_event_pos` int(11) DEFAULT '0',
  PRIMARY KEY (`id`),
  KEY `ezcobj_version_creator_id` (`creator_id`),
  KEY `ezcobj_version_status` (`status`),
  KEY `idx_object_version_objver` (`contentobject_id`,`version`)
) ENGINE=InnoDB AUTO_INCREMENT=906 DEFAULT CHARSET=utf8;
/*!40101 SET character_set_client = @saved_cs_client */;

--
-- Dumping data for table `ezcontentobject_version`
--

LOCK TABLES `ezcontentobject_version` WRITE;
/*!40000 ALTER TABLE `ezcontentobject_version` DISABLE KEYS */;
INSERT INTO `ezcontentobject_version` VALUES (4,0,14,4,2,3,0,1,0,1,1),(11,1033920737,14,439,2,3,1033920746,3,0,1,0),(12,1033920760,14,440,2,3,1033920775,1,0,1,0),(13,1033920786,14,441,2,3,1033920794,1,0,1,0),(14,1033920808,14,442,2,3,1033920830,3,0,1,0),(41,1060695450,14,472,2,3,1060695457,1,0,1,0),(42,1072180278,14,473,2,3,1072180330,1,0,1,0),(10,1072180337,14,474,2,3,1072180405,1,0,2,0),(45,1079684084,14,477,2,3,1079684190,1,0,1,0),(49,1080220181,14,488,2,3,1080220197,1,0,1,0),(50,1080220211,14,489,2,3,1080220220,1,0,1,0),(51,1080220225,14,490,2,3,1080220233,1,0,1,0),(52,1082016497,14,491,2,2,1082016591,3,0,1,0),(54,1082016628,14,492,2,2,1082016652,3,0,1,0),(56,1103023120,14,495,2,3,1103023120,1,0,1,0),(14,1262689288,14,497,2,3,1262689288,1,0,2,0),(58,1262689290,14,498,2,3,1262689290,1,0,1,0),(11,1262689290,14,499,2,3,1262689290,1,0,2,0),(59,1263418069,14,500,2,3,1263418085,3,0,1,0),(61,1263418127,14,502,2,3,1263418134,3,0,1,0),(62,1263418165,14,503,2,3,1263418172,3,0,1,0),(63,1263418186,14,504,2,3,1263418193,3,0,1,0),(63,1263418202,14,505,2,3,1263418208,3,0,2,0),(54,1263418324,14,507,2,3,1263418389,1,0,2,0),(52,1263418463,14,508,2,3,1263418478,1,0,2,0),(59,1263419820,14,510,2,3,1263419887,3,0,2,0),(61,1263420395,14,511,2,3,1263420408,3,0,2,0),(62,1263420501,14,512,2,3,1263420515,3,0,2,0),(63,1263420560,14,513,2,3,1263420570,3,0,3,0),(64,1263928355,14,514,2,3,1263928380,1,0,1,0),(65,1263930450,14,515,2,3,1263930463,3,0,1,0),(65,1263930478,14,516,2,3,1263930485,3,0,2,0),(66,1265042435,14,517,2,3,1265042513,3,0,1,0),(68,1265053334,14,522,2,3,1265053344,3,0,1,0),(69,1265054985,14,524,2,3,1265055002,3,0,1,0),(65,1265551897,14,527,2,3,1265551921,3,0,3,0),(70,1265551971,14,528,2,3,1265551972,1,0,1,0),(71,1265551981,14,529,2,3,1265551981,1,0,1,0),(72,1269089041,14,530,2,3,1269089041,1,0,1,0),(73,1269089048,14,531,2,3,1269089049,1,0,1,0),(74,1269090694,14,533,2,3,1269090694,1,0,1,0),(109,1269129468,14,571,2,3,1269129468,1,0,1,0),(110,1269129485,14,572,2,3,1269129485,1,0,1,0),(112,1269162067,14,574,2,3,1269162085,3,0,1,0),(112,1269162831,14,576,2,3,1269162880,3,0,2,0),(113,1269163774,14,577,2,3,1269163806,3,0,1,0),(114,1269163826,14,578,2,3,1269163855,3,0,1,0),(115,1269163870,14,579,2,3,1269163906,3,0,1,0),(68,1269164179,14,580,2,3,1269164199,3,0,2,0),(134,1269279576,14,608,2,3,1269279591,3,0,1,0),(135,1269279612,14,609,2,3,1269279650,1,0,1,0),(136,1269447095,14,610,2,3,1269447146,3,0,1,0),(137,1269447167,14,611,2,3,1269447180,1,0,1,0),(138,1269447188,14,612,2,3,1269447205,1,0,1,0),(139,1269447214,14,613,2,3,1269447232,1,0,1,0),(140,1269451561,14,614,2,3,1269451574,3,0,1,0),(141,1269451602,14,615,2,3,1269451620,1,0,1,0),(142,1269451631,14,616,2,3,1269451656,1,0,1,0),(59,1269451848,14,618,2,3,1269451866,3,0,3,0),(59,1269452500,14,619,2,3,1269452519,3,0,4,0),(61,1269452537,14,620,2,3,1269452561,3,0,3,0),(62,1269452579,14,621,2,3,1269452611,3,0,3,0),(63,1269452630,14,622,2,3,1269452650,3,0,4,0),(134,1269459498,14,623,2,3,1269459527,3,0,2,0),(140,1269459553,14,624,2,3,1269459580,3,0,2,0),(68,1269459600,14,625,2,3,1269459621,3,0,3,0),(67,1269459651,14,626,2,3,1269459674,3,0,3,0),(66,1269459694,14,627,2,3,1269459712,1,0,2,0),(65,1269459817,14,628,2,3,1269459837,3,0,4,0),(69,1269459853,14,629,2,3,1269459869,1,0,2,0),(143,1269472791,14,630,2,3,1269472802,1,0,1,0),(144,1269504350,14,631,2,3,1269504410,3,0,1,0),(144,1269508342,14,632,2,3,1269508415,3,0,2,0),(145,1269508404,14,633,2,3,1269508404,3,0,1,0),(144,1269508542,14,634,2,3,1269508575,3,0,3,0),(146,1269508568,14,635,2,3,1269508568,1,0,1,0),(144,1269509593,14,636,2,3,1269509669,3,0,4,0),(145,1269513896,14,637,2,3,1269513914,1,0,2,0),(144,1269514142,14,638,2,3,1269514213,3,0,5,0),(147,1269514200,14,639,2,3,1269514200,3,0,1,0),(147,1269514228,14,640,2,3,1269514239,1,0,2,0),(61,1269595543,14,641,2,3,1269595624,3,0,4,0),(148,1269599175,14,642,2,3,1269599203,1,0,1,0),(67,1269613276,14,643,2,3,1269613305,3,0,4,0),(149,1269615294,14,644,2,3,1269615345,3,0,1,0),(59,1269853295,14,646,2,3,1269853334,3,0,5,0),(59,1269853362,14,647,2,3,1269853410,3,0,6,0),(61,1269853423,14,648,2,3,1269853443,3,0,5,0),(62,1269853459,14,649,2,3,1269853483,3,0,4,0),(63,1269853502,14,650,2,3,1269853518,3,0,5,0),(150,1269884941,14,651,2,3,1269884955,3,0,1,0),(157,1270543231,14,658,2,3,1270543231,3,0,1,0),(165,1270547108,14,666,2,3,1270547108,1,0,1,0),(157,1270555655,14,667,2,3,1270555691,3,0,2,0),(166,1270555681,14,668,2,3,1270555681,1,0,1,0),(167,1270590523,14,669,2,3,1270590523,1,0,1,0),(157,1270591277,14,670,2,3,1270591302,1,0,3,0),(169,1270652335,14,672,2,3,1270652621,1,0,1,0),(170,1270659154,14,673,2,3,1270659154,1,0,1,0),(171,1270659786,14,674,2,3,1270659786,1,0,1,0),(205,1270746386,14,712,2,3,1270746438,1,0,1,0),(249,1270767003,14,756,2,3,1270767027,1,0,1,0),(261,1270798365,14,768,2,3,1270798498,1,0,1,0),(61,1270801746,14,773,2,3,1270802272,3,0,6,0),(262,1270820717,14,780,2,3,1270820745,1,0,1,0),(263,1270820806,14,781,2,3,1270820839,3,0,1,0),(267,1270903810,263,800,2,3,1270903810,3,0,1,0),(268,1270903814,263,801,2,3,1270903814,1,0,1,0),(269,1270903815,263,802,2,3,1270903815,1,0,1,0),(270,1270903816,263,803,2,3,1270903816,1,0,1,0),(271,1270903816,263,804,2,3,1270903816,1,0,1,0),(272,1270903817,263,805,2,3,1270903817,1,0,1,0),(150,1270904049,263,806,2,3,1270904073,3,0,2,0),(267,1270907915,263,807,2,3,1270907930,3,0,2,0),(273,1270908459,263,808,2,3,1270908459,1,0,1,0),(274,1270908459,263,809,2,3,1270908459,1,0,1,0),(275,1270908460,263,810,2,3,1270908460,1,0,1,0),(276,1270908460,263,811,2,3,1270908460,1,0,1,0),(277,1270908461,263,812,2,3,1270908461,1,0,1,0),(278,1270908461,263,813,2,3,1270908461,1,0,1,0),(279,1270908462,263,814,2,3,1270908462,1,0,1,0),(144,1270910610,14,815,2,3,1270910631,3,0,6,0),(267,1270925820,14,816,2,3,1270925840,1,0,3,0),(134,1270928192,14,817,2,3,1270928305,1,0,3,0),(150,1270928650,14,820,2,3,1270928680,3,0,3,0),(150,1270928741,14,821,2,3,1270928834,3,0,4,0),(150,1270928893,14,824,2,3,1270928910,1,0,5,0),(140,1270929834,14,828,2,3,1270929894,3,0,3,0),(140,1270930108,14,830,2,3,1270933830,1,0,4,0),(68,1270930802,14,837,2,3,1270933868,1,0,4,0),(67,1270931103,14,841,2,3,1270931157,3,0,5,0),(67,1270931162,14,842,2,3,1270931747,3,0,6,0),(61,1270931527,14,843,2,3,1270931566,3,0,7,0),(136,1270933766,14,845,2,3,1270933790,1,0,2,0),(61,1270935168,14,847,2,3,1270935189,1,0,8,0),(62,1270935227,14,848,2,3,1270935243,3,0,5,0),(63,1270935268,14,849,2,3,1270935451,1,0,6,0),(62,1270935531,14,851,2,3,1270935682,1,0,6,0),(59,1270935870,14,855,2,3,1270935894,1,0,7,0),(144,1270936667,14,857,2,3,1270936703,1,0,7,0),(112,1270936889,263,858,2,3,1270936901,1,0,3,0),(113,1270936914,263,859,2,3,1270936928,1,0,2,0),(114,1270936946,263,860,2,3,1270936958,3,0,2,0),(115,1270936976,263,861,2,3,1270936995,3,0,2,0),(57,1270997044,14,869,2,3,1270997099,3,0,10,0),(149,1270997973,14,870,2,3,1270998010,3,0,2,0),(57,1270998039,14,871,2,3,1270998068,3,0,11,0),(57,1270998427,14,872,2,3,1270998485,3,0,12,0),(57,1270998600,14,873,2,3,1270998625,3,0,13,0),(57,1270998861,14,874,2,3,1270998900,3,0,14,0),(65,1271004581,263,875,2,3,1271004591,1,0,5,0),(57,1271004688,14,877,2,3,1271004741,3,0,15,0),(67,1271013003,14,878,2,3,1271013020,1,0,7,0),(57,1271015594,14,879,2,3,1271015651,3,0,16,0),(57,1271015953,14,880,2,3,1271015998,3,0,17,0),(57,1271016257,14,881,2,3,1271016454,3,0,18,0),(114,1271016500,14,882,2,3,1271017092,1,0,3,0),(115,1271017118,14,883,2,3,1271017134,1,0,3,0),(263,1271060497,263,884,2,3,1271060538,3,0,2,0),(263,1271063821,263,901,2,3,1271063857,1,0,3,0),(57,1271078310,14,902,2,3,1271078355,1,0,19,0),(149,1271079242,14,905,2,3,1271079306,1,0,3,0);
/*!40000 ALTER TABLE `ezcontentobject_version` ENABLE KEYS */;
UNLOCK TABLES;

--
-- Table structure for table `ezcurrencydata`
--

DROP TABLE IF EXISTS `ezcurrencydata`;
/*!40101 SET @saved_cs_client     = @@character_set_client */;
/*!40101 SET character_set_client = utf8 */;
CREATE TABLE `ezcurrencydata` (
  `auto_rate_value` decimal(10,5) NOT NULL DEFAULT '0.00000',
  `code` varchar(4) NOT NULL DEFAULT '',
  `custom_rate_value` decimal(10,5) NOT NULL DEFAULT '0.00000',
  `id` int(11) NOT NULL AUTO_INCREMENT,
  `locale` varchar(255) NOT NULL DEFAULT '',
  `rate_factor` decimal(10,5) NOT NULL DEFAULT '1.00000',
  `status` int(11) NOT NULL DEFAULT '1',
  `symbol` varchar(255) NOT NULL DEFAULT '',
  PRIMARY KEY (`id`),
  KEY `ezcurrencydata_code` (`code`)
) ENGINE=InnoDB DEFAULT CHARSET=utf8;
/*!40101 SET character_set_client = @saved_cs_client */;

--
-- Dumping data for table `ezcurrencydata`
--

LOCK TABLES `ezcurrencydata` WRITE;
/*!40000 ALTER TABLE `ezcurrencydata` DISABLE KEYS */;
/*!40000 ALTER TABLE `ezcurrencydata` ENABLE KEYS */;
UNLOCK TABLES;

--
-- Table structure for table `ezdiscountrule`
--

DROP TABLE IF EXISTS `ezdiscountrule`;
/*!40101 SET @saved_cs_client     = @@character_set_client */;
/*!40101 SET character_set_client = utf8 */;
CREATE TABLE `ezdiscountrule` (
  `id` int(11) NOT NULL AUTO_INCREMENT,
  `name` varchar(255) NOT NULL DEFAULT '',
  PRIMARY KEY (`id`)
) ENGINE=InnoDB DEFAULT CHARSET=utf8;
/*!40101 SET character_set_client = @saved_cs_client */;

--
-- Dumping data for table `ezdiscountrule`
--

LOCK TABLES `ezdiscountrule` WRITE;
/*!40000 ALTER TABLE `ezdiscountrule` DISABLE KEYS */;
/*!40000 ALTER TABLE `ezdiscountrule` ENABLE KEYS */;
UNLOCK TABLES;

--
-- Table structure for table `ezdiscountsubrule`
--

DROP TABLE IF EXISTS `ezdiscountsubrule`;
/*!40101 SET @saved_cs_client     = @@character_set_client */;
/*!40101 SET character_set_client = utf8 */;
CREATE TABLE `ezdiscountsubrule` (
  `discount_percent` float DEFAULT NULL,
  `discountrule_id` int(11) NOT NULL DEFAULT '0',
  `id` int(11) NOT NULL AUTO_INCREMENT,
  `limitation` char(1) DEFAULT NULL,
  `name` varchar(255) NOT NULL DEFAULT '',
  PRIMARY KEY (`id`)
) ENGINE=InnoDB DEFAULT CHARSET=utf8;
/*!40101 SET character_set_client = @saved_cs_client */;

--
-- Dumping data for table `ezdiscountsubrule`
--

LOCK TABLES `ezdiscountsubrule` WRITE;
/*!40000 ALTER TABLE `ezdiscountsubrule` DISABLE KEYS */;
/*!40000 ALTER TABLE `ezdiscountsubrule` ENABLE KEYS */;
UNLOCK TABLES;

--
-- Table structure for table `ezdiscountsubrule_value`
--

DROP TABLE IF EXISTS `ezdiscountsubrule_value`;
/*!40101 SET @saved_cs_client     = @@character_set_client */;
/*!40101 SET character_set_client = utf8 */;
CREATE TABLE `ezdiscountsubrule_value` (
  `discountsubrule_id` int(11) NOT NULL DEFAULT '0',
  `issection` int(11) NOT NULL DEFAULT '0',
  `value` int(11) NOT NULL DEFAULT '0',
  PRIMARY KEY (`discountsubrule_id`,`value`,`issection`)
) ENGINE=InnoDB DEFAULT CHARSET=utf8;
/*!40101 SET character_set_client = @saved_cs_client */;

--
-- Dumping data for table `ezdiscountsubrule_value`
--

LOCK TABLES `ezdiscountsubrule_value` WRITE;
/*!40000 ALTER TABLE `ezdiscountsubrule_value` DISABLE KEYS */;
/*!40000 ALTER TABLE `ezdiscountsubrule_value` ENABLE KEYS */;
UNLOCK TABLES;

--
-- Table structure for table `ezenumobjectvalue`
--

DROP TABLE IF EXISTS `ezenumobjectvalue`;
/*!40101 SET @saved_cs_client     = @@character_set_client */;
/*!40101 SET character_set_client = utf8 */;
CREATE TABLE `ezenumobjectvalue` (
  `contentobject_attribute_id` int(11) NOT NULL DEFAULT '0',
  `contentobject_attribute_version` int(11) NOT NULL DEFAULT '0',
  `enumelement` varchar(255) NOT NULL DEFAULT '',
  `enumid` int(11) NOT NULL DEFAULT '0',
  `enumvalue` varchar(255) NOT NULL DEFAULT '',
  PRIMARY KEY (`contentobject_attribute_id`,`contentobject_attribute_version`,`enumid`),
  KEY `ezenumobjectvalue_co_attr_id_co_attr_ver` (`contentobject_attribute_id`,`contentobject_attribute_version`)
) ENGINE=InnoDB DEFAULT CHARSET=utf8;
/*!40101 SET character_set_client = @saved_cs_client */;

--
-- Dumping data for table `ezenumobjectvalue`
--

LOCK TABLES `ezenumobjectvalue` WRITE;
/*!40000 ALTER TABLE `ezenumobjectvalue` DISABLE KEYS */;
/*!40000 ALTER TABLE `ezenumobjectvalue` ENABLE KEYS */;
UNLOCK TABLES;

--
-- Table structure for table `ezenumvalue`
--

DROP TABLE IF EXISTS `ezenumvalue`;
/*!40101 SET @saved_cs_client     = @@character_set_client */;
/*!40101 SET character_set_client = utf8 */;
CREATE TABLE `ezenumvalue` (
  `contentclass_attribute_id` int(11) NOT NULL DEFAULT '0',
  `contentclass_attribute_version` int(11) NOT NULL DEFAULT '0',
  `enumelement` varchar(255) NOT NULL DEFAULT '',
  `enumvalue` varchar(255) NOT NULL DEFAULT '',
  `id` int(11) NOT NULL AUTO_INCREMENT,
  `placement` int(11) NOT NULL DEFAULT '0',
  PRIMARY KEY (`id`,`contentclass_attribute_id`,`contentclass_attribute_version`),
  KEY `ezenumvalue_co_cl_attr_id_co_class_att_ver` (`contentclass_attribute_id`,`contentclass_attribute_version`)
) ENGINE=InnoDB DEFAULT CHARSET=utf8;
/*!40101 SET character_set_client = @saved_cs_client */;

--
-- Dumping data for table `ezenumvalue`
--

LOCK TABLES `ezenumvalue` WRITE;
/*!40000 ALTER TABLE `ezenumvalue` DISABLE KEYS */;
/*!40000 ALTER TABLE `ezenumvalue` ENABLE KEYS */;
UNLOCK TABLES;

--
-- Table structure for table `ezforgot_password`
--

DROP TABLE IF EXISTS `ezforgot_password`;
/*!40101 SET @saved_cs_client     = @@character_set_client */;
/*!40101 SET character_set_client = utf8 */;
CREATE TABLE `ezforgot_password` (
  `hash_key` varchar(32) NOT NULL DEFAULT '',
  `id` int(11) NOT NULL AUTO_INCREMENT,
  `time` int(11) NOT NULL DEFAULT '0',
  `user_id` int(11) NOT NULL DEFAULT '0',
  PRIMARY KEY (`id`),
  KEY `ezforgot_password_user` (`user_id`)
) ENGINE=InnoDB DEFAULT CHARSET=utf8;
/*!40101 SET character_set_client = @saved_cs_client */;

--
-- Dumping data for table `ezforgot_password`
--

LOCK TABLES `ezforgot_password` WRITE;
/*!40000 ALTER TABLE `ezforgot_password` DISABLE KEYS */;
/*!40000 ALTER TABLE `ezforgot_password` ENABLE KEYS */;
UNLOCK TABLES;

--
-- Table structure for table `ezgeneral_digest_user_settings`
--

DROP TABLE IF EXISTS `ezgeneral_digest_user_settings`;
/*!40101 SET @saved_cs_client     = @@character_set_client */;
/*!40101 SET character_set_client = utf8 */;
CREATE TABLE `ezgeneral_digest_user_settings` (
  `address` varchar(255) NOT NULL DEFAULT '',
  `day` varchar(255) NOT NULL DEFAULT '',
  `digest_type` int(11) NOT NULL DEFAULT '0',
  `id` int(11) NOT NULL AUTO_INCREMENT,
  `receive_digest` int(11) NOT NULL DEFAULT '0',
  `time` varchar(255) NOT NULL DEFAULT '',
  PRIMARY KEY (`id`),
  UNIQUE KEY `ezgeneral_digest_user_settings_address` (`address`)
) ENGINE=InnoDB AUTO_INCREMENT=2 DEFAULT CHARSET=utf8;
/*!40101 SET character_set_client = @saved_cs_client */;

--
-- Dumping data for table `ezgeneral_digest_user_settings`
--

LOCK TABLES `ezgeneral_digest_user_settings` WRITE;
/*!40000 ALTER TABLE `ezgeneral_digest_user_settings` DISABLE KEYS */;
INSERT INTO `ezgeneral_digest_user_settings` VALUES ('mosarg@gmail.com','',0,1,0,'');
/*!40000 ALTER TABLE `ezgeneral_digest_user_settings` ENABLE KEYS */;
UNLOCK TABLES;

--
-- Table structure for table `ezgmaplocation`
--

DROP TABLE IF EXISTS `ezgmaplocation`;
/*!40101 SET @saved_cs_client     = @@character_set_client */;
/*!40101 SET character_set_client = utf8 */;
CREATE TABLE `ezgmaplocation` (
  `contentobject_attribute_id` int(11) NOT NULL DEFAULT '0',
  `contentobject_version` int(11) NOT NULL DEFAULT '0',
  `latitude` double NOT NULL DEFAULT '0',
  `longitude` double NOT NULL DEFAULT '0',
  `address` varchar(150) DEFAULT NULL,
  PRIMARY KEY (`contentobject_attribute_id`,`contentobject_version`),
  KEY `latitude_longitude_key` (`latitude`,`longitude`)
) ENGINE=InnoDB DEFAULT CHARSET=utf8;
/*!40101 SET character_set_client = @saved_cs_client */;

--
-- Dumping data for table `ezgmaplocation`
--

LOCK TABLES `ezgmaplocation` WRITE;
/*!40000 ALTER TABLE `ezgmaplocation` DISABLE KEYS */;
INSERT INTO `ezgmaplocation` VALUES (1519,3,45.913082,13.157475,'sant andrat del cormor,talmassons,ud,italy');
/*!40000 ALTER TABLE `ezgmaplocation` ENABLE KEYS */;
UNLOCK TABLES;

--
-- Table structure for table `ezimagefile`
--

DROP TABLE IF EXISTS `ezimagefile`;
/*!40101 SET @saved_cs_client     = @@character_set_client */;
/*!40101 SET character_set_client = utf8 */;
CREATE TABLE `ezimagefile` (
  `contentobject_attribute_id` int(11) NOT NULL DEFAULT '0',
  `filepath` longtext NOT NULL,
  `id` int(11) NOT NULL AUTO_INCREMENT,
  PRIMARY KEY (`id`),
  KEY `ezimagefile_coid` (`contentobject_attribute_id`),
  KEY `ezimagefile_file` (`filepath`(200))
) ENGINE=InnoDB AUTO_INCREMENT=614 DEFAULT CHARSET=utf8;
/*!40101 SET character_set_client = @saved_cs_client */;

--
-- Dumping data for table `ezimagefile`
--

LOCK TABLES `ezimagefile` WRITE;
/*!40000 ALTER TABLE `ezimagefile` DISABLE KEYS */;
INSERT INTO `ezimagefile` VALUES (172,'var/storage/images/setup/ez_publish/172-1-eng-GB/ez_publish.',1),(172,'var/ezflow_site/storage/images/design/ez-publish/172-1-ita-IT/eZ-Flow-without-demo-content1.png',2),(172,'var/mondelli/storage/images/design/mondelli-stable/172-1-ita-IT/Mondelli-Stable.png',3),(239,'var/mondelli/storage/images/foto/239-2-ita-IT/Foto.png',5),(239,'var/mondelli/storage/images/foto/239-2-ita-IT/Foto_menublock.png',6),(240,'var/mondelli/storage/images/equitazione/240-2-ita-IT/Equitazione.png',8),(240,'var/mondelli/storage/images/equitazione/240-2-ita-IT/Equitazione_menublock.png',9),(241,'var/mondelli/storage/images/cucina/241-2-ita-IT/Cucina.png',11),(241,'var/mondelli/storage/images/cucina/241-2-ita-IT/Cucina_menublock.png',12),(243,'var/mondelli/storage/images/eventi/243-3-ita-IT/Eventi.png',14),(243,'var/mondelli/storage/images/eventi/243-3-ita-IT/Eventi_menublock.png',15),(239,'var/mondelli/storage/images/foto/239-2-ita-IT/Foto_small.png',16),(240,'var/mondelli/storage/images/equitazione/240-2-ita-IT/Equitazione_small.png',17),(241,'var/mondelli/storage/images/cucina/241-2-ita-IT/Cucina_small.png',18),(243,'var/mondelli/storage/images/eventi/243-3-ita-IT/Eventi_small.png',19),(322,'var/mondelli/storage/images/media/images/p5250041/322-1-ita-IT/P5250041.jpg',21),(322,'var/mondelli/storage/images/media/images/p5250041/322-1-ita-IT/P5250041_small.jpg',22),(322,'var/mondelli/storage/images/media/images/p5250041/322-1-ita-IT/P5250041_medium.jpg',23),(322,'var/mondelli/storage/images/media/images/p5250041/322-1-ita-IT/P5250041_imagelarge.jpg',24),(322,'var/mondelli/storage/images/media/images/p5250041/322-1-ita-IT/P5250041_mainstory1.jpg',25),(503,'var/mondelli/storage/images/foto/panini/hot-dog/503-2-ita-IT/Hot-Dog.jpg',215),(503,'var/mondelli/storage/images/foto/panini/hot-dog/503-2-ita-IT/Hot-Dog_folderthumbnail.jpg',216),(511,'var/mondelli/storage/images/foto/panini/hamburger/511-1-ita-IT/Hamburger.jpg',218),(511,'var/mondelli/storage/images/foto/panini/hamburger/511-1-ita-IT/Hamburger_folderthumbnail.jpg',219),(519,'var/mondelli/storage/images/foto/panini/bistecche/519-1-ita-IT/Bistecche.jpg',221),(519,'var/mondelli/storage/images/foto/panini/bistecche/519-1-ita-IT/Bistecche_folderthumbnail.jpg',222),(527,'var/mondelli/storage/images/foto/panini/lubianske/527-1-ita-IT/Lubianske.jpg',224),(527,'var/mondelli/storage/images/foto/panini/lubianske/527-1-ita-IT/Lubianske_folderthumbnail.jpg',225),(626,'var/mondelli/storage/images/foto/arrosticini/agnello/626-1-ita-IT/Agnello.jpg',316),(626,'var/mondelli/storage/images/foto/arrosticini/agnello/626-1-ita-IT/Agnello_folderthumbnail.jpg',317),(634,'var/mondelli/storage/images/foto/zamponi/634-1-ita-IT/Zamponi.jpg',319),(642,'var/mondelli/storage/images/foto/zamponi/vivi/642-1-ita-IT/Vivi.jpg',321),(642,'var/mondelli/storage/images/foto/zamponi/vivi/642-1-ita-IT/Vivi_folderthumbnail.jpg',322),(650,'var/mondelli/storage/images/foto/zamponi/morti/650-1-ita-IT/Morti.jpg',324),(650,'var/mondelli/storage/images/foto/zamponi/morti/650-1-ita-IT/Morti_folderthumbnail.jpg',325),(658,'var/mondelli/storage/images/foto/zamponi/moribondi/658-1-ita-IT/Moribondi.jpg',327),(658,'var/mondelli/storage/images/foto/zamponi/moribondi/658-1-ita-IT/Moribondi_folderthumbnail.jpg',328),(674,'var/mondelli/storage/images/foto/bomboloni/krapfen/674-1-ita-IT/Krapfen.jpg',330),(674,'var/mondelli/storage/images/foto/bomboloni/krapfen/674-1-ita-IT/Krapfen_folderthumbnail.jpg',331),(682,'var/mondelli/storage/images/foto/bomboloni/kiffel/682-1-ita-IT/Kiffel.jpg',333),(682,'var/mondelli/storage/images/foto/bomboloni/kiffel/682-1-ita-IT/Kiffel_folderthumbnail.jpg',334),(239,'var/mondelli/storage/images/foto/239-2-ita-IT/Foto_medium.png',336),(690,'var/mondelli/storage/images/foto/690-3-ita-IT/Foto.jpg',338),(690,'var/mondelli/storage/images/foto/690-3-ita-IT/Foto_gallerythumbnailsquare.jpg',339),(690,'var/mondelli/storage/images/foto/690-3-ita-IT/Foto_medium.jpg',340),(240,'var/mondelli/storage/images/equitazione/240-2-ita-IT/Equitazione_medium.png',341),(692,'var/mondelli/storage/images/equitazione/692-3-ita-IT/Equitazione.jpg',343),(692,'var/mondelli/storage/images/equitazione/692-3-ita-IT/Equitazione_gallerythumbnailsquare.jpg',344),(241,'var/mondelli/storage/images/cucina/241-2-ita-IT/Cucina_medium.png',345),(694,'var/mondelli/storage/images/cucina/694-3-ita-IT/Cucina.jpg',347),(694,'var/mondelli/storage/images/cucina/694-3-ita-IT/Cucina_gallerythumbnailsquare.jpg',348),(243,'var/mondelli/storage/images/eventi/243-3-ita-IT/Eventi_medium.png',349),(697,'var/mondelli/storage/images/eventi/697-4-ita-IT/Eventi.jpg',351),(697,'var/mondelli/storage/images/eventi/697-4-ita-IT/Eventi_gallerythumbnailsquare.jpg',352),(634,'var/mondelli/storage/images/foto/zamponi/634-1-ita-IT/Zamponi_megadropsmall.jpg',353),(618,'var/mondelli/storage/images/foto/arrosticini/618-2-ita-IT/Arrosticini.jpg',355),(618,'var/mondelli/storage/images/foto/arrosticini/618-2-ita-IT/Arrosticini_megadropsmall.jpg',356),(666,'var/mondelli/storage/images/foto/bomboloni/666-2-ita-IT/Bomboloni.jpg',358),(666,'var/mondelli/storage/images/foto/bomboloni/666-2-ita-IT/Bomboloni_megadropsmall.jpg',359),(501,'var/mondelli/storage/images/foto/panini/501-3-ita-IT/Panini.png',361),(501,'var/mondelli/storage/images/foto/panini/501-3-ita-IT/Panini_megadropsmall.png',362),(500,'var/mondelli/storage/images/equitazione/cavalli/500-3-ita-IT/Cavalli.jpg',364),(500,'var/mondelli/storage/images/equitazione/cavalli/500-3-ita-IT/Cavalli_megadropsmall.jpg',365),(498,'var/mondelli/storage/images/cucina/manicaretti/498-2-ita-IT/Manicaretti.jpg',367),(498,'var/mondelli/storage/images/cucina/manicaretti/498-2-ita-IT/Manicaretti_megadropsmall.jpg',368),(717,'var/mondelli/storage/images/eventi/calendario/717-4-ita-IT/Calendario.jpg',370),(717,'var/mondelli/storage/images/eventi/calendario/717-4-ita-IT/Calendario_megadropsmall.jpg',371),(502,'var/mondelli/storage/images/eventi/musica/502-2-ita-IT/Musica.jpg',373),(502,'var/mondelli/storage/images/eventi/musica/502-2-ita-IT/Musica_megadropsmall.jpg',374),(732,'var/mondelli/storage/images/equitazione/cavalli/la-tana-dei-tori/732-1-ita-IT/La-tana-dei-tori.jpg',376),(732,'var/mondelli/storage/images/equitazione/cavalli/la-tana-dei-tori/732-1-ita-IT/La-tana-dei-tori_articlethumbnail.jpg',377),(732,'var/mondelli/storage/images/equitazione/cavalli/la-tana-dei-tori/732-1-ita-IT/La-tana-dei-tori_medium.jpg',378),(690,'var/mondelli/storage/images/foto/690-3-ita-IT/Foto_small.jpg',379),(692,'var/mondelli/storage/images/equitazione/692-3-ita-IT/Equitazione_small.jpg',380),(694,'var/mondelli/storage/images/cucina/694-3-ita-IT/Cucina_small.jpg',381),(697,'var/mondelli/storage/images/eventi/697-4-ita-IT/Eventi_small.jpg',382),(740,'var/mondelli/storage/images/media/images/death/740-1-ita-IT/Death.jpg',384),(740,'var/mondelli/storage/images/media/images/death/740-1-ita-IT/Death_small.jpg',385),(740,'var/mondelli/storage/images/media/images/death/740-1-ita-IT/Death_medium.jpg',386),(744,'var/mondelli/storage/images/media/images/octopussy_ii_by_kunkka/744-1-ita-IT/octopussy_II_by_kunkka.jpg',388),(744,'var/mondelli/storage/images/media/images/octopussy_ii_by_kunkka/744-1-ita-IT/octopussy_II_by_kunkka_small.jpg',389),(744,'var/mondelli/storage/images/media/images/octopussy_ii_by_kunkka/744-1-ita-IT/octopussy_II_by_kunkka_medium.jpg',390),(740,'var/mondelli/storage/images/media/images/death/740-1-ita-IT/Death_large.jpg',391),(744,'var/mondelli/storage/images/media/images/octopussy_ii_by_kunkka/744-1-ita-IT/octopussy_II_by_kunkka_large.jpg',392),(748,'var/mondelli/storage/images/media/images/good_morning_by_marazmuser/748-1-ita-IT/good_morning_by_marazmuser.jpg',394),(748,'var/mondelli/storage/images/media/images/good_morning_by_marazmuser/748-1-ita-IT/good_morning_by_marazmuser_small.jpg',395),(748,'var/mondelli/storage/images/media/images/good_morning_by_marazmuser/748-1-ita-IT/good_morning_by_marazmuser_medium.jpg',396),(748,'var/mondelli/storage/images/media/images/good_morning_by_marazmuser/748-1-ita-IT/good_morning_by_marazmuser_large.jpg',397),(692,'var/mondelli/storage/images/equitazione/692-3-ita-IT/Equitazione_medium.jpg',398),(240,'var/mondelli/storage/images/equitazione/240-4-ita-IT/Equitazione.png',400),(240,'var/mondelli/storage/images/equitazione/240-4-ita-IT/Equitazione_menublock.png',401),(755,'var/mondelli/storage/images/foto/arrosticini/agnello/pelosi/755-1-ita-IT/Pelosi.jpg',403),(755,'var/mondelli/storage/images/foto/arrosticini/agnello/pelosi/755-1-ita-IT/Pelosi_folderthumbnail.jpg',404),(732,'var/mondelli/storage/images/equitazione/cavalli/la-tana-dei-tori/732-1-ita-IT/La-tana-dei-tori_large.jpg',405),(500,'var/mondelli/storage/images/equitazione/cavalli/500-3-ita-IT/Cavalli_medium.jpg',406),(764,'var/mondelli/storage/images/equitazione/cavalli/il-paradiso-degli-stolti/764-1-ita-IT/Il-paradiso-degli-stolti.jpg',408),(764,'var/mondelli/storage/images/equitazione/cavalli/il-paradiso-degli-stolti/764-1-ita-IT/Il-paradiso-degli-stolti_large.jpg',409),(239,'var/mondelli/storage/images/foto/239-5-ita-IT/Foto.jpg',412),(690,'var/mondelli/storage/images/foto/690-5-ita-IT/Foto.jpg',413),(239,'var/mondelli/storage/images/foto/239-5-ita-IT/Foto_menublock.jpg',414),(690,'var/mondelli/storage/images/foto/690-5-ita-IT/Foto_gallerythumbnailsquare.jpg',415),(690,'var/mondelli/storage/images/foto/690-5-ita-IT/Foto_medium.jpg',417),(239,'var/mondelli/storage/images/foto/239-6-ita-IT/Foto.png',419),(239,'var/mondelli/storage/images/foto/239-6-ita-IT/Foto_menublock.png',420),(240,'var/mondelli/storage/images/equitazione/240-5-ita-IT/Equitazione.png',422),(240,'var/mondelli/storage/images/equitazione/240-5-ita-IT/Equitazione_menublock.png',423),(241,'var/mondelli/storage/images/cucina/241-4-ita-IT/Cucina.png',425),(241,'var/mondelli/storage/images/cucina/241-4-ita-IT/Cucina_menublock.png',426),(243,'var/mondelli/storage/images/eventi/243-5-ita-IT/Eventi.png',428),(243,'var/mondelli/storage/images/eventi/243-5-ita-IT/Eventi_menublock.png',429),(243,'var/mondelli/storage/images/eventi/243-5-ita-IT/Eventi_reference.png',430),(243,'var/mondelli/storage/images/eventi/243-5-ita-IT/Eventi_large.png',431),(239,'var/mondelli/storage/images/foto/239-6-ita-IT/Foto_small.png',432),(690,'var/mondelli/storage/images/foto/690-5-ita-IT/Foto_small.jpg',433),(240,'var/mondelli/storage/images/equitazione/240-5-ita-IT/Equitazione_small.png',434),(241,'var/mondelli/storage/images/cucina/241-4-ita-IT/Cucina_small.png',435),(243,'var/mondelli/storage/images/eventi/243-5-ita-IT/Eventi_small.png',436),(912,'var/mondelli/storage/images/media/images/exile_by_katibear/912-1-ita-IT/Exile_by_KatiBear.jpg',438),(912,'var/mondelli/storage/images/media/images/exile_by_katibear/912-1-ita-IT/Exile_by_KatiBear_small.jpg',439),(912,'var/mondelli/storage/images/media/images/exile_by_katibear/912-1-ita-IT/Exile_by_KatiBear_medium.jpg',440),(239,'var/mondelli/storage/images/foto/239-6-ita-IT/Foto_medium.png',441),(240,'var/mondelli/storage/images/equitazione/240-5-ita-IT/Equitazione_medium.png',445),(240,'var/mondelli/storage/images/equitazione/240-5-ita-IT/Equitazione_large.png',446),(1434,'var/mondelli/storage/images/foto/panini/strane-foto/dans_l__imagination_by_armawolf/1434-1-ita-IT/dans_l__imagination_by_armawolf.jpg',458),(1434,'var/mondelli/storage/images/foto/panini/strane-foto/dans_l__imagination_by_armawolf/1434-1-ita-IT/dans_l__imagination_by_armawolf_multiuploadthumbnail.jpg',459),(1438,'var/mondelli/storage/images/foto/panini/strane-foto/difference_by_baspunk/1438-1-ita-IT/difference_by_baspunk.jpg',461),(1438,'var/mondelli/storage/images/foto/panini/strane-foto/difference_by_baspunk/1438-1-ita-IT/difference_by_baspunk_multiuploadthumbnail.jpg',462),(1442,'var/mondelli/storage/images/foto/panini/strane-foto/frills_4_by_goldfishdreams_stock/1442-1-ita-IT/Frills_4_by_Goldfishdreams_stock.jpg',464),(1442,'var/mondelli/storage/images/foto/panini/strane-foto/frills_4_by_goldfishdreams_stock/1442-1-ita-IT/Frills_4_by_Goldfishdreams_stock_multiuploadthumbnail.jpg',465),(1446,'var/mondelli/storage/images/foto/panini/strane-foto/fractalflowers_30_by_love1008/1446-1-ita-IT/fractalFlowers_30_by_love1008.jpg',467),(1446,'var/mondelli/storage/images/foto/panini/strane-foto/fractalflowers_30_by_love1008/1446-1-ita-IT/fractalFlowers_30_by_love1008_multiuploadthumbnail.jpg',468),(1450,'var/mondelli/storage/images/foto/panini/strane-foto/exile_by_katibear/1450-1-ita-IT/Exile_by_KatiBear.jpg',470),(1450,'var/mondelli/storage/images/foto/panini/strane-foto/exile_by_katibear/1450-1-ita-IT/Exile_by_KatiBear_multiuploadthumbnail.jpg',471),(1454,'var/mondelli/storage/images/foto/panini/strane-foto/dawn_on_the_deck_by_l8/1454-1-ita-IT/Dawn_On_The_Deck_by_l8.jpg',473),(1454,'var/mondelli/storage/images/foto/panini/strane-foto/dawn_on_the_deck_by_l8/1454-1-ita-IT/Dawn_On_The_Deck_by_l8_multiuploadthumbnail.jpg',474),(1434,'var/mondelli/storage/images/foto/panini/strane-foto/dans_l__imagination_by_armawolf/1434-1-ita-IT/dans_l__imagination_by_armawolf_galleryfull.jpg',475),(1434,'var/mondelli/storage/images/foto/panini/strane-foto/dans_l__imagination_by_armawolf/1434-1-ita-IT/dans_l__imagination_by_armawolf_gallerythumbnailsquare.jpg',476),(1438,'var/mondelli/storage/images/foto/panini/strane-foto/difference_by_baspunk/1438-1-ita-IT/difference_by_baspunk_galleryfull.jpg',477),(1438,'var/mondelli/storage/images/foto/panini/strane-foto/difference_by_baspunk/1438-1-ita-IT/difference_by_baspunk_gallerythumbnailsquare.jpg',478),(1442,'var/mondelli/storage/images/foto/panini/strane-foto/frills_4_by_goldfishdreams_stock/1442-1-ita-IT/Frills_4_by_Goldfishdreams_stock_galleryfull.jpg',479),(1442,'var/mondelli/storage/images/foto/panini/strane-foto/frills_4_by_goldfishdreams_stock/1442-1-ita-IT/Frills_4_by_Goldfishdreams_stock_gallerythumbnailsquare.jpg',480),(1446,'var/mondelli/storage/images/foto/panini/strane-foto/fractalflowers_30_by_love1008/1446-1-ita-IT/fractalFlowers_30_by_love1008_galleryfull.jpg',481),(1446,'var/mondelli/storage/images/foto/panini/strane-foto/fractalflowers_30_by_love1008/1446-1-ita-IT/fractalFlowers_30_by_love1008_gallerythumbnailsquare.jpg',482),(1450,'var/mondelli/storage/images/foto/panini/strane-foto/exile_by_katibear/1450-1-ita-IT/Exile_by_KatiBear_galleryfull.jpg',483),(1450,'var/mondelli/storage/images/foto/panini/strane-foto/exile_by_katibear/1450-1-ita-IT/Exile_by_KatiBear_gallerythumbnailsquare.jpg',484),(1454,'var/mondelli/storage/images/foto/panini/strane-foto/dawn_on_the_deck_by_l8/1454-1-ita-IT/Dawn_On_The_Deck_by_l8_galleryfull.jpg',485),(1454,'var/mondelli/storage/images/foto/panini/strane-foto/dawn_on_the_deck_by_l8/1454-1-ita-IT/Dawn_On_The_Deck_by_l8_gallerythumbnailsquare.jpg',486),(1450,'var/mondelli/storage/images/foto/panini/strane-foto/exile_by_katibear/1450-1-ita-IT/Exile_by_KatiBear_folderthumbnail.jpg',487),(1434,'var/mondelli/storage/images/foto/panini/strane-foto/dans_l__imagination_by_armawolf/1434-1-ita-IT/dans_l__imagination_by_armawolf_imagelarge.jpg',488),(1434,'var/mondelli/storage/images/foto/panini/strane-foto/dans_l__imagination_by_armawolf/1434-1-ita-IT/dans_l__imagination_by_armawolf_medium.jpg',489),(1434,'var/mondelli/storage/images/foto/panini/strane-foto/imagination/1434-1-ita-IT/Imagination.jpg',490),(1434,'var/mondelli/storage/images/foto/panini/strane-foto/imagination/1434-1-ita-IT/Imagination_multiuploadthumbnail.jpg',491),(1434,'var/mondelli/storage/images/foto/panini/strane-foto/imagination/1434-1-ita-IT/Imagination_galleryfull.jpg',492),(1434,'var/mondelli/storage/images/foto/panini/strane-foto/imagination/1434-1-ita-IT/Imagination_gallerythumbnailsquare.jpg',493),(1434,'var/mondelli/storage/images/foto/panini/strane-foto/imagination/1434-1-ita-IT/Imagination_imagelarge.jpg',494),(1434,'var/mondelli/storage/images/foto/panini/strane-foto/imagination/1434-1-ita-IT/Imagination_medium.jpg',495),(1458,'var/mondelli/storage/images/foto/panini/strane-foto/6533-2/1458-1-ita-IT/6533-2.jpg',497),(1458,'var/mondelli/storage/images/foto/panini/strane-foto/6533-2/1458-1-ita-IT/6533-2_multiuploadthumbnail.jpg',498),(1462,'var/mondelli/storage/images/foto/panini/strane-foto/6964-unwetterhimmel/1462-1-ita-IT/6964-Unwetterhimmel.jpg',500),(1462,'var/mondelli/storage/images/foto/panini/strane-foto/6964-unwetterhimmel/1462-1-ita-IT/6964-Unwetterhimmel_multiuploadthumbnail.jpg',501),(1466,'var/mondelli/storage/images/foto/panini/strane-foto/6947-midsommarblomma/1466-1-ita-IT/6947-Midsommarblomma.jpg',503),(1466,'var/mondelli/storage/images/foto/panini/strane-foto/6947-midsommarblomma/1466-1-ita-IT/6947-Midsommarblomma_multiuploadthumbnail.jpg',504),(1470,'var/mondelli/storage/images/foto/panini/strane-foto/7007-renfana/1470-1-ita-IT/7007-Renfana.jpg',506),(1470,'var/mondelli/storage/images/foto/panini/strane-foto/7007-renfana/1470-1-ita-IT/7007-Renfana_multiuploadthumbnail.jpg',507),(1474,'var/mondelli/storage/images/foto/panini/strane-foto/4561-misato/1474-1-ita-IT/4561-Misato.jpg',509),(1474,'var/mondelli/storage/images/foto/panini/strane-foto/4561-misato/1474-1-ita-IT/4561-Misato_multiuploadthumbnail.jpg',510),(1478,'var/mondelli/storage/images/foto/panini/strane-foto/7000-gulvial/1478-1-ita-IT/7000-Gulvial.jpg',512),(1478,'var/mondelli/storage/images/foto/panini/strane-foto/7000-gulvial/1478-1-ita-IT/7000-Gulvial_multiuploadthumbnail.jpg',513),(1482,'var/mondelli/storage/images/foto/panini/strane-foto/5913-kitsh_sunset/1482-1-ita-IT/5913-Kitsh_sunset.jpg',515),(1482,'var/mondelli/storage/images/foto/panini/strane-foto/5913-kitsh_sunset/1482-1-ita-IT/5913-Kitsh_sunset_multiuploadthumbnail.jpg',516),(1458,'var/mondelli/storage/images/foto/panini/strane-foto/6533-2/1458-1-ita-IT/6533-2_galleryfull.jpg',517),(1458,'var/mondelli/storage/images/foto/panini/strane-foto/6533-2/1458-1-ita-IT/6533-2_gallerythumbnailsquare.jpg',518),(1462,'var/mondelli/storage/images/foto/panini/strane-foto/6964-unwetterhimmel/1462-1-ita-IT/6964-Unwetterhimmel_galleryfull.jpg',519),(1462,'var/mondelli/storage/images/foto/panini/strane-foto/6964-unwetterhimmel/1462-1-ita-IT/6964-Unwetterhimmel_gallerythumbnailsquare.jpg',520),(1466,'var/mondelli/storage/images/foto/panini/strane-foto/6947-midsommarblomma/1466-1-ita-IT/6947-Midsommarblomma_galleryfull.jpg',521),(1466,'var/mondelli/storage/images/foto/panini/strane-foto/6947-midsommarblomma/1466-1-ita-IT/6947-Midsommarblomma_gallerythumbnailsquare.jpg',522),(1470,'var/mondelli/storage/images/foto/panini/strane-foto/7007-renfana/1470-1-ita-IT/7007-Renfana_galleryfull.jpg',523),(1470,'var/mondelli/storage/images/foto/panini/strane-foto/7007-renfana/1470-1-ita-IT/7007-Renfana_gallerythumbnailsquare.jpg',524),(1474,'var/mondelli/storage/images/foto/panini/strane-foto/4561-misato/1474-1-ita-IT/4561-Misato_galleryfull.jpg',525),(1474,'var/mondelli/storage/images/foto/panini/strane-foto/4561-misato/1474-1-ita-IT/4561-Misato_gallerythumbnailsquare.jpg',526),(1478,'var/mondelli/storage/images/foto/panini/strane-foto/7000-gulvial/1478-1-ita-IT/7000-Gulvial_galleryfull.jpg',527),(1478,'var/mondelli/storage/images/foto/panini/strane-foto/7000-gulvial/1478-1-ita-IT/7000-Gulvial_gallerythumbnailsquare.jpg',528),(1482,'var/mondelli/storage/images/foto/panini/strane-foto/5913-kitsh_sunset/1482-1-ita-IT/5913-Kitsh_sunset_galleryfull.jpg',529),(1482,'var/mondelli/storage/images/foto/panini/strane-foto/5913-kitsh_sunset/1482-1-ita-IT/5913-Kitsh_sunset_gallerythumbnailsquare.jpg',530),(1474,'var/mondelli/storage/images/foto/panini/strane-foto/4561-misato/1474-1-ita-IT/4561-Misato_imagelarge.jpg',531),(618,'var/mondelli/storage/images/foto/arrosticini/618-3-ita-IT/Arrosticini.jpg',533),(618,'var/mondelli/storage/images/foto/arrosticini/618-3-ita-IT/Arrosticini_megadropsmall.jpg',534),(634,'var/mondelli/storage/images/foto/zamponi/634-2-ita-IT/Zamponi.jpg',536),(634,'var/mondelli/storage/images/foto/zamponi/634-2-ita-IT/Zamponi_megadropsmall.jpg',537),(666,'var/mondelli/storage/images/foto/bomboloni/666-4-ita-IT/Bomboloni.jpg',539),(666,'var/mondelli/storage/images/foto/bomboloni/666-4-ita-IT/Bomboloni_megadropsmall.jpg',540),(501,'var/mondelli/storage/images/foto/panini/501-4-ita-IT/Panini.jpg',542),(501,'var/mondelli/storage/images/foto/panini/501-4-ita-IT/Panini_megadropsmall.jpg',543),(692,'var/mondelli/storage/images/equitazione/692-8-ita-IT/Equitazione.jpg',545),(692,'var/mondelli/storage/images/equitazione/692-8-ita-IT/Equitazione_gallerythumbnailsquare.jpg',546),(241,'var/mondelli/storage/images/cucina/241-4-ita-IT/Cucina_medium.png',547),(694,'var/mondelli/storage/images/cucina/694-5-ita-IT/Cucina.jpg',549),(694,'var/mondelli/storage/images/cucina/694-5-ita-IT/Cucina_gallerythumbnailsquare.jpg',550),(243,'var/mondelli/storage/images/eventi/243-5-ita-IT/Eventi_medium.png',551),(697,'var/mondelli/storage/images/eventi/697-6-ita-IT/Eventi.jpg',553),(697,'var/mondelli/storage/images/eventi/697-6-ita-IT/Eventi_gallerythumbnailsquare.jpg',554),(694,'var/mondelli/storage/images/cucina/694-5-ita-IT/Cucina_medium.jpg',556),(690,'var/mondelli/storage/images/foto/690-7-ita-IT/Foto.jpg',558),(690,'var/mondelli/storage/images/foto/690-7-ita-IT/Foto_gallerythumbnailsquare.jpg',559),(1442,'var/mondelli/storage/images/foto/panini/strane-foto/frills_4_by_goldfishdreams_stock/1442-1-ita-IT/Frills_4_by_Goldfishdreams_stock_imagelarge.jpg',560),(732,'var/mondelli/storage/images/equitazione/cavalli/la-tana-dei-tori/732-7-ita-IT/La-tana-dei-tori.jpg',562),(732,'var/mondelli/storage/images/equitazione/cavalli/la-tana-dei-tori/732-7-ita-IT/La-tana-dei-tori_medium.jpg',563),(732,'var/mondelli/storage/images/equitazione/cavalli/la-tana-dei-tori/732-7-ita-IT/La-tana-dei-tori_large.jpg',564),(503,'var/mondelli/storage/images/foto/panini/hot-dog/503-3-ita-IT/Hot-Dog.jpg',566),(503,'var/mondelli/storage/images/foto/panini/hot-dog/503-3-ita-IT/Hot-Dog_folderthumbnail.jpg',567),(511,'var/mondelli/storage/images/foto/panini/hamburger/511-2-ita-IT/Hamburger.jpg',569),(511,'var/mondelli/storage/images/foto/panini/hamburger/511-2-ita-IT/Hamburger_folderthumbnail.jpg',570),(519,'var/mondelli/storage/images/foto/panini/bistecche/519-2-ita-IT/Bistecche.jpg',572),(519,'var/mondelli/storage/images/foto/panini/bistecche/519-2-ita-IT/Bistecche_folderthumbnail.jpg',573),(527,'var/mondelli/storage/images/foto/panini/lubianske/527-2-ita-IT/Lubianske.jpg',575),(527,'var/mondelli/storage/images/foto/panini/lubianske/527-2-ita-IT/Lubianske_folderthumbnail.jpg',576),(732,'var/mondelli/storage/images/equitazione/cavalli/la-tana-dei-tori/732-7-ita-IT/La-tana-dei-tori_mainstory1.jpg',577),(764,'var/mondelli/storage/images/equitazione/cavalli/il-paradiso-degli-stolti/764-2-ita-IT/Il-paradiso-degli-stolti.jpg',579),(764,'var/mondelli/storage/images/equitazione/cavalli/il-paradiso-degli-stolti/764-2-ita-IT/Il-paradiso-degli-stolti_medium.jpg',580),(764,'var/mondelli/storage/images/equitazione/cavalli/il-paradiso-degli-stolti/764-2-ita-IT/Il-paradiso-degli-stolti_mainstory1.jpg',581),(764,'var/mondelli/storage/images/equitazione/cavalli/il-paradiso-degli-stolti/764-2-ita-IT/Il-paradiso-degli-stolti_mainstory2.jpg',582),(764,'var/mondelli/storage/images/equitazione/cavalli/il-paradiso-degli-stolti/764-2-ita-IT/Il-paradiso-degli-stolti_large.jpg',583),(732,'var/mondelli/storage/images/equitazione/cavalli/la-tana-dei-tori/732-7-ita-IT/La-tana-dei-tori_block2items1.jpg',584),(500,'var/mondelli/storage/images/equitazione/cavalli/500-7-ita-IT/Cavalli.jpg',586),(500,'var/mondelli/storage/images/equitazione/cavalli/500-7-ita-IT/Cavalli_megadropsmall.jpg',587),(500,'var/mondelli/storage/images/equitazione/cavalli/500-7-ita-IT/Cavalli_block2items1.jpg',588),(501,'var/mondelli/storage/images/foto/panini/501-4-ita-IT/Panini_articlethumbnail.jpg',589),(519,'var/mondelli/storage/images/foto/panini/bistecche/519-2-ita-IT/Bistecche_medium.jpg',590),(519,'var/mondelli/storage/images/foto/panini/bistecche/519-2-ita-IT/Bistecche_articlethumbnail.jpg',591),(527,'var/mondelli/storage/images/foto/panini/lubianske/527-2-ita-IT/Lubianske_medium.jpg',592),(527,'var/mondelli/storage/images/foto/panini/lubianske/527-2-ita-IT/Lubianske_articlethumbnail.jpg',593),(1407,'var/mondelli/storage/images/users/editor-limitato/enzo-enzo/1407-2-ita-IT/enzo-enzo.jpg',595),(1407,'var/mondelli/storage/images/users/editor-limitato/enzo-enzo/1407-2-ita-IT/enzo-enzo_large.jpg',596),(1407,'var/mondelli/storage/images/users/editor-limitato/enzo-enzo/1407-2-ita-IT/enzo-enzo_medium.jpg',613);
/*!40000 ALTER TABLE `ezimagefile` ENABLE KEYS */;
UNLOCK TABLES;

--
-- Table structure for table `ezinfocollection`
--

DROP TABLE IF EXISTS `ezinfocollection`;
/*!40101 SET @saved_cs_client     = @@character_set_client */;
/*!40101 SET character_set_client = utf8 */;
CREATE TABLE `ezinfocollection` (
  `contentobject_id` int(11) NOT NULL DEFAULT '0',
  `created` int(11) NOT NULL DEFAULT '0',
  `creator_id` int(11) NOT NULL DEFAULT '0',
  `id` int(11) NOT NULL AUTO_INCREMENT,
  `modified` int(11) DEFAULT '0',
  `user_identifier` varchar(34) DEFAULT NULL,
  PRIMARY KEY (`id`),
  KEY `ezinfocollection_co_id_created` (`contentobject_id`,`created`)
) ENGINE=InnoDB DEFAULT CHARSET=utf8;
/*!40101 SET character_set_client = @saved_cs_client */;

--
-- Dumping data for table `ezinfocollection`
--

LOCK TABLES `ezinfocollection` WRITE;
/*!40000 ALTER TABLE `ezinfocollection` DISABLE KEYS */;
/*!40000 ALTER TABLE `ezinfocollection` ENABLE KEYS */;
UNLOCK TABLES;

--
-- Table structure for table `ezinfocollection_attribute`
--

DROP TABLE IF EXISTS `ezinfocollection_attribute`;
/*!40101 SET @saved_cs_client     = @@character_set_client */;
/*!40101 SET character_set_client = utf8 */;
CREATE TABLE `ezinfocollection_attribute` (
  `contentclass_attribute_id` int(11) NOT NULL DEFAULT '0',
  `contentobject_attribute_id` int(11) DEFAULT NULL,
  `contentobject_id` int(11) DEFAULT NULL,
  `data_float` float DEFAULT NULL,
  `data_int` int(11) DEFAULT NULL,
  `data_text` longtext,
  `id` int(11) NOT NULL AUTO_INCREMENT,
  `informationcollection_id` int(11) NOT NULL DEFAULT '0',
  PRIMARY KEY (`id`),
  KEY `ezinfocollection_attr_co_id` (`contentobject_id`)
) ENGINE=InnoDB DEFAULT CHARSET=utf8;
/*!40101 SET character_set_client = @saved_cs_client */;

--
-- Dumping data for table `ezinfocollection_attribute`
--

LOCK TABLES `ezinfocollection_attribute` WRITE;
/*!40000 ALTER TABLE `ezinfocollection_attribute` DISABLE KEYS */;
/*!40000 ALTER TABLE `ezinfocollection_attribute` ENABLE KEYS */;
UNLOCK TABLES;

--
-- Table structure for table `ezisbn_group`
--

DROP TABLE IF EXISTS `ezisbn_group`;
/*!40101 SET @saved_cs_client     = @@character_set_client */;
/*!40101 SET character_set_client = utf8 */;
CREATE TABLE `ezisbn_group` (
  `description` varchar(255) NOT NULL DEFAULT '',
  `group_number` int(11) NOT NULL DEFAULT '0',
  `id` int(11) NOT NULL AUTO_INCREMENT,
  PRIMARY KEY (`id`)
) ENGINE=InnoDB AUTO_INCREMENT=193 DEFAULT CHARSET=utf8;
/*!40101 SET character_set_client = @saved_cs_client */;

--
-- Dumping data for table `ezisbn_group`
--

LOCK TABLES `ezisbn_group` WRITE;
/*!40000 ALTER TABLE `ezisbn_group` DISABLE KEYS */;
INSERT INTO `ezisbn_group` VALUES ('English speaking area',0,1),('English speaking area',1,2),('French speaking area',2,3),('German speaking area',3,4),('Japan',4,5),('Russian Federation',5,6),('Iran',600,7),('Kazakhstan',601,8),('Indonesia',602,9),('Saudi Arabia',603,10),('Vietnam',604,11),('Turkey',605,12),('Romania',606,13),('Mexico',607,14),('Macedonia',608,15),('Lithuania',609,16),('Thailand',610,17),('Ukraine',611,18),('Peru',612,19),('China, People\'s Republic',7,20),('Czech Republic; Slovakia',80,21),('India',81,22),('Norway',82,23),('Poland',83,24),('Spain',84,25),('Brazil',85,26),('Serbia and Montenegro',86,27),('Denmark',87,28),('Italian speaking area',88,29),('Korea',89,30),('Netherlands, Belgium (Flemish)',90,31),('Sweden',91,32),('International Publishers (Unesco, EU), European Community Organizations',92,33),('India',93,34),('Netherlands',94,35),('Argentina',950,36),('Finland',951,37),('Finland',952,38),('Croatia',953,39),('Bulgaria',954,40),('Sri Lanka',955,41),('Chile',956,42),('Taiwan, China',957,43),('Colombia',958,44),('Cuba',959,45),('Greece',960,46),('Slovenia',961,47),('Hong Kong',962,48),('Hungary',963,49),('Iran',964,50),('Israel',965,51),('Ukraine',966,52),('Malaysia',967,53),('Mexico',968,54),('Pakistan',969,55),('Mexico',970,56),('Philippines',971,57),('Portugal',972,58),('Romania',973,59),('Thailand',974,60),('Turkey',975,61),('Caribbean Community',976,62),('Egypr',977,63),('Nigeria',978,64),('Indonesia',979,65),('Venezuela',980,66),('Singapore',981,67),('South Pacific',982,68),('Malaysia',983,69),('Bangladesh',984,70),('Belarus',985,71),('Taiwan, China',986,72),('Argentina',987,73),('Hongkong',988,74),('Portugal',989,75),('Syria',9933,76),('Latvia',9934,77),('Iceland',9935,78),('Afghanistan',9936,79),('Nepal',9937,80),('Tunisia',9938,81),('Armenia',9939,82),('Montenegro',9940,83),('Georgia',9941,84),('Ecuador',9942,85),('Uzbekistan',9943,86),('Turkey',9944,87),('Dominican Republic',9945,88),('Korea, P.D.R.',9946,89),('Algeria',9947,90),('United Arab Emirates',9948,91),('Estonia',9949,92),('Palestine',9950,93),('Kosova',9951,94),('Azerbaijan',9952,95),('Lebanon',9953,96),('Morocco',9954,97),('Lithuania',9955,98),('Cameroon',9956,99),('Jordan',9957,100),('Bosnia and Herzegovina',9958,101),('Libya',9959,102),('Saudi Arabia',9960,103),('Algeria',9961,104),('Panama',9962,105),('Cyprus',9963,106),('Ghana',9964,107),('Kazakhstan',9965,108),('Kenya',9966,109),('Kyrgyzstan',9967,110),('Costa Rica',9968,111),('Uganda',9970,112),('Singapore',9971,113),('Peru',9972,114),('Tunisia',9973,115),('Uruguay',9974,116),('Moldova',9975,117),('Tanzania',9976,118),('Costa Rica',9977,119),('Ecuador',9978,120),('Iceland',9979,121),('Papua New Guinea',9980,122),('Morocco',9981,123),('Zambia',9982,124),('Gambia',9983,125),('Latvia',9984,126),('Estonia',9985,127),('Lithuania',9986,128),('Tanzania',9987,129),('Ghana',9988,130),('Macedonia',9989,131),('Bahrain',99901,132),('Gabon - no ranges fixed yet',99902,133),('Mauritius',99903,134),('Netherlands Antilles; Aruba, Neth. Ant',99904,135),('Bolivia',99905,136),('Kuwait',99906,137),('Malawi',99908,138),('Malta',99909,139),('Sierra Leone',99910,140),('Lesotho',99911,141),('Botswana',99912,142),('Andorra',99913,143),('Suriname',99914,144),('Maldives',99915,145),('Namibia',99916,146),('Brunei Darussalam',99917,147),('Faroe Islands',99918,148),('Benin',99919,149),('Andorra',99920,150),('Qatar',99921,151),('Guatemala',99922,152),('El Salvador',99923,153),('Nicaragua',99924,154),('Paraguay',99925,155),('Honduras',99926,156),('Albania',99927,157),('Georgia',99928,158),('Mongolia',99929,159),('Armenia',99930,160),('Seychelles',99931,161),('Malta',99932,162),('Nepal',99933,163),('Dominican Republic',99934,164),('Haiti',99935,165),('Bhutan',99936,166),('Macau',99937,167),('Srpska',99938,168),('Guatemala',99939,169),('Georgia',99940,170),('Armenia',99941,171),('Sudan',99942,172),('Alsbania',99943,173),('Ethiopia',99944,174),('Namibia',99945,175),('Nepal',99946,176),('Tajikistan',99947,177),('Eritrea',99948,178),('Mauritius',99949,179),('Cambodia',99950,180),('Congo - no ranges fixed yet',99951,181),('Mali',99952,182),('Paraguay',99953,183),('Bolivia',99954,184),('Srpska',99955,185),('Albania',99956,186),('Malta',99957,187),('Bahrain',99958,188),('Luxembourg',99959,189),('Malawi',99960,190),('El Salvador',99961,191),('Mongolia',99962,192);
/*!40000 ALTER TABLE `ezisbn_group` ENABLE KEYS */;
UNLOCK TABLES;

--
-- Table structure for table `ezisbn_group_range`
--

DROP TABLE IF EXISTS `ezisbn_group_range`;
/*!40101 SET @saved_cs_client     = @@character_set_client */;
/*!40101 SET character_set_client = utf8 */;
CREATE TABLE `ezisbn_group_range` (
  `from_number` int(11) NOT NULL DEFAULT '0',
  `group_from` varchar(32) NOT NULL DEFAULT '',
  `group_length` int(11) NOT NULL DEFAULT '0',
  `group_to` varchar(32) NOT NULL DEFAULT '',
  `id` int(11) NOT NULL AUTO_INCREMENT,
  `to_number` int(11) NOT NULL DEFAULT '0',
  PRIMARY KEY (`id`)
) ENGINE=InnoDB AUTO_INCREMENT=10 DEFAULT CHARSET=utf8;
/*!40101 SET character_set_client = @saved_cs_client */;

--
-- Dumping data for table `ezisbn_group_range`
--

LOCK TABLES `ezisbn_group_range` WRITE;
/*!40000 ALTER TABLE `ezisbn_group_range` DISABLE KEYS */;
INSERT INTO `ezisbn_group_range` VALUES (0,'0',1,'5',1,59999),(70000,'7',1,'7',2,79999),(60000,'600',3,'612',3,61299),(95000,'950',3,'989',4,98999),(80000,'80',2,'94',5,94999),(99330,'9933',4,'9968',6,99689),(99700,'9970',4,'9989',7,99899),(99901,'99901',5,'99906',8,99906),(99908,'99908',5,'99962',9,99962);
/*!40000 ALTER TABLE `ezisbn_group_range` ENABLE KEYS */;
UNLOCK TABLES;

--
-- Table structure for table `ezisbn_registrant_range`
--

DROP TABLE IF EXISTS `ezisbn_registrant_range`;
/*!40101 SET @saved_cs_client     = @@character_set_client */;
/*!40101 SET character_set_client = utf8 */;
CREATE TABLE `ezisbn_registrant_range` (
  `from_number` int(11) NOT NULL DEFAULT '0',
  `id` int(11) NOT NULL AUTO_INCREMENT,
  `isbn_group_id` int(11) NOT NULL DEFAULT '0',
  `registrant_from` varchar(32) NOT NULL DEFAULT '',
  `registrant_length` int(11) NOT NULL DEFAULT '0',
  `registrant_to` varchar(32) NOT NULL DEFAULT '',
  `to_number` int(11) NOT NULL DEFAULT '0',
  PRIMARY KEY (`id`)
) ENGINE=InnoDB AUTO_INCREMENT=845 DEFAULT CHARSET=utf8;
/*!40101 SET character_set_client = @saved_cs_client */;

--
-- Dumping data for table `ezisbn_registrant_range`
--

LOCK TABLES `ezisbn_registrant_range` WRITE;
/*!40000 ALTER TABLE `ezisbn_registrant_range` DISABLE KEYS */;
INSERT INTO `ezisbn_registrant_range` VALUES (0,1,1,'00',2,'19',19999),(20000,2,1,'200',3,'699',69999),(70000,3,1,'7000',4,'8499',84999),(85000,4,1,'85000',5,'89999',89999),(90000,5,1,'900000',6,'949999',94999),(95000,6,1,'9500000',7,'9999999',99999),(0,7,2,'00',2,'09',9999),(10000,8,2,'100',3,'399',39999),(40000,9,2,'4000',4,'5499',54999),(55000,10,2,'55000',5,'86979',86979),(86980,11,2,'869800',6,'998999',99899),(0,12,3,'00',2,'19',19999),(20000,13,3,'200',3,'349',34999),(35000,14,3,'35000',5,'39999',39999),(40000,15,3,'400',3,'699',69999),(70000,16,3,'7000',4,'8399',83999),(84000,17,3,'84000',5,'89999',89999),(90000,18,3,'900000',6,'949999',94999),(95000,19,3,'9500000',7,'9999999',99999),(0,20,4,'00',2,'02',2999),(3000,21,4,'030',3,'033',3399),(3400,22,4,'0340',4,'0369',3699),(3700,23,4,'03700',5,'03999',3999),(4000,24,4,'04',2,'19',19999),(20000,25,4,'200',3,'699',69999),(70000,26,4,'7000',4,'8499',84999),(85000,27,4,'85000',5,'89999',89999),(90000,28,4,'900000',6,'949999',94999),(95000,29,4,'9500000',7,'9539999',95399),(95400,30,4,'95400',5,'96999',96999),(97000,31,4,'9700000',7,'9899999',98999),(99000,32,4,'99000',5,'99499',99499),(99500,33,4,'99500',5,'99999',99999),(0,34,4,'',0,'',99999),(0,35,5,'00',2,'19',19999),(20000,36,5,'200',3,'699',69999),(70000,37,5,'7000',4,'8499',84999),(85000,38,5,'85000',5,'89999',89999),(90000,39,5,'900000',6,'949999',94999),(95000,40,5,'9500000',7,'9999999',99999),(0,41,6,'00',2,'19',19999),(20000,42,6,'200',3,'420',42099),(42100,43,6,'4210',4,'4299',42999),(43000,44,6,'430',3,'430',43099),(43100,45,6,'4310',4,'4399',43999),(44000,46,6,'440',3,'440',44099),(44100,47,6,'4410',4,'4499',44999),(45000,48,6,'450',3,'699',69999),(70000,49,6,'7000',4,'8499',84999),(85000,50,6,'85000',5,'89999',89999),(90000,51,6,'900000',6,'909999',90999),(91000,52,6,'91000',5,'91999',91999),(92000,53,6,'9200',4,'9299',92999),(93000,54,6,'93000',5,'94999',94999),(95000,55,6,'9500',4,'9799',97999),(98000,56,6,'98000',5,'98999',98999),(99000,57,6,'9900000',7,'9909999',99099),(99100,58,6,'9910',4,'9999',99999),(0,59,7,'00',2,'09',9999),(10000,60,7,'100',3,'499',49999),(50000,61,7,'5000',4,'8999',89999),(90000,62,7,'90000',5,'99999',99999),(0,63,8,'00',2,'19',19999),(20000,64,8,'200',3,'699',69999),(70000,65,8,'7000',4,'7999',79999),(80000,66,8,'80000',5,'84999',84999),(85000,67,8,'85',2,'99',99999),(0,68,9,'00',2,'19',19999),(20000,69,9,'200',3,'799',79999),(80000,70,9,'8000',4,'9499',94999),(95000,71,9,'95000',5,'99999',99999),(0,72,10,'00',2,'04',4999),(50000,73,10,'500',3,'799',79999),(80000,74,10,'8000',4,'8999',89999),(90000,75,10,'90000',5,'99999',99999),(0,76,11,'0',1,'4',49999),(50000,77,11,'50',2,'89',89999),(90000,78,11,'900',3,'979',97999),(98000,79,11,'9800',4,'9999',99999),(0,80,12,'00',2,'09',9999),(10000,81,12,'100',3,'399',39999),(40000,82,12,'4000',4,'5999',59999),(60000,83,12,'60000',5,'89999',89999),(0,84,13,'0',1,'0',9999),(10000,85,13,'10',2,'49',49999),(50000,86,13,'500',3,'799',79999),(80000,87,13,'8000',4,'9199',91999),(92000,88,13,'92000',5,'99999',99999),(0,89,14,'00',2,'39',39999),(40000,90,14,'400',3,'749',74999),(75000,91,14,'7500',4,'9499',94999),(95000,92,14,'95000',5,'99999',99999),(0,93,15,'0',1,'0',9999),(10000,94,15,'10',2,'19',19999),(20000,95,15,'200',3,'449',44999),(45000,96,15,'4500',4,'6499',64999),(65000,97,15,'65000',5,'69999',69999),(70000,98,15,'7',1,'9',99999),(0,99,16,'00',2,'39',39999),(40000,100,16,'400',3,'799',79999),(80000,101,16,'8000',4,'9499',94999),(95000,102,16,'95000',5,'99999',99999),(0,103,17,'00',2,'19',19999),(20000,104,17,'200',3,'699',69999),(70000,105,17,'7000',4,'8999',89999),(90000,106,17,'90000',5,'99999',99999),(0,107,18,'00',2,'49',49999),(50000,108,18,'500',3,'699',69999),(70000,109,18,'7000',4,'8999',89999),(90000,110,18,'90000',5,'99999',99999),(0,111,19,'00',2,'29',29999),(30000,112,19,'300',3,'399',39999),(40000,113,19,'4000',4,'4499',44999),(45000,114,19,'45000',5,'49999',49999),(50000,115,19,'50',2,'99',99999),(0,116,20,'00',2,'09',9999),(10000,117,20,'100',3,'499',49999),(50000,118,20,'5000',4,'7999',79999),(80000,119,20,'80000',5,'89999',89999),(90000,120,20,'900000',6,'999999',99999),(0,121,21,'00',2,'19',19999),(20000,122,21,'200',3,'699',69999),(70000,123,21,'7000',4,'8499',84999),(85000,124,21,'85000',5,'89999',89999),(90000,125,21,'900000',6,'999999',99999),(0,126,22,'00',2,'19',19999),(20000,127,22,'200',3,'699',69999),(70000,128,22,'7000',4,'8499',84999),(85000,129,22,'85000',5,'89999',89999),(90000,130,22,'900000',6,'999999',99999),(0,131,23,'00',2,'19',19999),(20000,132,23,'200',3,'699',69999),(70000,133,23,'7000',4,'8999',89999),(90000,134,23,'90000',5,'98999',98999),(99000,135,23,'990000',6,'999999',99999),(0,136,24,'00',2,'19',19999),(20000,137,24,'200',3,'599',59999),(60000,138,24,'60000',5,'69999',69999),(70000,139,24,'7000',4,'8499',84999),(85000,140,24,'85000',5,'89999',89999),(90000,141,24,'900000',6,'999999',99999),(0,142,25,'00',2,'19',19999),(20000,143,25,'200',3,'699',69999),(70000,144,25,'7000',4,'8499',84999),(85000,145,25,'85000',5,'89999',89999),(90000,146,25,'9000',4,'9199',91999),(92000,147,25,'920000',6,'923999',92399),(92400,148,25,'92400',5,'92999',92999),(93000,149,25,'930000',6,'949999',94999),(95000,150,25,'95000',5,'96999',96999),(97000,151,25,'9700',4,'9999',99999),(0,152,26,'00',2,'19',19999),(20000,153,26,'200',3,'599',59999),(60000,154,26,'60000',5,'69999',69999),(70000,155,26,'7000',4,'8499',84999),(85000,156,26,'85000',5,'89999',89999),(90000,157,26,'900000',6,'979999',97999),(98000,158,26,'98000',5,'99999',99999),(0,159,27,'00',2,'29',29999),(30000,160,27,'300',3,'599',59999),(60000,161,27,'6000',4,'7999',79999),(80000,162,27,'80000',5,'89999',89999),(90000,163,27,'900000',6,'999999',99999),(0,164,28,'00',2,'29',29999),(40000,165,28,'400',3,'649',64999),(70000,166,28,'7000',4,'7999',79999),(85000,167,28,'85000',5,'94999',94999),(97000,168,28,'970000',6,'999999',99999),(0,169,29,'00',2,'19',19999),(20000,170,29,'200',3,'599',59999),(60000,171,29,'6000',4,'8499',84999),(85000,172,29,'85000',5,'89999',89999),(90000,173,29,'900000',6,'949999',94999),(95000,174,29,'95000',5,'99999',99999),(0,175,30,'00',2,'24',24999),(25000,176,30,'250',3,'549',54999),(55000,177,30,'5500',4,'8499',84999),(85000,178,30,'85000',5,'94999',94999),(95000,179,30,'950000',6,'999999',99999),(0,180,31,'00',2,'19',19999),(20000,181,31,'200',3,'499',49999),(50000,182,31,'5000',4,'6999',69999),(70000,183,31,'70000',5,'79999',79999),(80000,184,31,'800000',6,'849999',84999),(85000,185,31,'8500',4,'8999',89999),(90000,186,31,'900000',6,'909999',90999),(94000,187,31,'940000',6,'949999',94999),(0,188,32,'0',1,'1',19999),(20000,189,32,'20',2,'49',49999),(50000,190,32,'500',3,'649',64999),(70000,191,32,'7000',4,'7999',79999),(85000,192,32,'85000',5,'94999',94999),(97000,193,32,'970000',6,'999999',99999),(0,194,33,'0',1,'5',59999),(60000,195,33,'60',2,'79',79999),(80000,196,33,'800',3,'899',89999),(90000,197,33,'9000',4,'9499',94999),(95000,198,33,'95000',5,'98999',98999),(99000,199,33,'990000',6,'999999',99999),(0,200,34,'00',2,'09',9999),(10000,201,34,'100',3,'499',49999),(50000,202,34,'5000',4,'7999',79999),(80000,203,34,'80000',5,'94999',94999),(95000,204,34,'950000',6,'999999',99999),(0,205,35,'000',3,'599',59999),(60000,206,35,'6000',4,'8999',89999),(90000,207,35,'90000',5,'99999',99999),(0,208,36,'00',2,'49',49999),(50000,209,36,'500',3,'899',89999),(90000,210,36,'9000',4,'9899',98999),(99000,211,36,'99000',5,'99999',99999),(0,212,37,'0',1,'1',19999),(20000,213,37,'20',2,'54',54999),(55000,214,37,'550',3,'889',88999),(89000,215,37,'8900',4,'9499',94999),(95000,216,37,'95000',5,'99999',99999),(0,217,38,'00',2,'19',19999),(20000,218,38,'200',3,'499',49999),(50000,219,38,'5000',4,'5999',59999),(60000,220,38,'60',2,'65',65999),(66000,221,38,'6600',4,'6699',66999),(67000,222,38,'67000',5,'69999',69999),(70000,223,38,'7000',4,'7999',79999),(80000,224,38,'80',2,'94',94999),(95000,225,38,'9500',4,'9899',98999),(99000,226,38,'99000',5,'99999',99999),(0,227,39,'0',1,'0',9999),(10000,228,39,'10',2,'14',14999),(15000,229,39,'150',3,'549',54999),(55000,230,39,'55000',5,'59999',59999),(60000,231,39,'6000',4,'9499',94999),(95000,232,39,'95000',5,'99999',99999),(0,233,40,'00',2,'29',29999),(30000,234,40,'300',3,'799',79999),(80000,235,40,'8000',4,'8999',89999),(90000,236,40,'90000',5,'92999',92999),(93000,237,40,'9300',4,'9999',99999),(0,238,41,'0000',4,'0999',9999),(10000,239,41,'1000',4,'1999',19999),(20000,240,41,'20',2,'54',54999),(55000,241,41,'550',3,'799',79999),(80000,242,41,'8000',4,'9499',94999),(95000,243,41,'95000',5,'99999',99999),(0,244,42,'00',2,'19',19999),(20000,245,42,'200',3,'699',69999),(70000,246,42,'7000',4,'9999',99999),(0,247,43,'00',2,'02',2999),(3000,248,43,'0300',4,'0499',4999),(5000,249,43,'05',2,'19',19999),(20000,250,43,'2000',4,'2099',20999),(21000,251,43,'21',2,'27',27999),(28000,252,43,'28000',5,'30999',30999),(31000,253,43,'31',2,'43',43999),(44000,254,43,'440',3,'819',81999),(82000,255,43,'8200',4,'9699',96999),(97000,256,43,'97000',5,'99999',99999),(0,257,44,'00',2,'56',56999),(57000,258,44,'57000',5,'59999',59999),(60000,259,44,'600',3,'799',79999),(80000,260,44,'8000',4,'9499',94999),(95000,261,44,'95000',5,'99999',99999),(0,262,45,'00',2,'19',19999),(20000,263,45,'200',3,'699',69999),(70000,264,45,'7000',4,'8499',84999),(0,265,46,'00',2,'19',19999),(20000,266,46,'200',3,'659',65999),(66000,267,46,'6600',4,'6899',68999),(69000,268,46,'690',3,'699',69999),(70000,269,46,'7000',4,'8499',84999),(85000,270,46,'85000',5,'99999',99999),(0,271,47,'00',2,'19',19999),(20000,272,47,'200',3,'599',59999),(60000,273,47,'6000',4,'8999',89999),(90000,274,47,'90000',5,'94999',94999),(0,275,48,'00',2,'19',19999),(20000,276,48,'200',3,'699',69999),(70000,277,48,'7000',4,'8499',84999),(85000,278,48,'85000',5,'86999',86999),(87000,279,48,'8700',4,'8999',89999),(90000,280,48,'900',3,'999',99999),(0,281,49,'00',2,'19',19999),(20000,282,49,'200',3,'699',69999),(70000,283,49,'7000',4,'8499',84999),(85000,284,49,'85000',5,'89999',89999),(90000,285,49,'9000',4,'9999',99999),(0,286,50,'00',2,'14',14999),(15000,287,50,'150',3,'249',24999),(25000,288,50,'2500',4,'2999',29999),(30000,289,50,'300',3,'549',54999),(55000,290,50,'5500',4,'8999',89999),(90000,291,50,'90000',5,'96999',96999),(97000,292,50,'970',3,'989',98999),(99000,293,50,'9900',4,'9999',99999),(0,294,51,'00',2,'19',19999),(20000,295,51,'200',3,'599',59999),(70000,296,51,'7000',4,'7999',79999),(90000,297,51,'90000',5,'99999',99999),(0,298,52,'00',2,'14',14999),(15000,299,52,'1500',4,'1699',16999),(17000,300,52,'170',3,'199',19999),(20000,301,52,'2000',4,'2999',29999),(30000,302,52,'300',3,'699',69999),(70000,303,52,'7000',4,'8999',89999),(90000,304,52,'90000',5,'99999',99999),(0,305,53,'00',2,'29',29999),(30000,306,53,'300',3,'499',49999),(50000,307,53,'5000',4,'5999',59999),(60000,308,53,'60',2,'89',89999),(90000,309,53,'900',3,'989',98999),(99000,310,53,'9900',4,'9989',99899),(99900,311,53,'99900',5,'99999',99999),(1000,312,54,'01',2,'39',39999),(40000,313,54,'400',3,'499',49999),(50000,314,54,'5000',4,'7999',79999),(80000,315,54,'800',3,'899',89999),(90000,316,54,'9000',4,'9999',99999),(0,317,55,'0',1,'1',19999),(20000,318,55,'20',2,'39',39999),(40000,319,55,'400',3,'799',79999),(80000,320,55,'8000',4,'9999',99999),(1000,321,56,'01',2,'59',59999),(60000,322,56,'600',3,'899',89999),(90000,323,56,'9000',4,'9099',90999),(91000,324,56,'91000',5,'96999',96999),(97000,325,56,'9700',4,'9999',99999),(0,326,57,'000',3,'019',1999),(2000,327,57,'02',2,'02',2999),(3000,328,57,'0300',4,'0599',5999),(6000,329,57,'06',2,'09',9999),(10000,330,57,'10',2,'49',49999),(50000,331,57,'500',3,'849',84999),(85000,332,57,'8500',4,'9099',90999),(91000,333,57,'91000',5,'99999',99999),(0,334,58,'0',1,'1',19999),(20000,335,58,'20',2,'54',54999),(55000,336,58,'550',3,'799',79999),(80000,337,58,'8000',4,'9499',94999),(95000,338,58,'95000',5,'99999',99999),(0,339,59,'0',1,'0',9999),(10000,340,59,'100',3,'169',16999),(17000,341,59,'1700',4,'1999',19999),(20000,342,59,'20',2,'54',54999),(55000,343,59,'550',3,'759',75999),(76000,344,59,'7600',4,'8499',84999),(85000,345,59,'85000',5,'88999',88999),(89000,346,59,'8900',4,'9499',94999),(95000,347,59,'95000',5,'99999',99999),(0,348,60,'00',2,'19',19999),(20000,349,60,'200',3,'699',69999),(70000,350,60,'7000',4,'8499',84999),(85000,351,60,'85000',5,'89999',89999),(90000,352,60,'90000',5,'94999',94999),(95000,353,60,'9500',4,'9999',99999),(0,354,61,'00000',5,'00999',999),(1000,355,61,'01',2,'24',24999),(25000,356,61,'250',3,'599',59999),(60000,357,61,'6000',4,'9199',91999),(92000,358,61,'92000',5,'98999',98999),(99000,359,61,'990',3,'999',99999),(0,360,62,'0',1,'3',39999),(40000,361,62,'40',2,'59',59999),(60000,362,62,'600',3,'799',79999),(80000,363,62,'8000',4,'9499',94999),(95000,364,62,'95000',5,'99999',99999),(0,365,63,'00',2,'19',19999),(20000,366,63,'200',3,'499',49999),(50000,367,63,'5000',4,'6999',69999),(70000,368,63,'700',3,'999',99999),(0,369,64,'000',3,'199',19999),(20000,370,64,'2000',4,'2999',29999),(30000,371,64,'30000',5,'79999',79999),(80000,372,64,'8000',4,'8999',89999),(90000,373,64,'900',3,'999',99999),(0,374,65,'000',3,'099',9999),(10000,375,65,'1000',4,'1499',14999),(15000,376,65,'15000',5,'19999',19999),(20000,377,65,'20',2,'29',29999),(30000,378,65,'3000',4,'3999',39999),(40000,379,65,'400',3,'799',79999),(80000,380,65,'8000',4,'9499',94999),(95000,381,65,'95000',5,'99999',99999),(0,382,66,'00',2,'19',19999),(20000,383,66,'200',3,'599',59999),(60000,384,66,'6000',4,'9999',99999),(0,385,67,'00',2,'11',11999),(12000,386,67,'120',3,'299',29999),(30000,387,67,'3000',4,'9999',99999),(0,388,68,'00',2,'09',9999),(10000,389,68,'100',3,'699',69999),(70000,390,68,'70',2,'89',89999),(90000,391,68,'9000',4,'9999',99999),(0,392,69,'00',2,'01',1999),(2000,393,69,'020',3,'199',19999),(20000,394,69,'2000',4,'3999',39999),(40000,395,69,'40000',5,'44999',44999),(45000,396,69,'45',2,'49',49999),(50000,397,69,'50',2,'79',79999),(80000,398,69,'800',3,'899',89999),(90000,399,69,'9000',4,'9899',98999),(99000,400,69,'99000',5,'99999',99999),(0,401,70,'00',2,'39',39999),(40000,402,70,'400',3,'799',79999),(80000,403,70,'8000',4,'8999',89999),(90000,404,70,'90000',5,'99999',99999),(0,405,71,'00',2,'39',39999),(40000,406,71,'400',3,'599',59999),(60000,407,71,'6000',4,'8999',89999),(90000,408,71,'90000',5,'99999',99999),(0,409,72,'00',2,'11',11999),(12000,410,72,'120',3,'559',55999),(56000,411,72,'5600',4,'7999',79999),(80000,412,72,'80000',5,'99999',99999),(0,413,73,'00',2,'09',9999),(10000,414,73,'1000',4,'1999',19999),(20000,415,73,'20000',5,'29999',29999),(30000,416,73,'30',2,'49',49999),(50000,417,73,'500',3,'899',89999),(90000,418,73,'9000',4,'9499',94999),(95000,419,73,'95000',5,'99999',99999),(0,420,74,'00',2,'16',16999),(17000,421,74,'17000',5,'19999',19999),(20000,422,74,'200',3,'799',79999),(80000,423,74,'8000',4,'9699',96999),(97000,424,74,'97000',5,'99999',99999),(0,425,75,'0',1,'1',19999),(20000,426,75,'20',2,'54',54999),(55000,427,75,'550',3,'799',79999),(80000,428,75,'8000',4,'9499',94999),(95000,429,75,'95000',5,'99999',99999),(0,430,76,'0',1,'0',9999),(10000,431,76,'10',2,'39',39999),(40000,432,76,'400',3,'899',89999),(90000,433,76,'9000',4,'9999',99999),(0,434,77,'0',1,'0',9999),(10000,435,77,'10',2,'49',49999),(50000,436,77,'500',3,'799',79999),(80000,437,77,'8000',4,'9999',99999),(0,438,78,'0',1,'0',9999),(10000,439,78,'10',2,'39',39999),(40000,440,78,'400',3,'899',89999),(90000,441,78,'9000',4,'9999',99999),(0,442,79,'0',1,'1',19999),(20000,443,79,'20',2,'39',39999),(40000,444,79,'400',3,'799',79999),(80000,445,79,'8000',4,'9999',99999),(0,446,80,'0',1,'2',29999),(30000,447,80,'30',2,'49',49999),(50000,448,80,'500',3,'799',79999),(80000,449,80,'8000',4,'9999',99999),(0,450,81,'00',2,'79',79999),(80000,451,81,'800',3,'949',94999),(95000,452,81,'9500',4,'9999',99999),(0,453,82,'0',1,'4',49999),(50000,454,82,'50',2,'79',79999),(80000,455,82,'800',3,'899',89999),(90000,456,82,'9000',4,'9999',99999),(0,457,83,'0',1,'1',19999),(20000,458,83,'20',2,'49',49999),(50000,459,83,'500',3,'899',89999),(90000,460,83,'9000',4,'9999',99999),(0,461,84,'0',1,'0',9999),(10000,462,84,'10',2,'39',39999),(40000,463,84,'400',3,'899',89999),(90000,464,84,'9000',4,'9999',99999),(0,465,85,'00',2,'89',89999),(90000,466,85,'900',3,'994',99499),(99500,467,85,'9950',4,'9999',99999),(0,468,86,'00',2,'29',29999),(30000,469,86,'300',3,'399',39999),(40000,470,86,'4000',4,'9999',99999),(0,471,87,'0',1,'2',29999),(30000,472,87,'300',3,'499',49999),(50000,473,87,'5000',4,'5999',59999),(60000,474,87,'60',2,'89',89999),(90000,475,87,'900',3,'999',99999),(0,476,88,'00',2,'00',999),(1000,477,88,'010',3,'079',7999),(8000,478,88,'08',2,'39',39999),(40000,479,88,'400',3,'569',56999),(57000,480,88,'57',2,'57',57999),(58000,481,88,'580',3,'849',84999),(85000,482,88,'8500',4,'9999',99999),(0,483,89,'0',1,'1',19999),(20000,484,89,'20',2,'39',39999),(40000,485,89,'400',3,'899',89999),(90000,486,89,'9000',4,'9999',99999),(0,487,90,'0',1,'1',19999),(20000,488,90,'20',2,'79',79999),(80000,489,90,'800',3,'999',99999),(0,490,91,'00',2,'39',39999),(40000,491,91,'400',3,'849',84999),(85000,492,91,'8500',4,'9999',99999),(0,493,92,'0',1,'0',9999),(10000,494,92,'10',2,'39',39999),(40000,495,92,'400',3,'899',89999),(90000,496,92,'9000',4,'9999',99999),(0,497,93,'00',2,'29',29999),(30000,498,93,'300',3,'840',84099),(85000,499,93,'8500',4,'9999',99999),(0,500,94,'00',2,'39',39999),(40000,501,94,'400',3,'849',84999),(85000,502,94,'8500',4,'9999',99999),(0,503,95,'0',1,'1',19999),(20000,504,95,'20',2,'39',39999),(40000,505,95,'400',3,'799',79999),(80000,506,95,'8000',4,'9999',99999),(0,507,96,'0',1,'0',9999),(10000,508,96,'10',2,'39',39999),(40000,509,96,'400',3,'599',59999),(60000,510,96,'60',2,'89',89999),(90000,511,96,'9000',4,'9999',99999),(0,512,97,'0',1,'1',19999),(20000,513,97,'20',2,'39',39999),(40000,514,97,'400',3,'799',79999),(80000,515,97,'8000',4,'9999',99999),(0,516,98,'00',2,'39',39999),(40000,517,98,'400',3,'929',92999),(93000,518,98,'9300',4,'9999',99999),(0,519,99,'0',1,'0',9999),(10000,520,99,'10',2,'39',39999),(40000,521,99,'400',3,'899',89999),(90000,522,99,'9000',4,'9999',99999),(0,523,100,'00',2,'39',39999),(40000,524,100,'400',3,'699',69999),(70000,525,100,'70',2,'84',84999),(85000,526,100,'8500',4,'9999',99999),(0,527,101,'0',1,'0',9999),(10000,528,101,'10',2,'49',49999),(50000,529,101,'500',3,'899',89999),(90000,530,101,'9000',4,'9999',99999),(0,531,102,'0',1,'1',19999),(20000,532,102,'20',2,'79',79999),(80000,533,102,'800',3,'949',94999),(95000,534,102,'9500',4,'9999',99999),(0,535,103,'00',2,'59',59999),(60000,536,103,'600',3,'899',89999),(90000,537,103,'9000',4,'9999',99999),(0,538,104,'0',1,'2',29999),(30000,539,104,'30',2,'69',69999),(70000,540,104,'700',3,'949',94999),(95000,541,104,'9500',4,'9999',99999),(0,542,105,'00',2,'54',54999),(55000,543,105,'5500',4,'5599',55999),(56000,544,105,'56',2,'59',59999),(60000,545,105,'600',3,'849',84999),(85000,546,105,'8500',4,'9999',99999),(0,547,106,'0',1,'2',29999),(30000,548,106,'30',2,'54',54999),(55000,549,106,'550',3,'749',74999),(75000,550,106,'7500',4,'9999',99999),(0,551,107,'0',1,'6',69999),(70000,552,107,'70',2,'94',94999),(95000,553,107,'950',3,'999',99999),(0,554,108,'00',2,'39',39999),(40000,555,108,'400',3,'899',89999),(90000,556,108,'9000',4,'9999',99999),(0,557,109,'000',3,'199',19999),(20000,558,109,'20',2,'69',69999),(70000,559,109,'7000',4,'7499',74999),(75000,560,109,'750',3,'959',95999),(96000,561,109,'9600',4,'9999',99999),(0,562,110,'00',2,'39',39999),(40000,563,110,'400',3,'899',89999),(90000,564,110,'9000',4,'9999',99999),(0,565,111,'00',2,'49',49999),(50000,566,111,'500',3,'939',93999),(94000,567,111,'9400',4,'9999',99999),(0,568,112,'00',2,'39',39999),(40000,569,112,'400',3,'899',89999),(90000,570,112,'9000',4,'9999',99999),(0,571,113,'0',1,'5',59999),(60000,572,113,'60',2,'89',89999),(90000,573,113,'900',3,'989',98999),(99000,574,113,'9900',4,'9999',99999),(0,575,114,'00',2,'09',9999),(10000,576,114,'1',1,'1',19999),(20000,577,114,'200',3,'249',24999),(25000,578,114,'2500',4,'2999',29999),(30000,579,114,'30',2,'59',59999),(60000,580,114,'600',3,'899',89999),(90000,581,114,'9000',4,'9999',99999),(0,582,115,'00',2,'05',5999),(6000,583,115,'060',3,'089',8999),(9000,584,115,'0900',4,'0999',9999),(10000,585,115,'10',2,'69',69999),(70000,586,115,'700',3,'969',96999),(97000,587,115,'9700',4,'9999',99999),(0,588,116,'0',1,'2',29999),(30000,589,116,'30',2,'54',54999),(55000,590,116,'550',3,'749',74999),(75000,591,116,'7500',4,'9499',94999),(95000,592,116,'95',2,'99',99999),(0,593,117,'0',1,'0',9999),(10000,594,117,'100',3,'399',39999),(40000,595,117,'4000',4,'4499',44999),(45000,596,117,'45',2,'89',89999),(90000,597,117,'900',3,'949',94999),(95000,598,117,'9500',4,'9999',99999),(0,599,118,'0',1,'5',59999),(60000,600,118,'60',2,'89',89999),(90000,601,118,'900',3,'989',98999),(99900,602,118,'9990',4,'9999',99999),(0,603,119,'00',2,'89',89999),(90000,604,119,'900',3,'989',98999),(99000,605,119,'9900',4,'9999',99999),(0,606,120,'00',2,'29',29999),(30000,607,120,'300',3,'399',39999),(40000,608,120,'40',2,'94',94999),(95000,609,120,'950',3,'989',98999),(99000,610,120,'9900',4,'9999',99999),(0,611,121,'0',1,'4',49999),(50000,612,121,'50',2,'64',64999),(65000,613,121,'650',3,'659',65999),(66000,614,121,'66',2,'75',75999),(76000,615,121,'760',3,'899',89999),(90000,616,121,'9000',4,'9999',99999),(0,617,122,'0',1,'3',39999),(40000,618,122,'40',2,'89',89999),(90000,619,122,'900',3,'989',98999),(99000,620,122,'9900',4,'9999',99999),(0,621,123,'00',2,'09',9999),(10000,622,123,'100',3,'159',15999),(16000,623,123,'1600',4,'1999',19999),(20000,624,123,'20',2,'79',79999),(80000,625,123,'800',3,'949',94999),(95000,626,123,'9500',4,'9999',99999),(0,627,124,'00',2,'79',79999),(80000,628,124,'800',3,'989',98999),(99000,629,124,'9900',4,'9999',99999),(80000,630,125,'80',2,'94',94999),(95000,631,125,'950',3,'989',98999),(99000,632,125,'9900',4,'9999',99999),(0,633,126,'00',2,'49',49999),(50000,634,126,'500',3,'899',89999),(90000,635,126,'9000',4,'9999',99999),(0,636,127,'0',1,'4',49999),(50000,637,127,'50',2,'79',79999),(80000,638,127,'800',3,'899',89999),(90000,639,127,'9000',4,'9999',99999),(0,640,128,'00',2,'39',39999),(40000,641,128,'400',3,'899',89999),(90000,642,128,'9000',4,'9399',93999),(94000,643,128,'940',3,'969',96999),(97000,644,128,'97',2,'99',99999),(0,645,129,'00',2,'39',39999),(40000,646,129,'400',3,'879',87999),(88000,647,129,'8800',4,'9999',99999),(0,648,130,'0',1,'2',29999),(30000,649,130,'30',2,'54',54999),(55000,650,130,'550',3,'749',74999),(75000,651,130,'7500',4,'9999',99999),(0,652,131,'0',1,'0',9999),(10000,653,131,'100',3,'199',19999),(20000,654,131,'2000',4,'2999',29999),(30000,655,131,'30',2,'59',59999),(60000,656,131,'600',3,'949',94999),(95000,657,131,'9500',4,'9999',99999),(0,658,132,'00',2,'49',49999),(50000,659,132,'500',3,'799',79999),(80000,660,132,'80',2,'99',99999),(0,661,134,'0',1,'1',19999),(20000,662,134,'20',2,'89',89999),(90000,663,134,'900',3,'999',99999),(0,664,135,'0',1,'5',59999),(60000,665,135,'60',2,'89',89999),(90000,666,135,'900',3,'999',99999),(0,667,136,'0',1,'3',39999),(40000,668,136,'40',2,'79',79999),(80000,669,136,'800',3,'999',99999),(0,670,137,'0',1,'2',29999),(30000,671,137,'30',2,'59',59999),(60000,672,137,'600',3,'699',69999),(70000,673,137,'70',2,'89',89999),(90000,674,137,'9',1,'9',99999),(0,675,138,'0',1,'0',9999),(10000,676,138,'10',2,'89',89999),(90000,677,138,'900',3,'999',99999),(0,678,139,'0',1,'3',39999),(40000,679,139,'40',2,'94',94999),(95000,680,139,'950',3,'999',99999),(0,681,140,'0',1,'2',29999),(30000,682,140,'30',2,'89',89999),(90000,683,140,'900',3,'999',99999),(0,684,141,'00',2,'59',59999),(60000,685,141,'600',3,'999',99999),(0,686,142,'0',1,'3',39999),(40000,687,142,'400',3,'599',59999),(60000,688,142,'60',2,'89',89999),(90000,689,142,'900',3,'999',99999),(0,690,143,'0',1,'2',29999),(30000,691,143,'30',2,'35',35999),(60000,692,143,'600',3,'604',60499),(0,693,144,'0',1,'4',49999),(50000,694,144,'50',2,'89',89999),(90000,695,144,'900',3,'949',94999),(0,696,145,'0',1,'4',49999),(50000,697,145,'50',2,'79',79999),(80000,698,145,'800',3,'999',99999),(0,699,146,'0',1,'2',29999),(30000,700,146,'30',2,'69',69999),(70000,701,146,'700',3,'999',99999),(0,702,147,'0',1,'2',29999),(30000,703,147,'30',2,'89',89999),(90000,704,147,'900',3,'999',99999),(0,705,148,'0',1,'3',39999),(40000,706,148,'40',2,'79',79999),(80000,707,148,'800',3,'999',99999),(0,708,149,'0',1,'2',29999),(30000,709,149,'300',3,'399',39999),(40000,710,149,'40',2,'69',69999),(90000,711,149,'900',3,'999',99999),(0,712,150,'0',1,'4',49999),(50000,713,150,'50',2,'89',89999),(90000,714,150,'900',3,'999',99999),(0,715,151,'0',1,'1',19999),(20000,716,151,'20',2,'69',69999),(70000,717,151,'700',3,'799',79999),(80000,718,151,'8',1,'8',89999),(90000,719,151,'90',2,'99',99999),(0,720,152,'0',1,'3',39999),(40000,721,152,'40',2,'69',69999),(70000,722,152,'700',3,'999',99999),(0,723,153,'0',1,'1',19999),(20000,724,153,'20',2,'79',79999),(80000,725,153,'800',3,'999',99999),(0,726,154,'0',1,'1',19999),(20000,727,154,'20',2,'79',79999),(80000,728,154,'800',3,'999',99999),(0,729,155,'0',1,'3',39999),(40000,730,155,'40',2,'79',79999),(80000,731,155,'800',3,'999',99999),(0,732,156,'0',1,'0',9999),(10000,733,156,'10',2,'59',59999),(60000,734,156,'600',3,'999',99999),(0,735,157,'0',1,'2',29999),(30000,736,157,'30',2,'59',59999),(60000,737,157,'600',3,'999',99999),(0,738,158,'0',1,'0',9999),(10000,739,158,'10',2,'79',79999),(80000,740,158,'800',3,'999',99999),(0,741,159,'0',1,'4',49999),(50000,742,159,'50',2,'79',79999),(80000,743,159,'800',3,'999',99999),(0,744,160,'0',1,'4',49999),(50000,745,160,'50',2,'79',79999),(80000,746,160,'800',3,'999',99999),(0,747,161,'0',1,'4',49999),(50000,748,161,'50',2,'79',79999),(80000,749,161,'800',3,'999',99999),(0,750,162,'0',1,'0',9999),(10000,751,162,'10',2,'59',59999),(60000,752,162,'600',3,'699',69999),(70000,753,162,'7',1,'7',79999),(80000,754,162,'80',2,'99',99999),(0,755,163,'0',1,'2',29999),(30000,756,163,'30',2,'59',59999),(60000,757,163,'600',3,'999',99999),(0,758,164,'0',1,'1',19999),(20000,759,164,'20',2,'79',79999),(80000,760,164,'800',3,'999',99999),(0,761,165,'0',1,'2',29999),(70000,762,165,'7',1,'8',89999),(30000,763,165,'30',2,'59',59999),(60000,764,165,'600',3,'699',69999),(90000,765,165,'90',2,'99',99999),(0,766,166,'0',1,'0',9999),(10000,767,166,'10',2,'59',59999),(60000,768,166,'600',3,'999',99999),(0,769,167,'0',1,'1',19999),(20000,770,167,'20',2,'59',59999),(60000,771,167,'600',3,'999',99999),(0,772,168,'0',1,'1',19999),(20000,773,168,'20',2,'59',59999),(60000,774,168,'600',3,'899',89999),(90000,775,168,'90',2,'99',99999),(0,776,169,'0',1,'5',59999),(60000,777,169,'60',2,'89',89999),(90000,778,169,'900',3,'999',99999),(0,779,170,'0',1,'0',9999),(10000,780,170,'10',2,'69',69999),(70000,781,170,'700',3,'999',99999),(0,782,171,'0',1,'2',29999),(30000,783,171,'30',2,'79',79999),(80000,784,171,'800',3,'999',99999),(0,785,172,'0',1,'4',49999),(50000,786,172,'50',2,'79',79999),(80000,787,172,'800',3,'999',99999),(0,788,173,'0',1,'2',29999),(30000,789,173,'30',2,'59',59999),(60000,790,173,'600',3,'999',99999),(0,791,174,'0',1,'4',49999),(50000,792,174,'50',2,'79',79999),(80000,793,174,'800',3,'999',99999),(0,794,175,'0',1,'5',59999),(60000,795,175,'60',2,'89',89999),(90000,796,175,'900',3,'999',99999),(0,797,176,'0',1,'2',29999),(30000,798,176,'30',2,'59',59999),(60000,799,176,'600',3,'999',99999),(0,800,177,'0',1,'2',29999),(30000,801,177,'30',2,'69',69999),(70000,802,177,'700',3,'999',99999),(0,803,178,'0',1,'4',49999),(50000,804,178,'50',2,'79',79999),(80000,805,178,'800',3,'999',99999),(0,806,179,'0',1,'1',19999),(20000,807,179,'20',2,'89',89999),(90000,808,179,'900',3,'999',99999),(0,809,180,'0',1,'4',49999),(50000,810,180,'50',2,'79',79999),(80000,811,180,'800',3,'999',99999),(0,812,182,'0',1,'4',49999),(50000,813,182,'50',2,'79',79999),(80000,814,182,'800',3,'999',99999),(0,815,183,'0',1,'2',29999),(30000,816,183,'30',2,'79',79999),(80000,817,183,'800',3,'999',99999),(0,818,184,'0',1,'2',29999),(30000,819,184,'30',2,'69',69999),(70000,820,184,'700',3,'999',99999),(0,821,185,'0',1,'1',19999),(20000,822,185,'20',2,'59',59999),(60000,823,185,'600',3,'899',89999),(90000,824,185,'90',2,'99',99999),(0,825,186,'00',2,'59',59999),(60000,826,186,'600',3,'999',99999),(0,827,187,'0',1,'1',19999),(20000,828,187,'20',2,'79',79999),(80000,829,187,'800',3,'999',99999),(0,830,188,'0',1,'4',49999),(50000,831,188,'50',2,'94',94999),(95000,832,188,'950',3,'999',99999),(0,833,189,'0',1,'2',29999),(30000,834,189,'30',2,'59',59999),(60000,835,189,'600',3,'999',99999),(0,836,190,'0',1,'0',9999),(10000,837,190,'10',2,'94',94999),(95000,838,190,'950',3,'999',99999),(0,839,191,'0',1,'3',39999),(40000,840,191,'40',2,'89',89999),(90000,841,191,'900',3,'999',99999),(0,842,192,'0',1,'4',49999),(50000,843,192,'50',2,'79',79999),(80000,844,192,'800',3,'999',99999);
/*!40000 ALTER TABLE `ezisbn_registrant_range` ENABLE KEYS */;
UNLOCK TABLES;

--
-- Table structure for table `ezkeyword`
--

DROP TABLE IF EXISTS `ezkeyword`;
/*!40101 SET @saved_cs_client     = @@character_set_client */;
/*!40101 SET character_set_client = utf8 */;
CREATE TABLE `ezkeyword` (
  `class_id` int(11) NOT NULL DEFAULT '0',
  `id` int(11) NOT NULL AUTO_INCREMENT,
  `keyword` varchar(255) DEFAULT NULL,
  PRIMARY KEY (`id`),
  KEY `ezkeyword_keyword` (`keyword`),
  KEY `ezkeyword_keyword_id` (`keyword`,`id`)
) ENGINE=InnoDB DEFAULT CHARSET=utf8;
/*!40101 SET character_set_client = @saved_cs_client */;

--
-- Dumping data for table `ezkeyword`
--

LOCK TABLES `ezkeyword` WRITE;
/*!40000 ALTER TABLE `ezkeyword` DISABLE KEYS */;
/*!40000 ALTER TABLE `ezkeyword` ENABLE KEYS */;
UNLOCK TABLES;

--
-- Table structure for table `ezkeyword_attribute_link`
--

DROP TABLE IF EXISTS `ezkeyword_attribute_link`;
/*!40101 SET @saved_cs_client     = @@character_set_client */;
/*!40101 SET character_set_client = utf8 */;
CREATE TABLE `ezkeyword_attribute_link` (
  `id` int(11) NOT NULL AUTO_INCREMENT,
  `keyword_id` int(11) NOT NULL DEFAULT '0',
  `objectattribute_id` int(11) NOT NULL DEFAULT '0',
  PRIMARY KEY (`id`),
  KEY `ezkeyword_attr_link_keyword_id` (`keyword_id`),
  KEY `ezkeyword_attr_link_kid_oaid` (`keyword_id`,`objectattribute_id`),
  KEY `ezkeyword_attr_link_oaid` (`objectattribute_id`)
) ENGINE=InnoDB DEFAULT CHARSET=utf8;
/*!40101 SET character_set_client = @saved_cs_client */;

--
-- Dumping data for table `ezkeyword_attribute_link`
--

LOCK TABLES `ezkeyword_attribute_link` WRITE;
/*!40000 ALTER TABLE `ezkeyword_attribute_link` DISABLE KEYS */;
/*!40000 ALTER TABLE `ezkeyword_attribute_link` ENABLE KEYS */;
UNLOCK TABLES;

--
-- Table structure for table `ezm_block`
--

DROP TABLE IF EXISTS `ezm_block`;
/*!40101 SET @saved_cs_client     = @@character_set_client */;
/*!40101 SET character_set_client = utf8 */;
CREATE TABLE `ezm_block` (
  `id` char(32) NOT NULL,
  `zone_id` char(32) NOT NULL,
  `name` varchar(255) DEFAULT NULL,
  `node_id` int(10) unsigned NOT NULL,
  `overflow_id` char(32) DEFAULT NULL,
  `last_update` int(10) unsigned DEFAULT '0',
  `block_type` varchar(255) DEFAULT NULL,
  `fetch_params` longtext,
  `rotation_type` int(10) unsigned DEFAULT NULL,
  `rotation_interval` int(10) unsigned DEFAULT NULL,
  `is_removed` int(2) unsigned DEFAULT '0',
  PRIMARY KEY (`id`),
  KEY `ezm_block__is_removed` (`is_removed`),
  KEY `ezm_block__node_id` (`node_id`)
) ENGINE=InnoDB DEFAULT CHARSET=utf8;
/*!40101 SET character_set_client = @saved_cs_client */;

--
-- Dumping data for table `ezm_block`
--

LOCK TABLES `ezm_block` WRITE;
/*!40000 ALTER TABLE `ezm_block` DISABLE KEYS */;
INSERT INTO `ezm_block` VALUES ('02b7970476cb37a908d5a9815b630f63','082188b2a113cc866cbcf6ca6e5ce7d3','Main story',2,'',1271078350,'MainStory','',0,0,0),('14ee856818c7ac37dab7c2e37cc1cee4','2c534a9d5a624ccc411592fa15d34b04','Tag cloud',61,'',1271078350,'TagCloud','',0,0,0),('1d9d2c2cb831aa450d7b52b175f51196','a1117aa7fd4548568490cc7ab1271a4b','Bergoni',2,'',1271078350,'Manual3Items','',0,0,0),('2039833e070a6664fe221b7353850015','2b484644d2cca382187b10cc38af4dec','Top stories',60,'',1271078350,'Manual3Items','',0,0,0),('39bd28823261d0630c4e2f4187d4b446','082188b2a113cc866cbcf6ca6e5ce7d3','Ads',2,'',1271078350,'Banner','',0,0,0),('3efa9a57aea9179b7fbb95d9e2c2da54','a1117aa7fd4548568490cc7ab1271a4b','eventi',2,'',1271078350,'Calendario','',0,0,0),('4a0b92caff57ad50f0c577139bf9db7e','4f6d946ab48d95799d31179c3acde8cb','',2,'',1271078350,'MainStory','',0,0,0),('562ae893af410ec21cb36c9af9f3da5e','2b484644d2cca382187b10cc38af4dec','Conference Blog',60,'',1271078350,'ItemList','',0,0,0),('62264ff87355233285b84fa0ee93653b','a111cb7cf30697605c5af970e5eae708','ez.no rss feed',2,'',1271078350,'FeedReader','',0,0,0),('68f37ba3314bb1a7f303780a3dcbcb03','a111cb7cf30697605c5af970e5eae708','Ads',2,'',1271078350,'Banner','',0,0,0),('6cffeba4ecc71aa1f69c8223ec42c3bf','a1117aa7fd4548568490cc7ab1271a4b','Dove siamo',2,'',1271078350,'GMap','',0,0,0),('718a916799a92f7ce6a71cd030e22e09','a111cb7cf30697605c5af970e5eae708','News',2,'',1271078350,'Manual3Items','',0,0,0),('7930f78270c180d06007a1a13c73e80b','a1117aa7fd4548568490cc7ab1271a4b','Panozzi',2,'',1271078350,'Manual2Items','',0,0,0),('86f2814ceb5b5a6a57e101442e017319','2c534a9d5a624ccc411592fa15d34b04','Conference Video',61,'',1271078350,'Video','',0,0,0),('8cd4fdc002e9794d37a6ab298f25819d','4f6d946ab48d95799d31179c3acde8cb','',2,'',1271078350,'MainStory','',0,0,0),('8da726197ff802ca344ecdaf9c7e0a82','a111cb7cf30697605c5af970e5eae708','eZ Conference 2009 video',2,'',1271078350,'Video','',0,0,0),('9202cce2b5f34df64f2f0acd5f653930','082188b2a113cc866cbcf6ca6e5ce7d3','eZ Conference 2009',2,'',1271078350,'MultimediaCarousel','a:2:{s:7:\"Classes\";s:5:\"image\";s:6:\"Source\";s:2:\"64\";}',0,0,0),('9e678c6b3a4c8ab4c6305df3990870e1','082188b2a113cc866cbcf6ca6e5ce7d3','2 news block',2,'',1271078350,'Manual2Items','',0,0,0),('a4d850117738c54f721965f0a9699e72','a9892ba0505f395fed470239e59d3963','Main story',61,'',1271078350,'MainStory','',0,0,0),('a8c486607c55f4a7d1cd0168bbbe1e15','082188b2a113cc866cbcf6ca6e5ce7d3','Recent News',2,'',1271078350,'ItemList','',0,0,0),('c3e9b905f233908f36bc0c568b201820','082188b2a113cc866cbcf6ca6e5ce7d3','Tag cloud',2,'',1271078350,'TagCloud','',0,0,0),('c60853efd80f7b09926bf1decd8982f9','a1117aa7fd4548568490cc7ab1271a4b','On Line Users',2,'',1271078350,'OnlineUsers','',0,0,0),('c7e321173265535feb774632fb20dc2f','a111cb7cf30697605c5af970e5eae708','Conference Blog',2,'',1271078350,'ItemList','',0,0,0),('d75c28249a2ad9d2090f3c9cfec7af3d','a111cb7cf30697605c5af970e5eae708','Quick Poll',2,'',1271078350,'Poll','',0,0,0),('e5aff3976bc25d1c9a8683999052006d','a9892ba0505f395fed470239e59d3963','Top Stories',61,'',1271078350,'Manual3Items','',0,0,0);
/*!40000 ALTER TABLE `ezm_block` ENABLE KEYS */;
UNLOCK TABLES;

--
-- Table structure for table `ezm_pool`
--

DROP TABLE IF EXISTS `ezm_pool`;
/*!40101 SET @saved_cs_client     = @@character_set_client */;
/*!40101 SET character_set_client = utf8 */;
CREATE TABLE `ezm_pool` (
  `block_id` char(32) NOT NULL,
  `object_id` int(10) unsigned NOT NULL,
  `node_id` int(10) unsigned NOT NULL,
  `priority` int(10) unsigned DEFAULT '0',
  `ts_publication` int(11) DEFAULT '0',
  `ts_visible` int(10) unsigned DEFAULT '0',
  `ts_hidden` int(10) unsigned DEFAULT '0',
  `rotation_until` int(10) unsigned DEFAULT '0',
  `moved_to` char(32) DEFAULT NULL,
  PRIMARY KEY (`block_id`,`object_id`),
  KEY `ezm_pool__block_id__ts_publication__priority` (`block_id`,`ts_publication`,`priority`),
  KEY `ezm_pool__block_id__ts_visible` (`block_id`,`ts_visible`)
) ENGINE=InnoDB DEFAULT CHARSET=utf8;
/*!40101 SET character_set_client = @saved_cs_client */;

--
-- Dumping data for table `ezm_pool`
--

LOCK TABLES `ezm_pool` WRITE;
/*!40000 ALTER TABLE `ezm_pool` DISABLE KEYS */;
INSERT INTO `ezm_pool` VALUES ('02b7970476cb37a908d5a9815b630f63',75,77,1,1253873077,1253873514,0,0,NULL),('1d9d2c2cb831aa450d7b52b175f51196',68,69,1,1271016360,1271016449,0,0,NULL),('1d9d2c2cb831aa450d7b52b175f51196',114,114,3,1271016420,1271016449,0,0,NULL),('1d9d2c2cb831aa450d7b52b175f51196',115,115,2,1271016360,1271016449,0,0,NULL),('2039833e070a6664fe221b7353850015',73,75,1,1253874735,1253874779,0,0,NULL),('2039833e070a6664fe221b7353850015',76,78,2,1253874735,1253874779,0,0,NULL),('3efa9a57aea9179b7fbb95d9e2c2da54',65,66,1,1265489100,1265489122,0,0,NULL),('4a0b92caff57ad50f0c577139bf9db7e',144,144,0,1270997040,1270997094,1270998063,0,NULL),('4a0b92caff57ad50f0c577139bf9db7e',149,149,2,1270998000,1270998063,0,0,NULL),('562ae893af410ec21cb36c9af9f3da5e',80,82,1,1253874780,1253874823,0,0,NULL),('562ae893af410ec21cb36c9af9f3da5e',81,83,2,1253874780,1253874823,0,0,NULL),('562ae893af410ec21cb36c9af9f3da5e',82,84,3,1253874780,1253874823,0,0,NULL),('718a916799a92f7ce6a71cd030e22e09',73,75,1,1253873778,1253873912,0,0,NULL),('7930f78270c180d06007a1a13c73e80b',67,68,2,1271015940,1271015994,0,0,NULL),('7930f78270c180d06007a1a13c73e80b',144,144,1,1271015580,1271015646,0,0,NULL),('86f2814ceb5b5a6a57e101442e017319',61,63,1,1253874424,1253874445,0,0,NULL),('8cd4fdc002e9794d37a6ab298f25819d',144,144,1,1270998420,1270998480,0,0,NULL),('8da726197ff802ca344ecdaf9c7e0a82',61,63,1,1253873743,1253873912,0,0,NULL),('9202cce2b5f34df64f2f0acd5f653930',63,65,1,1195737047,1253873637,0,0,NULL),('9202cce2b5f34df64f2f0acd5f653930',64,66,2,1195737109,1253873637,0,0,NULL),('9202cce2b5f34df64f2f0acd5f653930',65,67,3,1195737204,1253873637,0,0,NULL),('9202cce2b5f34df64f2f0acd5f653930',66,68,4,1195738074,1253873637,0,0,NULL),('9202cce2b5f34df64f2f0acd5f653930',67,69,5,1251974585,1253873637,0,0,NULL),('9202cce2b5f34df64f2f0acd5f653930',68,70,6,1251974639,1253873637,0,0,NULL),('9202cce2b5f34df64f2f0acd5f653930',69,71,7,1251977164,1253873637,0,0,NULL),('9202cce2b5f34df64f2f0acd5f653930',70,72,8,1251977279,1253873637,0,0,NULL),('9202cce2b5f34df64f2f0acd5f653930',71,73,9,1251977331,1253873637,0,0,NULL),('9e678c6b3a4c8ab4c6305df3990870e1',76,78,2,1253873205,1253873514,0,0,NULL),('9e678c6b3a4c8ab4c6305df3990870e1',77,79,1,1253873178,1253873514,0,0,NULL),('a4d850117738c54f721965f0a9699e72',77,79,1,1253874551,1253874575,0,0,NULL),('a8c486607c55f4a7d1cd0168bbbe1e15',64,66,4,1253873369,1253873514,0,0,NULL),('a8c486607c55f4a7d1cd0168bbbe1e15',65,67,3,1253873357,1253873514,0,0,NULL),('a8c486607c55f4a7d1cd0168bbbe1e15',66,68,2,1253873336,1253873514,0,0,NULL),('a8c486607c55f4a7d1cd0168bbbe1e15',73,75,5,1253873398,1253873514,0,0,NULL),('a8c486607c55f4a7d1cd0168bbbe1e15',74,76,6,1253873420,1253873514,0,0,NULL),('a8c486607c55f4a7d1cd0168bbbe1e15',75,77,7,1253873444,1253873514,0,0,NULL),('a8c486607c55f4a7d1cd0168bbbe1e15',76,78,8,1253873462,1253873514,0,0,NULL),('a8c486607c55f4a7d1cd0168bbbe1e15',77,79,9,1253873490,1253873514,0,0,NULL),('a8c486607c55f4a7d1cd0168bbbe1e15',82,84,1,1253873323,1253873514,0,0,NULL),('c7e321173265535feb774632fb20dc2f',80,82,3,1253873907,1253873912,0,0,NULL),('c7e321173265535feb774632fb20dc2f',81,83,2,1253873877,1253873912,0,0,NULL),('c7e321173265535feb774632fb20dc2f',82,84,1,1253873862,1253873912,0,0,NULL),('e5aff3976bc25d1c9a8683999052006d',75,77,1,1253874309,1253874445,0,0,NULL);
/*!40000 ALTER TABLE `ezm_pool` ENABLE KEYS */;
UNLOCK TABLES;

--
-- Table structure for table `ezmedia`
--

DROP TABLE IF EXISTS `ezmedia`;
/*!40101 SET @saved_cs_client     = @@character_set_client */;
/*!40101 SET character_set_client = utf8 */;
CREATE TABLE `ezmedia` (
  `contentobject_attribute_id` int(11) NOT NULL DEFAULT '0',
  `controls` varchar(50) DEFAULT NULL,
  `filename` varchar(255) NOT NULL DEFAULT '',
  `has_controller` int(11) DEFAULT '0',
  `height` int(11) DEFAULT NULL,
  `is_autoplay` int(11) DEFAULT '0',
  `is_loop` int(11) DEFAULT '0',
  `mime_type` varchar(50) NOT NULL DEFAULT '',
  `original_filename` varchar(255) NOT NULL DEFAULT '',
  `pluginspage` varchar(255) DEFAULT NULL,
  `quality` varchar(50) DEFAULT NULL,
  `version` int(11) NOT NULL DEFAULT '0',
  `width` int(11) DEFAULT NULL,
  PRIMARY KEY (`contentobject_attribute_id`,`version`)
) ENGINE=InnoDB DEFAULT CHARSET=utf8;
/*!40101 SET character_set_client = @saved_cs_client */;

--
-- Dumping data for table `ezmedia`
--

LOCK TABLES `ezmedia` WRITE;
/*!40000 ALTER TABLE `ezmedia` DISABLE KEYS */;
/*!40000 ALTER TABLE `ezmedia` ENABLE KEYS */;
UNLOCK TABLES;

--
-- Table structure for table `ezmessage`
--

DROP TABLE IF EXISTS `ezmessage`;
/*!40101 SET @saved_cs_client     = @@character_set_client */;
/*!40101 SET character_set_client = utf8 */;
CREATE TABLE `ezmessage` (
  `body` longtext,
  `destination_address` varchar(50) NOT NULL DEFAULT '',
  `id` int(11) NOT NULL AUTO_INCREMENT,
  `is_sent` int(11) NOT NULL DEFAULT '0',
  `send_method` varchar(50) NOT NULL DEFAULT '',
  `send_time` varchar(50) NOT NULL DEFAULT '',
  `send_weekday` varchar(50) NOT NULL DEFAULT '',
  `title` varchar(255) NOT NULL DEFAULT '',
  PRIMARY KEY (`id`)
) ENGINE=InnoDB DEFAULT CHARSET=utf8;
/*!40101 SET character_set_client = @saved_cs_client */;

--
-- Dumping data for table `ezmessage`
--

LOCK TABLES `ezmessage` WRITE;
/*!40000 ALTER TABLE `ezmessage` DISABLE KEYS */;
/*!40000 ALTER TABLE `ezmessage` ENABLE KEYS */;
UNLOCK TABLES;

--
-- Table structure for table `ezmodule_run`
--

DROP TABLE IF EXISTS `ezmodule_run`;
/*!40101 SET @saved_cs_client     = @@character_set_client */;
/*!40101 SET character_set_client = utf8 */;
CREATE TABLE `ezmodule_run` (
  `function_name` varchar(255) DEFAULT NULL,
  `id` int(11) NOT NULL AUTO_INCREMENT,
  `module_data` longtext,
  `module_name` varchar(255) DEFAULT NULL,
  `workflow_process_id` int(11) DEFAULT NULL,
  PRIMARY KEY (`id`),
  UNIQUE KEY `ezmodule_run_workflow_process_id_s` (`workflow_process_id`)
) ENGINE=InnoDB DEFAULT CHARSET=utf8;
/*!40101 SET character_set_client = @saved_cs_client */;

--
-- Dumping data for table `ezmodule_run`
--

LOCK TABLES `ezmodule_run` WRITE;
/*!40000 ALTER TABLE `ezmodule_run` DISABLE KEYS */;
/*!40000 ALTER TABLE `ezmodule_run` ENABLE KEYS */;
UNLOCK TABLES;

--
-- Table structure for table `ezmultipricedata`
--

DROP TABLE IF EXISTS `ezmultipricedata`;
/*!40101 SET @saved_cs_client     = @@character_set_client */;
/*!40101 SET character_set_client = utf8 */;
CREATE TABLE `ezmultipricedata` (
  `contentobject_attr_id` int(11) NOT NULL DEFAULT '0',
  `contentobject_attr_version` int(11) NOT NULL DEFAULT '0',
  `currency_code` varchar(4) NOT NULL DEFAULT '',
  `id` int(11) NOT NULL AUTO_INCREMENT,
  `type` int(11) NOT NULL DEFAULT '0',
  `value` decimal(15,2) NOT NULL DEFAULT '0.00',
  PRIMARY KEY (`id`),
  KEY `ezmultipricedata_coa_id` (`contentobject_attr_id`),
  KEY `ezmultipricedata_coa_version` (`contentobject_attr_version`),
  KEY `ezmultipricedata_currency_code` (`currency_code`)
) ENGINE=InnoDB DEFAULT CHARSET=utf8;
/*!40101 SET character_set_client = @saved_cs_client */;

--
-- Dumping data for table `ezmultipricedata`
--

LOCK TABLES `ezmultipricedata` WRITE;
/*!40000 ALTER TABLE `ezmultipricedata` DISABLE KEYS */;
/*!40000 ALTER TABLE `ezmultipricedata` ENABLE KEYS */;
UNLOCK TABLES;

--
-- Table structure for table `eznode_assignment`
--

DROP TABLE IF EXISTS `eznode_assignment`;
/*!40101 SET @saved_cs_client     = @@character_set_client */;
/*!40101 SET character_set_client = utf8 */;
CREATE TABLE `eznode_assignment` (
  `contentobject_id` int(11) DEFAULT NULL,
  `contentobject_version` int(11) DEFAULT NULL,
  `from_node_id` int(11) DEFAULT '0',
  `id` int(11) NOT NULL AUTO_INCREMENT,
  `is_main` int(11) NOT NULL DEFAULT '0',
  `op_code` int(11) NOT NULL DEFAULT '0',
  `parent_node` int(11) DEFAULT NULL,
  `parent_remote_id` varchar(100) NOT NULL DEFAULT '',
  `remote_id` int(11) NOT NULL DEFAULT '0',
  `sort_field` int(11) DEFAULT '1',
  `sort_order` int(11) DEFAULT '1',
  PRIMARY KEY (`id`),
  KEY `eznode_assignment_co_id` (`contentobject_id`),
  KEY `eznode_assignment_co_version` (`contentobject_version`),
  KEY `eznode_assignment_coid_cov` (`contentobject_id`,`contentobject_version`),
  KEY `eznode_assignment_is_main` (`is_main`),
  KEY `eznode_assignment_parent_node` (`parent_node`)
) ENGINE=InnoDB AUTO_INCREMENT=445 DEFAULT CHARSET=utf8;
/*!40101 SET character_set_client = @saved_cs_client */;

--
-- Dumping data for table `eznode_assignment`
--

LOCK TABLES `eznode_assignment` WRITE;
/*!40000 ALTER TABLE `eznode_assignment` DISABLE KEYS */;
INSERT INTO `eznode_assignment` VALUES (8,2,0,4,1,2,5,'',0,1,1),(42,1,0,5,1,2,5,'',0,9,1),(10,2,-1,6,1,2,44,'',0,9,1),(4,1,0,7,1,2,1,'',0,1,1),(12,1,0,8,1,2,5,'',0,1,1),(13,1,0,9,1,2,5,'',0,1,1),(14,1,0,10,1,2,13,'',0,1,1),(41,1,0,11,1,2,1,'',0,1,1),(11,1,0,12,1,2,5,'',0,1,1),(45,1,-1,16,1,2,1,'',0,9,1),(49,1,0,27,1,2,43,'',0,9,1),(50,1,0,28,1,2,43,'',0,9,1),(51,1,0,29,1,2,43,'',0,9,1),(52,1,0,30,1,2,48,'',0,1,1),(54,1,0,31,1,2,58,'',0,1,1),(56,1,0,34,1,2,1,'',0,2,0),(14,2,-1,36,1,2,13,'',0,1,1),(58,1,0,37,1,2,5,'',0,1,1),(11,2,-1,38,1,2,5,'',0,1,1),(59,1,0,39,1,2,2,'',0,1,1),(61,1,0,41,1,2,2,'',0,1,1),(62,1,0,42,1,2,2,'',0,1,1),(63,1,0,43,1,2,2,'',0,1,1),(63,2,-1,44,1,2,2,'',0,1,1),(54,2,-1,46,1,2,58,'',0,1,1),(52,2,-1,47,1,2,48,'',0,1,1),(59,2,-1,49,1,2,2,'',0,1,1),(61,2,-1,50,1,2,2,'',0,1,1),(62,2,-1,51,1,2,2,'',0,1,1),(63,3,-1,52,1,2,2,'',0,1,1),(64,1,0,53,1,2,64,'',0,1,1),(65,1,0,54,1,2,64,'',0,1,1),(65,2,-1,55,1,2,64,'',0,1,1),(66,1,0,56,1,2,63,'',0,1,1),(68,1,0,61,1,2,61,'',0,1,1),(69,1,0,63,1,2,64,'',0,1,1),(65,3,-1,66,1,2,64,'',0,1,1),(70,1,0,67,1,2,66,'',0,1,1),(71,1,0,68,1,2,66,'',0,1,1),(72,1,0,69,1,2,66,'',0,1,1),(73,1,0,70,1,2,66,'',0,1,1),(74,1,0,72,1,2,51,'',0,2,0),(109,1,0,110,1,2,66,'',0,1,1),(110,1,0,111,1,2,66,'',0,1,1),(112,1,0,113,1,2,69,'',0,1,1),(112,2,-1,115,1,2,69,'',0,1,1),(113,1,0,116,1,2,69,'',0,1,1),(114,1,0,117,1,2,69,'',0,1,1),(115,1,0,118,1,2,69,'',0,1,1),(68,2,-1,119,1,2,61,'',0,1,1),(134,1,0,147,1,2,61,'',0,1,1),(135,1,0,148,1,2,134,'',0,1,1),(136,1,0,149,1,2,61,'',0,1,1),(137,1,0,150,1,2,136,'',0,1,1),(138,1,0,151,1,2,136,'',0,1,1),(139,1,0,152,1,2,136,'',0,1,1),(140,1,0,153,1,2,61,'',0,1,1),(141,1,0,154,1,2,140,'',0,1,1),(142,1,0,155,1,2,140,'',0,1,1),(59,3,-1,157,1,2,2,'',0,1,1),(59,4,-1,158,1,2,2,'',0,1,1),(61,3,-1,159,1,2,2,'',0,1,1),(62,3,-1,160,1,2,2,'',0,1,1),(63,4,-1,161,1,2,2,'',0,1,1),(134,2,-1,162,1,2,61,'',0,1,1),(140,2,-1,163,1,2,61,'',0,1,1),(68,3,-1,164,1,2,61,'',0,1,1),(67,3,-1,165,1,2,62,'',0,1,1),(66,2,-1,166,1,2,63,'',0,1,1),(65,4,-1,167,1,2,64,'',0,1,1),(69,2,-1,168,1,2,64,'',0,1,1),(143,1,0,169,1,2,135,'',0,1,1),(144,1,0,170,1,2,68,'',0,1,1),(144,2,-1,171,1,2,68,'',0,1,1),(145,1,0,172,1,2,51,'',0,2,0),(144,3,-1,173,1,2,68,'',0,1,1),(146,1,0,174,1,2,51,'',0,2,0),(144,4,-1,175,1,2,68,'',0,1,1),(145,2,-1,176,1,2,51,'',0,2,0),(144,5,-1,177,1,2,68,'',0,1,1),(147,1,0,178,1,2,51,'',0,2,0),(147,2,-1,179,1,2,51,'',0,2,0),(61,4,-1,180,1,2,2,'',0,1,1),(148,1,0,181,1,2,135,'',0,1,1),(67,4,-1,182,1,2,62,'',0,1,1),(149,1,0,183,1,2,68,'',0,1,1),(59,5,-1,185,1,2,2,'',0,1,1),(59,6,-1,186,1,2,2,'',0,1,1),(61,5,-1,187,1,2,2,'',0,1,1),(62,4,-1,188,1,2,2,'',0,1,1),(63,5,-1,189,1,2,2,'',0,1,1),(150,1,0,190,1,2,69,'',0,1,1),(157,1,0,197,1,2,66,'',0,1,1),(165,1,0,205,1,2,66,'',0,1,1),(157,2,-1,206,1,2,66,'',0,1,1),(166,1,0,207,1,2,51,'',0,2,0),(167,1,0,208,1,2,66,'',0,1,1),(157,3,-1,209,1,2,66,'',0,1,1),(169,1,0,211,1,2,12,'',0,2,0),(170,1,0,212,1,2,66,'',0,1,1),(171,1,0,213,1,2,66,'',0,1,1),(205,1,0,251,1,2,12,'',0,2,0),(249,1,0,295,1,2,12,'',0,2,0),(261,1,0,307,1,2,12,'',0,2,0),(61,6,-1,312,1,2,2,'',0,1,1),(262,1,0,319,1,2,5,'',0,1,1),(263,1,0,320,1,2,174,'',0,1,1),(267,1,0,339,1,2,150,'',0,2,0),(268,1,0,340,1,2,150,'',0,2,0),(269,1,0,341,1,2,150,'',0,2,0),(270,1,0,342,1,2,150,'',0,2,0),(271,1,0,343,1,2,150,'',0,2,0),(272,1,0,344,1,2,150,'',0,2,0),(150,2,-1,345,1,2,69,'',0,1,1),(267,2,-1,346,1,2,150,'',0,2,0),(273,1,0,347,1,2,150,'',0,2,0),(274,1,0,348,1,2,150,'',0,2,0),(275,1,0,349,1,2,150,'',0,2,0),(276,1,0,350,1,2,150,'',0,2,0),(277,1,0,351,1,2,150,'',0,2,0),(278,1,0,352,1,2,150,'',0,2,0),(279,1,0,353,1,2,150,'',0,2,0),(144,6,-1,354,1,2,68,'',0,1,1),(267,3,-1,355,1,2,150,'',0,2,0),(134,3,-1,356,1,2,61,'',0,1,1),(150,3,-1,359,1,2,69,'',0,1,1),(150,4,-1,360,1,2,69,'',0,1,1),(150,5,-1,363,1,2,69,'',0,1,1),(140,3,-1,367,1,2,61,'',0,1,1),(140,4,-1,369,1,2,61,'',0,1,1),(68,4,-1,376,1,2,61,'',0,1,1),(67,5,-1,380,1,2,62,'',0,1,1),(67,6,-1,381,1,2,62,'',0,1,1),(61,7,-1,382,1,2,2,'',0,1,1),(136,2,-1,384,1,2,61,'',0,1,1),(61,8,-1,386,1,2,2,'',0,1,1),(62,5,-1,387,1,2,2,'',0,1,1),(63,6,-1,388,1,2,2,'',0,1,1),(62,6,-1,390,1,2,2,'',0,1,1),(59,7,-1,394,1,2,2,'',0,1,1),(144,7,-1,396,1,2,68,'',0,1,1),(112,3,-1,397,1,2,69,'',0,1,1),(113,2,-1,398,1,2,69,'',0,1,1),(114,2,-1,399,1,2,69,'',0,1,1),(115,2,-1,400,1,2,69,'',0,1,1),(57,10,-1,408,1,2,1,'',0,8,1),(149,2,-1,409,1,2,68,'',0,1,1),(57,11,-1,410,1,2,1,'',0,8,1),(57,12,-1,411,1,2,1,'',0,8,1),(57,13,-1,412,1,2,1,'',0,8,1),(57,14,-1,413,1,2,1,'',0,8,1),(65,5,-1,414,1,2,64,'',0,1,1),(57,15,-1,416,1,2,1,'',0,8,1),(67,7,-1,417,1,2,62,'',0,1,1),(57,16,-1,418,1,2,1,'',0,8,1),(57,17,-1,419,1,2,1,'',0,8,1),(57,18,-1,420,1,2,1,'',0,8,1),(114,3,-1,421,1,2,69,'',0,1,1),(115,3,-1,422,1,2,69,'',0,1,1),(263,2,-1,423,1,2,174,'',0,1,1),(263,3,-1,440,1,2,174,'',0,1,1),(57,19,-1,441,1,2,1,'',0,8,1),(149,3,-1,444,1,2,68,'',0,1,1);
/*!40000 ALTER TABLE `eznode_assignment` ENABLE KEYS */;
UNLOCK TABLES;

--
-- Table structure for table `eznotificationcollection`
--

DROP TABLE IF EXISTS `eznotificationcollection`;
/*!40101 SET @saved_cs_client     = @@character_set_client */;
/*!40101 SET character_set_client = utf8 */;
CREATE TABLE `eznotificationcollection` (
  `data_subject` longtext NOT NULL,
  `data_text` longtext NOT NULL,
  `event_id` int(11) NOT NULL DEFAULT '0',
  `handler` varchar(255) NOT NULL DEFAULT '',
  `id` int(11) NOT NULL AUTO_INCREMENT,
  `transport` varchar(255) NOT NULL DEFAULT '',
  PRIMARY KEY (`id`)
) ENGINE=InnoDB DEFAULT CHARSET=utf8;
/*!40101 SET character_set_client = @saved_cs_client */;

--
-- Dumping data for table `eznotificationcollection`
--

LOCK TABLES `eznotificationcollection` WRITE;
/*!40000 ALTER TABLE `eznotificationcollection` DISABLE KEYS */;
/*!40000 ALTER TABLE `eznotificationcollection` ENABLE KEYS */;
UNLOCK TABLES;

--
-- Table structure for table `eznotificationcollection_item`
--

DROP TABLE IF EXISTS `eznotificationcollection_item`;
/*!40101 SET @saved_cs_client     = @@character_set_client */;
/*!40101 SET character_set_client = utf8 */;
CREATE TABLE `eznotificationcollection_item` (
  `address` varchar(255) NOT NULL DEFAULT '',
  `collection_id` int(11) NOT NULL DEFAULT '0',
  `event_id` int(11) NOT NULL DEFAULT '0',
  `id` int(11) NOT NULL AUTO_INCREMENT,
  `send_date` int(11) NOT NULL DEFAULT '0',
  PRIMARY KEY (`id`)
) ENGINE=InnoDB DEFAULT CHARSET=utf8;
/*!40101 SET character_set_client = @saved_cs_client */;

--
-- Dumping data for table `eznotificationcollection_item`
--

LOCK TABLES `eznotificationcollection_item` WRITE;
/*!40000 ALTER TABLE `eznotificationcollection_item` DISABLE KEYS */;
/*!40000 ALTER TABLE `eznotificationcollection_item` ENABLE KEYS */;
UNLOCK TABLES;

--
-- Table structure for table `eznotificationevent`
--

DROP TABLE IF EXISTS `eznotificationevent`;
/*!40101 SET @saved_cs_client     = @@character_set_client */;
/*!40101 SET character_set_client = utf8 */;
CREATE TABLE `eznotificationevent` (
  `data_int1` int(11) NOT NULL DEFAULT '0',
  `data_int2` int(11) NOT NULL DEFAULT '0',
  `data_int3` int(11) NOT NULL DEFAULT '0',
  `data_int4` int(11) NOT NULL DEFAULT '0',
  `data_text1` longtext NOT NULL,
  `data_text2` longtext NOT NULL,
  `data_text3` longtext NOT NULL,
  `data_text4` longtext NOT NULL,
  `event_type_string` varchar(255) NOT NULL DEFAULT '',
  `id` int(11) NOT NULL AUTO_INCREMENT,
  `status` int(11) NOT NULL DEFAULT '0',
  PRIMARY KEY (`id`)
) ENGINE=InnoDB AUTO_INCREMENT=231 DEFAULT CHARSET=utf8;
/*!40101 SET character_set_client = @saved_cs_client */;

--
-- Dumping data for table `eznotificationevent`
--

LOCK TABLES `eznotificationevent` WRITE;
/*!40000 ALTER TABLE `eznotificationevent` DISABLE KEYS */;
INSERT INTO `eznotificationevent` VALUES (57,1,0,0,'','','','','ezpublish',1,0),(14,2,0,0,'','','','','ezpublish',2,0),(58,1,0,0,'','','','','ezpublish',3,0),(11,2,0,0,'','','','','ezpublish',4,0),(59,1,0,0,'','','','','ezpublish',5,0),(61,1,0,0,'','','','','ezpublish',6,0),(62,1,0,0,'','','','','ezpublish',7,0),(63,1,0,0,'','','','','ezpublish',8,0),(63,2,0,0,'','','','','ezpublish',9,0),(54,2,0,0,'','','','','ezpublish',10,0),(52,2,0,0,'','','','','ezpublish',11,0),(57,2,0,0,'','','','','ezpublish',12,0),(59,2,0,0,'','','','','ezpublish',13,0),(61,2,0,0,'','','','','ezpublish',14,0),(62,2,0,0,'','','','','ezpublish',15,0),(63,3,0,0,'','','','','ezpublish',16,0),(64,1,0,0,'','','','','ezpublish',17,0),(65,1,0,0,'','','','','ezpublish',18,0),(65,2,0,0,'','','','','ezpublish',19,0),(66,1,0,0,'','','','','ezpublish',20,0),(67,1,0,0,'','','','','ezpublish',21,0),(68,1,0,0,'','','','','ezpublish',22,0),(69,1,0,0,'','','','','ezpublish',23,0),(57,3,0,0,'','','','','ezpublish',24,0),(57,4,0,0,'','','','','ezpublish',25,0),(65,3,0,0,'','','','','ezpublish',26,0),(70,1,0,0,'','','','','ezpublish',27,0),(71,1,0,0,'','','','','ezpublish',28,0),(72,1,0,0,'','','','','ezpublish',29,0),(73,1,0,0,'','','','','ezpublish',30,0),(74,1,0,0,'','','','','ezpublish',31,0),(67,2,0,0,'','','','','ezpublish',32,0),(75,1,0,0,'','','','','ezpublish',33,0),(76,1,0,0,'','','','','ezpublish',34,0),(77,1,0,0,'','','','','ezpublish',35,0),(78,1,0,0,'','','','','ezpublish',36,0),(79,1,0,0,'','','','','ezpublish',37,0),(80,1,0,0,'','','','','ezpublish',38,0),(81,1,0,0,'','','','','ezpublish',39,0),(76,2,0,0,'','','','','ezpublish',40,0),(82,1,0,0,'','','','','ezpublish',41,0),(83,1,0,0,'','','','','ezpublish',42,0),(84,1,0,0,'','','','','ezpublish',43,0),(85,1,0,0,'','','','','ezpublish',44,0),(86,1,0,0,'','','','','ezpublish',45,0),(87,1,0,0,'','','','','ezpublish',46,0),(88,1,0,0,'','','','','ezpublish',47,0),(89,1,0,0,'','','','','ezpublish',48,0),(90,1,0,0,'','','','','ezpublish',49,0),(91,1,0,0,'','','','','ezpublish',50,0),(92,1,0,0,'','','','','ezpublish',51,0),(93,1,0,0,'','','','','ezpublish',52,0),(94,1,0,0,'','','','','ezpublish',53,0),(95,1,0,0,'','','','','ezpublish',54,0),(96,1,0,0,'','','','','ezpublish',55,0),(97,1,0,0,'','','','','ezpublish',56,0),(98,1,0,0,'','','','','ezpublish',57,0),(99,1,0,0,'','','','','ezpublish',58,0),(100,1,0,0,'','','','','ezpublish',59,0),(101,1,0,0,'','','','','ezpublish',60,0),(102,1,0,0,'','','','','ezpublish',61,0),(103,1,0,0,'','','','','ezpublish',62,0),(104,1,0,0,'','','','','ezpublish',63,0),(105,1,0,0,'','','','','ezpublish',64,0),(106,1,0,0,'','','','','ezpublish',65,0),(107,1,0,0,'','','','','ezpublish',66,0),(108,1,0,0,'','','','','ezpublish',67,0),(109,1,0,0,'','','','','ezpublish',68,0),(110,1,0,0,'','','','','ezpublish',69,0),(112,1,0,0,'','','','','ezpublish',70,0),(112,2,0,0,'','','','','ezpublish',71,0),(113,1,0,0,'','','','','ezpublish',72,0),(114,1,0,0,'','','','','ezpublish',73,0),(115,1,0,0,'','','','','ezpublish',74,0),(68,2,0,0,'','','','','ezpublish',75,0),(76,3,0,0,'','','','','ezpublish',76,0),(76,4,0,0,'','','','','ezpublish',77,0),(76,5,0,0,'','','','','ezpublish',78,0),(76,6,0,0,'','','','','ezpublish',79,0),(76,7,0,0,'','','','','ezpublish',80,0),(116,1,0,0,'','','','','ezpublish',81,0),(117,1,0,0,'','','','','ezpublish',82,0),(118,1,0,0,'','','','','ezpublish',83,0),(119,1,0,0,'','','','','ezpublish',84,0),(120,1,0,0,'','','','','ezpublish',85,0),(121,1,0,0,'','','','','ezpublish',86,0),(122,1,0,0,'','','','','ezpublish',87,0),(123,1,0,0,'','','','','ezpublish',88,0),(124,1,0,0,'','','','','ezpublish',89,0),(125,1,0,0,'','','','','ezpublish',90,0),(126,1,0,0,'','','','','ezpublish',91,0),(127,1,0,0,'','','','','ezpublish',92,0),(128,1,0,0,'','','','','ezpublish',93,0),(129,1,0,0,'','','','','ezpublish',94,0),(130,1,0,0,'','','','','ezpublish',95,0),(131,1,0,0,'','','','','ezpublish',96,0),(132,1,0,0,'','','','','ezpublish',97,0),(133,1,0,0,'','','','','ezpublish',98,0),(116,2,0,0,'','','','','ezpublish',99,0),(134,1,0,0,'','','','','ezpublish',100,0),(135,1,0,0,'','','','','ezpublish',101,0),(136,1,0,0,'','','','','ezpublish',102,0),(137,1,0,0,'','','','','ezpublish',103,0),(138,1,0,0,'','','','','ezpublish',104,0),(139,1,0,0,'','','','','ezpublish',105,0),(140,1,0,0,'','','','','ezpublish',106,0),(141,1,0,0,'','','','','ezpublish',107,0),(142,1,0,0,'','','','','ezpublish',108,0),(59,3,0,0,'','','','','ezpublish',109,0),(59,4,0,0,'','','','','ezpublish',110,0),(61,3,0,0,'','','','','ezpublish',111,0),(62,3,0,0,'','','','','ezpublish',112,0),(63,4,0,0,'','','','','ezpublish',113,0),(134,2,0,0,'','','','','ezpublish',114,0),(140,2,0,0,'','','','','ezpublish',115,0),(68,3,0,0,'','','','','ezpublish',116,0),(67,3,0,0,'','','','','ezpublish',117,0),(66,2,0,0,'','','','','ezpublish',118,0),(65,4,0,0,'','','','','ezpublish',119,0),(69,2,0,0,'','','','','ezpublish',120,0),(143,1,0,0,'','','','','ezpublish',121,0),(144,1,0,0,'','','','','ezpublish',122,0),(145,1,0,0,'','','','','ezpublish',123,0),(144,2,0,0,'','','','','ezpublish',124,0),(146,1,0,0,'','','','','ezpublish',125,0),(144,3,0,0,'','','','','ezpublish',126,0),(144,4,0,0,'','','','','ezpublish',127,0),(145,2,0,0,'','','','','ezpublish',128,0),(147,1,0,0,'','','','','ezpublish',129,0),(144,5,0,0,'','','','','ezpublish',130,0),(147,2,0,0,'','','','','ezpublish',131,0),(61,4,0,0,'','','','','ezpublish',132,0),(148,1,0,0,'','','','','ezpublish',133,0),(67,4,0,0,'','','','','ezpublish',134,0),(149,1,0,0,'','','','','ezpublish',135,0),(59,5,0,0,'','','','','ezpublish',136,0),(59,6,0,0,'','','','','ezpublish',137,0),(61,5,0,0,'','','','','ezpublish',138,0),(62,4,0,0,'','','','','ezpublish',139,0),(63,5,0,0,'','','','','ezpublish',140,0),(150,1,0,0,'','','','','ezpublish',141,0),(151,1,0,0,'','','','','ezpublish',142,0),(152,1,0,0,'','','','','ezpublish',143,0),(153,1,0,0,'','','','','ezpublish',144,0),(154,1,0,0,'','','','','ezpublish',145,0),(155,1,0,0,'','','','','ezpublish',146,0),(156,1,0,0,'','','','','ezpublish',147,0),(157,1,0,0,'','','','','ezpublish',148,0),(158,1,0,0,'','','','','ezpublish',149,0),(159,1,0,0,'','','','','ezpublish',150,0),(160,1,0,0,'','','','','ezpublish',151,0),(161,1,0,0,'','','','','ezpublish',152,0),(162,1,0,0,'','','','','ezpublish',153,0),(163,1,0,0,'','','','','ezpublish',154,0),(164,1,0,0,'','','','','ezpublish',155,0),(165,1,0,0,'','','','','ezpublish',156,0),(166,1,0,0,'','','','','ezpublish',157,0),(157,2,0,0,'','','','','ezpublish',158,0),(167,1,0,0,'','','','','ezpublish',159,0),(157,3,0,0,'','','','','ezpublish',160,0),(169,1,0,0,'','','','','ezpublish',161,0),(170,1,0,0,'','','','','ezpublish',162,0),(171,1,0,0,'','','','','ezpublish',163,0),(205,1,0,0,'','','','','ezpublish',164,0),(249,1,0,0,'','','','','ezpublish',165,0),(261,1,0,0,'','','','','ezpublish',166,0),(61,6,0,0,'','','','','ezpublish',167,0),(262,1,0,0,'','','','','ezpublish',168,0),(263,1,0,0,'','','','','ezpublish',169,0),(267,1,0,0,'','','','','ezpublish',170,0),(268,1,0,0,'','','','','ezpublish',171,0),(269,1,0,0,'','','','','ezpublish',172,0),(270,1,0,0,'','','','','ezpublish',173,0),(271,1,0,0,'','','','','ezpublish',174,0),(272,1,0,0,'','','','','ezpublish',175,0),(150,2,0,0,'','','','','ezpublish',176,0),(267,2,0,0,'','','','','ezpublish',177,0),(273,1,0,0,'','','','','ezpublish',178,0),(274,1,0,0,'','','','','ezpublish',179,0),(275,1,0,0,'','','','','ezpublish',180,0),(276,1,0,0,'','','','','ezpublish',181,0),(277,1,0,0,'','','','','ezpublish',182,0),(278,1,0,0,'','','','','ezpublish',183,0),(279,1,0,0,'','','','','ezpublish',184,0),(144,6,0,0,'','','','','ezpublish',185,0),(267,3,0,0,'','','','','ezpublish',186,0),(134,3,0,0,'','','','','ezpublish',187,0),(150,3,0,0,'','','','','ezpublish',188,0),(150,4,0,0,'','','','','ezpublish',189,0),(150,5,0,0,'','','','','ezpublish',190,0),(140,3,0,0,'','','','','ezpublish',191,0),(67,5,0,0,'','','','','ezpublish',192,0),(61,7,0,0,'','','','','ezpublish',193,0),(67,6,0,0,'','','','','ezpublish',194,0),(136,2,0,0,'','','','','ezpublish',195,0),(140,4,0,0,'','','','','ezpublish',196,0),(68,4,0,0,'','','','','ezpublish',197,0),(61,8,0,0,'','','','','ezpublish',198,0),(62,5,0,0,'','','','','ezpublish',199,0),(63,6,0,0,'','','','','ezpublish',200,0),(62,6,0,0,'','','','','ezpublish',201,0),(59,7,0,0,'','','','','ezpublish',202,0),(144,7,0,0,'','','','','ezpublish',203,0),(112,3,0,0,'','','','','ezpublish',204,0),(113,2,0,0,'','','','','ezpublish',205,0),(114,2,0,0,'','','','','ezpublish',206,0),(115,2,0,0,'','','','','ezpublish',207,0),(57,5,0,0,'','','','','ezpublish',208,0),(57,6,0,0,'','','','','ezpublish',209,0),(57,7,0,0,'','','','','ezpublish',210,0),(57,8,0,0,'','','','','ezpublish',211,0),(57,9,0,0,'','','','','ezpublish',212,0),(57,10,0,0,'','','','','ezpublish',213,0),(149,2,0,0,'','','','','ezpublish',214,0),(57,11,0,0,'','','','','ezpublish',215,0),(57,12,0,0,'','','','','ezpublish',216,0),(57,13,0,0,'','','','','ezpublish',217,0),(57,14,0,0,'','','','','ezpublish',218,0),(65,5,0,0,'','','','','ezpublish',219,0),(57,15,0,0,'','','','','ezpublish',220,0),(67,7,0,0,'','','','','ezpublish',221,0),(57,16,0,0,'','','','','ezpublish',222,0),(57,17,0,0,'','','','','ezpublish',223,0),(57,18,0,0,'','','','','ezpublish',224,0),(114,3,0,0,'','','','','ezpublish',225,0),(115,3,0,0,'','','','','ezpublish',226,0),(263,2,0,0,'','','','','ezpublish',227,0),(263,3,0,0,'','','','','ezpublish',228,0),(57,19,0,0,'','','','','ezpublish',229,0),(149,3,0,0,'','','','','ezpublish',230,0);
/*!40000 ALTER TABLE `eznotificationevent` ENABLE KEYS */;
UNLOCK TABLES;

--
-- Table structure for table `ezoperation_memento`
--

DROP TABLE IF EXISTS `ezoperation_memento`;
/*!40101 SET @saved_cs_client     = @@character_set_client */;
/*!40101 SET character_set_client = utf8 */;
CREATE TABLE `ezoperation_memento` (
  `id` int(11) NOT NULL AUTO_INCREMENT,
  `main` int(11) NOT NULL DEFAULT '0',
  `main_key` varchar(32) NOT NULL DEFAULT '',
  `memento_data` longtext NOT NULL,
  `memento_key` varchar(32) NOT NULL DEFAULT '',
  PRIMARY KEY (`id`,`memento_key`),
  KEY `ezoperation_memento_memento_key_main` (`memento_key`,`main`)
) ENGINE=InnoDB DEFAULT CHARSET=utf8;
/*!40101 SET character_set_client = @saved_cs_client */;

--
-- Dumping data for table `ezoperation_memento`
--

LOCK TABLES `ezoperation_memento` WRITE;
/*!40000 ALTER TABLE `ezoperation_memento` DISABLE KEYS */;
/*!40000 ALTER TABLE `ezoperation_memento` ENABLE KEYS */;
UNLOCK TABLES;

--
-- Table structure for table `ezorder`
--

DROP TABLE IF EXISTS `ezorder`;
/*!40101 SET @saved_cs_client     = @@character_set_client */;
/*!40101 SET character_set_client = utf8 */;
CREATE TABLE `ezorder` (
  `account_identifier` varchar(100) NOT NULL DEFAULT 'default',
  `created` int(11) NOT NULL DEFAULT '0',
  `data_text_1` longtext,
  `data_text_2` longtext,
  `email` varchar(150) DEFAULT '',
  `id` int(11) NOT NULL AUTO_INCREMENT,
  `ignore_vat` int(11) NOT NULL DEFAULT '0',
  `is_archived` int(11) NOT NULL DEFAULT '0',
  `is_temporary` int(11) NOT NULL DEFAULT '1',
  `order_nr` int(11) NOT NULL DEFAULT '0',
  `productcollection_id` int(11) NOT NULL DEFAULT '0',
  `status_id` int(11) DEFAULT '0',
  `status_modified` int(11) DEFAULT '0',
  `status_modifier_id` int(11) DEFAULT '0',
  `user_id` int(11) NOT NULL DEFAULT '0',
  PRIMARY KEY (`id`),
  KEY `ezorder_is_archived` (`is_archived`),
  KEY `ezorder_is_tmp` (`is_temporary`)
) ENGINE=InnoDB DEFAULT CHARSET=utf8;
/*!40101 SET character_set_client = @saved_cs_client */;

--
-- Dumping data for table `ezorder`
--

LOCK TABLES `ezorder` WRITE;
/*!40000 ALTER TABLE `ezorder` DISABLE KEYS */;
/*!40000 ALTER TABLE `ezorder` ENABLE KEYS */;
UNLOCK TABLES;

--
-- Table structure for table `ezorder_item`
--

DROP TABLE IF EXISTS `ezorder_item`;
/*!40101 SET @saved_cs_client     = @@character_set_client */;
/*!40101 SET character_set_client = utf8 */;
CREATE TABLE `ezorder_item` (
  `description` varchar(255) DEFAULT NULL,
  `id` int(11) NOT NULL AUTO_INCREMENT,
  `is_vat_inc` int(11) NOT NULL DEFAULT '0',
  `order_id` int(11) NOT NULL DEFAULT '0',
  `price` float DEFAULT NULL,
  `type` varchar(30) DEFAULT NULL,
  `vat_value` float NOT NULL DEFAULT '0',
  PRIMARY KEY (`id`),
  KEY `ezorder_item_order_id` (`order_id`),
  KEY `ezorder_item_type` (`type`)
) ENGINE=InnoDB DEFAULT CHARSET=utf8;
/*!40101 SET character_set_client = @saved_cs_client */;

--
-- Dumping data for table `ezorder_item`
--

LOCK TABLES `ezorder_item` WRITE;
/*!40000 ALTER TABLE `ezorder_item` DISABLE KEYS */;
/*!40000 ALTER TABLE `ezorder_item` ENABLE KEYS */;
UNLOCK TABLES;

--
-- Table structure for table `ezorder_status`
--

DROP TABLE IF EXISTS `ezorder_status`;
/*!40101 SET @saved_cs_client     = @@character_set_client */;
/*!40101 SET character_set_client = utf8 */;
CREATE TABLE `ezorder_status` (
  `id` int(11) NOT NULL AUTO_INCREMENT,
  `is_active` int(11) NOT NULL DEFAULT '1',
  `name` varchar(255) NOT NULL DEFAULT '',
  `status_id` int(11) NOT NULL DEFAULT '0',
  PRIMARY KEY (`id`),
  KEY `ezorder_status_active` (`is_active`),
  KEY `ezorder_status_name` (`name`),
  KEY `ezorder_status_sid` (`status_id`)
) ENGINE=InnoDB AUTO_INCREMENT=4 DEFAULT CHARSET=utf8;
/*!40101 SET character_set_client = @saved_cs_client */;

--
-- Dumping data for table `ezorder_status`
--

LOCK TABLES `ezorder_status` WRITE;
/*!40000 ALTER TABLE `ezorder_status` DISABLE KEYS */;
INSERT INTO `ezorder_status` VALUES (1,1,'Pending',1),(2,1,'Processing',2),(3,1,'Delivered',3);
/*!40000 ALTER TABLE `ezorder_status` ENABLE KEYS */;
UNLOCK TABLES;

--
-- Table structure for table `ezorder_status_history`
--

DROP TABLE IF EXISTS `ezorder_status_history`;
/*!40101 SET @saved_cs_client     = @@character_set_client */;
/*!40101 SET character_set_client = utf8 */;
CREATE TABLE `ezorder_status_history` (
  `id` int(11) NOT NULL AUTO_INCREMENT,
  `modified` int(11) NOT NULL DEFAULT '0',
  `modifier_id` int(11) NOT NULL DEFAULT '0',
  `order_id` int(11) NOT NULL DEFAULT '0',
  `status_id` int(11) NOT NULL DEFAULT '0',
  PRIMARY KEY (`id`),
  KEY `ezorder_status_history_mod` (`modified`),
  KEY `ezorder_status_history_oid` (`order_id`),
  KEY `ezorder_status_history_sid` (`status_id`)
) ENGINE=InnoDB DEFAULT CHARSET=utf8;
/*!40101 SET character_set_client = @saved_cs_client */;

--
-- Dumping data for table `ezorder_status_history`
--

LOCK TABLES `ezorder_status_history` WRITE;
/*!40000 ALTER TABLE `ezorder_status_history` DISABLE KEYS */;
/*!40000 ALTER TABLE `ezorder_status_history` ENABLE KEYS */;
UNLOCK TABLES;

--
-- Table structure for table `ezpackage`
--

DROP TABLE IF EXISTS `ezpackage`;
/*!40101 SET @saved_cs_client     = @@character_set_client */;
/*!40101 SET character_set_client = utf8 */;
CREATE TABLE `ezpackage` (
  `id` int(11) NOT NULL AUTO_INCREMENT,
  `install_date` int(11) NOT NULL DEFAULT '0',
  `name` varchar(100) NOT NULL DEFAULT '',
  `version` varchar(30) NOT NULL DEFAULT '0',
  PRIMARY KEY (`id`)
) ENGINE=InnoDB AUTO_INCREMENT=11 DEFAULT CHARSET=utf8;
/*!40101 SET character_set_client = @saved_cs_client */;

--
-- Dumping data for table `ezpackage`
--

LOCK TABLES `ezpackage` WRITE;
/*!40000 ALTER TABLE `ezpackage` DISABLE KEYS */;
INSERT INTO `ezpackage` VALUES (1,1262689275,'ezwt_extension','1.1-0'),(2,1262689276,'ezstarrating_extension','1.0-0'),(3,1262689278,'ezgmaplocation_extension','1.0-1'),(4,1262689280,'ezjscore_extension','1.0-1'),(5,1262689281,'ezwebin_extension','1.5-0'),(6,1262689283,'ezflow_extension','2.0-0'),(7,1262689285,'ezflow_classes','2.0-0'),(8,1262689288,'ezflow_democontent_clean','2.0-0'),(9,1263930249,'calendario','1.0-1'),(10,1263930263,'evento','1.0-1');
/*!40000 ALTER TABLE `ezpackage` ENABLE KEYS */;
UNLOCK TABLES;

--
-- Table structure for table `ezpaymentobject`
--

DROP TABLE IF EXISTS `ezpaymentobject`;
/*!40101 SET @saved_cs_client     = @@character_set_client */;
/*!40101 SET character_set_client = utf8 */;
CREATE TABLE `ezpaymentobject` (
  `id` int(11) NOT NULL AUTO_INCREMENT,
  `order_id` int(11) NOT NULL DEFAULT '0',
  `payment_string` varchar(255) NOT NULL DEFAULT '',
  `status` int(11) NOT NULL DEFAULT '0',
  `workflowprocess_id` int(11) NOT NULL DEFAULT '0',
  PRIMARY KEY (`id`)
) ENGINE=InnoDB DEFAULT CHARSET=utf8;
/*!40101 SET character_set_client = @saved_cs_client */;

--
-- Dumping data for table `ezpaymentobject`
--

LOCK TABLES `ezpaymentobject` WRITE;
/*!40000 ALTER TABLE `ezpaymentobject` DISABLE KEYS */;
/*!40000 ALTER TABLE `ezpaymentobject` ENABLE KEYS */;
UNLOCK TABLES;

--
-- Table structure for table `ezpdf_export`
--

DROP TABLE IF EXISTS `ezpdf_export`;
/*!40101 SET @saved_cs_client     = @@character_set_client */;
/*!40101 SET character_set_client = utf8 */;
CREATE TABLE `ezpdf_export` (
  `created` int(11) DEFAULT NULL,
  `creator_id` int(11) DEFAULT NULL,
  `export_classes` varchar(255) DEFAULT NULL,
  `export_structure` varchar(255) DEFAULT NULL,
  `id` int(11) NOT NULL AUTO_INCREMENT,
  `intro_text` longtext,
  `modified` int(11) DEFAULT NULL,
  `modifier_id` int(11) DEFAULT NULL,
  `pdf_filename` varchar(255) DEFAULT NULL,
  `show_frontpage` int(11) DEFAULT NULL,
  `site_access` varchar(255) DEFAULT NULL,
  `source_node_id` int(11) DEFAULT NULL,
  `status` int(11) DEFAULT NULL,
  `sub_text` longtext,
  `title` varchar(255) DEFAULT NULL,
  `version` int(11) NOT NULL DEFAULT '0',
  PRIMARY KEY (`id`,`version`)
) ENGINE=InnoDB DEFAULT CHARSET=utf8;
/*!40101 SET character_set_client = @saved_cs_client */;

--
-- Dumping data for table `ezpdf_export`
--

LOCK TABLES `ezpdf_export` WRITE;
/*!40000 ALTER TABLE `ezpdf_export` DISABLE KEYS */;
/*!40000 ALTER TABLE `ezpdf_export` ENABLE KEYS */;
UNLOCK TABLES;

--
-- Table structure for table `ezpending_actions`
--

DROP TABLE IF EXISTS `ezpending_actions`;
/*!40101 SET @saved_cs_client     = @@character_set_client */;
/*!40101 SET character_set_client = utf8 */;
CREATE TABLE `ezpending_actions` (
  `action` varchar(64) NOT NULL DEFAULT '',
  `created` int(11) DEFAULT NULL,
  `param` longtext,
  KEY `ezpending_actions_action` (`action`),
  KEY `ezpending_actions_created` (`created`)
) ENGINE=InnoDB DEFAULT CHARSET=utf8;
/*!40101 SET character_set_client = @saved_cs_client */;

--
-- Dumping data for table `ezpending_actions`
--

LOCK TABLES `ezpending_actions` WRITE;
/*!40000 ALTER TABLE `ezpending_actions` DISABLE KEYS */;
/*!40000 ALTER TABLE `ezpending_actions` ENABLE KEYS */;
UNLOCK TABLES;

--
-- Table structure for table `ezpolicy`
--

DROP TABLE IF EXISTS `ezpolicy`;
/*!40101 SET @saved_cs_client     = @@character_set_client */;
/*!40101 SET character_set_client = utf8 */;
CREATE TABLE `ezpolicy` (
  `function_name` varchar(255) DEFAULT NULL,
  `id` int(11) NOT NULL AUTO_INCREMENT,
  `module_name` varchar(255) DEFAULT NULL,
  `role_id` int(11) DEFAULT NULL,
  PRIMARY KEY (`id`)
) ENGINE=InnoDB AUTO_INCREMENT=453 DEFAULT CHARSET=utf8;
/*!40101 SET character_set_client = @saved_cs_client */;

--
-- Dumping data for table `ezpolicy`
--

LOCK TABLES `ezpolicy` WRITE;
/*!40000 ALTER TABLE `ezpolicy` DISABLE KEYS */;
INSERT INTO `ezpolicy` VALUES ('*',308,'*',2),('login',319,'user',3),('*',330,'ezoe',3),('create',335,'content',3),('create',336,'content',3),('create',337,'content',3),('create',338,'content',3),('create',339,'content',3),('create',340,'content',3),('use',341,'websitetoolbar',3),('edit',342,'content',3),('read',343,'content',3),('use',344,'notification',3),('manage_locations',345,'content',3),('*',346,'ezodf',3),('*',347,'ezflow',3),('*',348,'ezajax',3),('administrate',349,'shop',3),('diff',350,'content',3),('versionread',351,'content',3),('versionremove',352,'content',3),('remove',353,'content',3),('translate',354,'content',3),('feed',355,'rss',3),('pendinglist',356,'content',3),('read',357,'content',4),('create',358,'content',4),('create',359,'content',4),('create',360,'content',4),('edit',361,'content',4),('selfedit',362,'user',4),('use',363,'notification',4),('administrate',364,'shop',4),('create',417,'content',5),('create',418,'content',5),('edit',419,'content',5),('selfedit',420,'user',5),('use',421,'notification',5),('buy',422,'shop',5),('password',423,'user',5),('call',424,'ezjscore',5),('add',426,'comment',5),('activate',427,'comment',5),('setting',428,'comment',5),('create',436,'content',6),('create',437,'content',6),('edit',438,'content',6),('remove',439,'content',6),('create',440,'content',6),('create',441,'content',6),('*',442,'ezmultiupload',6),('delete',443,'comment',6),('edit',444,'comment',6),('read',445,'content',1),('pdf',446,'content',1),('feed',447,'rss',1),('login',448,'user',1),('read',449,'content',1),('*',450,'ezjscore',1),('read',452,'comment',1);
/*!40000 ALTER TABLE `ezpolicy` ENABLE KEYS */;
UNLOCK TABLES;

--
-- Table structure for table `ezpolicy_limitation`
--

DROP TABLE IF EXISTS `ezpolicy_limitation`;
/*!40101 SET @saved_cs_client     = @@character_set_client */;
/*!40101 SET character_set_client = utf8 */;
CREATE TABLE `ezpolicy_limitation` (
  `id` int(11) NOT NULL AUTO_INCREMENT,
  `identifier` varchar(255) NOT NULL DEFAULT '',
  `policy_id` int(11) DEFAULT NULL,
  PRIMARY KEY (`id`),
  KEY `policy_id` (`policy_id`)
) ENGINE=InnoDB AUTO_INCREMENT=396 DEFAULT CHARSET=utf8;
/*!40101 SET character_set_client = @saved_cs_client */;

--
-- Dumping data for table `ezpolicy_limitation`
--

LOCK TABLES `ezpolicy_limitation` WRITE;
/*!40000 ALTER TABLE `ezpolicy_limitation` DISABLE KEYS */;
INSERT INTO `ezpolicy_limitation` VALUES (257,'Class',335),(258,'ParentClass',335),(259,'Class',336),(260,'ParentClass',336),(261,'Class',337),(262,'ParentClass',337),(263,'Class',338),(264,'ParentClass',338),(265,'Class',339),(266,'ParentClass',339),(267,'Class',340),(268,'ParentClass',340),(269,'Class',341),(270,'Section',343),(271,'Section',357),(272,'Class',358),(273,'Section',358),(274,'ParentClass',358),(275,'Class',359),(276,'Section',359),(277,'ParentClass',359),(278,'Class',360),(279,'Section',360),(280,'ParentClass',360),(281,'Class',361),(282,'Section',361),(283,'Owner',361),(365,'Class',417),(366,'Section',417),(367,'ParentClass',417),(368,'Class',418),(369,'Section',418),(370,'ParentClass',418),(371,'Class',419),(372,'Section',419),(373,'Owner',419),(379,'Class',436),(380,'ParentClass',436),(381,'Class',437),(382,'ParentClass',437),(383,'Class',438),(384,'Class',439),(385,'Class',440),(386,'ParentClass',440),(387,'Language',440),(388,'Class',441),(389,'ParentClass',441),(390,'Language',441),(391,'Section',445),(392,'Section',446),(393,'SiteAccess',448),(394,'Class',449),(395,'Section',449);
/*!40000 ALTER TABLE `ezpolicy_limitation` ENABLE KEYS */;
UNLOCK TABLES;

--
-- Table structure for table `ezpolicy_limitation_value`
--

DROP TABLE IF EXISTS `ezpolicy_limitation_value`;
/*!40101 SET @saved_cs_client     = @@character_set_client */;
/*!40101 SET character_set_client = utf8 */;
CREATE TABLE `ezpolicy_limitation_value` (
  `id` int(11) NOT NULL AUTO_INCREMENT,
  `limitation_id` int(11) DEFAULT NULL,
  `value` varchar(255) DEFAULT NULL,
  PRIMARY KEY (`id`),
  KEY `ezpolicy_limitation_value_val` (`value`)
) ENGINE=InnoDB AUTO_INCREMENT=780 DEFAULT CHARSET=utf8;
/*!40101 SET character_set_client = @saved_cs_client */;

--
-- Dumping data for table `ezpolicy_limitation_value`
--

LOCK TABLES `ezpolicy_limitation_value` WRITE;
/*!40000 ALTER TABLE `ezpolicy_limitation_value` DISABLE KEYS */;
INSERT INTO `ezpolicy_limitation_value` VALUES (488,257,'1'),(489,257,'34'),(490,257,'28'),(491,257,'21'),(492,257,'22'),(493,257,'23'),(494,257,'16'),(495,257,'17'),(496,257,'18'),(497,257,'19'),(498,257,'27'),(499,257,'26'),(500,257,'24'),(501,257,'25'),(502,257,'29'),(503,257,'35'),(504,257,'36'),(505,257,'37'),(506,257,'38'),(507,257,'40'),(508,257,'46'),(509,257,'44'),(510,257,'45'),(511,257,'33'),(512,258,'1'),(513,259,'20'),(514,260,'19'),(515,261,'41'),(516,262,'40'),(517,263,'43'),(518,264,'44'),(519,265,'33'),(520,266,'38'),(521,267,'1'),(522,267,'34'),(523,267,'22'),(524,267,'23'),(525,267,'24'),(526,267,'38'),(527,267,'44'),(528,267,'26'),(529,267,'46'),(530,268,'23'),(531,269,'1'),(532,269,'34'),(533,269,'16'),(534,269,'17'),(535,269,'18'),(536,269,'19'),(537,269,'20'),(538,269,'21'),(539,269,'22'),(540,269,'23'),(541,269,'24'),(542,269,'26'),(543,269,'27'),(544,269,'28'),(545,269,'29'),(546,269,'33'),(547,269,'35'),(548,269,'36'),(549,269,'37'),(550,269,'38'),(551,269,'40'),(552,269,'43'),(553,269,'44'),(554,269,'46'),(555,270,'1'),(556,270,'6'),(557,270,'3'),(558,271,'6'),(559,272,'41'),(560,273,'6'),(561,274,'40'),(562,275,'42'),(563,276,'6'),(564,277,'41'),(565,278,'13'),(566,279,'6'),(567,280,'16'),(568,281,'13'),(569,281,'41'),(570,281,'42'),(571,282,'6'),(572,283,'1'),(726,365,'41'),(727,366,'1'),(728,367,'40'),(729,368,'42'),(730,369,'1'),(731,370,'41'),(732,371,'41'),(733,371,'42'),(734,372,'1'),(735,373,'1'),(746,379,'1'),(747,379,'16'),(748,379,'38'),(749,380,'1'),(750,381,'1'),(751,382,'23'),(752,383,'1'),(753,383,'16'),(754,383,'23'),(755,383,'33'),(756,383,'38'),(757,383,'48'),(758,383,'49'),(759,384,'1'),(760,384,'16'),(761,384,'33'),(762,384,'38'),(763,384,'49'),(764,385,'49'),(765,386,'48'),(766,387,'ita-IT'),(767,388,'33'),(768,389,'38'),(769,390,'ita-IT'),(770,391,'1'),(771,392,'1'),(772,393,'1512209704'),(773,394,'29'),(774,394,'33'),(775,394,'35'),(776,394,'36'),(777,394,'37'),(778,394,'45'),(779,395,'3');
/*!40000 ALTER TABLE `ezpolicy_limitation_value` ENABLE KEYS */;
UNLOCK TABLES;

--
-- Table structure for table `ezpreferences`
--

DROP TABLE IF EXISTS `ezpreferences`;
/*!40101 SET @saved_cs_client     = @@character_set_client */;
/*!40101 SET character_set_client = utf8 */;
CREATE TABLE `ezpreferences` (
  `id` int(11) NOT NULL AUTO_INCREMENT,
  `name` varchar(100) DEFAULT NULL,
  `user_id` int(11) NOT NULL DEFAULT '0',
  `value` varchar(100) DEFAULT NULL,
  PRIMARY KEY (`id`),
  KEY `ezpreferences_name` (`name`),
  KEY `ezpreferences_user_id_idx` (`user_id`,`name`)
) ENGINE=InnoDB AUTO_INCREMENT=9 DEFAULT CHARSET=utf8;
/*!40101 SET character_set_client = @saved_cs_client */;

--
-- Dumping data for table `ezpreferences`
--

LOCK TABLES `ezpreferences` WRITE;
/*!40000 ALTER TABLE `ezpreferences` DISABLE KEYS */;
INSERT INTO `ezpreferences` VALUES (1,'admin_navigation_content',14,'1'),(2,'admin_navigation_roles',14,'1'),(3,'admin_navigation_policies',14,'1'),(4,'admin_list_limit',14,'2'),(5,'admin_treemenu',14,'1'),(6,'admin_bookmark_menu',14,'1'),(7,'admin_quicksettings_menu',14,'1'),(8,'admin_quicksettings_siteaccess',14,'mondelli_ita');
/*!40000 ALTER TABLE `ezpreferences` ENABLE KEYS */;
UNLOCK TABLES;

--
-- Table structure for table `ezproductcategory`
--

DROP TABLE IF EXISTS `ezproductcategory`;
/*!40101 SET @saved_cs_client     = @@character_set_client */;
/*!40101 SET character_set_client = utf8 */;
CREATE TABLE `ezproductcategory` (
  `id` int(11) NOT NULL AUTO_INCREMENT,
  `name` varchar(255) NOT NULL DEFAULT '',
  PRIMARY KEY (`id`)
) ENGINE=InnoDB DEFAULT CHARSET=utf8;
/*!40101 SET character_set_client = @saved_cs_client */;

--
-- Dumping data for table `ezproductcategory`
--

LOCK TABLES `ezproductcategory` WRITE;
/*!40000 ALTER TABLE `ezproductcategory` DISABLE KEYS */;
/*!40000 ALTER TABLE `ezproductcategory` ENABLE KEYS */;
UNLOCK TABLES;

--
-- Table structure for table `ezproductcollection`
--

DROP TABLE IF EXISTS `ezproductcollection`;
/*!40101 SET @saved_cs_client     = @@character_set_client */;
/*!40101 SET character_set_client = utf8 */;
CREATE TABLE `ezproductcollection` (
  `created` int(11) DEFAULT NULL,
  `currency_code` varchar(4) NOT NULL DEFAULT '',
  `id` int(11) NOT NULL AUTO_INCREMENT,
  PRIMARY KEY (`id`)
) ENGINE=InnoDB DEFAULT CHARSET=utf8;
/*!40101 SET character_set_client = @saved_cs_client */;

--
-- Dumping data for table `ezproductcollection`
--

LOCK TABLES `ezproductcollection` WRITE;
/*!40000 ALTER TABLE `ezproductcollection` DISABLE KEYS */;
/*!40000 ALTER TABLE `ezproductcollection` ENABLE KEYS */;
UNLOCK TABLES;

--
-- Table structure for table `ezproductcollection_item`
--

DROP TABLE IF EXISTS `ezproductcollection_item`;
/*!40101 SET @saved_cs_client     = @@character_set_client */;
/*!40101 SET character_set_client = utf8 */;
CREATE TABLE `ezproductcollection_item` (
  `contentobject_id` int(11) NOT NULL DEFAULT '0',
  `discount` float DEFAULT NULL,
  `id` int(11) NOT NULL AUTO_INCREMENT,
  `is_vat_inc` int(11) DEFAULT NULL,
  `item_count` int(11) NOT NULL DEFAULT '0',
  `name` varchar(255) NOT NULL DEFAULT '',
  `price` float DEFAULT '0',
  `productcollection_id` int(11) NOT NULL DEFAULT '0',
  `vat_value` float DEFAULT NULL,
  PRIMARY KEY (`id`),
  KEY `ezproductcollection_item_contentobject_id` (`contentobject_id`),
  KEY `ezproductcollection_item_productcollection_id` (`productcollection_id`)
) ENGINE=InnoDB DEFAULT CHARSET=utf8;
/*!40101 SET character_set_client = @saved_cs_client */;

--
-- Dumping data for table `ezproductcollection_item`
--

LOCK TABLES `ezproductcollection_item` WRITE;
/*!40000 ALTER TABLE `ezproductcollection_item` DISABLE KEYS */;
/*!40000 ALTER TABLE `ezproductcollection_item` ENABLE KEYS */;
UNLOCK TABLES;

--
-- Table structure for table `ezproductcollection_item_opt`
--

DROP TABLE IF EXISTS `ezproductcollection_item_opt`;
/*!40101 SET @saved_cs_client     = @@character_set_client */;
/*!40101 SET character_set_client = utf8 */;
CREATE TABLE `ezproductcollection_item_opt` (
  `id` int(11) NOT NULL AUTO_INCREMENT,
  `item_id` int(11) NOT NULL DEFAULT '0',
  `name` varchar(255) NOT NULL DEFAULT '',
  `object_attribute_id` int(11) DEFAULT NULL,
  `option_item_id` int(11) NOT NULL DEFAULT '0',
  `price` float NOT NULL DEFAULT '0',
  `value` varchar(255) NOT NULL DEFAULT '',
  PRIMARY KEY (`id`),
  KEY `ezproductcollection_item_opt_item_id` (`item_id`)
) ENGINE=InnoDB DEFAULT CHARSET=utf8;
/*!40101 SET character_set_client = @saved_cs_client */;

--
-- Dumping data for table `ezproductcollection_item_opt`
--

LOCK TABLES `ezproductcollection_item_opt` WRITE;
/*!40000 ALTER TABLE `ezproductcollection_item_opt` DISABLE KEYS */;
/*!40000 ALTER TABLE `ezproductcollection_item_opt` ENABLE KEYS */;
UNLOCK TABLES;

--
-- Table structure for table `ezrole`
--

DROP TABLE IF EXISTS `ezrole`;
/*!40101 SET @saved_cs_client     = @@character_set_client */;
/*!40101 SET character_set_client = utf8 */;
CREATE TABLE `ezrole` (
  `id` int(11) NOT NULL AUTO_INCREMENT,
  `is_new` int(11) NOT NULL DEFAULT '0',
  `name` varchar(255) NOT NULL DEFAULT '',
  `value` char(1) DEFAULT NULL,
  `version` int(11) DEFAULT '0',
  PRIMARY KEY (`id`)
) ENGINE=InnoDB AUTO_INCREMENT=7 DEFAULT CHARSET=utf8;
/*!40101 SET character_set_client = @saved_cs_client */;

--
-- Dumping data for table `ezrole`
--

LOCK TABLES `ezrole` WRITE;
/*!40000 ALTER TABLE `ezrole` DISABLE KEYS */;
INSERT INTO `ezrole` VALUES (1,0,'Anonymous','',0),(2,0,'Administrator','*',0),(3,0,'Editor','',0),(4,0,'Partner',NULL,0),(5,0,'Member',NULL,0),(6,0,'Limited editor',NULL,0);
/*!40000 ALTER TABLE `ezrole` ENABLE KEYS */;
UNLOCK TABLES;

--
-- Table structure for table `ezrss_export`
--

DROP TABLE IF EXISTS `ezrss_export`;
/*!40101 SET @saved_cs_client     = @@character_set_client */;
/*!40101 SET character_set_client = utf8 */;
CREATE TABLE `ezrss_export` (
  `access_url` varchar(255) DEFAULT NULL,
  `active` int(11) DEFAULT NULL,
  `created` int(11) DEFAULT NULL,
  `creator_id` int(11) DEFAULT NULL,
  `description` longtext,
  `id` int(11) NOT NULL AUTO_INCREMENT,
  `image_id` int(11) DEFAULT NULL,
  `main_node_only` int(11) NOT NULL DEFAULT '1',
  `modified` int(11) DEFAULT NULL,
  `modifier_id` int(11) DEFAULT NULL,
  `node_id` int(11) DEFAULT NULL,
  `number_of_objects` int(11) NOT NULL DEFAULT '0',
  `rss_version` varchar(255) DEFAULT NULL,
  `site_access` varchar(255) DEFAULT NULL,
  `status` int(11) NOT NULL DEFAULT '0',
  `title` varchar(255) DEFAULT NULL,
  `url` varchar(255) DEFAULT NULL,
  PRIMARY KEY (`id`,`status`)
) ENGINE=InnoDB AUTO_INCREMENT=2 DEFAULT CHARSET=utf8;
/*!40101 SET character_set_client = @saved_cs_client */;

--
-- Dumping data for table `ezrss_export`
--

LOCK TABLES `ezrss_export` WRITE;
/*!40000 ALTER TABLE `ezrss_export` DISABLE KEYS */;
INSERT INTO `ezrss_export` VALUES ('zamponi',1,1262689290,14,'',1,0,0,1269987272,14,0,50,'2.0','',1,'Feed Zamponi','http://mondelli.hell.pit');
/*!40000 ALTER TABLE `ezrss_export` ENABLE KEYS */;
UNLOCK TABLES;

--
-- Table structure for table `ezrss_export_item`
--

DROP TABLE IF EXISTS `ezrss_export_item`;
/*!40101 SET @saved_cs_client     = @@character_set_client */;
/*!40101 SET character_set_client = utf8 */;
CREATE TABLE `ezrss_export_item` (
  `category` varchar(255) DEFAULT NULL,
  `class_id` int(11) DEFAULT NULL,
  `description` varchar(255) DEFAULT NULL,
  `id` int(11) NOT NULL AUTO_INCREMENT,
  `rssexport_id` int(11) DEFAULT NULL,
  `source_node_id` int(11) DEFAULT NULL,
  `status` int(11) NOT NULL DEFAULT '0',
  `subnodes` int(11) NOT NULL DEFAULT '0',
  `title` varchar(255) DEFAULT NULL,
  PRIMARY KEY (`id`,`status`),
  KEY `ezrss_export_rsseid` (`rssexport_id`)
) ENGINE=InnoDB AUTO_INCREMENT=2 DEFAULT CHARSET=utf8;
/*!40101 SET character_set_client = @saved_cs_client */;

--
-- Dumping data for table `ezrss_export_item`
--

LOCK TABLES `ezrss_export_item` WRITE;
/*!40000 ALTER TABLE `ezrss_export_item` DISABLE KEYS */;
INSERT INTO `ezrss_export_item` VALUES ('',1,'short_description',1,1,136,1,1,'name');
/*!40000 ALTER TABLE `ezrss_export_item` ENABLE KEYS */;
UNLOCK TABLES;

--
-- Table structure for table `ezrss_import`
--

DROP TABLE IF EXISTS `ezrss_import`;
/*!40101 SET @saved_cs_client     = @@character_set_client */;
/*!40101 SET character_set_client = utf8 */;
CREATE TABLE `ezrss_import` (
  `active` int(11) DEFAULT NULL,
  `class_description` varchar(255) DEFAULT NULL,
  `class_id` int(11) DEFAULT NULL,
  `class_title` varchar(255) DEFAULT NULL,
  `class_url` varchar(255) DEFAULT NULL,
  `created` int(11) DEFAULT NULL,
  `creator_id` int(11) DEFAULT NULL,
  `destination_node_id` int(11) DEFAULT NULL,
  `id` int(11) NOT NULL AUTO_INCREMENT,
  `import_description` longtext NOT NULL,
  `modified` int(11) DEFAULT NULL,
  `modifier_id` int(11) DEFAULT NULL,
  `name` varchar(255) DEFAULT NULL,
  `object_owner_id` int(11) DEFAULT NULL,
  `status` int(11) NOT NULL DEFAULT '0',
  `url` longtext,
  PRIMARY KEY (`id`,`status`)
) ENGINE=InnoDB DEFAULT CHARSET=utf8;
/*!40101 SET character_set_client = @saved_cs_client */;

--
-- Dumping data for table `ezrss_import`
--

LOCK TABLES `ezrss_import` WRITE;
/*!40000 ALTER TABLE `ezrss_import` DISABLE KEYS */;
/*!40000 ALTER TABLE `ezrss_import` ENABLE KEYS */;
UNLOCK TABLES;

--
-- Table structure for table `ezsearch_object_word_link`
--

DROP TABLE IF EXISTS `ezsearch_object_word_link`;
/*!40101 SET @saved_cs_client     = @@character_set_client */;
/*!40101 SET character_set_client = utf8 */;
CREATE TABLE `ezsearch_object_word_link` (
  `contentclass_attribute_id` int(11) NOT NULL DEFAULT '0',
  `contentclass_id` int(11) NOT NULL DEFAULT '0',
  `contentobject_id` int(11) NOT NULL DEFAULT '0',
  `frequency` float NOT NULL DEFAULT '0',
  `id` int(11) NOT NULL AUTO_INCREMENT,
  `identifier` varchar(255) NOT NULL DEFAULT '',
  `integer_value` int(11) NOT NULL DEFAULT '0',
  `next_word_id` int(11) NOT NULL DEFAULT '0',
  `placement` int(11) NOT NULL DEFAULT '0',
  `prev_word_id` int(11) NOT NULL DEFAULT '0',
  `published` int(11) NOT NULL DEFAULT '0',
  `section_id` int(11) NOT NULL DEFAULT '0',
  `word_id` int(11) NOT NULL DEFAULT '0',
  PRIMARY KEY (`id`),
  KEY `ezsearch_object_word_link_frequency` (`frequency`),
  KEY `ezsearch_object_word_link_identifier` (`identifier`),
  KEY `ezsearch_object_word_link_integer_value` (`integer_value`),
  KEY `ezsearch_object_word_link_object` (`contentobject_id`),
  KEY `ezsearch_object_word_link_word` (`word_id`)
) ENGINE=InnoDB AUTO_INCREMENT=11191 DEFAULT CHARSET=utf8;
/*!40101 SET character_set_client = @saved_cs_client */;

--
-- Dumping data for table `ezsearch_object_word_link`
--

LOCK TABLES `ezsearch_object_word_link` WRITE;
/*!40000 ALTER TABLE `ezsearch_object_word_link` DISABLE KEYS */;
INSERT INTO `ezsearch_object_word_link` VALUES (6,3,12,0,213,'',0,62,0,0,1033920775,2,61),(6,3,12,0,214,'',0,61,1,61,1033920775,2,62),(6,3,12,0,215,'',0,62,2,62,1033920775,2,61),(6,3,12,0,216,'',0,0,3,61,1033920775,2,62),(6,3,13,0,225,'',0,66,0,0,1033920794,2,66),(6,3,13,0,226,'',0,0,1,66,1033920794,2,66),(6,3,42,0,227,'',0,62,0,0,1072180330,2,67),(6,3,42,0,228,'',0,67,1,67,1072180330,2,62),(6,3,42,0,229,'',0,62,2,62,1072180330,2,67),(6,3,42,0,230,'',0,63,3,67,1072180330,2,62),(7,3,42,0,231,'',0,68,4,62,1072180330,2,63),(7,3,42,0,232,'',0,69,5,63,1072180330,2,68),(7,3,42,0,233,'',0,70,6,68,1072180330,2,69),(7,3,42,0,234,'',0,67,7,69,1072180330,2,70),(7,3,42,0,235,'',0,63,8,70,1072180330,2,67),(7,3,42,0,236,'',0,63,9,67,1072180330,2,63),(7,3,42,0,237,'',0,68,10,63,1072180330,2,63),(7,3,42,0,238,'',0,69,11,63,1072180330,2,68),(7,3,42,0,239,'',0,70,12,68,1072180330,2,69),(7,3,42,0,240,'',0,67,13,69,1072180330,2,70),(7,3,42,0,241,'',0,63,14,70,1072180330,2,67),(7,3,42,0,242,'',0,0,15,67,1072180330,2,63),(8,4,10,0,243,'',0,67,0,0,1033920665,2,67),(8,4,10,0,244,'',0,63,1,67,1033920665,2,67),(9,4,10,0,245,'',0,63,2,67,1033920665,2,63),(9,4,10,0,246,'',0,67,3,63,1033920665,2,63),(12,4,10,0,247,'',0,65,4,63,1033920665,2,67),(12,4,10,0,248,'',0,67,5,67,1033920665,2,65),(12,4,10,0,249,'',0,65,6,65,1033920665,2,67),(12,4,10,0,250,'',0,0,7,67,1033920665,2,65),(4,1,45,0,1485,'',0,85,0,0,1079684190,4,85),(4,1,45,0,1486,'',0,86,1,85,1079684190,4,85),(158,1,45,0,1487,'',0,86,2,85,1079684190,4,86),(158,1,45,0,1488,'',0,0,3,86,1079684190,4,86),(4,1,49,0,2379,'',0,90,0,0,1080220197,3,90),(4,1,49,0,2380,'',0,79,1,90,1080220197,3,90),(158,1,49,0,2381,'',1,79,2,90,1080220197,3,79),(158,1,49,0,2382,'',1,0,3,79,1080220197,3,79),(4,1,50,0,2383,'',0,101,0,0,1080220220,3,101),(4,1,50,0,2384,'',0,79,1,101,1080220220,3,101),(158,1,50,0,2385,'',1,79,2,101,1080220220,3,79),(158,1,50,0,2386,'',1,0,3,79,1080220220,3,79),(4,1,51,0,2387,'',0,102,0,0,1080220233,3,102),(4,1,51,0,2388,'',0,79,1,102,1080220233,3,102),(158,1,51,0,2389,'',1,79,2,102,1080220233,3,79),(158,1,51,0,2390,'',1,0,3,79,1080220233,3,79),(8,4,14,0,3524,'first_name',0,63,0,0,1033920830,2,61),(9,4,14,0,3525,'last_name',0,397,1,61,1033920830,2,63),(12,4,14,0,3526,'user_account',0,398,2,63,1033920830,2,397),(12,4,14,0,3527,'user_account',0,399,3,397,1033920830,2,398),(12,4,14,0,3528,'user_account',0,0,4,398,1033920830,2,399),(6,3,58,0,3529,'name',0,0,0,0,1262689290,2,400),(6,3,11,0,3530,'name',0,0,0,0,1033920746,2,401),(159,14,52,0,3551,'name',0,407,0,0,1082016591,4,406),(159,14,52,0,3552,'name',0,408,1,406,1082016591,4,407),(159,14,52,0,3553,'name',0,0,2,407,1082016591,4,408),(354,49,70,0,3603,'short_title',0,431,0,0,1265551972,1,430),(361,49,70,0,3604,'frequency_end',1265956200,432,1,430,1265551972,1,431),(362,49,70,0,3605,'dove',0,0,2,431,1265551972,1,432),(354,49,71,0,3606,'short_title',0,434,0,0,1265551981,1,433),(356,49,71,0,3607,'text',0,435,1,433,1265551981,1,434),(361,49,71,0,3608,'frequency_end',1266474600,432,2,434,1265551981,1,435),(362,49,71,0,3609,'dove',0,0,3,435,1265551981,1,432),(354,49,72,0,3610,'short_title',0,437,0,0,1269089041,1,436),(354,49,72,0,3611,'short_title',0,438,1,436,1269089041,1,437),(356,49,72,0,3612,'text',0,439,2,437,1269089041,1,438),(356,49,72,0,3613,'text',0,440,3,438,1269089041,1,439),(361,49,72,0,3614,'frequency_end',1268375400,432,4,439,1269089041,1,440),(362,49,72,0,3615,'dove',0,0,5,440,1269089041,1,432),(354,49,73,0,3616,'short_title',0,437,0,0,1269089049,1,436),(354,49,73,0,3617,'short_title',0,438,1,436,1269089049,1,437),(356,49,73,0,3618,'text',0,441,2,437,1269089049,1,438),(356,49,73,0,3619,'text',0,442,3,438,1269089049,1,441),(361,49,73,0,3620,'frequency_end',1269585000,432,4,441,1269089049,1,442),(362,49,73,0,3621,'dove',0,0,5,442,1269089049,1,432),(272,33,74,0,3622,'name',0,0,0,0,1269090694,3,443),(354,49,109,0,4143,'short_title',0,437,0,0,1269129468,1,436),(354,49,109,0,4144,'short_title',0,604,1,436,1269129468,1,437),(356,49,109,0,4145,'text',0,605,2,437,1269129468,1,604),(361,49,109,0,4146,'frequency_end',1268980200,432,3,604,1269129468,1,605),(362,49,109,0,4147,'dove',0,0,4,605,1269129468,1,432),(354,49,110,0,4148,'short_title',0,437,0,0,1269129485,1,436),(354,49,110,0,4149,'short_title',0,606,1,436,1269129485,1,437),(356,49,110,0,4150,'text',0,607,2,437,1269129485,1,606),(361,49,110,0,4151,'frequency_end',1268202600,432,3,606,1269129485,1,607),(362,49,110,0,4152,'dove',0,0,4,607,1269129485,1,432),(4,1,135,0,4580,'name',0,0,0,0,1269279650,1,661),(4,1,137,0,4582,'name',0,0,0,0,1269447180,1,663),(4,1,138,0,4583,'name',0,0,0,0,1269447205,1,664),(4,1,139,0,4584,'name',0,0,0,0,1269447232,1,665),(4,1,141,0,4586,'name',0,0,0,0,1269451620,1,667),(4,1,142,0,4587,'name',0,0,0,0,1269451656,1,668),(4,1,66,0,5099,'name',0,0,0,0,1265042513,1,734),(4,1,69,0,5103,'name',0,0,0,0,1265055002,1,736),(4,1,143,0,5104,'name',0,0,0,0,1269472802,1,737),(272,33,146,0,5950,'name',0,0,0,0,1269508568,3,775),(272,33,145,0,6795,'name',0,445,0,0,1269508406,3,812),(273,33,145,0,6796,'caption',0,446,1,812,1269508406,3,445),(273,33,145,0,6797,'caption',0,447,2,445,1269508406,3,446),(273,33,145,0,6798,'caption',0,448,3,446,1269508406,3,447),(273,33,145,0,6799,'caption',0,449,4,447,1269508406,3,448),(273,33,145,0,6800,'caption',0,450,5,448,1269508406,3,449),(273,33,145,0,6801,'caption',0,451,6,449,1269508406,3,450),(273,33,145,0,6802,'caption',0,452,7,450,1269508406,3,451),(273,33,145,0,6803,'caption',0,552,8,451,1269508406,3,452),(273,33,145,0,6804,'caption',0,492,9,452,1269508406,3,552),(273,33,145,0,6805,'caption',0,477,10,552,1269508406,3,492),(273,33,145,0,6806,'caption',0,513,11,492,1269508406,3,477),(273,33,145,0,6807,'caption',0,506,12,477,1269508406,3,513),(273,33,145,0,6808,'caption',0,797,13,513,1269508406,3,506),(273,33,145,0,6809,'caption',0,675,14,506,1269508406,3,797),(273,33,145,0,6810,'caption',0,692,15,797,1269508406,3,675),(273,33,145,0,6811,'caption',0,465,16,675,1269508406,3,692),(273,33,145,0,6812,'caption',0,456,17,692,1269508406,3,465),(273,33,145,0,6813,'caption',0,705,18,465,1269508406,3,456),(273,33,145,0,6814,'caption',0,500,19,456,1269508406,3,705),(273,33,145,0,6815,'caption',0,710,20,705,1269508406,3,500),(273,33,145,0,6816,'caption',0,674,21,500,1269508406,3,710),(273,33,145,0,6817,'caption',0,655,22,710,1269508406,3,674),(273,33,145,0,6818,'caption',0,509,23,674,1269508406,3,655),(273,33,145,0,6819,'caption',0,512,24,655,1269508406,3,509),(273,33,145,0,6820,'caption',0,516,25,509,1269508406,3,512),(273,33,145,0,6821,'caption',0,692,26,512,1269508406,3,516),(273,33,145,0,6822,'caption',0,481,27,516,1269508406,3,692),(273,33,145,0,6823,'caption',0,732,28,692,1269508406,3,481),(273,33,145,0,6824,'caption',0,503,29,481,1269508406,3,732),(273,33,145,0,6825,'caption',0,709,30,732,1269508406,3,503),(273,33,145,0,6826,'caption',0,497,31,503,1269508406,3,709),(273,33,145,0,6827,'caption',0,478,32,709,1269508406,3,497),(273,33,145,0,6828,'caption',0,481,33,497,1269508406,3,478),(273,33,145,0,6829,'caption',0,696,34,478,1269508406,3,481),(273,33,145,0,6830,'caption',0,544,35,481,1269508406,3,696),(273,33,145,0,6831,'caption',0,798,36,696,1269508406,3,544),(273,33,145,0,6832,'caption',0,799,37,544,1269508406,3,798),(273,33,145,0,6833,'caption',0,799,38,798,1269508406,3,799),(273,33,145,0,6834,'caption',0,713,39,799,1269508406,3,799),(273,33,145,0,6835,'caption',0,457,40,799,1269508406,3,713),(273,33,145,0,6836,'caption',0,493,41,713,1269508406,3,457),(273,33,145,0,6837,'caption',0,721,42,457,1269508406,3,493),(273,33,145,0,6838,'caption',0,0,43,493,1269508406,3,721),(272,33,147,0,7304,'name',0,445,0,0,1269514200,3,829),(273,33,147,0,7305,'caption',0,446,1,829,1269514200,3,445),(273,33,147,0,7306,'caption',0,447,2,445,1269514200,3,446),(273,33,147,0,7307,'caption',0,448,3,446,1269514200,3,447),(273,33,147,0,7308,'caption',0,449,4,447,1269514200,3,448),(273,33,147,0,7309,'caption',0,450,5,448,1269514200,3,449),(273,33,147,0,7310,'caption',0,451,6,449,1269514200,3,450),(273,33,147,0,7311,'caption',0,452,7,450,1269514200,3,451),(273,33,147,0,7312,'caption',0,552,8,451,1269514200,3,452),(273,33,147,0,7313,'caption',0,492,9,452,1269514200,3,552),(273,33,147,0,7314,'caption',0,477,10,552,1269514200,3,492),(273,33,147,0,7315,'caption',0,513,11,492,1269514200,3,477),(273,33,147,0,7316,'caption',0,506,12,477,1269514200,3,513),(273,33,147,0,7317,'caption',0,797,13,513,1269514200,3,506),(273,33,147,0,7318,'caption',0,675,14,506,1269514200,3,797),(273,33,147,0,7319,'caption',0,692,15,797,1269514200,3,675),(273,33,147,0,7320,'caption',0,465,16,675,1269514200,3,692),(273,33,147,0,7321,'caption',0,456,17,692,1269514200,3,465),(273,33,147,0,7322,'caption',0,705,18,465,1269514200,3,456),(273,33,147,0,7323,'caption',0,500,19,456,1269514200,3,705),(273,33,147,0,7324,'caption',0,710,20,705,1269514200,3,500),(273,33,147,0,7325,'caption',0,674,21,500,1269514200,3,710),(273,33,147,0,7326,'caption',0,655,22,710,1269514200,3,674),(273,33,147,0,7327,'caption',0,509,23,674,1269514200,3,655),(273,33,147,0,7328,'caption',0,512,24,655,1269514200,3,509),(273,33,147,0,7329,'caption',0,516,25,509,1269514200,3,512),(273,33,147,0,7330,'caption',0,692,26,512,1269514200,3,516),(273,33,147,0,7331,'caption',0,481,27,516,1269514200,3,692),(273,33,147,0,7332,'caption',0,732,28,692,1269514200,3,481),(273,33,147,0,7333,'caption',0,503,29,481,1269514200,3,732),(273,33,147,0,7334,'caption',0,709,30,732,1269514200,3,503),(273,33,147,0,7335,'caption',0,497,31,503,1269514200,3,709),(273,33,147,0,7336,'caption',0,478,32,709,1269514200,3,497),(273,33,147,0,7337,'caption',0,481,33,497,1269514200,3,478),(273,33,147,0,7338,'caption',0,696,34,478,1269514200,3,481),(273,33,147,0,7339,'caption',0,544,35,481,1269514200,3,696),(273,33,147,0,7340,'caption',0,798,36,696,1269514200,3,544),(273,33,147,0,7341,'caption',0,799,37,544,1269514200,3,798),(273,33,147,0,7342,'caption',0,799,38,798,1269514200,3,799),(273,33,147,0,7343,'caption',0,713,39,799,1269514200,3,799),(273,33,147,0,7344,'caption',0,457,40,799,1269514200,3,713),(273,33,147,0,7345,'caption',0,493,41,713,1269514200,3,457),(273,33,147,0,7346,'caption',0,721,42,457,1269514200,3,493),(273,33,147,0,7347,'caption',0,0,43,493,1269514200,3,721),(4,1,148,0,7414,'name',0,0,0,0,1269599203,1,831),(354,49,165,0,8165,'short_title',0,437,0,0,1270547108,1,436),(354,49,165,0,8166,'short_title',0,881,1,436,1270547108,1,437),(356,49,165,0,8167,'text',0,882,2,437,1270547108,1,881),(361,49,165,0,8168,'frequency_end',1272094200,432,3,881,1270547108,1,882),(362,49,165,0,8169,'dove',0,0,4,882,1270547108,1,432),(272,33,166,0,8170,'name',0,0,0,0,1270555683,3,883),(354,49,167,0,8178,'short_title',0,890,0,0,1270590523,1,889),(354,49,167,0,8179,'short_title',0,891,1,889,1270590523,1,890),(356,49,167,0,8180,'text',0,892,2,890,1270590523,1,891),(361,49,167,0,8181,'frequency_end',1271309400,432,3,891,1270590523,1,892),(362,49,167,0,8182,'dove',0,0,4,892,1270590523,1,432),(354,49,157,0,8183,'short_title',0,893,0,0,1270543231,1,436),(354,49,157,0,8184,'short_title',0,894,1,436,1270543231,1,893),(356,49,157,0,8185,'text',0,445,2,893,1270543231,1,894),(356,49,157,0,8186,'text',0,446,3,894,1270543231,1,445),(356,49,157,0,8187,'text',0,447,4,445,1270543231,1,446),(356,49,157,0,8188,'text',0,448,5,446,1270543231,1,447),(356,49,157,0,8189,'text',0,449,6,447,1270543231,1,448),(356,49,157,0,8190,'text',0,450,7,448,1270543231,1,449),(356,49,157,0,8191,'text',0,451,8,449,1270543231,1,450),(356,49,157,0,8192,'text',0,452,9,450,1270543231,1,451),(356,49,157,0,8193,'text',0,697,10,451,1270543231,1,452),(356,49,157,0,8194,'text',0,513,11,452,1270543231,1,697),(356,49,157,0,8195,'text',0,544,12,697,1270543231,1,513),(356,49,157,0,8196,'text',0,516,13,513,1270543231,1,544),(356,49,157,0,8197,'text',0,798,14,544,1270543231,1,516),(356,49,157,0,8198,'text',0,531,15,516,1270543231,1,798),(356,49,157,0,8199,'text',0,494,16,798,1270543231,1,531),(356,49,157,0,8200,'text',0,570,17,531,1270543231,1,494),(356,49,157,0,8201,'text',0,698,18,494,1270543231,1,570),(356,49,157,0,8202,'text',0,494,19,570,1270543231,1,698),(356,49,157,0,8203,'text',0,706,20,698,1270543231,1,494),(356,49,157,0,8204,'text',0,569,21,494,1270543231,1,706),(356,49,157,0,8205,'text',0,503,22,706,1270543231,1,569),(356,49,157,0,8206,'text',0,821,23,569,1270543231,1,503),(356,49,157,0,8207,'text',0,703,24,503,1270543231,1,821),(356,49,157,0,8208,'text',0,528,25,821,1270543231,1,703),(356,49,157,0,8209,'text',0,728,26,703,1270543231,1,528),(356,49,157,0,8210,'text',0,465,27,528,1270543231,1,728),(356,49,157,0,8211,'text',0,472,28,728,1270543231,1,465),(356,49,157,0,8212,'text',0,824,29,465,1270543231,1,472),(356,49,157,0,8213,'text',0,822,30,472,1270543231,1,824),(356,49,157,0,8214,'text',0,692,31,824,1270543231,1,822),(356,49,157,0,8215,'text',0,483,32,822,1270543231,1,692),(356,49,157,0,8216,'text',0,710,33,692,1270543231,1,483),(356,49,157,0,8217,'text',0,484,34,483,1270543231,1,710),(356,49,157,0,8218,'text',0,732,35,710,1270543231,1,484),(356,49,157,0,8219,'text',0,692,36,484,1270543231,1,732),(356,49,157,0,8220,'text',0,671,37,732,1270543231,1,692),(356,49,157,0,8221,'text',0,824,38,692,1270543231,1,671),(356,49,157,0,8222,'text',0,659,39,671,1270543231,1,824),(356,49,157,0,8223,'text',0,461,40,824,1270543231,1,659),(356,49,157,0,8224,'text',0,474,41,659,1270543231,1,461),(356,49,157,0,8225,'text',0,478,42,461,1270543231,1,474),(356,49,157,0,8226,'text',0,540,43,474,1270543231,1,478),(356,49,157,0,8227,'text',0,476,44,478,1270543231,1,540),(356,49,157,0,8228,'text',0,655,45,540,1270543231,1,476),(356,49,157,0,8229,'text',0,696,46,476,1270543231,1,655),(356,49,157,0,8230,'text',0,711,47,655,1270543231,1,696),(356,49,157,0,8231,'text',0,538,48,696,1270543231,1,711),(356,49,157,0,8232,'text',0,464,49,711,1270543231,1,538),(356,49,157,0,8233,'text',0,527,50,538,1270543231,1,464),(356,49,157,0,8234,'text',0,474,51,464,1270543231,1,527),(356,49,157,0,8235,'text',0,692,52,527,1270543231,1,474),(356,49,157,0,8236,'text',0,717,53,474,1270543231,1,692),(356,49,157,0,8237,'text',0,720,54,692,1270543231,1,717),(356,49,157,0,8238,'text',0,461,55,717,1270543231,1,720),(356,49,157,0,8239,'text',0,732,56,720,1270543231,1,461),(356,49,157,0,8240,'text',0,825,57,461,1270543231,1,732),(356,49,157,0,8241,'text',0,797,58,732,1270543231,1,825),(356,49,157,0,8242,'text',0,486,59,825,1270543231,1,797),(356,49,157,0,8243,'text',0,486,60,797,1270543231,1,486),(356,49,157,0,8244,'text',0,818,61,486,1270543231,1,486),(356,49,157,0,8245,'text',0,707,62,486,1270543231,1,818),(356,49,157,0,8246,'text',0,837,63,818,1270543231,1,707),(356,49,157,0,8247,'text',0,452,64,707,1270543231,1,837),(356,49,157,0,8248,'text',0,823,65,837,1270543231,1,452),(356,49,157,0,8249,'text',0,463,66,452,1270543231,1,823),(356,49,157,0,8250,'text',0,712,67,823,1270543231,1,463),(356,49,157,0,8251,'text',0,486,68,463,1270543231,1,712),(356,49,157,0,8252,'text',0,450,69,712,1270543231,1,486),(356,49,157,0,8253,'text',0,717,70,486,1270543231,1,450),(356,49,157,0,8254,'text',0,819,71,450,1270543231,1,717),(356,49,157,0,8255,'text',0,465,72,717,1270543231,1,819),(356,49,157,0,8256,'text',0,895,73,819,1270543231,1,465),(356,49,157,0,8257,'text',0,896,74,465,1270543231,1,895),(356,49,157,0,8258,'text',0,897,75,895,1270543231,1,896),(356,49,157,0,8259,'text',0,898,76,896,1270543231,1,897),(356,49,157,0,8260,'text',0,503,77,897,1270543231,1,898),(356,49,157,0,8261,'text',0,704,78,898,1270543231,1,503),(356,49,157,0,8262,'text',0,542,79,503,1270543231,1,704),(356,49,157,0,8263,'text',0,461,80,704,1270543231,1,542),(356,49,157,0,8264,'text',0,713,81,542,1270543231,1,461),(356,49,157,0,8265,'text',0,703,82,461,1270543231,1,713),(356,49,157,0,8266,'text',0,541,83,713,1270543231,1,703),(356,49,157,0,8267,'text',0,655,84,703,1270543231,1,541),(356,49,157,0,8268,'text',0,456,85,541,1270543231,1,655),(356,49,157,0,8269,'text',0,656,86,655,1270543231,1,456),(356,49,157,0,8270,'text',0,493,87,456,1270543231,1,656),(356,49,157,0,8271,'text',0,465,88,656,1270543231,1,493),(356,49,157,0,8272,'text',0,659,89,493,1270543231,1,465),(356,49,157,0,8273,'text',0,457,90,465,1270543231,1,659),(356,49,157,0,8274,'text',0,726,91,659,1270543231,1,457),(356,49,157,0,8275,'text',0,448,92,457,1270543231,1,726),(356,49,157,0,8276,'text',0,449,93,726,1270543231,1,448),(356,49,157,0,8277,'text',0,469,94,448,1270543231,1,449),(356,49,157,0,8278,'text',0,453,95,449,1270543231,1,469),(356,49,157,0,8279,'text',0,480,96,469,1270543231,1,453),(356,49,157,0,8280,'text',0,656,97,453,1270543231,1,480),(356,49,157,0,8281,'text',0,492,98,480,1270543231,1,656),(356,49,157,0,8282,'text',0,447,99,656,1270543231,1,492),(356,49,157,0,8283,'text',0,478,100,492,1270543231,1,447),(356,49,157,0,8284,'text',0,448,101,447,1270543231,1,478),(356,49,157,0,8285,'text',0,449,102,478,1270543231,1,448),(356,49,157,0,8286,'text',0,679,103,448,1270543231,1,449),(356,49,157,0,8287,'text',0,713,104,449,1270543231,1,679),(356,49,157,0,8288,'text',0,899,105,679,1270543231,1,713),(356,49,157,0,8289,'text',0,474,106,713,1270543231,1,899),(356,49,157,0,8290,'text',0,726,107,899,1270543231,1,474),(356,49,157,0,8291,'text',0,532,108,474,1270543231,1,726),(356,49,157,0,8292,'text',0,820,109,726,1270543231,1,532),(356,49,157,0,8293,'text',0,462,110,532,1270543231,1,820),(356,49,157,0,8294,'text',0,458,111,820,1270543231,1,462),(356,49,157,0,8295,'text',0,819,112,462,1270543231,1,458),(356,49,157,0,8296,'text',0,497,113,458,1270543231,1,819),(356,49,157,0,8297,'text',0,488,114,819,1270543231,1,497),(356,49,157,0,8298,'text',0,672,115,497,1270543231,1,488),(356,49,157,0,8299,'text',0,445,116,488,1270543231,1,672),(356,49,157,0,8300,'text',0,513,117,672,1270543231,1,445),(356,49,157,0,8301,'text',0,900,118,445,1270543231,1,513),(360,49,157,0,8302,'frequency',0,901,119,513,1270543231,1,900),(360,49,157,0,8303,'frequency',0,902,120,900,1270543231,1,901),(361,49,157,0,8304,'frequency_end',1270191600,432,121,901,1270543231,1,902),(362,49,157,0,8305,'dove',0,0,122,902,1270543231,1,432),(8,4,169,0,8306,'first_name',0,398,0,0,1270652622,2,398),(9,4,169,0,8307,'last_name',0,398,1,398,1270652622,2,398),(12,4,169,0,8308,'user_account',0,903,2,398,1270652622,2,398),(12,4,169,0,8309,'user_account',0,904,3,398,1270652622,2,903),(12,4,169,0,8310,'user_account',0,0,4,903,1270652622,2,904),(354,49,170,0,8311,'short_title',0,905,0,0,1270659154,1,439),(354,49,170,0,8312,'short_title',0,438,1,439,1270659154,1,905),(354,49,170,0,8313,'short_title',0,906,2,905,1270659154,1,438),(356,49,170,0,8314,'text',0,907,3,438,1270659154,1,906),(356,49,170,0,8315,'text',0,908,4,906,1270659154,1,907),(356,49,170,0,8316,'text',0,909,5,907,1270659154,1,908),(361,49,170,0,8317,'frequency_end',1270454400,432,6,908,1270659154,1,909),(362,49,170,0,8318,'dove',0,0,7,909,1270659154,1,432),(354,49,171,0,8319,'short_title',0,439,0,0,1270659786,1,910),(354,49,171,0,8320,'short_title',0,911,1,910,1270659786,1,439),(354,49,171,0,8321,'short_title',0,912,2,439,1270659786,1,911),(354,49,171,0,8322,'short_title',0,913,3,911,1270659786,1,912),(361,49,171,0,8323,'frequency_end',1271361600,432,4,912,1270659786,1,913),(362,49,171,0,8324,'dove',0,0,5,913,1270659786,1,432),(8,4,205,0,8325,'first_name',0,915,0,0,1270746438,2,914),(9,4,205,0,8326,'last_name',0,916,1,914,1270746438,2,915),(12,4,205,0,8327,'user_account',0,917,2,915,1270746438,2,916),(12,4,205,0,8328,'user_account',0,918,3,916,1270746438,2,917),(12,4,205,0,8329,'user_account',0,0,4,917,1270746438,2,918),(8,4,249,0,8330,'first_name',0,920,0,0,1270767027,2,919),(9,4,249,0,8331,'last_name',0,920,1,919,1270767027,2,920),(12,4,249,0,8332,'user_account',0,921,2,920,1270767027,2,920),(12,4,249,0,8333,'user_account',0,922,3,920,1270767027,2,921),(12,4,249,0,8334,'user_account',0,0,4,921,1270767027,2,922),(8,4,261,0,8335,'first_name',0,924,0,0,1270798498,2,923),(9,4,261,0,8336,'last_name',0,925,1,923,1270798498,2,924),(12,4,261,0,8337,'user_account',0,926,2,924,1270798498,2,925),(12,4,261,0,8338,'user_account',0,927,3,925,1270798498,2,926),(12,4,261,0,8339,'user_account',0,0,4,926,1270798498,2,927),(6,3,262,0,8406,'name',0,930,0,0,1270820746,2,929),(6,3,262,0,8407,'name',0,0,1,929,1270820746,2,930),(272,33,268,0,8414,'name',0,0,0,0,1270903814,1,934),(272,33,269,0,8415,'name',0,0,0,0,1270903815,1,935),(272,33,270,0,8416,'name',0,0,0,0,1270903816,1,936),(272,33,271,0,8417,'name',0,0,0,0,1270903817,1,883),(272,33,272,0,8418,'name',0,0,0,0,1270903817,1,937),(272,33,273,0,8424,'name',0,941,0,0,1270908459,1,940),(272,33,273,0,8425,'name',0,0,1,940,1270908459,1,941),(272,33,274,0,8426,'name',0,943,0,0,1270908459,1,942),(272,33,274,0,8427,'name',0,0,1,942,1270908459,1,943),(272,33,275,0,8428,'name',0,945,0,0,1270908460,1,944),(272,33,275,0,8429,'name',0,0,1,944,1270908460,1,945),(272,33,276,0,8430,'name',0,947,0,0,1270908460,1,946),(272,33,276,0,8431,'name',0,0,1,946,1270908460,1,947),(272,33,277,0,8432,'name',0,949,0,0,1270908461,1,948),(272,33,277,0,8433,'name',0,0,1,948,1270908461,1,949),(272,33,278,0,8434,'name',0,951,0,0,1270908461,1,950),(272,33,278,0,8435,'name',0,0,1,950,1270908461,1,951),(272,33,279,0,8436,'name',0,953,0,0,1270908462,1,952),(272,33,279,0,8437,'name',0,0,1,952,1270908462,1,953),(272,33,267,0,8902,'name',0,445,0,0,1270903811,1,968),(273,33,267,0,8903,'caption',0,446,1,968,1270903811,1,445),(273,33,267,0,8904,'caption',0,447,2,445,1270903811,1,446),(273,33,267,0,8905,'caption',0,448,3,446,1270903811,1,447),(273,33,267,0,8906,'caption',0,449,4,447,1270903811,1,448),(273,33,267,0,8907,'caption',0,450,5,448,1270903811,1,449),(273,33,267,0,8908,'caption',0,451,6,449,1270903811,1,450),(273,33,267,0,8909,'caption',0,452,7,450,1270903811,1,451),(273,33,267,0,8910,'caption',0,964,8,451,1270903811,1,452),(273,33,267,0,8911,'caption',0,696,9,452,1270903811,1,964),(273,33,267,0,8912,'caption',0,464,10,964,1270903811,1,696),(273,33,267,0,8913,'caption',0,447,11,696,1270903811,1,464),(273,33,267,0,8914,'caption',0,503,12,464,1270903811,1,447),(273,33,267,0,8915,'caption',0,696,13,447,1270903811,1,503),(273,33,267,0,8916,'caption',0,570,14,503,1270903811,1,696),(273,33,267,0,8917,'caption',0,720,15,696,1270903811,1,570),(273,33,267,0,8918,'caption',0,466,16,570,1270903811,1,720),(273,33,267,0,8919,'caption',0,493,17,720,1270903811,1,466),(273,33,267,0,8920,'caption',0,455,18,466,1270903811,1,493),(273,33,267,0,8921,'caption',0,511,19,493,1270903811,1,455),(273,33,267,0,8922,'caption',0,492,20,455,1270903811,1,511),(273,33,267,0,8923,'caption',0,958,21,511,1270903811,1,492),(273,33,267,0,8924,'caption',0,445,22,492,1270903811,1,958),(273,33,267,0,8925,'caption',0,450,23,958,1270903811,1,445),(273,33,267,0,8926,'caption',0,538,24,445,1270903811,1,450),(273,33,267,0,8927,'caption',0,470,25,450,1270903811,1,538),(273,33,267,0,8928,'caption',0,659,26,538,1270903811,1,470),(273,33,267,0,8929,'caption',0,713,27,470,1270903811,1,659),(273,33,267,0,8930,'caption',0,717,28,659,1270903811,1,713),(273,33,267,0,8931,'caption',0,700,29,713,1270903811,1,717),(273,33,267,0,8932,'caption',0,691,30,717,1270903811,1,700),(273,33,267,0,8933,'caption',0,969,31,700,1270903811,1,691),(273,33,267,0,8934,'caption',0,446,32,691,1270903811,1,969),(273,33,267,0,8935,'caption',0,484,33,969,1270903811,1,446),(273,33,267,0,8936,'caption',0,969,34,446,1270903811,1,484),(273,33,267,0,8937,'caption',0,509,35,484,1270903811,1,969),(273,33,267,0,8938,'caption',0,675,36,969,1270903811,1,509),(273,33,267,0,8939,'caption',0,713,37,509,1270903811,1,675),(273,33,267,0,8940,'caption',0,718,38,675,1270903811,1,713),(273,33,267,0,8941,'caption',0,0,39,713,1270903811,1,718),(4,1,134,0,8942,'name',0,0,0,0,1269279591,1,970),(292,38,150,0,8951,'name',0,841,0,0,1269884955,1,973),(292,38,150,0,8952,'name',0,973,1,973,1269884955,1,841),(365,38,150,0,8953,'short_name',0,883,2,841,1269884955,1,973),(364,38,150,0,8954,'',0,0,3,973,1269884955,1,883),(4,1,136,0,9310,'name',0,0,0,0,1269447147,1,992),(4,1,140,0,9311,'name',0,0,0,0,1269451574,1,993),(4,1,68,0,9312,'name',0,995,0,0,1265053344,1,994),(119,1,68,0,9313,'short_description',0,996,1,994,1265053344,1,995),(119,1,68,0,9314,'short_description',0,997,2,995,1265053344,1,996),(119,1,68,0,9315,'short_description',0,998,3,996,1265053344,1,997),(119,1,68,0,9316,'short_description',0,994,4,997,1265053344,1,998),(119,1,68,0,9317,'short_description',0,0,5,998,1265053344,1,994),(236,23,61,0,9318,'name',0,392,0,0,1263418134,1,999),(237,23,61,0,9319,'page',0,393,1,999,1263418134,1,392),(237,23,61,0,9320,'page',0,396,2,392,1263418134,1,393),(237,23,61,0,9321,'page',0,445,3,393,1263418134,1,396),(367,23,61,0,9322,'menu_description',0,446,4,396,1263418134,1,445),(367,23,61,0,9323,'menu_description',0,447,5,445,1263418134,1,446),(367,23,61,0,9324,'menu_description',0,448,6,446,1263418134,1,447),(367,23,61,0,9325,'menu_description',0,449,7,447,1263418134,1,448),(367,23,61,0,9326,'menu_description',0,450,8,448,1263418134,1,449),(367,23,61,0,9327,'menu_description',0,451,9,449,1263418134,1,450),(367,23,61,0,9328,'menu_description',0,452,10,450,1263418134,1,451),(367,23,61,0,9329,'menu_description',0,506,11,451,1263418134,1,452),(367,23,61,0,9330,'menu_description',0,567,12,452,1263418134,1,506),(367,23,61,0,9331,'menu_description',0,671,13,506,1263418134,1,567),(367,23,61,0,9332,'menu_description',0,672,14,567,1263418134,1,671),(367,23,61,0,9333,'menu_description',0,505,15,671,1263418134,1,672),(367,23,61,0,9334,'menu_description',0,472,16,672,1263418134,1,505),(367,23,61,0,9335,'menu_description',0,544,17,505,1263418134,1,472),(367,23,61,0,9336,'menu_description',0,481,18,472,1263418134,1,544),(367,23,61,0,9337,'menu_description',0,512,19,544,1263418134,1,481),(367,23,61,0,9338,'menu_description',0,488,20,481,1263418134,1,512),(367,23,61,0,9339,'menu_description',0,499,21,512,1263418134,1,488),(367,23,61,0,9340,'menu_description',0,552,22,488,1263418134,1,499),(367,23,61,0,9341,'menu_description',0,509,23,499,1263418134,1,552),(367,23,61,0,9342,'menu_description',0,516,24,552,1263418134,1,509),(367,23,61,0,9343,'menu_description',0,490,25,509,1263418134,1,516),(367,23,61,0,9344,'menu_description',0,479,26,516,1263418134,1,490),(367,23,61,0,9345,'menu_description',0,659,27,490,1263418134,1,479),(367,23,61,0,9346,'menu_description',0,520,28,479,1263418134,1,659),(367,23,61,0,9347,'menu_description',0,493,29,659,1263418134,1,520),(367,23,61,0,9348,'menu_description',0,512,30,520,1263418134,1,493),(367,23,61,0,9349,'menu_description',0,446,31,493,1263418134,1,512),(367,23,61,0,9350,'menu_description',0,673,32,512,1263418134,1,446),(367,23,61,0,9351,'menu_description',0,465,33,446,1263418134,1,673),(367,23,61,0,9352,'menu_description',0,454,34,673,1263418134,1,465),(367,23,61,0,9353,'menu_description',0,674,35,465,1263418134,1,454),(367,23,61,0,9354,'menu_description',0,675,36,454,1263418134,1,674),(367,23,61,0,9355,'menu_description',0,486,37,674,1263418134,1,675),(367,23,61,0,9356,'menu_description',0,499,38,675,1263418134,1,486),(367,23,61,0,9357,'menu_description',0,672,39,486,1263418134,1,499),(367,23,61,0,9358,'menu_description',0,677,40,499,1263418134,1,672),(367,23,61,0,9359,'menu_description',0,678,41,672,1263418134,1,677),(367,23,61,0,9360,'menu_description',0,503,42,677,1263418134,1,678),(367,23,61,0,9361,'menu_description',0,524,43,678,1263418134,1,503),(367,23,61,0,9362,'menu_description',0,497,44,503,1263418134,1,524),(367,23,61,0,9363,'menu_description',0,511,45,524,1263418134,1,497),(367,23,61,0,9364,'menu_description',0,509,46,497,1263418134,1,511),(367,23,61,0,9365,'menu_description',0,532,47,511,1263418134,1,509),(367,23,61,0,9366,'menu_description',0,506,48,509,1263418134,1,532),(367,23,61,0,9367,'menu_description',0,679,49,532,1263418134,1,506),(367,23,61,0,9368,'menu_description',0,570,50,506,1263418134,1,679),(367,23,61,0,9369,'menu_description',0,492,51,679,1263418134,1,570),(367,23,61,0,9370,'menu_description',0,542,52,570,1263418134,1,492),(367,23,61,0,9371,'menu_description',0,533,53,492,1263418134,1,542),(367,23,61,0,9372,'menu_description',0,567,54,542,1263418134,1,533),(367,23,61,0,9373,'menu_description',0,517,55,533,1263418134,1,567),(367,23,61,0,9374,'menu_description',0,494,56,567,1263418134,1,517),(367,23,61,0,9375,'menu_description',0,556,57,517,1263418134,1,494),(367,23,61,0,9376,'menu_description',0,509,58,494,1263418134,1,556),(367,23,61,0,9377,'menu_description',0,459,59,556,1263418134,1,509),(367,23,61,0,9378,'menu_description',0,680,60,509,1263418134,1,459),(367,23,61,0,9379,'menu_description',0,490,61,459,1263418134,1,680),(367,23,61,0,9380,'menu_description',0,540,62,680,1263418134,1,490),(367,23,61,0,9381,'menu_description',0,477,63,490,1263418134,1,540),(367,23,61,0,9382,'menu_description',0,520,64,540,1263418134,1,477),(367,23,61,0,9383,'menu_description',0,0,65,477,1263418134,1,520),(236,23,63,0,9450,'name',0,392,0,0,1263418193,1,413),(237,23,63,0,9451,'page',0,393,1,413,1263418193,1,392),(237,23,63,0,9452,'page',0,396,2,392,1263418193,1,393),(237,23,63,0,9453,'page',0,445,3,393,1263418193,1,396),(367,23,63,0,9454,'menu_description',0,446,4,396,1263418193,1,445),(367,23,63,0,9455,'menu_description',0,447,5,445,1263418193,1,446),(367,23,63,0,9456,'menu_description',0,448,6,446,1263418193,1,447),(367,23,63,0,9457,'menu_description',0,449,7,447,1263418193,1,448),(367,23,63,0,9458,'menu_description',0,450,8,448,1263418193,1,449),(367,23,63,0,9459,'menu_description',0,451,9,449,1263418193,1,450),(367,23,63,0,9460,'menu_description',0,452,10,450,1263418193,1,451),(367,23,63,0,9461,'menu_description',0,506,11,451,1263418193,1,452),(367,23,63,0,9462,'menu_description',0,567,12,452,1263418193,1,506),(367,23,63,0,9463,'menu_description',0,671,13,506,1263418193,1,567),(367,23,63,0,9464,'menu_description',0,672,14,567,1263418193,1,671),(367,23,63,0,9465,'menu_description',0,505,15,671,1263418193,1,672),(367,23,63,0,9466,'menu_description',0,472,16,672,1263418193,1,505),(367,23,63,0,9467,'menu_description',0,544,17,505,1263418193,1,472),(367,23,63,0,9468,'menu_description',0,481,18,472,1263418193,1,544),(367,23,63,0,9469,'menu_description',0,512,19,544,1263418193,1,481),(367,23,63,0,9470,'menu_description',0,488,20,481,1263418193,1,512),(367,23,63,0,9471,'menu_description',0,499,21,512,1263418193,1,488),(367,23,63,0,9472,'menu_description',0,552,22,488,1263418193,1,499),(367,23,63,0,9473,'menu_description',0,509,23,499,1263418193,1,552),(367,23,63,0,9474,'menu_description',0,516,24,552,1263418193,1,509),(367,23,63,0,9475,'menu_description',0,490,25,509,1263418193,1,516),(367,23,63,0,9476,'menu_description',0,479,26,516,1263418193,1,490),(367,23,63,0,9477,'menu_description',0,659,27,490,1263418193,1,479),(367,23,63,0,9478,'menu_description',0,520,28,479,1263418193,1,659),(367,23,63,0,9479,'menu_description',0,493,29,659,1263418193,1,520),(367,23,63,0,9480,'menu_description',0,512,30,520,1263418193,1,493),(367,23,63,0,9481,'menu_description',0,446,31,493,1263418193,1,512),(367,23,63,0,9482,'menu_description',0,673,32,512,1263418193,1,446),(367,23,63,0,9483,'menu_description',0,465,33,446,1263418193,1,673),(367,23,63,0,9484,'menu_description',0,454,34,673,1263418193,1,465),(367,23,63,0,9485,'menu_description',0,674,35,465,1263418193,1,454),(367,23,63,0,9486,'menu_description',0,675,36,454,1263418193,1,674),(367,23,63,0,9487,'menu_description',0,486,37,674,1263418193,1,675),(367,23,63,0,9488,'menu_description',0,499,38,675,1263418193,1,486),(367,23,63,0,9489,'menu_description',0,672,39,486,1263418193,1,499),(367,23,63,0,9490,'menu_description',0,677,40,499,1263418193,1,672),(367,23,63,0,9491,'menu_description',0,678,41,672,1263418193,1,677),(367,23,63,0,9492,'menu_description',0,503,42,677,1263418193,1,678),(367,23,63,0,9493,'menu_description',0,524,43,678,1263418193,1,503),(367,23,63,0,9494,'menu_description',0,497,44,503,1263418193,1,524),(367,23,63,0,9495,'menu_description',0,511,45,524,1263418193,1,497),(367,23,63,0,9496,'menu_description',0,509,46,497,1263418193,1,511),(367,23,63,0,9497,'menu_description',0,532,47,511,1263418193,1,509),(367,23,63,0,9498,'menu_description',0,506,48,509,1263418193,1,532),(367,23,63,0,9499,'menu_description',0,679,49,532,1263418193,1,506),(367,23,63,0,9500,'menu_description',0,570,50,506,1263418193,1,679),(367,23,63,0,9501,'menu_description',0,492,51,679,1263418193,1,570),(367,23,63,0,9502,'menu_description',0,542,52,570,1263418193,1,492),(367,23,63,0,9503,'menu_description',0,533,53,492,1263418193,1,542),(367,23,63,0,9504,'menu_description',0,567,54,542,1263418193,1,533),(367,23,63,0,9505,'menu_description',0,517,55,533,1263418193,1,567),(367,23,63,0,9506,'menu_description',0,494,56,567,1263418193,1,517),(367,23,63,0,9507,'menu_description',0,556,57,517,1263418193,1,494),(367,23,63,0,9508,'menu_description',0,509,58,494,1263418193,1,556),(367,23,63,0,9509,'menu_description',0,459,59,556,1263418193,1,509),(367,23,63,0,9510,'menu_description',0,680,60,509,1263418193,1,459),(367,23,63,0,9511,'menu_description',0,490,61,459,1263418193,1,680),(367,23,63,0,9512,'menu_description',0,540,62,680,1263418193,1,490),(367,23,63,0,9513,'menu_description',0,477,63,490,1263418193,1,540),(367,23,63,0,9514,'menu_description',0,520,64,540,1263418193,1,477),(367,23,63,0,9515,'menu_description',0,0,65,477,1263418193,1,520),(236,23,62,0,9516,'name',0,392,0,0,1263418172,1,1001),(237,23,62,0,9517,'page',0,393,1,1001,1263418172,1,392),(237,23,62,0,9518,'page',0,396,2,392,1263418172,1,393),(237,23,62,0,9519,'page',0,445,3,393,1263418172,1,396),(367,23,62,0,9520,'menu_description',0,446,4,396,1263418172,1,445),(367,23,62,0,9521,'menu_description',0,447,5,445,1263418172,1,446),(367,23,62,0,9522,'menu_description',0,448,6,446,1263418172,1,447),(367,23,62,0,9523,'menu_description',0,449,7,447,1263418172,1,448),(367,23,62,0,9524,'menu_description',0,450,8,448,1263418172,1,449),(367,23,62,0,9525,'menu_description',0,451,9,449,1263418172,1,450),(367,23,62,0,9526,'menu_description',0,452,10,450,1263418172,1,451),(367,23,62,0,9527,'menu_description',0,506,11,451,1263418172,1,452),(367,23,62,0,9528,'menu_description',0,567,12,452,1263418172,1,506),(367,23,62,0,9529,'menu_description',0,671,13,506,1263418172,1,567),(367,23,62,0,9530,'menu_description',0,672,14,567,1263418172,1,671),(367,23,62,0,9531,'menu_description',0,505,15,671,1263418172,1,672),(367,23,62,0,9532,'menu_description',0,472,16,672,1263418172,1,505),(367,23,62,0,9533,'menu_description',0,544,17,505,1263418172,1,472),(367,23,62,0,9534,'menu_description',0,481,18,472,1263418172,1,544),(367,23,62,0,9535,'menu_description',0,512,19,544,1263418172,1,481),(367,23,62,0,9536,'menu_description',0,488,20,481,1263418172,1,512),(367,23,62,0,9537,'menu_description',0,499,21,512,1263418172,1,488),(367,23,62,0,9538,'menu_description',0,552,22,488,1263418172,1,499),(367,23,62,0,9539,'menu_description',0,509,23,499,1263418172,1,552),(367,23,62,0,9540,'menu_description',0,516,24,552,1263418172,1,509),(367,23,62,0,9541,'menu_description',0,490,25,509,1263418172,1,516),(367,23,62,0,9542,'menu_description',0,479,26,516,1263418172,1,490),(367,23,62,0,9543,'menu_description',0,659,27,490,1263418172,1,479),(367,23,62,0,9544,'menu_description',0,520,28,479,1263418172,1,659),(367,23,62,0,9545,'menu_description',0,493,29,659,1263418172,1,520),(367,23,62,0,9546,'menu_description',0,512,30,520,1263418172,1,493),(367,23,62,0,9547,'menu_description',0,446,31,493,1263418172,1,512),(367,23,62,0,9548,'menu_description',0,673,32,512,1263418172,1,446),(367,23,62,0,9549,'menu_description',0,465,33,446,1263418172,1,673),(367,23,62,0,9550,'menu_description',0,454,34,673,1263418172,1,465),(367,23,62,0,9551,'menu_description',0,674,35,465,1263418172,1,454),(367,23,62,0,9552,'menu_description',0,675,36,454,1263418172,1,674),(367,23,62,0,9553,'menu_description',0,486,37,674,1263418172,1,675),(367,23,62,0,9554,'menu_description',0,499,38,675,1263418172,1,486),(367,23,62,0,9555,'menu_description',0,672,39,486,1263418172,1,499),(367,23,62,0,9556,'menu_description',0,677,40,499,1263418172,1,672),(367,23,62,0,9557,'menu_description',0,678,41,672,1263418172,1,677),(367,23,62,0,9558,'menu_description',0,503,42,677,1263418172,1,678),(367,23,62,0,9559,'menu_description',0,524,43,678,1263418172,1,503),(367,23,62,0,9560,'menu_description',0,497,44,503,1263418172,1,524),(367,23,62,0,9561,'menu_description',0,511,45,524,1263418172,1,497),(367,23,62,0,9562,'menu_description',0,509,46,497,1263418172,1,511),(367,23,62,0,9563,'menu_description',0,532,47,511,1263418172,1,509),(367,23,62,0,9564,'menu_description',0,506,48,509,1263418172,1,532),(367,23,62,0,9565,'menu_description',0,679,49,532,1263418172,1,506),(367,23,62,0,9566,'menu_description',0,570,50,506,1263418172,1,679),(367,23,62,0,9567,'menu_description',0,492,51,679,1263418172,1,570),(367,23,62,0,9568,'menu_description',0,542,52,570,1263418172,1,492),(367,23,62,0,9569,'menu_description',0,533,53,492,1263418172,1,542),(367,23,62,0,9570,'menu_description',0,567,54,542,1263418172,1,533),(367,23,62,0,9571,'menu_description',0,517,55,533,1263418172,1,567),(367,23,62,0,9572,'menu_description',0,494,56,567,1263418172,1,517),(367,23,62,0,9573,'menu_description',0,556,57,517,1263418172,1,494),(367,23,62,0,9574,'menu_description',0,509,58,494,1263418172,1,556),(367,23,62,0,9575,'menu_description',0,459,59,556,1263418172,1,509),(367,23,62,0,9576,'menu_description',0,680,60,509,1263418172,1,459),(367,23,62,0,9577,'menu_description',0,490,61,459,1263418172,1,680),(367,23,62,0,9578,'menu_description',0,540,62,680,1263418172,1,490),(367,23,62,0,9579,'menu_description',0,477,63,490,1263418172,1,540),(367,23,62,0,9580,'menu_description',0,520,64,540,1263418172,1,477),(367,23,62,0,9581,'menu_description',0,0,65,477,1263418172,1,520),(236,23,59,0,9582,'name',0,392,0,0,1263418086,1,841),(237,23,59,0,9583,'page',0,393,1,841,1263418086,1,392),(237,23,59,0,9584,'page',0,396,2,392,1263418086,1,393),(237,23,59,0,9585,'page',0,445,3,393,1263418086,1,396),(367,23,59,0,9586,'menu_description',0,446,4,396,1263418086,1,445),(367,23,59,0,9587,'menu_description',0,447,5,445,1263418086,1,446),(367,23,59,0,9588,'menu_description',0,448,6,446,1263418086,1,447),(367,23,59,0,9589,'menu_description',0,449,7,447,1263418086,1,448),(367,23,59,0,9590,'menu_description',0,450,8,448,1263418086,1,449),(367,23,59,0,9591,'menu_description',0,451,9,449,1263418086,1,450),(367,23,59,0,9592,'menu_description',0,452,10,450,1263418086,1,451),(367,23,59,0,9593,'menu_description',0,506,11,451,1263418086,1,452),(367,23,59,0,9594,'menu_description',0,567,12,452,1263418086,1,506),(367,23,59,0,9595,'menu_description',0,671,13,506,1263418086,1,567),(367,23,59,0,9596,'menu_description',0,672,14,567,1263418086,1,671),(367,23,59,0,9597,'menu_description',0,505,15,671,1263418086,1,672),(367,23,59,0,9598,'menu_description',0,472,16,672,1263418086,1,505),(367,23,59,0,9599,'menu_description',0,544,17,505,1263418086,1,472),(367,23,59,0,9600,'menu_description',0,481,18,472,1263418086,1,544),(367,23,59,0,9601,'menu_description',0,512,19,544,1263418086,1,481),(367,23,59,0,9602,'menu_description',0,488,20,481,1263418086,1,512),(367,23,59,0,9603,'menu_description',0,499,21,512,1263418086,1,488),(367,23,59,0,9604,'menu_description',0,552,22,488,1263418086,1,499),(367,23,59,0,9605,'menu_description',0,509,23,499,1263418086,1,552),(367,23,59,0,9606,'menu_description',0,516,24,552,1263418086,1,509),(367,23,59,0,9607,'menu_description',0,490,25,509,1263418086,1,516),(367,23,59,0,9608,'menu_description',0,479,26,516,1263418086,1,490),(367,23,59,0,9609,'menu_description',0,659,27,490,1263418086,1,479),(367,23,59,0,9610,'menu_description',0,520,28,479,1263418086,1,659),(367,23,59,0,9611,'menu_description',0,493,29,659,1263418086,1,520),(367,23,59,0,9612,'menu_description',0,512,30,520,1263418086,1,493),(367,23,59,0,9613,'menu_description',0,446,31,493,1263418086,1,512),(367,23,59,0,9614,'menu_description',0,673,32,512,1263418086,1,446),(367,23,59,0,9615,'menu_description',0,465,33,446,1263418086,1,673),(367,23,59,0,9616,'menu_description',0,454,34,673,1263418086,1,465),(367,23,59,0,9617,'menu_description',0,674,35,465,1263418086,1,454),(367,23,59,0,9618,'menu_description',0,675,36,454,1263418086,1,674),(367,23,59,0,9619,'menu_description',0,0,37,674,1263418086,1,675),(183,16,144,0,9620,'title',0,1003,0,0,1269504410,1,1002),(183,16,144,0,9621,'title',0,1004,1,1002,1269504410,1,1003),(183,16,144,0,9622,'title',0,1005,2,1003,1269504410,1,1004),(183,16,144,0,9623,'title',0,445,3,1004,1269504410,1,1005),(186,16,144,0,9624,'intro',0,446,4,1005,1269504410,1,445),(186,16,144,0,9625,'intro',0,447,5,445,1269504410,1,446),(186,16,144,0,9626,'intro',0,448,6,446,1269504410,1,447),(186,16,144,0,9627,'intro',0,449,7,447,1269504410,1,448),(186,16,144,0,9628,'intro',0,450,8,448,1269504410,1,449),(186,16,144,0,9629,'intro',0,451,9,449,1269504410,1,450),(186,16,144,0,9630,'intro',0,452,10,450,1269504410,1,451),(186,16,144,0,9631,'intro',0,552,11,451,1269504410,1,452),(186,16,144,0,9632,'intro',0,492,12,452,1269504410,1,552),(186,16,144,0,9633,'intro',0,477,13,552,1269504410,1,492),(186,16,144,0,9634,'intro',0,513,14,492,1269504410,1,477),(186,16,144,0,9635,'intro',0,506,15,477,1269504410,1,513),(186,16,144,0,9636,'intro',0,797,16,513,1269504410,1,506),(186,16,144,0,9637,'intro',0,675,17,506,1269504410,1,797),(186,16,144,0,9638,'intro',0,692,18,797,1269504410,1,675),(186,16,144,0,9639,'intro',0,465,19,675,1269504410,1,692),(186,16,144,0,9640,'intro',0,456,20,692,1269504410,1,465),(186,16,144,0,9641,'intro',0,705,21,465,1269504410,1,456),(186,16,144,0,9642,'intro',0,500,22,456,1269504410,1,705),(186,16,144,0,9643,'intro',0,710,23,705,1269504410,1,500),(186,16,144,0,9644,'intro',0,674,24,500,1269504410,1,710),(186,16,144,0,9645,'intro',0,655,25,710,1269504410,1,674),(186,16,144,0,9646,'intro',0,509,26,674,1269504410,1,655),(186,16,144,0,9647,'intro',0,512,27,655,1269504410,1,509),(186,16,144,0,9648,'intro',0,516,28,509,1269504410,1,512),(186,16,144,0,9649,'intro',0,692,29,512,1269504410,1,516),(186,16,144,0,9650,'intro',0,481,30,516,1269504410,1,692),(186,16,144,0,9651,'intro',0,732,31,692,1269504410,1,481),(186,16,144,0,9652,'intro',0,503,32,481,1269504410,1,732),(186,16,144,0,9653,'intro',0,709,33,732,1269504410,1,503),(186,16,144,0,9654,'intro',0,497,34,503,1269504410,1,709),(186,16,144,0,9655,'intro',0,478,35,709,1269504410,1,497),(186,16,144,0,9656,'intro',0,481,36,497,1269504410,1,478),(186,16,144,0,9657,'intro',0,696,37,478,1269504410,1,481),(186,16,144,0,9658,'intro',0,544,38,481,1269504410,1,696),(186,16,144,0,9659,'intro',0,798,39,696,1269504410,1,544),(186,16,144,0,9660,'intro',0,799,40,544,1269504410,1,798),(186,16,144,0,9661,'intro',0,799,41,798,1269504410,1,799),(186,16,144,0,9662,'intro',0,713,42,799,1269504410,1,799),(186,16,144,0,9663,'intro',0,457,43,799,1269504410,1,713),(186,16,144,0,9664,'intro',0,493,44,713,1269504410,1,457),(186,16,144,0,9665,'intro',0,721,45,457,1269504410,1,493),(186,16,144,0,9666,'intro',0,445,46,493,1269504410,1,721),(187,16,144,0,9667,'body',0,446,47,721,1269504410,1,445),(187,16,144,0,9668,'body',0,447,48,445,1269504410,1,446),(187,16,144,0,9669,'body',0,448,49,446,1269504410,1,447),(187,16,144,0,9670,'body',0,449,50,447,1269504410,1,448),(187,16,144,0,9671,'body',0,450,51,448,1269504410,1,449),(187,16,144,0,9672,'body',0,451,52,449,1269504410,1,450),(187,16,144,0,9673,'body',0,452,53,450,1269504410,1,451),(187,16,144,0,9674,'body',0,552,54,451,1269504410,1,452),(187,16,144,0,9675,'body',0,492,55,452,1269504410,1,552),(187,16,144,0,9676,'body',0,477,56,552,1269504410,1,492),(187,16,144,0,9677,'body',0,513,57,492,1269504410,1,477),(187,16,144,0,9678,'body',0,506,58,477,1269504410,1,513),(187,16,144,0,9679,'body',0,797,59,513,1269504410,1,506),(187,16,144,0,9680,'body',0,675,60,506,1269504410,1,797),(187,16,144,0,9681,'body',0,692,61,797,1269504410,1,675),(187,16,144,0,9682,'body',0,465,62,675,1269504410,1,692),(187,16,144,0,9683,'body',0,456,63,692,1269504410,1,465),(187,16,144,0,9684,'body',0,705,64,465,1269504410,1,456),(187,16,144,0,9685,'body',0,500,65,456,1269504410,1,705),(187,16,144,0,9686,'body',0,710,66,705,1269504410,1,500),(187,16,144,0,9687,'body',0,674,67,500,1269504410,1,710),(187,16,144,0,9688,'body',0,655,68,710,1269504410,1,674),(187,16,144,0,9689,'body',0,509,69,674,1269504410,1,655),(187,16,144,0,9690,'body',0,512,70,655,1269504410,1,509),(187,16,144,0,9691,'body',0,516,71,509,1269504410,1,512),(187,16,144,0,9692,'body',0,692,72,512,1269504410,1,516),(187,16,144,0,9693,'body',0,481,73,516,1269504410,1,692),(187,16,144,0,9694,'body',0,732,74,692,1269504410,1,481),(187,16,144,0,9695,'body',0,503,75,481,1269504410,1,732),(187,16,144,0,9696,'body',0,709,76,732,1269504410,1,503),(187,16,144,0,9697,'body',0,497,77,503,1269504410,1,709),(187,16,144,0,9698,'body',0,478,78,709,1269504410,1,497),(187,16,144,0,9699,'body',0,481,79,497,1269504410,1,478),(187,16,144,0,9700,'body',0,696,80,478,1269504410,1,481),(187,16,144,0,9701,'body',0,544,81,481,1269504410,1,696),(187,16,144,0,9702,'body',0,798,82,696,1269504410,1,544),(187,16,144,0,9703,'body',0,799,83,544,1269504410,1,798),(187,16,144,0,9704,'body',0,799,84,798,1269504410,1,799),(187,16,144,0,9705,'body',0,713,85,799,1269504410,1,799),(187,16,144,0,9706,'body',0,457,86,799,1269504410,1,713),(187,16,144,0,9707,'body',0,493,87,713,1269504410,1,457),(187,16,144,0,9708,'body',0,721,88,457,1269504410,1,493),(187,16,144,0,9709,'body',0,730,89,493,1269504410,1,721),(187,16,144,0,9710,'body',0,499,90,721,1269504410,1,730),(187,16,144,0,9711,'body',0,656,91,730,1269504410,1,499),(187,16,144,0,9712,'body',0,690,92,499,1269504410,1,656),(187,16,144,0,9713,'body',0,493,93,656,1269504410,1,690),(187,16,144,0,9714,'body',0,456,94,690,1269504410,1,493),(187,16,144,0,9715,'body',0,542,95,493,1269504410,1,456),(187,16,144,0,9716,'body',0,528,96,456,1269504410,1,542),(187,16,144,0,9717,'body',0,463,97,542,1269504410,1,528),(187,16,144,0,9718,'body',0,474,98,528,1269504410,1,463),(187,16,144,0,9719,'body',0,465,99,463,1269504410,1,474),(187,16,144,0,9720,'body',0,488,100,474,1269504410,1,465),(187,16,144,0,9721,'body',0,509,101,465,1269504410,1,488),(187,16,144,0,9722,'body',0,477,102,488,1269504410,1,509),(187,16,144,0,9723,'body',0,708,103,509,1269504410,1,477),(187,16,144,0,9724,'body',0,958,104,477,1269504410,1,708),(187,16,144,0,9725,'body',0,1006,105,708,1269504410,1,958),(187,16,144,0,9726,'body',0,457,106,958,1269504410,1,1006),(187,16,144,0,9727,'body',0,818,107,1006,1269504410,1,457),(187,16,144,0,9728,'body',0,497,108,457,1269504410,1,818),(187,16,144,0,9729,'body',0,457,109,818,1269504410,1,497),(187,16,144,0,9730,'body',0,1007,110,497,1269504410,1,457),(187,16,144,0,9731,'body',0,479,111,457,1269504410,1,1007),(187,16,144,0,9732,'body',0,478,112,1007,1269504410,1,479),(187,16,144,0,9733,'body',0,655,113,479,1269504410,1,478),(187,16,144,0,9734,'body',0,527,114,478,1269504410,1,655),(187,16,144,0,9735,'body',0,701,115,655,1269504410,1,527),(187,16,144,0,9736,'body',0,706,116,527,1269504410,1,701),(187,16,144,0,9737,'body',0,481,117,701,1269504410,1,706),(187,16,144,0,9738,'body',0,691,118,706,1269504410,1,481),(187,16,144,0,9739,'body',0,732,119,481,1269504410,1,691),(187,16,144,0,9740,'body',0,691,120,691,1269504410,1,732),(187,16,144,0,9741,'body',0,509,121,732,1269504410,1,691),(187,16,144,0,9742,'body',0,707,122,691,1269504410,1,509),(187,16,144,0,9743,'body',0,655,123,509,1269504410,1,707),(187,16,144,0,9744,'body',0,712,124,707,1269504410,1,655),(187,16,144,0,9745,'body',0,556,125,655,1269504410,1,712),(187,16,144,0,9746,'body',0,696,126,712,1269504410,1,556),(187,16,144,0,9747,'body',0,799,127,556,1269504410,1,696),(187,16,144,0,9748,'body',0,464,128,696,1269504410,1,799),(187,16,144,0,9749,'body',0,467,129,799,1269504410,1,464),(187,16,144,0,9750,'body',0,490,130,464,1269504410,1,467),(187,16,144,0,9751,'body',0,517,131,467,1269504410,1,490),(187,16,144,0,9752,'body',0,732,132,490,1269504410,1,517),(187,16,144,0,9753,'body',0,447,133,517,1269504410,1,732),(187,16,144,0,9754,'body',0,467,134,732,1269504410,1,447),(187,16,144,0,9755,'body',0,538,135,447,1269504410,1,467),(187,16,144,0,9756,'body',0,700,136,467,1269504410,1,538),(187,16,144,0,9757,'body',0,492,137,538,1269504410,1,700),(187,16,144,0,9758,'body',0,691,138,700,1269504410,1,492),(187,16,144,0,9759,'body',0,513,139,492,1269504410,1,691),(187,16,144,0,9760,'body',0,556,140,691,1269504410,1,513),(187,16,144,0,9761,'body',0,493,141,513,1269504410,1,556),(187,16,144,0,9762,'body',0,698,142,556,1269504410,1,493),(187,16,144,0,9763,'body',0,458,143,493,1269504410,1,698),(187,16,144,0,9764,'body',0,819,144,698,1269504410,1,458),(187,16,144,0,9765,'body',0,486,145,458,1269504410,1,819),(187,16,144,0,9766,'body',0,701,146,819,1269504410,1,486),(187,16,144,0,9767,'body',0,728,147,486,1269504410,1,701),(187,16,144,0,9768,'body',0,725,148,701,1269504410,1,728),(187,16,144,0,9769,'body',0,465,149,728,1269504410,1,725),(187,16,144,0,9770,'body',0,470,150,725,1269504410,1,465),(187,16,144,0,9771,'body',0,671,151,465,1269504410,1,470),(187,16,144,0,9772,'body',0,493,152,470,1269504410,1,671),(187,16,144,0,9773,'body',0,820,153,671,1269504410,1,493),(187,16,144,0,9774,'body',0,714,154,493,1269504410,1,820),(187,16,144,0,9775,'body',0,512,155,820,1269504410,1,714),(187,16,144,0,9776,'body',0,445,156,714,1269504410,1,512),(187,16,144,0,9777,'body',0,472,157,512,1269504410,1,445),(187,16,144,0,9778,'body',0,465,158,445,1269504410,1,472),(187,16,144,0,9779,'body',0,655,159,472,1269504410,1,465),(187,16,144,0,9780,'body',0,492,160,465,1269504410,1,655),(187,16,144,0,9781,'body',0,569,161,655,1269504410,1,492),(187,16,144,0,9782,'body',0,490,162,492,1269504410,1,569),(187,16,144,0,9783,'body',0,720,163,569,1269504410,1,490),(187,16,144,0,9784,'body',0,474,164,490,1269504410,1,720),(187,16,144,0,9785,'body',0,672,165,720,1269504410,1,474),(187,16,144,0,9786,'body',0,447,166,474,1269504410,1,672),(187,16,144,0,9787,'body',0,1008,167,672,1269504410,1,447),(187,16,144,0,9788,'body',0,693,168,447,1269504410,1,1008),(187,16,144,0,9789,'body',0,567,169,1008,1269504410,1,693),(187,16,144,0,9790,'body',0,463,170,693,1269504410,1,567),(187,16,144,0,9791,'body',0,450,171,567,1269504410,1,463),(187,16,144,0,9792,'body',0,469,172,463,1269504410,1,450),(187,16,144,0,9793,'body',0,527,173,450,1269504410,1,469),(187,16,144,0,9794,'body',0,517,174,469,1269504410,1,527),(187,16,144,0,9795,'body',0,481,175,527,1269504410,1,517),(187,16,144,0,9796,'body',0,516,176,517,1269504410,1,481),(187,16,144,0,9797,'body',0,1006,177,481,1269504410,1,516),(187,16,144,0,9798,'body',0,503,178,516,1269504410,1,1006),(187,16,144,0,9799,'body',0,713,179,1006,1269504410,1,503),(187,16,144,0,9800,'body',0,570,180,503,1269504410,1,713),(187,16,144,0,9801,'body',0,473,181,713,1269504410,1,570),(187,16,144,0,9802,'body',0,509,182,570,1269504410,1,473),(187,16,144,0,9803,'body',0,699,183,473,1269504410,1,509),(187,16,144,0,9804,'body',0,534,184,509,1269504410,1,699),(187,16,144,0,9805,'body',0,474,185,699,1269504410,1,534),(187,16,144,0,9806,'body',0,513,186,534,1269504410,1,474),(187,16,144,0,9807,'body',0,479,187,474,1269504410,1,513),(187,16,144,0,9808,'body',0,503,188,513,1269504410,1,479),(187,16,144,0,9809,'body',0,461,189,479,1269504410,1,503),(187,16,144,0,9810,'body',0,524,190,503,1269504410,1,461),(187,16,144,0,9811,'body',0,447,191,461,1269504410,1,524),(187,16,144,0,9812,'body',0,517,192,524,1269504410,1,447),(187,16,144,0,9813,'body',0,467,193,447,1269504410,1,517),(187,16,144,0,9814,'body',0,721,194,517,1269504410,1,467),(187,16,144,0,9815,'body',0,717,195,467,1269504410,1,721),(187,16,144,0,9816,'body',0,728,196,721,1269504410,1,717),(187,16,144,0,9817,'body',0,659,197,717,1269504410,1,728),(187,16,144,0,9818,'body',0,471,198,728,1269504410,1,659),(187,16,144,0,9819,'body',0,821,199,659,1269504410,1,471),(187,16,144,0,9820,'body',0,675,200,471,1269504410,1,821),(187,16,144,0,9821,'body',0,479,201,821,1269504410,1,675),(187,16,144,0,9822,'body',0,486,202,675,1269504410,1,479),(187,16,144,0,9823,'body',0,511,203,479,1269504410,1,486),(187,16,144,0,9824,'body',0,451,204,486,1269504410,1,511),(187,16,144,0,9825,'body',0,822,205,511,1269504410,1,451),(187,16,144,0,9826,'body',0,465,206,451,1269504410,1,822),(187,16,144,0,9827,'body',0,728,207,822,1269504410,1,465),(187,16,144,0,9828,'body',0,819,208,465,1269504410,1,728),(187,16,144,0,9829,'body',0,702,209,728,1269504410,1,819),(187,16,144,0,9830,'body',0,484,210,819,1269504410,1,702),(187,16,144,0,9831,'body',0,454,211,702,1269504410,1,484),(187,16,144,0,9832,'body',0,481,212,484,1269504410,1,454),(187,16,144,0,9833,'body',0,823,213,454,1269504410,1,481),(187,16,144,0,9834,'body',0,486,214,481,1269504410,1,823),(187,16,144,0,9835,'body',0,456,215,823,1269504410,1,486),(187,16,144,0,9836,'body',0,505,216,486,1269504410,1,456),(187,16,144,0,9837,'body',0,532,217,456,1269504410,1,505),(187,16,144,0,9838,'body',0,720,218,505,1269504410,1,532),(187,16,144,0,9839,'body',0,492,219,532,1269504410,1,720),(187,16,144,0,9840,'body',0,520,220,720,1269504410,1,492),(187,16,144,0,9841,'body',0,726,221,492,1269504410,1,520),(187,16,144,0,9842,'body',0,718,222,520,1269504410,1,726),(187,16,144,0,9843,'body',0,477,223,726,1269504410,1,718),(187,16,144,0,9844,'body',0,499,224,718,1269504410,1,477),(187,16,144,0,9845,'body',0,456,225,477,1269504410,1,499),(187,16,144,0,9846,'body',0,692,226,499,1269504410,1,456),(187,16,144,0,9847,'body',0,569,227,456,1269504410,1,692),(187,16,144,0,9848,'body',0,456,228,692,1269504410,1,569),(187,16,144,0,9849,'body',0,728,229,569,1269504410,1,456),(187,16,144,0,9850,'body',0,492,230,456,1269504410,1,728),(187,16,144,0,9851,'body',0,728,231,728,1269504410,1,492),(187,16,144,0,9852,'body',0,503,232,492,1269504410,1,728),(187,16,144,0,9853,'body',0,472,233,728,1269504410,1,503),(187,16,144,0,9854,'body',0,522,234,503,1269504410,1,472),(187,16,144,0,9855,'body',0,480,235,472,1269504410,1,522),(187,16,144,0,9856,'body',0,697,236,522,1269504410,1,480),(187,16,144,0,9857,'body',0,659,237,480,1269504410,1,697),(187,16,144,0,9858,'body',0,512,238,697,1269504410,1,659),(187,16,144,0,9859,'body',0,509,239,659,1269504410,1,512),(187,16,144,0,9860,'body',0,544,240,512,1269504410,1,509),(187,16,144,0,9861,'body',0,679,241,509,1269504410,1,544),(187,16,144,0,9862,'body',0,524,242,544,1269504410,1,679),(187,16,144,0,9863,'body',0,714,243,679,1269504410,1,524),(187,16,144,0,9864,'body',0,458,244,524,1269504410,1,714),(187,16,144,0,9865,'body',0,446,245,714,1269504410,1,458),(187,16,144,0,9866,'body',0,448,246,458,1269504410,1,446),(187,16,144,0,9867,'body',0,449,247,446,1269504410,1,448),(187,16,144,0,9868,'body',0,818,248,448,1269504410,1,449),(187,16,144,0,9869,'body',0,450,249,449,1269504410,1,818),(187,16,144,0,9870,'body',0,481,250,818,1269504410,1,450),(187,16,144,0,9871,'body',0,680,251,450,1269504410,1,481),(187,16,144,0,9872,'body',0,516,252,481,1269504410,1,680),(187,16,144,0,9873,'body',0,679,253,680,1269504410,1,516),(187,16,144,0,9874,'body',0,517,254,516,1269504410,1,679),(187,16,144,0,9875,'body',0,513,255,679,1269504410,1,517),(187,16,144,0,9876,'body',0,721,256,517,1269504410,1,513),(187,16,144,0,9877,'body',0,479,257,513,1269504410,1,721),(187,16,144,0,9878,'body',0,503,258,721,1269504410,1,479),(187,16,144,0,9879,'body',0,500,259,479,1269504410,1,503),(187,16,144,0,9880,'body',0,824,260,503,1269504410,1,500),(187,16,144,0,9881,'body',0,730,261,500,1269504410,1,824),(187,16,144,0,9882,'body',0,732,262,824,1269504410,1,730),(187,16,144,0,9883,'body',0,721,263,730,1269504410,1,732),(187,16,144,0,9884,'body',0,700,264,732,1269504410,1,721),(187,16,144,0,9885,'body',0,457,265,721,1269504410,1,700),(187,16,144,0,9886,'body',0,471,266,700,1269504410,1,457),(187,16,144,0,9887,'body',0,457,267,457,1269504410,1,471),(187,16,144,0,9888,'body',0,540,268,471,1269504410,1,457),(187,16,144,0,9889,'body',0,461,269,457,1269504410,1,540),(187,16,144,0,9890,'body',0,824,270,540,1269504410,1,461),(187,16,144,0,9891,'body',0,692,271,461,1269504410,1,824),(187,16,144,0,9892,'body',0,672,272,824,1269504410,1,692),(187,16,144,0,9893,'body',0,732,273,692,1269504410,1,672),(187,16,144,0,9894,'body',0,492,274,672,1269504410,1,732),(187,16,144,0,9895,'body',0,467,275,732,1269504410,1,492),(187,16,144,0,9896,'body',0,822,276,492,1269504410,1,467),(187,16,144,0,9897,'body',0,445,277,467,1269504410,1,822),(187,16,144,0,9898,'body',0,718,278,822,1269504410,1,445),(187,16,144,0,9899,'body',0,500,279,445,1269504410,1,718),(187,16,144,0,9900,'body',0,694,280,718,1269504410,1,500),(187,16,144,0,9901,'body',0,450,281,500,1269504410,1,694),(187,16,144,0,9902,'body',0,528,282,694,1269504410,1,450),(187,16,144,0,9903,'body',0,516,283,450,1269504410,1,528),(187,16,144,0,9904,'body',0,464,284,528,1269504410,1,516),(187,16,144,0,9905,'body',0,696,285,516,1269504410,1,464),(187,16,144,0,9906,'body',0,721,286,464,1269504410,1,696),(187,16,144,0,9907,'body',0,552,287,696,1269504410,1,721),(187,16,144,0,9908,'body',0,680,288,721,1269504410,1,552),(187,16,144,0,9909,'body',0,679,289,552,1269504410,1,680),(187,16,144,0,9910,'body',0,728,290,680,1269504410,1,679),(187,16,144,0,9911,'body',0,448,291,679,1269504410,1,728),(187,16,144,0,9912,'body',0,449,292,728,1269504410,1,448),(187,16,144,0,9913,'body',0,458,293,448,1269504410,1,449),(187,16,144,0,9914,'body',0,690,294,449,1269504410,1,458),(187,16,144,0,9915,'body',0,680,295,458,1269504410,1,690),(187,16,144,0,9916,'body',0,492,296,690,1269504410,1,680),(187,16,144,0,9917,'body',0,470,297,680,1269504410,1,492),(187,16,144,0,9918,'body',0,675,298,492,1269504410,1,470),(187,16,144,0,9919,'body',0,1009,299,470,1269504410,1,675),(187,16,144,0,9920,'body',0,445,300,675,1269504410,1,1009),(187,16,144,0,9921,'body',0,463,301,1009,1269504410,1,445),(187,16,144,0,9922,'body',0,541,302,445,1269504410,1,463),(187,16,144,0,9923,'body',0,462,303,463,1269504410,1,541),(187,16,144,0,9924,'body',0,656,304,541,1269504410,1,462),(187,16,144,0,9925,'body',0,690,305,462,1269504410,1,656),(187,16,144,0,9926,'body',0,726,306,656,1269504410,1,690),(187,16,144,0,9927,'body',0,717,307,690,1269504410,1,726),(187,16,144,0,9928,'body',0,475,308,726,1269504410,1,717),(187,16,144,0,9929,'body',0,448,309,717,1269504410,1,475),(187,16,144,0,9930,'body',0,449,310,475,1269504410,1,448),(187,16,144,0,9931,'body',0,454,311,448,1269504410,1,449),(187,16,144,0,9932,'body',0,513,312,449,1269504410,1,454),(187,16,144,0,9933,'body',0,447,313,454,1269504410,1,513),(187,16,144,0,9934,'body',0,654,314,513,1269504410,1,447),(187,16,144,0,9935,'body',0,472,315,447,1269504410,1,654),(187,16,144,0,9936,'body',0,516,316,654,1269504410,1,472),(187,16,144,0,9937,'body',0,717,317,472,1269504410,1,516),(187,16,144,0,9938,'body',0,464,318,516,1269504410,1,717),(187,16,144,0,9939,'body',0,700,319,717,1269504410,1,464),(187,16,144,0,9940,'body',0,538,320,464,1269504410,1,700),(187,16,144,0,9941,'body',0,520,321,700,1269504410,1,538),(187,16,144,0,9942,'body',0,711,322,538,1269504410,1,520),(187,16,144,0,9943,'body',0,541,323,520,1269504410,1,711),(187,16,144,0,9944,'body',0,714,324,711,1269504410,1,541),(187,16,144,0,9945,'body',0,479,325,541,1269504410,1,714),(187,16,144,0,9946,'body',0,445,326,714,1269504410,1,479),(187,16,144,0,9947,'body',0,451,327,479,1269504410,1,445),(187,16,144,0,9948,'body',0,490,328,445,1269504410,1,451),(187,16,144,0,9949,'body',0,567,329,451,1269504410,1,490),(187,16,144,0,9950,'body',0,465,330,490,1269504410,1,567),(187,16,144,0,9951,'body',0,825,331,567,1269504410,1,465),(187,16,144,0,9952,'body',0,490,332,465,1269504410,1,825),(187,16,144,0,9953,'body',0,713,333,825,1269504410,1,490),(187,16,144,0,9954,'body',0,1010,334,490,1269504410,1,713),(187,16,144,0,9955,'body',0,503,335,713,1269504410,1,1010),(187,16,144,0,9956,'body',0,472,336,1010,1269504410,1,503),(187,16,144,0,9957,'body',0,516,337,503,1269504410,1,472),(187,16,144,0,9958,'body',0,474,338,472,1269504410,1,516),(187,16,144,0,9959,'body',0,492,339,516,1269504410,1,474),(187,16,144,0,9960,'body',0,570,340,474,1269504410,1,492),(187,16,144,0,9961,'body',0,448,341,492,1269504410,1,570),(187,16,144,0,9962,'body',0,449,342,570,1269504410,1,448),(187,16,144,0,9963,'body',0,730,343,448,1269504410,1,449),(187,16,144,0,9964,'body',0,476,344,449,1269504410,1,730),(187,16,144,0,9965,'body',0,671,345,730,1269504410,1,476),(187,16,144,0,9966,'body',0,696,346,476,1269504410,1,671),(187,16,144,0,9967,'body',0,509,347,671,1269504410,1,696),(187,16,144,0,9968,'body',0,721,348,696,1269504410,1,509),(187,16,144,0,9969,'body',0,707,349,509,1269504410,1,721),(187,16,144,0,9970,'body',0,717,350,721,1269504410,1,707),(187,16,144,0,9971,'body',0,542,351,707,1269504410,1,717),(187,16,144,0,9972,'body',0,448,352,717,1269504410,1,542),(187,16,144,0,9973,'body',0,449,353,542,1269504410,1,448),(187,16,144,0,9974,'body',0,819,354,448,1269504410,1,449),(187,16,144,0,9975,'body',0,454,355,449,1269504410,1,819),(187,16,144,0,9976,'body',0,500,356,819,1269504410,1,454),(187,16,144,0,9977,'body',0,798,357,454,1269504410,1,500),(187,16,144,0,9978,'body',0,478,358,500,1269504410,1,798),(187,16,144,0,9979,'body',0,824,359,798,1269504410,1,478),(187,16,144,0,9980,'body',0,451,360,478,1269504410,1,824),(187,16,144,0,9981,'body',0,516,361,824,1269504410,1,451),(187,16,144,0,9982,'body',0,476,362,451,1269504410,1,516),(187,16,144,0,9983,'body',0,540,363,516,1269504410,1,476),(187,16,144,0,9984,'body',0,964,364,476,1269504410,1,540),(187,16,144,0,9985,'body',0,672,365,540,1269504410,1,964),(187,16,144,0,9986,'body',0,820,366,964,1269504410,1,672),(187,16,144,0,9987,'body',0,570,367,672,1269504410,1,820),(187,16,144,0,9988,'body',0,465,368,820,1269504410,1,570),(187,16,144,0,9989,'body',0,799,369,570,1269504410,1,465),(187,16,144,0,9990,'body',0,656,370,465,1269504410,1,799),(187,16,144,0,9991,'body',0,704,371,799,1269504410,1,656),(187,16,144,0,9992,'body',0,717,372,656,1269504410,1,704),(187,16,144,0,9993,'body',0,503,373,704,1269504410,1,717),(187,16,144,0,9994,'body',0,464,374,717,1269504410,1,503),(187,16,144,0,9995,'body',0,674,375,503,1269504410,1,464),(187,16,144,0,9996,'body',0,1008,376,464,1269504410,1,674),(187,16,144,0,9997,'body',0,448,377,674,1269504410,1,1008),(187,16,144,0,9998,'body',0,449,378,1008,1269504410,1,448),(187,16,144,0,9999,'body',0,497,379,448,1269504410,1,449),(187,16,144,0,10000,'body',0,717,380,449,1269504410,1,497),(187,16,144,0,10001,'body',0,480,381,497,1269504410,1,717),(187,16,144,0,10002,'body',0,538,382,717,1269504410,1,480),(187,16,144,0,10003,'body',0,1011,383,480,1269504410,1,538),(187,16,144,0,10004,'body',0,798,384,538,1269504410,1,1011),(187,16,144,0,10005,'body',0,465,385,1011,1269504410,1,798),(187,16,144,0,10006,'body',0,511,386,798,1269504410,1,465),(187,16,144,0,10007,'body',0,461,387,465,1269504410,1,511),(187,16,144,0,10008,'body',0,512,388,511,1269504410,1,461),(187,16,144,0,10009,'body',0,698,389,461,1269504410,1,512),(187,16,144,0,10010,'body',0,471,390,512,1269504410,1,698),(187,16,144,0,10011,'body',0,478,391,698,1269504410,1,471),(187,16,144,0,10012,'body',0,522,392,471,1269504410,1,478),(187,16,144,0,10013,'body',0,512,393,478,1269504410,1,522),(187,16,144,0,10014,'body',0,692,394,522,1269504410,1,512),(187,16,144,0,10015,'body',0,457,395,512,1269504410,1,692),(187,16,144,0,10016,'body',0,674,396,692,1269504410,1,457),(187,16,144,0,10017,'body',0,506,397,457,1269504410,1,674),(187,16,144,0,10018,'body',0,448,398,674,1269504410,1,506),(187,16,144,0,10019,'body',0,449,399,506,1269504410,1,448),(187,16,144,0,10020,'body',0,659,400,448,1269504410,1,449),(187,16,144,0,10021,'body',0,544,401,449,1269504410,1,659),(187,16,144,0,10022,'body',0,462,402,659,1269504410,1,544),(187,16,144,0,10023,'body',0,509,403,544,1269504410,1,462),(187,16,144,0,10024,'body',0,732,404,462,1269504410,1,509),(187,16,144,0,10025,'body',0,457,405,509,1269504410,1,732),(187,16,144,0,10026,'body',0,730,406,732,1269504410,1,457),(187,16,144,0,10027,'body',0,703,407,457,1269504410,1,730),(187,16,144,0,10028,'body',0,541,408,730,1269504410,1,703),(187,16,144,0,10029,'body',0,461,409,703,1269504410,1,541),(187,16,144,0,10030,'body',0,1012,410,541,1269504410,1,461),(187,16,144,0,10031,'body',0,512,411,461,1269504410,1,1012),(187,16,144,0,10032,'body',0,483,412,1012,1269504410,1,512),(187,16,144,0,10033,'body',0,503,413,512,1269504410,1,483),(187,16,144,0,10034,'body',0,822,414,483,1269504410,1,503),(187,16,144,0,10035,'body',0,516,415,503,1269504410,1,822),(187,16,144,0,10036,'body',0,692,416,822,1269504410,1,516),(187,16,144,0,10037,'body',0,825,417,516,1269504410,1,692),(187,16,144,0,10038,'body',0,1013,418,692,1269504410,1,825),(187,16,144,0,10039,'body',0,446,419,825,1269504410,1,1013),(187,16,144,0,10040,'body',0,447,420,1013,1269504410,1,446),(187,16,144,0,10041,'body',0,448,421,446,1269504410,1,447),(187,16,144,0,10042,'body',0,449,422,447,1269504410,1,448),(187,16,144,0,10043,'body',0,450,423,448,1269504410,1,449),(187,16,144,0,10044,'body',0,451,424,449,1269504410,1,450),(187,16,144,0,10045,'body',0,452,425,450,1269504410,1,451),(187,16,144,0,10046,'body',0,552,426,451,1269504410,1,452),(187,16,144,0,10047,'body',0,492,427,452,1269504410,1,552),(187,16,144,0,10048,'body',0,477,428,552,1269504410,1,492),(187,16,144,0,10049,'body',0,513,429,492,1269504410,1,477),(187,16,144,0,10050,'body',0,506,430,477,1269504410,1,513),(187,16,144,0,10051,'body',0,797,431,513,1269504410,1,506),(187,16,144,0,10052,'body',0,675,432,506,1269504410,1,797),(187,16,144,0,10053,'body',0,692,433,797,1269504410,1,675),(187,16,144,0,10054,'body',0,465,434,675,1269504410,1,692),(187,16,144,0,10055,'body',0,456,435,692,1269504410,1,465),(187,16,144,0,10056,'body',0,705,436,465,1269504410,1,456),(187,16,144,0,10057,'body',0,500,437,456,1269504410,1,705),(187,16,144,0,10058,'body',0,710,438,705,1269504410,1,500),(187,16,144,0,10059,'body',0,674,439,500,1269504410,1,710),(187,16,144,0,10060,'body',0,655,440,710,1269504410,1,674),(187,16,144,0,10061,'body',0,509,441,674,1269504410,1,655),(187,16,144,0,10062,'body',0,512,442,655,1269504410,1,509),(187,16,144,0,10063,'body',0,516,443,509,1269504410,1,512),(187,16,144,0,10064,'body',0,692,444,512,1269504410,1,516),(187,16,144,0,10065,'body',0,481,445,516,1269504410,1,692),(187,16,144,0,10066,'body',0,732,446,692,1269504410,1,481),(187,16,144,0,10067,'body',0,503,447,481,1269504410,1,732),(187,16,144,0,10068,'body',0,709,448,732,1269504410,1,503),(187,16,144,0,10069,'body',0,497,449,503,1269504410,1,709),(187,16,144,0,10070,'body',0,478,450,709,1269504410,1,497),(187,16,144,0,10071,'body',0,481,451,497,1269504410,1,478),(187,16,144,0,10072,'body',0,696,452,478,1269504410,1,481),(187,16,144,0,10073,'body',0,544,453,481,1269504410,1,696),(187,16,144,0,10074,'body',0,798,454,696,1269504410,1,544),(187,16,144,0,10075,'body',0,799,455,544,1269504410,1,798),(187,16,144,0,10076,'body',0,799,456,798,1269504410,1,799),(187,16,144,0,10077,'body',0,713,457,799,1269504410,1,799),(187,16,144,0,10078,'body',0,457,458,799,1269504410,1,713),(187,16,144,0,10079,'body',0,493,459,713,1269504410,1,457),(187,16,144,0,10080,'body',0,721,460,457,1269504410,1,493),(187,16,144,0,10081,'body',0,86,461,493,1269504410,1,721),(191,16,144,0,10082,'publish_date',0,86,462,721,1269504410,1,86),(192,16,144,0,10083,'unpublish_date',0,0,463,86,1269504410,1,86),(4,1,112,0,10084,'name',0,1015,0,0,1269162085,1,1014),(4,1,112,0,10085,'name',0,1014,1,1014,1269162085,1,1015),(155,1,112,0,10086,'short_name',0,1015,2,1015,1269162085,1,1014),(155,1,112,0,10087,'short_name',0,0,3,1014,1269162085,1,1015),(4,1,113,0,10088,'name',0,0,0,0,1269163806,1,1016),(349,48,65,0,10537,'title',0,86,0,0,1263930463,1,417),(352,48,65,0,10538,'prenotazioni',0,1112,1,417,1263930463,1,86),(353,48,65,0,10539,'color',0,0,2,86,1263930463,1,1112),(4,1,67,0,10563,'name',0,445,0,0,1265044218,1,1125),(119,1,67,0,10564,'short_description',0,446,1,1125,1265044218,1,445),(119,1,67,0,10565,'short_description',0,447,2,445,1265044218,1,446),(119,1,67,0,10566,'short_description',0,448,3,446,1265044218,1,447),(119,1,67,0,10567,'short_description',0,449,4,447,1265044218,1,448),(119,1,67,0,10568,'short_description',0,450,5,448,1265044218,1,449),(119,1,67,0,10569,'short_description',0,451,6,449,1265044218,1,450),(119,1,67,0,10570,'short_description',0,452,7,450,1265044218,1,451),(119,1,67,0,10571,'short_description',0,453,8,451,1265044218,1,452),(119,1,67,0,10572,'short_description',0,454,9,452,1265044218,1,453),(119,1,67,0,10573,'short_description',0,455,10,453,1265044218,1,454),(119,1,67,0,10574,'short_description',0,456,11,454,1265044218,1,455),(119,1,67,0,10575,'short_description',0,457,12,455,1265044218,1,456),(119,1,67,0,10576,'short_description',0,458,13,456,1265044218,1,457),(119,1,67,0,10577,'short_description',0,459,14,457,1265044218,1,458),(119,1,67,0,10578,'short_description',0,1126,15,458,1265044218,1,459),(119,1,67,0,10579,'short_description',0,461,16,459,1265044218,1,1126),(119,1,67,0,10580,'short_description',0,462,17,1126,1265044218,1,461),(119,1,67,0,10581,'short_description',0,463,18,461,1265044218,1,462),(119,1,67,0,10582,'short_description',0,464,19,462,1265044218,1,463),(119,1,67,0,10583,'short_description',0,465,20,463,1265044218,1,464),(119,1,67,0,10584,'short_description',0,466,21,464,1265044218,1,465),(119,1,67,0,10585,'short_description',0,467,22,465,1265044218,1,466),(119,1,67,0,10586,'short_description',0,455,23,466,1265044218,1,467),(119,1,67,0,10587,'short_description',0,453,24,467,1265044218,1,455),(119,1,67,0,10588,'short_description',0,448,25,455,1265044218,1,453),(119,1,67,0,10589,'short_description',0,449,26,453,1265044218,1,448),(119,1,67,0,10590,'short_description',0,1127,27,448,1265044218,1,449),(119,1,67,0,10591,'short_description',0,469,28,449,1265044218,1,1127),(119,1,67,0,10592,'short_description',0,470,29,1127,1265044218,1,469),(119,1,67,0,10593,'short_description',0,471,30,469,1265044218,1,470),(119,1,67,0,10594,'short_description',0,472,31,470,1265044218,1,471),(119,1,67,0,10595,'short_description',0,473,32,471,1265044218,1,472),(119,1,67,0,10596,'short_description',0,474,33,472,1265044218,1,473),(119,1,67,0,10597,'short_description',0,475,34,473,1265044218,1,474),(119,1,67,0,10598,'short_description',0,476,35,474,1265044218,1,475),(119,1,67,0,10599,'short_description',0,477,36,475,1265044218,1,476),(119,1,67,0,10600,'short_description',0,448,37,476,1265044218,1,477),(119,1,67,0,10601,'short_description',0,449,38,477,1265044218,1,448),(119,1,67,0,10602,'short_description',0,478,39,448,1265044218,1,449),(119,1,67,0,10603,'short_description',0,479,40,449,1265044218,1,478),(119,1,67,0,10604,'short_description',0,480,41,478,1265044218,1,479),(119,1,67,0,10605,'short_description',0,481,42,479,1265044218,1,480),(119,1,67,0,10606,'short_description',0,474,43,480,1265044218,1,481),(119,1,67,0,10607,'short_description',0,1128,44,481,1265044218,1,474),(119,1,67,0,10608,'short_description',0,483,45,474,1265044218,1,1128),(119,1,67,0,10609,'short_description',0,484,46,1128,1265044218,1,483),(119,1,67,0,10610,'short_description',0,1129,47,483,1265044218,1,484),(119,1,67,0,10611,'short_description',0,486,48,484,1265044218,1,1129),(119,1,67,0,10612,'short_description',0,1130,49,1129,1265044218,1,486),(119,1,67,0,10613,'short_description',0,486,50,486,1265044218,1,1130),(119,1,67,0,10614,'short_description',0,488,51,1130,1265044218,1,486),(119,1,67,0,10615,'short_description',0,1131,52,486,1265044218,1,488),(119,1,67,0,10616,'short_description',0,490,53,488,1265044218,1,1131),(119,1,67,0,10617,'short_description',0,459,54,1131,1265044218,1,490),(119,1,67,0,10618,'short_description',0,455,55,490,1265044218,1,459),(119,1,67,0,10619,'short_description',0,474,56,459,1265044218,1,455),(119,1,67,0,10620,'short_description',0,471,57,455,1265044218,1,474),(119,1,67,0,10621,'short_description',0,690,58,474,1265044218,1,471),(119,1,67,0,10622,'short_description',0,492,59,471,1265044218,1,690),(119,1,67,0,10623,'short_description',0,459,60,690,1265044218,1,492),(119,1,67,0,10624,'short_description',0,493,61,492,1265044218,1,459),(156,1,67,0,10625,'description',0,494,62,459,1265044218,1,493),(156,1,67,0,10626,'description',0,691,63,493,1265044218,1,494),(156,1,67,0,10627,'description',0,471,64,494,1265044218,1,691),(156,1,67,0,10628,'description',0,692,65,691,1265044218,1,471),(156,1,67,0,10629,'description',0,692,66,471,1265044218,1,692),(156,1,67,0,10630,'description',0,466,67,692,1265044218,1,692),(156,1,67,0,10631,'description',0,497,68,692,1265044218,1,466),(156,1,67,0,10632,'description',0,693,69,466,1265044218,1,497),(156,1,67,0,10633,'description',0,499,70,497,1265044218,1,693),(156,1,67,0,10634,'description',0,500,71,693,1265044218,1,499),(156,1,67,0,10635,'description',0,492,72,499,1265044218,1,500),(156,1,67,0,10636,'description',0,461,73,500,1265044218,1,492),(156,1,67,0,10637,'description',0,694,74,492,1265044218,1,461),(156,1,67,0,10638,'description',0,833,75,461,1265044218,1,694),(156,1,67,0,10639,'description',0,503,76,694,1265044218,1,833),(156,1,67,0,10640,'description',0,446,77,833,1265044218,1,503),(156,1,67,0,10641,'description',0,1132,78,503,1265044218,1,446),(156,1,67,0,10642,'description',0,505,79,446,1265044218,1,1132),(156,1,67,0,10643,'description',0,459,80,1132,1265044218,1,505),(156,1,67,0,10644,'description',0,506,81,505,1265044218,1,459),(156,1,67,0,10645,'description',0,474,82,459,1265044218,1,506),(156,1,67,0,10646,'description',0,696,83,506,1265044218,1,474),(156,1,67,0,10647,'description',0,450,84,474,1265044218,1,696),(156,1,67,0,10648,'description',0,463,85,696,1265044218,1,450),(156,1,67,0,10649,'description',0,508,86,450,1265044218,1,463),(156,1,67,0,10650,'description',0,509,87,463,1265044218,1,508),(156,1,67,0,10651,'description',0,452,88,508,1265044218,1,509),(156,1,67,0,10652,'description',0,697,89,509,1265044218,1,452),(156,1,67,0,10653,'description',0,511,90,452,1265044218,1,697),(156,1,67,0,10654,'description',0,512,91,697,1265044218,1,511),(156,1,67,0,10655,'description',0,497,92,511,1265044218,1,512),(156,1,67,0,10656,'description',0,513,93,512,1265044218,1,497),(156,1,67,0,10657,'description',0,698,94,497,1265044218,1,513),(156,1,67,0,10658,'description',0,513,95,513,1265044218,1,698),(156,1,67,0,10659,'description',0,699,96,698,1265044218,1,513),(156,1,67,0,10660,'description',0,463,97,513,1265044218,1,699),(156,1,67,0,10661,'description',0,516,98,699,1265044218,1,463),(156,1,67,0,10662,'description',0,517,99,463,1265044218,1,516),(156,1,67,0,10663,'description',0,700,100,516,1265044218,1,517),(156,1,67,0,10664,'description',0,451,101,517,1265044218,1,700),(156,1,67,0,10665,'description',0,456,102,700,1265044218,1,451),(156,1,67,0,10666,'description',0,701,103,451,1265044218,1,456),(156,1,67,0,10667,'description',0,520,104,456,1265044218,1,701),(156,1,67,0,10668,'description',0,505,105,701,1265044218,1,520),(156,1,67,0,10669,'description',0,702,106,520,1265044218,1,505),(156,1,67,0,10670,'description',0,522,107,505,1265044218,1,702),(156,1,67,0,10671,'description',0,446,108,702,1265044218,1,522),(156,1,67,0,10672,'description',0,703,109,522,1265044218,1,446),(156,1,67,0,10673,'description',0,524,110,446,1265044218,1,703),(156,1,67,0,10674,'description',0,483,111,703,1265044218,1,524),(156,1,67,0,10675,'description',0,1127,112,524,1265044218,1,483),(156,1,67,0,10676,'description',0,450,113,483,1265044218,1,1127),(156,1,67,0,10677,'description',0,704,114,1127,1265044218,1,450),(156,1,67,0,10678,'description',0,465,115,450,1265044218,1,704),(156,1,67,0,10679,'description',0,490,116,704,1265044218,1,465),(156,1,67,0,10680,'description',0,705,117,465,1265044218,1,490),(156,1,67,0,10681,'description',0,527,118,490,1265044218,1,705),(156,1,67,0,10682,'description',0,705,119,705,1265044218,1,527),(156,1,67,0,10683,'description',0,528,120,527,1265044218,1,705),(156,1,67,0,10684,'description',0,500,121,705,1265044218,1,528),(156,1,67,0,10685,'description',0,486,122,528,1265044218,1,500),(156,1,67,0,10686,'description',0,481,123,500,1265044218,1,486),(156,1,67,0,10687,'description',0,706,124,486,1265044218,1,481),(156,1,67,0,10688,'description',0,707,125,481,1265044218,1,706),(156,1,67,0,10689,'description',0,531,126,706,1265044218,1,707),(156,1,67,0,10690,'description',0,532,127,707,1265044218,1,531),(156,1,67,0,10691,'description',0,533,128,531,1265044218,1,532),(156,1,67,0,10692,'description',0,474,129,532,1265044218,1,533),(156,1,67,0,10693,'description',0,486,130,533,1265044218,1,474),(156,1,67,0,10694,'description',0,534,131,474,1265044218,1,486),(156,1,67,0,10695,'description',0,447,132,486,1265044218,1,534),(156,1,67,0,10696,'description',0,708,133,534,1265044218,1,447),(156,1,67,0,10697,'description',0,492,134,447,1265044218,1,708),(156,1,67,0,10698,'description',0,459,135,708,1265044218,1,492),(156,1,67,0,10699,'description',0,513,136,492,1265044218,1,459),(156,1,67,0,10700,'description',0,709,137,459,1265044218,1,513),(156,1,67,0,10701,'description',0,476,138,513,1265044218,1,709),(156,1,67,0,10702,'description',0,710,139,709,1265044218,1,476),(156,1,67,0,10703,'description',0,538,140,476,1265044218,1,710),(156,1,67,0,10704,'description',0,451,141,710,1265044218,1,538),(156,1,67,0,10705,'description',0,456,142,538,1265044218,1,451),(156,1,67,0,10706,'description',0,0,143,451,1265044218,1,456),(4,1,114,0,10781,'name',0,821,0,0,1269163855,1,1173),(119,1,114,0,10782,'short_description',0,700,1,1173,1269163855,1,821),(119,1,114,0,10783,'short_description',0,728,2,821,1269163855,1,700),(119,1,114,0,10784,'short_description',0,692,3,700,1269163855,1,728),(119,1,114,0,10785,'short_description',0,532,4,728,1269163855,1,692),(119,1,114,0,10786,'short_description',0,822,5,692,1269163855,1,532),(119,1,114,0,10787,'short_description',0,556,6,532,1269163855,1,822),(119,1,114,0,10788,'short_description',0,732,7,822,1269163855,1,556),(119,1,114,0,10789,'short_description',0,450,8,556,1269163855,1,732),(119,1,114,0,10790,'short_description',0,452,9,732,1269163855,1,450),(119,1,114,0,10791,'short_description',0,457,10,450,1269163855,1,452),(119,1,114,0,10792,'short_description',0,675,11,452,1269163855,1,457),(119,1,114,0,10793,'short_description',0,556,12,457,1269163855,1,675),(119,1,114,0,10794,'short_description',0,721,13,675,1269163855,1,556),(119,1,114,0,10795,'short_description',0,538,14,556,1269163855,1,721),(119,1,114,0,10796,'short_description',0,512,15,721,1269163855,1,538),(119,1,114,0,10797,'short_description',0,821,16,538,1269163855,1,512),(119,1,114,0,10798,'short_description',0,486,17,512,1269163855,1,821),(119,1,114,0,10799,'short_description',0,656,18,821,1269163855,1,486),(119,1,114,0,10800,'short_description',0,492,19,486,1269163855,1,656),(119,1,114,0,10801,'short_description',0,452,20,656,1269163855,1,492),(119,1,114,0,10802,'short_description',0,1008,21,492,1269163855,1,452),(119,1,114,0,10803,'short_description',0,454,22,452,1269163855,1,1008),(119,1,114,0,10804,'short_description',0,532,23,1008,1269163855,1,454),(119,1,114,0,10805,'short_description',0,465,24,454,1269163855,1,532),(119,1,114,0,10806,'short_description',0,720,25,532,1269163855,1,465),(119,1,114,0,10807,'short_description',0,1174,26,465,1269163855,1,720),(119,1,114,0,10808,'short_description',0,822,27,720,1269163855,1,1174),(119,1,114,0,10809,'short_description',0,1006,28,1174,1269163855,1,822),(119,1,114,0,10810,'short_description',0,532,29,822,1269163855,1,1006),(119,1,114,0,10811,'short_description',0,659,30,1006,1269163855,1,532),(119,1,114,0,10812,'short_description',0,704,31,532,1269163855,1,659),(119,1,114,0,10813,'short_description',0,818,32,659,1269163855,1,704),(119,1,114,0,10814,'short_description',0,446,33,704,1269163855,1,818),(119,1,114,0,10815,'short_description',0,473,34,818,1269163855,1,446),(119,1,114,0,10816,'short_description',0,705,35,446,1269163855,1,473),(119,1,114,0,10817,'short_description',0,503,36,473,1269163855,1,705),(119,1,114,0,10818,'short_description',0,680,37,705,1269163855,1,503),(119,1,114,0,10819,'short_description',0,452,38,503,1269163855,1,680),(119,1,114,0,10820,'short_description',0,477,39,680,1269163855,1,452),(119,1,114,0,10821,'short_description',0,513,40,452,1269163855,1,477),(119,1,114,0,10822,'short_description',0,818,41,477,1269163855,1,513),(119,1,114,0,10823,'short_description',0,470,42,513,1269163855,1,818),(119,1,114,0,10824,'short_description',0,479,43,818,1269163855,1,470),(119,1,114,0,10825,'short_description',0,464,44,470,1269163855,1,479),(119,1,114,0,10826,'short_description',0,958,45,479,1269163855,1,464),(119,1,114,0,10827,'short_description',0,0,46,464,1269163855,1,958),(4,1,115,0,10828,'name',0,655,0,0,1269163906,1,1175),(119,1,115,0,10829,'short_description',0,531,1,1175,1269163906,1,655),(119,1,115,0,10830,'short_description',0,477,2,655,1269163906,1,531),(119,1,115,0,10831,'short_description',0,570,3,531,1269163906,1,477),(119,1,115,0,10832,'short_description',0,509,4,477,1269163906,1,570),(119,1,115,0,10833,'short_description',0,1009,5,570,1269163906,1,509),(119,1,115,0,10834,'short_description',0,544,6,509,1269163906,1,1009),(119,1,115,0,10835,'short_description',0,714,7,1009,1269163906,1,544),(119,1,115,0,10836,'short_description',0,1176,8,544,1269163906,1,714),(119,1,115,0,10837,'short_description',0,700,9,714,1269163906,1,1176),(119,1,115,0,10838,'short_description',0,820,10,1176,1269163906,1,700),(119,1,115,0,10839,'short_description',0,1177,11,700,1269163906,1,820),(119,1,115,0,10840,'short_description',0,1178,12,820,1269163906,1,1177),(119,1,115,0,10841,'short_description',0,1179,13,1177,1269163906,1,1178),(119,1,115,0,10842,'short_description',0,1180,14,1178,1269163906,1,1179),(119,1,115,0,10843,'short_description',0,1181,15,1179,1269163906,1,1180),(119,1,115,0,10844,'short_description',0,1182,16,1180,1269163906,1,1181),(119,1,115,0,10845,'short_description',0,1183,17,1181,1269163906,1,1182),(119,1,115,0,10846,'short_description',0,1184,18,1182,1269163906,1,1183),(119,1,115,0,10847,'short_description',0,1185,19,1183,1269163906,1,1184),(119,1,115,0,10848,'short_description',0,1186,20,1184,1269163906,1,1185),(119,1,115,0,10849,'short_description',0,1184,21,1185,1269163906,1,1186),(119,1,115,0,10850,'short_description',0,1187,22,1186,1269163906,1,1184),(119,1,115,0,10851,'short_description',0,1188,23,1184,1269163906,1,1187),(119,1,115,0,10852,'short_description',0,462,24,1187,1269163906,1,1188),(119,1,115,0,10853,'short_description',0,513,25,1188,1269163906,1,462),(119,1,115,0,10854,'short_description',0,466,26,462,1269163906,1,513),(119,1,115,0,10855,'short_description',0,503,27,513,1269163906,1,466),(119,1,115,0,10856,'short_description',0,674,28,466,1269163906,1,503),(119,1,115,0,10857,'short_description',0,524,29,503,1269163906,1,674),(119,1,115,0,10858,'short_description',0,659,30,674,1269163906,1,524),(119,1,115,0,10859,'short_description',0,821,31,524,1269163906,1,659),(119,1,115,0,10860,'short_description',0,818,32,659,1269163906,1,821),(119,1,115,0,10861,'short_description',0,713,33,821,1269163906,1,818),(119,1,115,0,10862,'short_description',0,825,34,818,1269163906,1,713),(119,1,115,0,10863,'short_description',0,490,35,713,1269163906,1,825),(119,1,115,0,10864,'short_description',0,451,36,825,1269163906,1,490),(119,1,115,0,10865,'short_description',0,701,37,490,1269163906,1,451),(119,1,115,0,10866,'short_description',0,471,38,451,1269163906,1,701),(119,1,115,0,10867,'short_description',0,492,39,701,1269163906,1,471),(119,1,115,0,10868,'short_description',0,693,40,471,1269163906,1,492),(119,1,115,0,10869,'short_description',0,707,41,492,1269163906,1,693),(119,1,115,0,10870,'short_description',0,1012,42,693,1269163906,1,707),(119,1,115,0,10871,'short_description',0,969,43,707,1269163906,1,1012),(119,1,115,0,10872,'short_description',0,513,44,1012,1269163906,1,969),(119,1,115,0,10873,'short_description',0,445,45,969,1269163906,1,513),(119,1,115,0,10874,'short_description',0,0,46,513,1269163906,1,445),(8,4,263,0,10880,'first_name',0,1191,0,0,1270820839,2,1191),(9,4,263,0,10881,'last_name',0,1191,1,1191,1270820839,2,1191),(12,4,263,0,10882,'user_account',0,1191,2,1191,1270820839,2,1191),(12,4,263,0,10883,'user_account',0,1192,3,1191,1270820839,2,1191),(12,4,263,0,10884,'user_account',0,0,4,1191,1270820839,2,1192),(236,23,57,0,10885,'name',0,392,0,0,1195480486,1,1193),(237,23,57,0,10886,'page',0,393,1,1193,1195480486,1,392),(237,23,57,0,10887,'page',0,1194,2,392,1195480486,1,393),(237,23,57,0,10888,'page',0,1195,3,393,1195480486,1,1194),(237,23,57,0,10889,'page',0,1196,4,1194,1195480486,1,1195),(237,23,57,0,10890,'page',0,1194,5,1195,1195480486,1,1196),(237,23,57,0,10891,'page',0,1195,6,1196,1195480486,1,1194),(237,23,57,0,10892,'page',0,1197,7,1194,1195480486,1,1195),(237,23,57,0,10893,'page',0,396,8,1195,1195480486,1,1197),(237,23,57,0,10894,'page',0,413,9,1197,1195480486,1,396),(237,23,57,0,10895,'page',0,1198,10,396,1195480486,1,413),(237,23,57,0,10896,'page',0,417,11,413,1195480486,1,1198),(237,23,57,0,10897,'page',0,1199,12,1198,1195480486,1,417),(237,23,57,0,10898,'page',0,1200,13,417,1195480486,1,1199),(237,23,57,0,10899,'page',0,1201,14,1199,1195480486,1,1200),(237,23,57,0,10900,'page',0,62,15,1200,1195480486,1,1201),(237,23,57,0,10901,'page',0,1198,16,1201,1195480486,1,62),(237,23,57,0,10902,'page',0,1202,17,62,1195480486,1,1198),(237,23,57,0,10903,'page',0,1202,18,1198,1195480486,1,1202),(237,23,57,0,10904,'page',0,1203,19,1202,1195480486,1,1202),(237,23,57,0,10905,'page',0,1198,20,1202,1195480486,1,1203),(237,23,57,0,10906,'page',0,1204,21,1203,1195480486,1,1198),(237,23,57,0,10907,'page',0,1205,22,1198,1195480486,1,1204),(237,23,57,0,10908,'page',0,1206,23,1204,1195480486,1,1205),(237,23,57,0,10909,'page',0,1198,24,1205,1195480486,1,1206),(237,23,57,0,10910,'page',0,1207,25,1206,1195480486,1,1198),(237,23,57,0,10911,'page',0,1208,26,1198,1195480486,1,1207),(237,23,57,0,10912,'page',0,1209,27,1207,1195480486,1,1208),(237,23,57,0,10913,'page',0,1210,28,1208,1195480486,1,1209),(237,23,57,0,10914,'page',0,1198,29,1209,1195480486,1,1210),(237,23,57,0,10915,'page',0,1211,30,1210,1195480486,1,1198),(237,23,57,0,10916,'page',0,1212,31,1198,1195480486,1,1211),(237,23,57,0,10917,'page',0,1211,32,1211,1195480486,1,1212),(237,23,57,0,10918,'page',0,0,33,1212,1195480486,1,1211),(183,16,149,0,10919,'title',0,1214,0,0,1269615345,1,1213),(183,16,149,0,10920,'title',0,1215,1,1213,1269615345,1,1214),(183,16,149,0,10921,'title',0,1216,2,1214,1269615345,1,1215),(183,16,149,0,10922,'title',0,697,3,1215,1269615345,1,1216),(186,16,149,0,10923,'intro',0,837,4,1216,1269615345,1,697),(186,16,149,0,10924,'intro',0,690,5,697,1269615345,1,837),(186,16,149,0,10925,'intro',0,475,6,837,1269615345,1,690),(186,16,149,0,10926,'intro',0,486,7,690,1269615345,1,475),(186,16,149,0,10927,'intro',0,497,8,475,1269615345,1,486),(186,16,149,0,10928,'intro',0,457,9,486,1269615345,1,497),(186,16,149,0,10929,'intro',0,528,10,497,1269615345,1,457),(186,16,149,0,10930,'intro',0,696,11,457,1269615345,1,528),(186,16,149,0,10931,'intro',0,464,12,528,1269615345,1,696),(186,16,149,0,10932,'intro',0,506,13,696,1269615345,1,464),(186,16,149,0,10933,'intro',0,726,14,464,1269615345,1,506),(186,16,149,0,10934,'intro',0,675,15,506,1269615345,1,726),(186,16,149,0,10935,'intro',0,447,16,726,1269615345,1,675),(186,16,149,0,10936,'intro',0,465,17,675,1269615345,1,447),(186,16,149,0,10937,'intro',0,454,18,447,1269615345,1,465),(186,16,149,0,10938,'intro',0,713,19,465,1269615345,1,454),(186,16,149,0,10939,'intro',0,527,20,454,1269615345,1,713),(186,16,149,0,10940,'intro',0,692,21,713,1269615345,1,527),(186,16,149,0,10941,'intro',0,730,22,527,1269615345,1,692),(186,16,149,0,10942,'intro',0,693,23,692,1269615345,1,730),(186,16,149,0,10943,'intro',0,694,24,730,1269615345,1,693),(186,16,149,0,10944,'intro',0,726,25,693,1269615345,1,694),(186,16,149,0,10945,'intro',0,457,26,694,1269615345,1,726),(186,16,149,0,10946,'intro',0,476,27,726,1269615345,1,457),(186,16,149,0,10947,'intro',0,457,28,457,1269615345,1,476),(186,16,149,0,10948,'intro',0,508,29,476,1269615345,1,457),(186,16,149,0,10949,'intro',0,509,30,457,1269615345,1,508),(186,16,149,0,10950,'intro',0,728,31,508,1269615345,1,509),(186,16,149,0,10951,'intro',0,654,32,509,1269615345,1,728),(186,16,149,0,10952,'intro',0,481,33,728,1269615345,1,654),(186,16,149,0,10953,'intro',0,456,34,654,1269615345,1,481),(186,16,149,0,10954,'intro',0,509,35,481,1269615345,1,456),(186,16,149,0,10955,'intro',0,452,36,456,1269615345,1,509),(186,16,149,0,10956,'intro',0,458,37,509,1269615345,1,452),(186,16,149,0,10957,'intro',0,528,38,452,1269615345,1,458),(186,16,149,0,10958,'intro',0,833,39,458,1269615345,1,528),(186,16,149,0,10959,'intro',0,728,40,528,1269615345,1,833),(186,16,149,0,10960,'intro',0,819,41,833,1269615345,1,728),(186,16,149,0,10961,'intro',0,655,42,728,1269615345,1,819),(186,16,149,0,10962,'intro',0,509,43,819,1269615345,1,655),(186,16,149,0,10963,'intro',0,471,44,655,1269615345,1,509),(186,16,149,0,10964,'intro',0,450,45,509,1269615345,1,471),(186,16,149,0,10965,'intro',0,450,46,471,1269615345,1,450),(186,16,149,0,10966,'intro',0,696,47,450,1269615345,1,450),(186,16,149,0,10967,'intro',0,732,48,450,1269615345,1,696),(186,16,149,0,10968,'intro',0,714,49,696,1269615345,1,732),(186,16,149,0,10969,'intro',0,463,50,732,1269615345,1,714),(186,16,149,0,10970,'intro',0,824,51,714,1269615345,1,463),(186,16,149,0,10971,'intro',0,516,52,463,1269615345,1,824),(186,16,149,0,10972,'intro',0,692,53,824,1269615345,1,516),(186,16,149,0,10973,'intro',0,513,54,516,1269615345,1,692),(186,16,149,0,10974,'intro',0,700,55,692,1269615345,1,513),(186,16,149,0,10975,'intro',0,721,56,513,1269615345,1,700),(186,16,149,0,10976,'intro',0,697,57,700,1269615345,1,721),(186,16,149,0,10977,'intro',0,675,58,721,1269615345,1,697),(186,16,149,0,10978,'intro',0,718,59,697,1269615345,1,675),(186,16,149,0,10979,'intro',0,448,60,675,1269615345,1,718),(186,16,149,0,10980,'intro',0,449,61,718,1269615345,1,448),(186,16,149,0,10981,'intro',0,674,62,448,1269615345,1,449),(186,16,149,0,10982,'intro',0,497,63,449,1269615345,1,674),(186,16,149,0,10983,'intro',0,717,64,674,1269615345,1,497),(186,16,149,0,10984,'intro',0,725,65,497,1269615345,1,717),(186,16,149,0,10985,'intro',0,711,66,717,1269615345,1,725),(186,16,149,0,10986,'intro',0,540,67,725,1269615345,1,711),(186,16,149,0,10987,'intro',0,1217,68,711,1269615345,1,540),(186,16,149,0,10988,'intro',0,697,69,540,1269615345,1,1217),(187,16,149,0,10989,'body',0,837,70,1217,1269615345,1,697),(187,16,149,0,10990,'body',0,690,71,697,1269615345,1,837),(187,16,149,0,10991,'body',0,475,72,837,1269615345,1,690),(187,16,149,0,10992,'body',0,486,73,690,1269615345,1,475),(187,16,149,0,10993,'body',0,497,74,475,1269615345,1,486),(187,16,149,0,10994,'body',0,457,75,486,1269615345,1,497),(187,16,149,0,10995,'body',0,528,76,497,1269615345,1,457),(187,16,149,0,10996,'body',0,696,77,457,1269615345,1,528),(187,16,149,0,10997,'body',0,464,78,528,1269615345,1,696),(187,16,149,0,10998,'body',0,506,79,696,1269615345,1,464),(187,16,149,0,10999,'body',0,726,80,464,1269615345,1,506),(187,16,149,0,11000,'body',0,675,81,506,1269615345,1,726),(187,16,149,0,11001,'body',0,447,82,726,1269615345,1,675),(187,16,149,0,11002,'body',0,465,83,675,1269615345,1,447),(187,16,149,0,11003,'body',0,454,84,447,1269615345,1,465),(187,16,149,0,11004,'body',0,713,85,465,1269615345,1,454),(187,16,149,0,11005,'body',0,527,86,454,1269615345,1,713),(187,16,149,0,11006,'body',0,692,87,713,1269615345,1,527),(187,16,149,0,11007,'body',0,730,88,527,1269615345,1,692),(187,16,149,0,11008,'body',0,693,89,692,1269615345,1,730),(187,16,149,0,11009,'body',0,694,90,730,1269615345,1,693),(187,16,149,0,11010,'body',0,726,91,693,1269615345,1,694),(187,16,149,0,11011,'body',0,457,92,694,1269615345,1,726),(187,16,149,0,11012,'body',0,476,93,726,1269615345,1,457),(187,16,149,0,11013,'body',0,457,94,457,1269615345,1,476),(187,16,149,0,11014,'body',0,508,95,476,1269615345,1,457),(187,16,149,0,11015,'body',0,509,96,457,1269615345,1,508),(187,16,149,0,11016,'body',0,728,97,508,1269615345,1,509),(187,16,149,0,11017,'body',0,654,98,509,1269615345,1,728),(187,16,149,0,11018,'body',0,481,99,728,1269615345,1,654),(187,16,149,0,11019,'body',0,456,100,654,1269615345,1,481),(187,16,149,0,11020,'body',0,509,101,481,1269615345,1,456),(187,16,149,0,11021,'body',0,452,102,456,1269615345,1,509),(187,16,149,0,11022,'body',0,458,103,509,1269615345,1,452),(187,16,149,0,11023,'body',0,528,104,452,1269615345,1,458),(187,16,149,0,11024,'body',0,833,105,458,1269615345,1,528),(187,16,149,0,11025,'body',0,728,106,528,1269615345,1,833),(187,16,149,0,11026,'body',0,819,107,833,1269615345,1,728),(187,16,149,0,11027,'body',0,655,108,728,1269615345,1,819),(187,16,149,0,11028,'body',0,509,109,819,1269615345,1,655),(187,16,149,0,11029,'body',0,471,110,655,1269615345,1,509),(187,16,149,0,11030,'body',0,450,111,509,1269615345,1,471),(187,16,149,0,11031,'body',0,450,112,471,1269615345,1,450),(187,16,149,0,11032,'body',0,696,113,450,1269615345,1,450),(187,16,149,0,11033,'body',0,732,114,450,1269615345,1,696),(187,16,149,0,11034,'body',0,714,115,696,1269615345,1,732),(187,16,149,0,11035,'body',0,463,116,732,1269615345,1,714),(187,16,149,0,11036,'body',0,824,117,714,1269615345,1,463),(187,16,149,0,11037,'body',0,516,118,463,1269615345,1,824),(187,16,149,0,11038,'body',0,692,119,824,1269615345,1,516),(187,16,149,0,11039,'body',0,513,120,516,1269615345,1,692),(187,16,149,0,11040,'body',0,700,121,692,1269615345,1,513),(187,16,149,0,11041,'body',0,721,122,513,1269615345,1,700),(187,16,149,0,11042,'body',0,697,123,700,1269615345,1,721),(187,16,149,0,11043,'body',0,675,124,721,1269615345,1,697),(187,16,149,0,11044,'body',0,718,125,697,1269615345,1,675),(187,16,149,0,11045,'body',0,448,126,675,1269615345,1,718),(187,16,149,0,11046,'body',0,449,127,718,1269615345,1,448),(187,16,149,0,11047,'body',0,674,128,448,1269615345,1,449),(187,16,149,0,11048,'body',0,497,129,449,1269615345,1,674),(187,16,149,0,11049,'body',0,717,130,674,1269615345,1,497),(187,16,149,0,11050,'body',0,725,131,497,1269615345,1,717),(187,16,149,0,11051,'body',0,711,132,717,1269615345,1,725),(187,16,149,0,11052,'body',0,540,133,725,1269615345,1,711),(187,16,149,0,11053,'body',0,1218,134,711,1269615345,1,540),(187,16,149,0,11054,'body',0,837,135,540,1269615345,1,1218),(187,16,149,0,11055,'body',0,690,136,1218,1269615345,1,837),(187,16,149,0,11056,'body',0,475,137,837,1269615345,1,690),(187,16,149,0,11057,'body',0,486,138,690,1269615345,1,475),(187,16,149,0,11058,'body',0,497,139,475,1269615345,1,486),(187,16,149,0,11059,'body',0,457,140,486,1269615345,1,497),(187,16,149,0,11060,'body',0,528,141,497,1269615345,1,457),(187,16,149,0,11061,'body',0,696,142,457,1269615345,1,528),(187,16,149,0,11062,'body',0,464,143,528,1269615345,1,696),(187,16,149,0,11063,'body',0,506,144,696,1269615345,1,464),(187,16,149,0,11064,'body',0,726,145,464,1269615345,1,506),(187,16,149,0,11065,'body',0,675,146,506,1269615345,1,726),(187,16,149,0,11066,'body',0,447,147,726,1269615345,1,675),(187,16,149,0,11067,'body',0,465,148,675,1269615345,1,447),(187,16,149,0,11068,'body',0,454,149,447,1269615345,1,465),(187,16,149,0,11069,'body',0,713,150,465,1269615345,1,454),(187,16,149,0,11070,'body',0,527,151,454,1269615345,1,713),(187,16,149,0,11071,'body',0,692,152,713,1269615345,1,527),(187,16,149,0,11072,'body',0,730,153,527,1269615345,1,692),(187,16,149,0,11073,'body',0,693,154,692,1269615345,1,730),(187,16,149,0,11074,'body',0,694,155,730,1269615345,1,693),(187,16,149,0,11075,'body',0,726,156,693,1269615345,1,694),(187,16,149,0,11076,'body',0,457,157,694,1269615345,1,726),(187,16,149,0,11077,'body',0,476,158,726,1269615345,1,457),(187,16,149,0,11078,'body',0,457,159,457,1269615345,1,476),(187,16,149,0,11079,'body',0,508,160,476,1269615345,1,457),(187,16,149,0,11080,'body',0,509,161,457,1269615345,1,508),(187,16,149,0,11081,'body',0,728,162,508,1269615345,1,509),(187,16,149,0,11082,'body',0,654,163,509,1269615345,1,728),(187,16,149,0,11083,'body',0,481,164,728,1269615345,1,654),(187,16,149,0,11084,'body',0,456,165,654,1269615345,1,481),(187,16,149,0,11085,'body',0,509,166,481,1269615345,1,456),(187,16,149,0,11086,'body',0,452,167,456,1269615345,1,509),(187,16,149,0,11087,'body',0,458,168,509,1269615345,1,452),(187,16,149,0,11088,'body',0,528,169,452,1269615345,1,458),(187,16,149,0,11089,'body',0,833,170,458,1269615345,1,528),(187,16,149,0,11090,'body',0,728,171,528,1269615345,1,833),(187,16,149,0,11091,'body',0,819,172,833,1269615345,1,728),(187,16,149,0,11092,'body',0,655,173,728,1269615345,1,819),(187,16,149,0,11093,'body',0,509,174,819,1269615345,1,655),(187,16,149,0,11094,'body',0,471,175,655,1269615345,1,509),(187,16,149,0,11095,'body',0,450,176,509,1269615345,1,471),(187,16,149,0,11096,'body',0,450,177,471,1269615345,1,450),(187,16,149,0,11097,'body',0,696,178,450,1269615345,1,450),(187,16,149,0,11098,'body',0,732,179,450,1269615345,1,696),(187,16,149,0,11099,'body',0,714,180,696,1269615345,1,732),(187,16,149,0,11100,'body',0,463,181,732,1269615345,1,714),(187,16,149,0,11101,'body',0,824,182,714,1269615345,1,463),(187,16,149,0,11102,'body',0,516,183,463,1269615345,1,824),(187,16,149,0,11103,'body',0,692,184,824,1269615345,1,516),(187,16,149,0,11104,'body',0,513,185,516,1269615345,1,692),(187,16,149,0,11105,'body',0,700,186,692,1269615345,1,513),(187,16,149,0,11106,'body',0,721,187,513,1269615345,1,700),(187,16,149,0,11107,'body',0,697,188,700,1269615345,1,721),(187,16,149,0,11108,'body',0,675,189,721,1269615345,1,697),(187,16,149,0,11109,'body',0,718,190,697,1269615345,1,675),(187,16,149,0,11110,'body',0,448,191,675,1269615345,1,718),(187,16,149,0,11111,'body',0,449,192,718,1269615345,1,448),(187,16,149,0,11112,'body',0,674,193,448,1269615345,1,449),(187,16,149,0,11113,'body',0,497,194,449,1269615345,1,674),(187,16,149,0,11114,'body',0,717,195,674,1269615345,1,497),(187,16,149,0,11115,'body',0,725,196,497,1269615345,1,717),(187,16,149,0,11116,'body',0,711,197,717,1269615345,1,725),(187,16,149,0,11117,'body',0,540,198,725,1269615345,1,711),(187,16,149,0,11118,'body',0,1218,199,711,1269615345,1,540),(187,16,149,0,11119,'body',0,837,200,540,1269615345,1,1218),(187,16,149,0,11120,'body',0,690,201,1218,1269615345,1,837),(187,16,149,0,11121,'body',0,475,202,837,1269615345,1,690),(187,16,149,0,11122,'body',0,486,203,690,1269615345,1,475),(187,16,149,0,11123,'body',0,497,204,475,1269615345,1,486),(187,16,149,0,11124,'body',0,457,205,486,1269615345,1,497),(187,16,149,0,11125,'body',0,528,206,497,1269615345,1,457),(187,16,149,0,11126,'body',0,696,207,457,1269615345,1,528),(187,16,149,0,11127,'body',0,464,208,528,1269615345,1,696),(187,16,149,0,11128,'body',0,506,209,696,1269615345,1,464),(187,16,149,0,11129,'body',0,726,210,464,1269615345,1,506),(187,16,149,0,11130,'body',0,675,211,506,1269615345,1,726),(187,16,149,0,11131,'body',0,447,212,726,1269615345,1,675),(187,16,149,0,11132,'body',0,465,213,675,1269615345,1,447),(187,16,149,0,11133,'body',0,454,214,447,1269615345,1,465),(187,16,149,0,11134,'body',0,713,215,465,1269615345,1,454),(187,16,149,0,11135,'body',0,527,216,454,1269615345,1,713),(187,16,149,0,11136,'body',0,692,217,713,1269615345,1,527),(187,16,149,0,11137,'body',0,730,218,527,1269615345,1,692),(187,16,149,0,11138,'body',0,693,219,692,1269615345,1,730),(187,16,149,0,11139,'body',0,694,220,730,1269615345,1,693),(187,16,149,0,11140,'body',0,726,221,693,1269615345,1,694),(187,16,149,0,11141,'body',0,457,222,694,1269615345,1,726),(187,16,149,0,11142,'body',0,476,223,726,1269615345,1,457),(187,16,149,0,11143,'body',0,457,224,457,1269615345,1,476),(187,16,149,0,11144,'body',0,508,225,476,1269615345,1,457),(187,16,149,0,11145,'body',0,509,226,457,1269615345,1,508),(187,16,149,0,11146,'body',0,728,227,508,1269615345,1,509),(187,16,149,0,11147,'body',0,654,228,509,1269615345,1,728),(187,16,149,0,11148,'body',0,481,229,728,1269615345,1,654),(187,16,149,0,11149,'body',0,456,230,654,1269615345,1,481),(187,16,149,0,11150,'body',0,509,231,481,1269615345,1,456),(187,16,149,0,11151,'body',0,452,232,456,1269615345,1,509),(187,16,149,0,11152,'body',0,458,233,509,1269615345,1,452),(187,16,149,0,11153,'body',0,528,234,452,1269615345,1,458),(187,16,149,0,11154,'body',0,833,235,458,1269615345,1,528),(187,16,149,0,11155,'body',0,728,236,528,1269615345,1,833),(187,16,149,0,11156,'body',0,819,237,833,1269615345,1,728),(187,16,149,0,11157,'body',0,655,238,728,1269615345,1,819),(187,16,149,0,11158,'body',0,509,239,819,1269615345,1,655),(187,16,149,0,11159,'body',0,471,240,655,1269615345,1,509),(187,16,149,0,11160,'body',0,450,241,509,1269615345,1,471),(187,16,149,0,11161,'body',0,450,242,471,1269615345,1,450),(187,16,149,0,11162,'body',0,696,243,450,1269615345,1,450),(187,16,149,0,11163,'body',0,732,244,450,1269615345,1,696),(187,16,149,0,11164,'body',0,714,245,696,1269615345,1,732),(187,16,149,0,11165,'body',0,463,246,732,1269615345,1,714),(187,16,149,0,11166,'body',0,824,247,714,1269615345,1,463),(187,16,149,0,11167,'body',0,516,248,463,1269615345,1,824),(187,16,149,0,11168,'body',0,692,249,824,1269615345,1,516),(187,16,149,0,11169,'body',0,513,250,516,1269615345,1,692),(187,16,149,0,11170,'body',0,700,251,692,1269615345,1,513),(187,16,149,0,11171,'body',0,721,252,513,1269615345,1,700),(187,16,149,0,11172,'body',0,697,253,700,1269615345,1,721),(187,16,149,0,11173,'body',0,675,254,721,1269615345,1,697),(187,16,149,0,11174,'body',0,718,255,697,1269615345,1,675),(187,16,149,0,11175,'body',0,448,256,675,1269615345,1,718),(187,16,149,0,11176,'body',0,449,257,718,1269615345,1,448),(187,16,149,0,11177,'body',0,674,258,448,1269615345,1,449),(187,16,149,0,11178,'body',0,497,259,449,1269615345,1,674),(187,16,149,0,11179,'body',0,717,260,674,1269615345,1,497),(187,16,149,0,11180,'body',0,725,261,497,1269615345,1,717),(187,16,149,0,11181,'body',0,711,262,717,1269615345,1,725),(187,16,149,0,11182,'body',0,540,263,725,1269615345,1,711),(187,16,149,0,11183,'body',0,1217,264,711,1269615345,1,540),(187,16,149,0,11184,'body',0,1219,265,540,1269615345,1,1217),(371,16,149,0,11185,'gmap',0,1220,266,1217,1269615345,1,1219),(371,16,149,0,11186,'gmap',0,911,267,1219,1269615345,1,1220),(371,16,149,0,11187,'gmap',0,1221,268,1220,1269615345,1,911),(371,16,149,0,11188,'gmap',0,86,269,911,1269615345,1,1221),(191,16,149,0,11189,'publish_date',0,86,270,1221,1269615345,1,86),(192,16,149,0,11190,'unpublish_date',0,0,271,86,1269615345,1,86);
/*!40000 ALTER TABLE `ezsearch_object_word_link` ENABLE KEYS */;
UNLOCK TABLES;

--
-- Table structure for table `ezsearch_return_count`
--

DROP TABLE IF EXISTS `ezsearch_return_count`;
/*!40101 SET @saved_cs_client     = @@character_set_client */;
/*!40101 SET character_set_client = utf8 */;
CREATE TABLE `ezsearch_return_count` (
  `count` int(11) NOT NULL DEFAULT '0',
  `id` int(11) NOT NULL AUTO_INCREMENT,
  `phrase_id` int(11) NOT NULL DEFAULT '0',
  `time` int(11) NOT NULL DEFAULT '0',
  PRIMARY KEY (`id`),
  KEY `ezsearch_return_cnt_ph_id_cnt` (`phrase_id`,`count`)
) ENGINE=InnoDB DEFAULT CHARSET=utf8;
/*!40101 SET character_set_client = @saved_cs_client */;

--
-- Dumping data for table `ezsearch_return_count`
--

LOCK TABLES `ezsearch_return_count` WRITE;
/*!40000 ALTER TABLE `ezsearch_return_count` DISABLE KEYS */;
/*!40000 ALTER TABLE `ezsearch_return_count` ENABLE KEYS */;
UNLOCK TABLES;

--
-- Table structure for table `ezsearch_search_phrase`
--

DROP TABLE IF EXISTS `ezsearch_search_phrase`;
/*!40101 SET @saved_cs_client     = @@character_set_client */;
/*!40101 SET character_set_client = utf8 */;
CREATE TABLE `ezsearch_search_phrase` (
  `id` int(11) NOT NULL AUTO_INCREMENT,
  `phrase` varchar(250) DEFAULT NULL,
  `phrase_count` int(11) DEFAULT '0',
  `result_count` int(11) DEFAULT '0',
  PRIMARY KEY (`id`),
  UNIQUE KEY `ezsearch_search_phrase_phrase` (`phrase`),
  KEY `ezsearch_search_phrase_count` (`phrase_count`)
) ENGINE=InnoDB DEFAULT CHARSET=utf8;
/*!40101 SET character_set_client = @saved_cs_client */;

--
-- Dumping data for table `ezsearch_search_phrase`
--

LOCK TABLES `ezsearch_search_phrase` WRITE;
/*!40000 ALTER TABLE `ezsearch_search_phrase` DISABLE KEYS */;
/*!40000 ALTER TABLE `ezsearch_search_phrase` ENABLE KEYS */;
UNLOCK TABLES;

--
-- Table structure for table `ezsearch_word`
--

DROP TABLE IF EXISTS `ezsearch_word`;
/*!40101 SET @saved_cs_client     = @@character_set_client */;
/*!40101 SET character_set_client = utf8 */;
CREATE TABLE `ezsearch_word` (
  `id` int(11) NOT NULL AUTO_INCREMENT,
  `object_count` int(11) NOT NULL DEFAULT '0',
  `word` varchar(150) DEFAULT NULL,
  PRIMARY KEY (`id`),
  KEY `ezsearch_word_obj_count` (`object_count`),
  KEY `ezsearch_word_word_i` (`word`)
) ENGINE=InnoDB AUTO_INCREMENT=1222 DEFAULT CHARSET=utf8;
/*!40101 SET character_set_client = @saved_cs_client */;

--
-- Dumping data for table `ezsearch_word`
--

LOCK TABLES `ezsearch_word` WRITE;
/*!40000 ALTER TABLE `ezsearch_word` DISABLE KEYS */;
INSERT INTO `ezsearch_word` VALUES (61,2,'administrator'),(62,3,'users'),(63,3,'user'),(65,1,'nospam@ez.no'),(66,1,'editors'),(67,2,'anonymous'),(68,1,'group'),(69,1,'for'),(70,1,'the'),(79,3,'1'),(85,1,'setup'),(86,4,'0'),(90,1,'images'),(101,1,'files'),(102,1,'multimedia'),(392,5,'2zoneslayout1'),(393,5,'left'),(396,5,'right'),(397,1,'admin'),(398,2,'mosarg'),(399,1,'gmail.com'),(400,1,'partners'),(401,1,'members'),(406,1,'common'),(407,1,'ini'),(408,1,'settings'),(413,2,'eventi'),(417,2,'calendario'),(430,1,'prova'),(431,1,'1265956200'),(432,11,'where'),(433,1,'patatine'),(434,1,'prova3'),(435,1,'1266474600'),(436,6,'new'),(437,5,'event'),(438,3,'test'),(439,3,'evento'),(440,1,'1268375400'),(441,1,'evento2'),(442,1,'1269585000'),(443,1,'p5250041'),(445,11,'lorem'),(446,11,'ipsum'),(447,11,'dolor'),(448,11,'sit'),(449,11,'amet'),(450,12,'consectetur'),(451,11,'adipiscing'),(452,12,'elit'),(453,2,'praesent'),(454,8,'faucibus'),(455,2,'egestas'),(456,6,'quam'),(457,7,'id'),(458,4,'scelerisque'),(459,4,'turpis'),(461,3,'eu'),(462,4,'proin'),(463,4,'at'),(464,6,'nisi'),(465,11,'in'),(466,3,'mauris'),(467,2,'porta'),(469,3,'velit'),(470,4,'maecenas'),(471,4,'sodales'),(472,7,'ultricies'),(473,3,'bibendum'),(474,3,'pellentesque'),(475,3,'consequat'),(476,4,'pulvinar'),(477,9,'ligula'),(478,5,'vehicula'),(479,7,'eros'),(480,3,'commodo'),(481,9,'vel'),(483,3,'morbi'),(484,4,'tristique'),(486,8,'et'),(488,7,'malesuada'),(490,7,'ac'),(492,11,'quis'),(493,10,'vestibulum'),(494,5,'pretium'),(497,9,'congue'),(499,6,'ultrices'),(500,4,'blandit'),(503,11,'ut'),(505,6,'vivamus'),(506,9,'nunc'),(508,2,'fermentum'),(509,11,'non'),(511,6,'diam'),(512,9,'ante'),(513,8,'a'),(516,10,'lectus'),(517,5,'nam'),(520,6,'lacinia'),(522,2,'sagittis'),(524,6,'facilisis'),(527,4,'dapibus'),(528,4,'dictum'),(531,3,'imperdiet'),(532,7,'cursus'),(533,4,'euismod'),(534,2,'vulputate'),(538,5,'vitae'),(540,6,'accumsan'),(541,2,'convallis'),(542,5,'augue'),(544,9,'massa'),(552,7,'duis'),(556,5,'sapien'),(567,5,'venenatis'),(569,2,'mollis'),(570,7,'urna'),(604,1,'dfgdfg'),(605,1,'1268980200'),(606,1,'gfgfg'),(607,1,'1268202600'),(654,2,'quisque'),(655,6,'aliquam'),(656,3,'tortor'),(659,9,'tincidunt'),(661,1,'agnello'),(663,1,'vivi'),(664,1,'morti'),(665,1,'moribondi'),(667,1,'krapfen'),(668,1,'kiffel'),(671,6,'tempor'),(672,6,'posuere'),(673,4,'primis'),(674,9,'orci'),(675,10,'luctus'),(677,3,'cubilia'),(678,3,'curae'),(679,5,'varius'),(680,5,'viverra'),(690,3,'purus'),(691,3,'sollicitudin'),(692,7,'sed'),(693,4,'est'),(694,3,'erat'),(696,7,'eget'),(697,4,'donec'),(698,3,'rutrum'),(699,2,'fringilla'),(700,6,'auctor'),(701,3,'lobortis'),(702,2,'eleifend'),(703,3,'tempus'),(704,4,'semper'),(705,5,'enim'),(706,3,'mi'),(707,4,'aenean'),(708,2,'suspendisse'),(709,4,'risus'),(710,5,'condimentum'),(711,3,'felis'),(712,2,'pharetra'),(713,7,'arcu'),(714,3,'phasellus'),(717,4,'nec'),(718,3,'leo'),(720,4,'tellus'),(721,5,'neque'),(725,2,'aliquet'),(726,3,'hendrerit'),(728,4,'lacus'),(730,2,'nulla'),(732,6,'justo'),(734,1,'manicaretti'),(736,1,'musica'),(737,1,'spellati'),(775,1,'octopussy_ii_by_kunkka'),(797,4,'iaculis'),(798,4,'cras'),(799,3,'suscipit'),(812,1,'death'),(818,4,'dui'),(819,3,'magna'),(820,3,'dignissim'),(821,4,'etiam'),(822,3,'rhoncus'),(823,2,'volutpat'),(824,3,'odio'),(825,3,'gravida'),(829,1,'good_morning_by_marazmuser'),(831,1,'pelosi'),(833,2,'fusce'),(837,2,'nisl'),(841,2,'foto'),(881,1,'fhg'),(882,1,'1272094200'),(883,3,'exile_by_katibear'),(889,1,'santi'),(890,1,'licheri'),(891,1,'sdsdasd'),(892,1,'1271309400'),(893,1,'eventaaa'),(894,1,'asas'),(895,1,'hac'),(896,1,'habitasse'),(897,1,'platea'),(898,1,'dictumst'),(899,1,'feugiat'),(900,1,'nessuna'),(901,1,'ripetizione'),(902,1,'1270191600'),(903,1,'snt'),(904,1,'dr.com'),(905,1,'di'),(906,1,'cosa'),(907,1,'sono'),(908,1,'io'),(909,1,'1270454400'),(910,1,'secondo'),(911,2,'del'),(912,1,'giorno'),(913,1,'1271361600'),(914,1,'cane'),(915,1,'rognoso'),(916,1,'mergoso'),(917,1,'mosardff'),(918,1,'cdc.com'),(919,1,'guglielmo'),(920,1,'marconi'),(921,1,'sdsdn'),(922,1,'cdcd.com'),(923,1,'antonio'),(924,1,'astolfi'),(925,1,'culolfi'),(926,1,'dcd'),(927,1,'ute.com'),(929,1,'editor'),(930,1,'limitato'),(934,1,'difference_by_baspunk'),(935,1,'frills_4_by_goldfishdreams_stock'),(936,1,'fractalflowers_30_by_love1008'),(937,1,'dawn_on_the_deck_by_l8'),(940,1,'6533'),(941,1,'2'),(942,1,'6964'),(943,1,'unwetterhimmel'),(944,1,'6947'),(945,1,'midsommarblomma'),(946,1,'7007'),(947,1,'renfana'),(948,1,'4561'),(949,1,'misato'),(950,1,'7000'),(951,1,'gulvial'),(952,1,'5913'),(953,1,'kitsh_sunset'),(958,3,'molestie'),(964,2,'curabitur'),(968,1,'imagination'),(969,2,'nibh'),(970,1,'arrosticini'),(973,1,'strane'),(992,1,'zamponi'),(993,1,'bomboloni'),(994,1,'panini'),(995,1,'assaggiate'),(996,1,'i'),(997,1,'nostri'),(998,1,'squisiti'),(999,1,'equitazione'),(1001,1,'cucina'),(1002,1,'la'),(1003,1,'tana'),(1004,1,'dei'),(1005,1,'tori'),(1006,2,'metus'),(1007,1,'laoreet'),(1008,2,'mattis'),(1009,2,'ornare'),(1010,1,'nullam'),(1011,1,'sem'),(1012,2,'ullamcorper'),(1013,1,'convlorem'),(1014,1,'hot'),(1015,1,'dog'),(1016,1,'hamburger'),(1112,1,'ed5900'),(1125,1,'cavalli'),(1126,1,'placerat'),(1127,1,'elementum'),(1128,1,'habitant'),(1129,1,'senectus'),(1130,1,'netus'),(1131,1,'fames'),(1132,1,'libero'),(1173,1,'bistecche'),(1174,1,'integer'),(1175,1,'lubianske'),(1176,1,'interdum'),(1177,1,'class'),(1178,1,'aptent'),(1179,1,'taciti'),(1180,1,'sociosqu'),(1181,1,'ad'),(1182,1,'litora'),(1183,1,'torquent'),(1184,1,'per'),(1185,1,'conubia'),(1186,1,'nostra'),(1187,1,'inceptos'),(1188,1,'himenaeos'),(1191,1,'enzo'),(1192,1,'enzo.com'),(1193,1,'home'),(1194,1,'4f6d946ab48d95799d31179c3acde8cb'),(1195,1,'mainstory'),(1196,1,'main_story1'),(1197,1,'main_story2'),(1198,1,'a1117aa7fd4548568490cc7ab1271a4b'),(1199,1,'calendar_ajax'),(1200,1,'on'),(1201,1,'line'),(1202,1,'onlineusers'),(1203,1,'panozzi'),(1204,1,'manual2items'),(1205,1,'2_items1'),(1206,1,'bergoni'),(1207,1,'manual3items'),(1208,1,'3_items1'),(1209,1,'dove'),(1210,1,'siamo'),(1211,1,'gmap'),(1212,1,'talmassons.ud.italy'),(1213,1,'il'),(1214,1,'paradiso'),(1215,1,'degli'),(1216,1,'stolti'),(1217,1,'ph'),(1218,1,'phdonec'),(1219,1,'sant'),(1220,1,'andrat'),(1221,1,'cormor.talmassons.ud.italy');
/*!40000 ALTER TABLE `ezsearch_word` ENABLE KEYS */;
UNLOCK TABLES;

--
-- Table structure for table `ezsection`
--

DROP TABLE IF EXISTS `ezsection`;
/*!40101 SET @saved_cs_client     = @@character_set_client */;
/*!40101 SET character_set_client = utf8 */;
CREATE TABLE `ezsection` (
  `id` int(11) NOT NULL AUTO_INCREMENT,
  `locale` varchar(255) DEFAULT NULL,
  `name` varchar(255) DEFAULT NULL,
  `navigation_part_identifier` varchar(100) DEFAULT 'ezcontentnavigationpart',
  PRIMARY KEY (`id`)
) ENGINE=InnoDB AUTO_INCREMENT=7 DEFAULT CHARSET=utf8;
/*!40101 SET character_set_client = @saved_cs_client */;

--
-- Dumping data for table `ezsection`
--

LOCK TABLES `ezsection` WRITE;
/*!40000 ALTER TABLE `ezsection` DISABLE KEYS */;
INSERT INTO `ezsection` VALUES (1,'','Standard','ezcontentnavigationpart'),(2,'','Users','ezusernavigationpart'),(3,'','Media','ezmedianavigationpart'),(4,'','Setup','ezsetupnavigationpart'),(5,'','Design','ezvisualnavigationpart'),(6,'','Restricted','ezcontentnavigationpart');
/*!40000 ALTER TABLE `ezsection` ENABLE KEYS */;
UNLOCK TABLES;

--
-- Table structure for table `ezsession`
--

DROP TABLE IF EXISTS `ezsession`;
/*!40101 SET @saved_cs_client     = @@character_set_client */;
/*!40101 SET character_set_client = utf8 */;
CREATE TABLE `ezsession` (
  `data` longtext NOT NULL,
  `expiration_time` int(11) NOT NULL DEFAULT '0',
  `session_key` varchar(32) NOT NULL DEFAULT '',
  `user_hash` varchar(32) NOT NULL DEFAULT '',
  `user_id` int(11) NOT NULL DEFAULT '0',
  PRIMARY KEY (`session_key`),
  KEY `expiration_time` (`expiration_time`),
  KEY `ezsession_user_id` (`user_id`)
) ENGINE=InnoDB DEFAULT CHARSET=utf8;
/*!40101 SET character_set_client = @saved_cs_client */;

--
-- Dumping data for table `ezsession`
--

LOCK TABLES `ezsession` WRITE;
/*!40000 ALTER TABLE `ezsession` DISABLE KEYS */;
INSERT INTO `ezsession` VALUES ('eZUserLoggedInID|i:10;eZUserInfoCache_Timestamp|i:1270678387;eZUserInfoCache|a:1:{i:10;a:5:{s:16:\"contentobject_id\";s:2:\"10\";s:5:\"login\";s:9:\"anonymous\";s:5:\"email\";s:12:\"nospam@ez.no\";s:13:\"password_hash\";s:32:\"4e6f6184135228ccd45f8233d72a0363\";s:18:\"password_hash_type\";s:1:\"2\";}}AccessArray|a:4:{s:7:\"content\";a:2:{s:4:\"read\";a:2:{s:5:\"p_380\";a:1:{s:7:\"Section\";a:1:{i:0;s:1:\"1\";}}s:5:\"p_384\";a:2:{s:5:\"Class\";a:6:{i:0;s:2:\"29\";i:1;s:2:\"33\";i:2;s:2:\"35\";i:3;s:2:\"36\";i:4;s:2:\"37\";i:5;s:2:\"45\";}s:7:\"Section\";a:1:{i:0;s:1:\"3\";}}}s:3:\"pdf\";a:1:{s:5:\"p_381\";a:1:{s:7:\"Section\";a:1:{i:0;s:1:\"1\";}}}}s:3:\"rss\";a:1:{s:4:\"feed\";a:1:{s:1:\"*\";s:1:\"*\";}}s:4:\"user\";a:1:{s:5:\"login\";a:1:{s:5:\"p_383\";a:1:{s:10:\"SiteAccess\";a:1:{i:0;s:10:\"1512209704\";}}}}s:8:\"ezjscore\";a:2:{s:4:\"call\";a:1:{s:1:\"*\";s:1:\"*\";}s:3:\"run\";a:1:{s:1:\"*\";s:1:\"*\";}}}AccessArrayTimestamp|i:1270678387;eZGlobalSection|a:1:{s:2:\"id\";s:1:\"1\";}eZRoleIDList_Timestamp|i:1270678387;eZUserGroupsCache_Timestamp|i:1270678387;eZUserGroupsCache|a:2:{i:0;s:2:\"42\";i:1;s:1:\"4\";}eZRoleIDList|a:1:{i:0;s:1:\"1\";}eZRoleLimitationValueList_Timestamp|i:1270678387;eZRoleLimitationValueList|a:1:{i:0;s:0:\"\";}',1270937587,'008559a1bea8a84d9200d332c62c8315','a2e4822a98337283e39f7b60acf85ec9',10),('eZUserInfoCache_Timestamp|i:1269279558;AccessArrayTimestamp|i:1269279558;eZGlobalSection|a:1:{s:2:\"id\";s:1:\"1\";}eZRoleIDList_Timestamp|i:1269279559;eZUserGroupsCache_Timestamp|i:1269279558;eZRoleLimitationValueList_Timestamp|i:1269279559;LastAccessedModifyingURI|s:17:\"/Foto/Arrosticini\";eZUserGroupsCache|a:2:{i:0;s:2:\"12\";i:1;s:1:\"4\";}AccessArray|a:35:{s:5:\"class\";a:1:{s:1:\"*\";a:1:{s:1:\"*\";s:1:\"*\";}}s:13:\"collaboration\";a:1:{s:1:\"*\";a:1:{s:1:\"*\";s:1:\"*\";}}s:7:\"content\";a:21:{s:8:\"bookmark\";a:1:{s:1:\"*\";s:1:\"*\";}s:10:\"cleantrash\";a:1:{s:1:\"*\";s:1:\"*\";}s:6:\"create\";a:1:{s:1:\"*\";s:1:\"*\";}s:4:\"diff\";a:1:{s:1:\"*\";s:1:\"*\";}s:4:\"edit\";a:1:{s:1:\"*\";a:1:{s:18:\"StateGroup_ez_lock\";a:1:{i:0;s:1:\"1\";}}}s:4:\"hide\";a:1:{s:1:\"*\";s:1:\"*\";}s:16:\"manage_locations\";a:1:{s:1:\"*\";s:1:\"*\";}s:4:\"move\";a:1:{s:1:\"*\";s:1:\"*\";}s:3:\"pdf\";a:1:{s:1:\"*\";s:1:\"*\";}s:11:\"pendinglist\";a:1:{s:1:\"*\";s:1:\"*\";}s:4:\"read\";a:1:{s:1:\"*\";s:1:\"*\";}s:6:\"remove\";a:1:{s:1:\"*\";a:1:{s:18:\"StateGroup_ez_lock\";a:1:{i:0;s:1:\"1\";}}}s:7:\"restore\";a:1:{s:1:\"*\";s:1:\"*\";}s:18:\"reverserelatedlist\";a:1:{s:1:\"*\";s:1:\"*\";}s:10:\"tipafriend\";a:1:{s:1:\"*\";s:1:\"*\";}s:9:\"translate\";a:1:{s:1:\"*\";s:1:\"*\";}s:12:\"translations\";a:1:{s:1:\"*\";s:1:\"*\";}s:13:\"urltranslator\";a:1:{s:1:\"*\";s:1:\"*\";}s:11:\"versionread\";a:1:{s:1:\"*\";s:1:\"*\";}s:13:\"versionremove\";a:1:{s:1:\"*\";s:1:\"*\";}s:10:\"view_embed\";a:1:{s:1:\"*\";s:1:\"*\";}}s:5:\"error\";a:1:{s:1:\"*\";a:1:{s:1:\"*\";s:1:\"*\";}}s:6:\"ezinfo\";a:1:{s:4:\"read\";a:1:{s:1:\"*\";s:1:\"*\";}}s:13:\"infocollector\";a:1:{s:4:\"read\";a:1:{s:1:\"*\";s:1:\"*\";}}s:6:\"layout\";a:1:{s:1:\"*\";a:1:{s:1:\"*\";s:1:\"*\";}}s:12:\"notification\";a:2:{s:12:\"administrate\";a:1:{s:1:\"*\";s:1:\"*\";}s:3:\"use\";a:1:{s:1:\"*\";s:1:\"*\";}}s:7:\"package\";a:8:{s:6:\"create\";a:1:{s:1:\"*\";s:1:\"*\";}s:4:\"edit\";a:1:{s:1:\"*\";s:1:\"*\";}s:6:\"export\";a:1:{s:1:\"*\";s:1:\"*\";}s:6:\"import\";a:1:{s:1:\"*\";s:1:\"*\";}s:7:\"install\";a:1:{s:1:\"*\";s:1:\"*\";}s:4:\"list\";a:1:{s:1:\"*\";s:1:\"*\";}s:4:\"read\";a:1:{s:1:\"*\";s:1:\"*\";}s:6:\"remove\";a:1:{s:1:\"*\";s:1:\"*\";}}s:3:\"pdf\";a:2:{s:6:\"create\";a:1:{s:1:\"*\";s:1:\"*\";}s:4:\"edit\";a:1:{s:1:\"*\";s:1:\"*\";}}s:4:\"role\";a:1:{s:1:\"*\";a:1:{s:1:\"*\";s:1:\"*\";}}s:3:\"rss\";a:2:{s:4:\"edit\";a:1:{s:1:\"*\";s:1:\"*\";}s:4:\"feed\";a:1:{s:1:\"*\";s:1:\"*\";}}s:6:\"search\";a:1:{s:1:\"*\";a:1:{s:1:\"*\";s:1:\"*\";}}s:7:\"section\";a:3:{s:6:\"assign\";a:1:{s:1:\"*\";s:1:\"*\";}s:4:\"edit\";a:1:{s:1:\"*\";s:1:\"*\";}s:4:\"view\";a:1:{s:1:\"*\";s:1:\"*\";}}s:8:\"settings\";a:1:{s:1:\"*\";a:1:{s:1:\"*\";s:1:\"*\";}}s:5:\"setup\";a:5:{s:12:\"administrate\";a:1:{s:1:\"*\";s:1:\"*\";}s:7:\"install\";a:1:{s:1:\"*\";s:1:\"*\";}s:11:\"managecache\";a:1:{s:1:\"*\";s:1:\"*\";}s:5:\"setup\";a:1:{s:1:\"*\";s:1:\"*\";}s:11:\"system_info\";a:1:{s:1:\"*\";s:1:\"*\";}}s:4:\"shop\";a:5:{s:12:\"administrate\";a:1:{s:1:\"*\";s:1:\"*\";}s:3:\"buy\";a:1:{s:1:\"*\";s:1:\"*\";}s:11:\"edit_status\";a:1:{s:1:\"*\";s:1:\"*\";}s:9:\"setstatus\";a:1:{s:1:\"*\";s:1:\"*\";}s:5:\"setup\";a:1:{s:1:\"*\";s:1:\"*\";}}s:5:\"state\";a:2:{s:12:\"administrate\";a:1:{s:1:\"*\";s:1:\"*\";}s:6:\"assign\";a:1:{s:1:\"*\";s:1:\"*\";}}s:7:\"trigger\";a:1:{s:1:\"*\";a:1:{s:1:\"*\";s:1:\"*\";}}s:3:\"url\";a:1:{s:1:\"*\";a:1:{s:1:\"*\";s:1:\"*\";}}s:4:\"user\";a:5:{s:5:\"login\";a:1:{s:1:\"*\";s:1:\"*\";}s:8:\"password\";a:1:{s:1:\"*\";s:1:\"*\";}s:11:\"preferences\";a:1:{s:1:\"*\";s:1:\"*\";}s:8:\"register\";a:1:{s:1:\"*\";s:1:\"*\";}s:8:\"selfedit\";a:1:{s:1:\"*\";s:1:\"*\";}}s:6:\"visual\";a:1:{s:1:\"*\";a:1:{s:1:\"*\";s:1:\"*\";}}s:8:\"workflow\";a:1:{s:1:\"*\";a:1:{s:1:\"*\";s:1:\"*\";}}s:14:\"switchlanguage\";a:1:{s:1:\"*\";a:1:{s:1:\"*\";s:1:\"*\";}}s:5:\"ezodf\";a:2:{s:6:\"export\";a:1:{s:1:\"*\";s:1:\"*\";}s:6:\"import\";a:1:{s:1:\"*\";s:1:\"*\";}}s:4:\"ezoe\";a:4:{s:6:\"browse\";a:1:{s:1:\"*\";s:1:\"*\";}s:6:\"editor\";a:1:{s:1:\"*\";s:1:\"*\";}s:9:\"relations\";a:1:{s:1:\"*\";s:1:\"*\";}s:6:\"search\";a:1:{s:1:\"*\";s:1:\"*\";}}s:14:\"websitetoolbar\";a:1:{s:3:\"use\";a:1:{s:1:\"*\";s:1:\"*\";}}s:13:\"ezmultiupload\";a:1:{s:1:\"*\";a:1:{s:1:\"*\";s:1:\"*\";}}s:6:\"ezflow\";a:4:{s:4:\"call\";a:1:{s:1:\"*\";s:1:\"*\";}s:12:\"changelayout\";a:1:{s:1:\"*\";s:1:\"*\";}s:4:\"edit\";a:1:{s:1:\"*\";s:1:\"*\";}s:8:\"timeline\";a:1:{s:1:\"*\";s:1:\"*\";}}s:5:\"flash\";a:1:{s:1:\"*\";a:1:{s:1:\"*\";s:1:\"*\";}}s:6:\"survey\";a:2:{s:14:\"administration\";a:1:{s:1:\"*\";s:1:\"*\";}s:7:\"filling\";a:1:{s:1:\"*\";s:1:\"*\";}}s:20:\"objectrelationbrowse\";a:1:{s:1:\"*\";a:1:{s:1:\"*\";s:1:\"*\";}}s:8:\"ezjscore\";a:2:{s:4:\"call\";a:1:{s:1:\"*\";s:1:\"*\";}s:3:\"run\";a:1:{s:1:\"*\";s:1:\"*\";}}s:8:\"calendar\";a:1:{s:1:\"*\";a:1:{s:1:\"*\";s:1:\"*\";}}s:12:\"ticketsystem\";a:1:{s:1:\"*\";a:1:{s:1:\"*\";s:1:\"*\";}}}eZUserLoggedInID|s:2:\"14\";eZUserInfoCache|a:1:{i:14;a:5:{s:16:\"contentobject_id\";s:2:\"14\";s:5:\"login\";s:5:\"admin\";s:5:\"email\";s:16:\"mosarg@gmail.com\";s:13:\"password_hash\";s:32:\"601ff46e32cfc28211388850e15fc138\";s:18:\"password_hash_type\";s:1:\"2\";}}eZRoleIDList|a:1:{i:0;s:1:\"2\";}eZRoleLimitationValueList|a:1:{i:0;s:0:\"\";}eZPreferences|a:1:{s:21:\"admin_clearcache_type\";b:0;}LastAccessesURI|s:17:\"/Foto/Arrosticini\";',1269540713,'00a9ea2f38073cc90dc51252da3d3849','a2e4822a98337283e39f7b60acf85ec9',14),('eZUserLoggedInID|i:10;eZUserInfoCache_Timestamp|i:1270560248;eZUserInfoCache|a:1:{i:10;a:5:{s:16:\"contentobject_id\";s:2:\"10\";s:5:\"login\";s:9:\"anonymous\";s:5:\"email\";s:12:\"nospam@ez.no\";s:13:\"password_hash\";s:32:\"4e6f6184135228ccd45f8233d72a0363\";s:18:\"password_hash_type\";s:1:\"2\";}}eZUserGroupsCache_Timestamp|i:1270560248;eZUserGroupsCache|a:2:{i:0;s:2:\"42\";i:1;s:1:\"4\";}AccessArray|a:4:{s:7:\"content\";a:2:{s:4:\"read\";a:2:{s:5:\"p_380\";a:1:{s:7:\"Section\";a:1:{i:0;s:1:\"1\";}}s:5:\"p_384\";a:2:{s:5:\"Class\";a:6:{i:0;s:2:\"29\";i:1;s:2:\"33\";i:2;s:2:\"35\";i:3;s:2:\"36\";i:4;s:2:\"37\";i:5;s:2:\"45\";}s:7:\"Section\";a:1:{i:0;s:1:\"3\";}}}s:3:\"pdf\";a:1:{s:5:\"p_381\";a:1:{s:7:\"Section\";a:1:{i:0;s:1:\"1\";}}}}s:3:\"rss\";a:1:{s:4:\"feed\";a:1:{s:1:\"*\";s:1:\"*\";}}s:4:\"user\";a:1:{s:5:\"login\";a:1:{s:5:\"p_383\";a:1:{s:10:\"SiteAccess\";a:1:{i:0;s:10:\"1512209704\";}}}}s:8:\"ezjscore\";a:2:{s:4:\"call\";a:1:{s:1:\"*\";s:1:\"*\";}s:3:\"run\";a:1:{s:1:\"*\";s:1:\"*\";}}}AccessArrayTimestamp|i:1270588514;eZGlobalSection|a:1:{s:2:\"id\";s:1:\"1\";}eZRoleIDList_Timestamp|i:1270560249;eZRoleIDList|a:1:{i:0;s:1:\"1\";}eZRoleLimitationValueList_Timestamp|i:1270560249;eZRoleLimitationValueList|a:1:{i:0;s:0:\"\";}LastAccessesURI|s:18:\"/Eventi/Calendario\";LastAccessedModifyingURI|s:18:\"/Eventi/Calendario\";',1270849391,'00f72767a51d0f2888e420da0d64f72a','a2e4822a98337283e39f7b60acf85ec9',10),('eZUserLoggedInID|i:10;eZUserInfoCache_Timestamp|i:1270062400;eZUserInfoCache|a:1:{i:10;a:5:{s:16:\"contentobject_id\";s:2:\"10\";s:5:\"login\";s:9:\"anonymous\";s:5:\"email\";s:12:\"nospam@ez.no\";s:13:\"password_hash\";s:32:\"4e6f6184135228ccd45f8233d72a0363\";s:18:\"password_hash_type\";s:1:\"2\";}}AccessArray|a:3:{s:7:\"content\";a:2:{s:4:\"read\";a:2:{s:5:\"p_374\";a:1:{s:7:\"Section\";a:1:{i:0;s:1:\"1\";}}s:5:\"p_379\";a:2:{s:5:\"Class\";a:6:{i:0;s:2:\"29\";i:1;s:2:\"33\";i:2;s:2:\"35\";i:3;s:2:\"36\";i:4;s:2:\"37\";i:5;s:2:\"45\";}s:7:\"Section\";a:1:{i:0;s:1:\"3\";}}}s:3:\"pdf\";a:1:{s:5:\"p_375\";a:1:{s:7:\"Section\";a:1:{i:0;s:1:\"1\";}}}}s:3:\"rss\";a:1:{s:4:\"feed\";a:1:{s:1:\"*\";s:1:\"*\";}}s:4:\"user\";a:1:{s:5:\"login\";a:1:{s:5:\"p_377\";a:1:{s:10:\"SiteAccess\";a:1:{i:0;s:10:\"1512209704\";}}}}}AccessArrayTimestamp|i:1270062400;',1270321600,'01b951cb37852d501c13f05218bfd562','a2e4822a98337283e39f7b60acf85ec9',10),('eZUserInfoCache_Timestamp|i:1271004682;AccessArrayTimestamp|i:1271004682;eZGlobalSection|a:1:{s:2:\"id\";s:1:\"1\";}eZRoleIDList_Timestamp|i:1271004683;eZUserGroupsCache_Timestamp|i:1271004683;eZRoleLimitationValueList_Timestamp|i:1271004683;LastAccessesURI|s:45:\"/Equitazione/Cavalli/Il-paradiso-degli-stolti\";LastAccessedModifyingURI|s:45:\"/Equitazione/Cavalli/Il-paradiso-degli-stolti\";DiscardObjectID|s:2:\"57\";DiscardObjectVersion|s:2:\"15\";DiscardObjectLanguage|s:6:\"ita-IT\";DiscardConfirm|s:1:\"0\";force_logout|i:1;AccessArray|a:36:{s:5:\"class\";a:1:{s:1:\"*\";a:1:{s:1:\"*\";s:1:\"*\";}}s:13:\"collaboration\";a:1:{s:1:\"*\";a:1:{s:1:\"*\";s:1:\"*\";}}s:7:\"content\";a:21:{s:8:\"bookmark\";a:1:{s:1:\"*\";s:1:\"*\";}s:10:\"cleantrash\";a:1:{s:1:\"*\";s:1:\"*\";}s:6:\"create\";a:1:{s:1:\"*\";s:1:\"*\";}s:4:\"diff\";a:1:{s:1:\"*\";s:1:\"*\";}s:4:\"edit\";a:1:{s:1:\"*\";a:1:{s:18:\"StateGroup_ez_lock\";a:1:{i:0;s:1:\"1\";}}}s:4:\"hide\";a:1:{s:1:\"*\";s:1:\"*\";}s:16:\"manage_locations\";a:1:{s:1:\"*\";s:1:\"*\";}s:4:\"move\";a:1:{s:1:\"*\";s:1:\"*\";}s:3:\"pdf\";a:1:{s:1:\"*\";s:1:\"*\";}s:11:\"pendinglist\";a:1:{s:1:\"*\";s:1:\"*\";}s:4:\"read\";a:1:{s:1:\"*\";s:1:\"*\";}s:6:\"remove\";a:1:{s:1:\"*\";a:1:{s:18:\"StateGroup_ez_lock\";a:1:{i:0;s:1:\"1\";}}}s:7:\"restore\";a:1:{s:1:\"*\";s:1:\"*\";}s:18:\"reverserelatedlist\";a:1:{s:1:\"*\";s:1:\"*\";}s:10:\"tipafriend\";a:1:{s:1:\"*\";s:1:\"*\";}s:9:\"translate\";a:1:{s:1:\"*\";s:1:\"*\";}s:12:\"translations\";a:1:{s:1:\"*\";s:1:\"*\";}s:13:\"urltranslator\";a:1:{s:1:\"*\";s:1:\"*\";}s:11:\"versionread\";a:1:{s:1:\"*\";s:1:\"*\";}s:13:\"versionremove\";a:1:{s:1:\"*\";s:1:\"*\";}s:10:\"view_embed\";a:1:{s:1:\"*\";s:1:\"*\";}}s:5:\"error\";a:1:{s:1:\"*\";a:1:{s:1:\"*\";s:1:\"*\";}}s:6:\"ezinfo\";a:1:{s:4:\"read\";a:1:{s:1:\"*\";s:1:\"*\";}}s:13:\"infocollector\";a:1:{s:4:\"read\";a:1:{s:1:\"*\";s:1:\"*\";}}s:6:\"layout\";a:1:{s:1:\"*\";a:1:{s:1:\"*\";s:1:\"*\";}}s:12:\"notification\";a:2:{s:12:\"administrate\";a:1:{s:1:\"*\";s:1:\"*\";}s:3:\"use\";a:1:{s:1:\"*\";s:1:\"*\";}}s:7:\"package\";a:8:{s:6:\"create\";a:1:{s:1:\"*\";s:1:\"*\";}s:4:\"edit\";a:1:{s:1:\"*\";s:1:\"*\";}s:6:\"export\";a:1:{s:1:\"*\";s:1:\"*\";}s:6:\"import\";a:1:{s:1:\"*\";s:1:\"*\";}s:7:\"install\";a:1:{s:1:\"*\";s:1:\"*\";}s:4:\"list\";a:1:{s:1:\"*\";s:1:\"*\";}s:4:\"read\";a:1:{s:1:\"*\";s:1:\"*\";}s:6:\"remove\";a:1:{s:1:\"*\";s:1:\"*\";}}s:3:\"pdf\";a:2:{s:6:\"create\";a:1:{s:1:\"*\";s:1:\"*\";}s:4:\"edit\";a:1:{s:1:\"*\";s:1:\"*\";}}s:4:\"role\";a:1:{s:1:\"*\";a:1:{s:1:\"*\";s:1:\"*\";}}s:3:\"rss\";a:2:{s:4:\"edit\";a:1:{s:1:\"*\";s:1:\"*\";}s:4:\"feed\";a:1:{s:1:\"*\";s:1:\"*\";}}s:6:\"search\";a:1:{s:1:\"*\";a:1:{s:1:\"*\";s:1:\"*\";}}s:7:\"section\";a:3:{s:6:\"assign\";a:1:{s:1:\"*\";s:1:\"*\";}s:4:\"edit\";a:1:{s:1:\"*\";s:1:\"*\";}s:4:\"view\";a:1:{s:1:\"*\";s:1:\"*\";}}s:8:\"settings\";a:1:{s:1:\"*\";a:1:{s:1:\"*\";s:1:\"*\";}}s:5:\"setup\";a:5:{s:12:\"administrate\";a:1:{s:1:\"*\";s:1:\"*\";}s:7:\"install\";a:1:{s:1:\"*\";s:1:\"*\";}s:11:\"managecache\";a:1:{s:1:\"*\";s:1:\"*\";}s:5:\"setup\";a:1:{s:1:\"*\";s:1:\"*\";}s:11:\"system_info\";a:1:{s:1:\"*\";s:1:\"*\";}}s:4:\"shop\";a:5:{s:12:\"administrate\";a:1:{s:1:\"*\";s:1:\"*\";}s:3:\"buy\";a:1:{s:1:\"*\";s:1:\"*\";}s:11:\"edit_status\";a:1:{s:1:\"*\";s:1:\"*\";}s:9:\"setstatus\";a:1:{s:1:\"*\";s:1:\"*\";}s:5:\"setup\";a:1:{s:1:\"*\";s:1:\"*\";}}s:5:\"state\";a:2:{s:12:\"administrate\";a:1:{s:1:\"*\";s:1:\"*\";}s:6:\"assign\";a:1:{s:1:\"*\";s:1:\"*\";}}s:7:\"trigger\";a:1:{s:1:\"*\";a:1:{s:1:\"*\";s:1:\"*\";}}s:3:\"url\";a:1:{s:1:\"*\";a:1:{s:1:\"*\";s:1:\"*\";}}s:4:\"user\";a:5:{s:5:\"login\";a:1:{s:1:\"*\";s:1:\"*\";}s:8:\"password\";a:1:{s:1:\"*\";s:1:\"*\";}s:11:\"preferences\";a:1:{s:1:\"*\";s:1:\"*\";}s:8:\"register\";a:1:{s:1:\"*\";s:1:\"*\";}s:8:\"selfedit\";a:1:{s:1:\"*\";s:1:\"*\";}}s:6:\"visual\";a:1:{s:1:\"*\";a:1:{s:1:\"*\";s:1:\"*\";}}s:8:\"workflow\";a:1:{s:1:\"*\";a:1:{s:1:\"*\";s:1:\"*\";}}s:14:\"switchlanguage\";a:1:{s:1:\"*\";a:1:{s:1:\"*\";s:1:\"*\";}}s:5:\"ezodf\";a:2:{s:6:\"export\";a:1:{s:1:\"*\";s:1:\"*\";}s:6:\"import\";a:1:{s:1:\"*\";s:1:\"*\";}}s:4:\"ezoe\";a:4:{s:6:\"browse\";a:1:{s:1:\"*\";s:1:\"*\";}s:6:\"editor\";a:1:{s:1:\"*\";s:1:\"*\";}s:9:\"relations\";a:1:{s:1:\"*\";s:1:\"*\";}s:6:\"search\";a:1:{s:1:\"*\";s:1:\"*\";}}s:14:\"websitetoolbar\";a:1:{s:3:\"use\";a:1:{s:1:\"*\";s:1:\"*\";}}s:13:\"ezmultiupload\";a:1:{s:1:\"*\";a:1:{s:1:\"*\";s:1:\"*\";}}s:6:\"ezflow\";a:4:{s:4:\"call\";a:1:{s:1:\"*\";s:1:\"*\";}s:12:\"changelayout\";a:1:{s:1:\"*\";s:1:\"*\";}s:4:\"edit\";a:1:{s:1:\"*\";s:1:\"*\";}s:8:\"timeline\";a:1:{s:1:\"*\";s:1:\"*\";}}s:5:\"flash\";a:1:{s:1:\"*\";a:1:{s:1:\"*\";s:1:\"*\";}}s:6:\"survey\";a:2:{s:14:\"administration\";a:1:{s:1:\"*\";s:1:\"*\";}s:7:\"filling\";a:1:{s:1:\"*\";s:1:\"*\";}}s:20:\"objectrelationbrowse\";a:1:{s:1:\"*\";a:1:{s:1:\"*\";s:1:\"*\";}}s:8:\"ezjscore\";a:2:{s:4:\"call\";a:1:{s:1:\"*\";s:1:\"*\";}s:3:\"run\";a:1:{s:1:\"*\";s:1:\"*\";}}s:8:\"calendar\";a:1:{s:1:\"*\";a:1:{s:1:\"*\";s:1:\"*\";}}s:12:\"ticketsystem\";a:1:{s:1:\"*\";a:1:{s:1:\"*\";s:1:\"*\";}}s:7:\"comment\";a:6:{s:8:\"activate\";a:1:{s:1:\"*\";s:1:\"*\";}s:3:\"add\";a:1:{s:1:\"*\";s:1:\"*\";}s:6:\"delete\";a:1:{s:1:\"*\";s:1:\"*\";}s:4:\"edit\";a:1:{s:1:\"*\";s:1:\"*\";}s:4:\"read\";a:1:{s:1:\"*\";s:1:\"*\";}s:7:\"setting\";a:1:{s:1:\"*\";s:1:\"*\";}}}eZUserLoggedInID|s:2:\"14\";eZUserInfoCache|a:1:{i:14;a:5:{s:16:\"contentobject_id\";s:2:\"14\";s:5:\"login\";s:5:\"admin\";s:5:\"email\";s:16:\"mosarg@gmail.com\";s:13:\"password_hash\";s:32:\"601ff46e32cfc28211388850e15fc138\";s:18:\"password_hash_type\";s:1:\"2\";}}eZUserGroupsCache|a:2:{i:0;s:2:\"12\";i:1;s:1:\"4\";}eZRoleIDList|a:1:{i:0;s:1:\"2\";}eZRoleLimitationValueList|a:1:{i:0;s:0:\"\";}eZPreferences|a:1:{s:21:\"admin_clearcache_type\";b:0;}',1271264780,'050bf06a469b3651b6d92fd3520e0cc8','a2e4822a98337283e39f7b60acf85ec9',14),('eZUserInfoCache_Timestamp|i:1270143345;eZUserGroupsCache_Timestamp|i:1270143343;eZRoleIDList_Timestamp|i:1270143344;eZRoleLimitationValueList_Timestamp|i:1270143344;AccessArray|a:35:{s:5:\"class\";a:1:{s:1:\"*\";a:1:{s:1:\"*\";s:1:\"*\";}}s:13:\"collaboration\";a:1:{s:1:\"*\";a:1:{s:1:\"*\";s:1:\"*\";}}s:7:\"content\";a:21:{s:8:\"bookmark\";a:1:{s:1:\"*\";s:1:\"*\";}s:10:\"cleantrash\";a:1:{s:1:\"*\";s:1:\"*\";}s:6:\"create\";a:1:{s:1:\"*\";s:1:\"*\";}s:4:\"diff\";a:1:{s:1:\"*\";s:1:\"*\";}s:4:\"edit\";a:1:{s:1:\"*\";a:1:{s:18:\"StateGroup_ez_lock\";a:1:{i:0;s:1:\"1\";}}}s:4:\"hide\";a:1:{s:1:\"*\";s:1:\"*\";}s:16:\"manage_locations\";a:1:{s:1:\"*\";s:1:\"*\";}s:4:\"move\";a:1:{s:1:\"*\";s:1:\"*\";}s:3:\"pdf\";a:1:{s:1:\"*\";s:1:\"*\";}s:11:\"pendinglist\";a:1:{s:1:\"*\";s:1:\"*\";}s:4:\"read\";a:1:{s:1:\"*\";s:1:\"*\";}s:6:\"remove\";a:1:{s:1:\"*\";a:1:{s:18:\"StateGroup_ez_lock\";a:1:{i:0;s:1:\"1\";}}}s:7:\"restore\";a:1:{s:1:\"*\";s:1:\"*\";}s:18:\"reverserelatedlist\";a:1:{s:1:\"*\";s:1:\"*\";}s:10:\"tipafriend\";a:1:{s:1:\"*\";s:1:\"*\";}s:9:\"translate\";a:1:{s:1:\"*\";s:1:\"*\";}s:12:\"translations\";a:1:{s:1:\"*\";s:1:\"*\";}s:13:\"urltranslator\";a:1:{s:1:\"*\";s:1:\"*\";}s:11:\"versionread\";a:1:{s:1:\"*\";s:1:\"*\";}s:13:\"versionremove\";a:1:{s:1:\"*\";s:1:\"*\";}s:10:\"view_embed\";a:1:{s:1:\"*\";s:1:\"*\";}}s:5:\"error\";a:1:{s:1:\"*\";a:1:{s:1:\"*\";s:1:\"*\";}}s:6:\"ezinfo\";a:1:{s:4:\"read\";a:1:{s:1:\"*\";s:1:\"*\";}}s:13:\"infocollector\";a:1:{s:4:\"read\";a:1:{s:1:\"*\";s:1:\"*\";}}s:6:\"layout\";a:1:{s:1:\"*\";a:1:{s:1:\"*\";s:1:\"*\";}}s:12:\"notification\";a:2:{s:12:\"administrate\";a:1:{s:1:\"*\";s:1:\"*\";}s:3:\"use\";a:1:{s:1:\"*\";s:1:\"*\";}}s:7:\"package\";a:8:{s:6:\"create\";a:1:{s:1:\"*\";s:1:\"*\";}s:4:\"edit\";a:1:{s:1:\"*\";s:1:\"*\";}s:6:\"export\";a:1:{s:1:\"*\";s:1:\"*\";}s:6:\"import\";a:1:{s:1:\"*\";s:1:\"*\";}s:7:\"install\";a:1:{s:1:\"*\";s:1:\"*\";}s:4:\"list\";a:1:{s:1:\"*\";s:1:\"*\";}s:4:\"read\";a:1:{s:1:\"*\";s:1:\"*\";}s:6:\"remove\";a:1:{s:1:\"*\";s:1:\"*\";}}s:3:\"pdf\";a:2:{s:6:\"create\";a:1:{s:1:\"*\";s:1:\"*\";}s:4:\"edit\";a:1:{s:1:\"*\";s:1:\"*\";}}s:4:\"role\";a:1:{s:1:\"*\";a:1:{s:1:\"*\";s:1:\"*\";}}s:3:\"rss\";a:2:{s:4:\"edit\";a:1:{s:1:\"*\";s:1:\"*\";}s:4:\"feed\";a:1:{s:1:\"*\";s:1:\"*\";}}s:6:\"search\";a:1:{s:1:\"*\";a:1:{s:1:\"*\";s:1:\"*\";}}s:7:\"section\";a:3:{s:6:\"assign\";a:1:{s:1:\"*\";s:1:\"*\";}s:4:\"edit\";a:1:{s:1:\"*\";s:1:\"*\";}s:4:\"view\";a:1:{s:1:\"*\";s:1:\"*\";}}s:8:\"settings\";a:1:{s:1:\"*\";a:1:{s:1:\"*\";s:1:\"*\";}}s:5:\"setup\";a:5:{s:12:\"administrate\";a:1:{s:1:\"*\";s:1:\"*\";}s:7:\"install\";a:1:{s:1:\"*\";s:1:\"*\";}s:11:\"managecache\";a:1:{s:1:\"*\";s:1:\"*\";}s:5:\"setup\";a:1:{s:1:\"*\";s:1:\"*\";}s:11:\"system_info\";a:1:{s:1:\"*\";s:1:\"*\";}}s:4:\"shop\";a:5:{s:12:\"administrate\";a:1:{s:1:\"*\";s:1:\"*\";}s:3:\"buy\";a:1:{s:1:\"*\";s:1:\"*\";}s:11:\"edit_status\";a:1:{s:1:\"*\";s:1:\"*\";}s:9:\"setstatus\";a:1:{s:1:\"*\";s:1:\"*\";}s:5:\"setup\";a:1:{s:1:\"*\";s:1:\"*\";}}s:5:\"state\";a:2:{s:12:\"administrate\";a:1:{s:1:\"*\";s:1:\"*\";}s:6:\"assign\";a:1:{s:1:\"*\";s:1:\"*\";}}s:7:\"trigger\";a:1:{s:1:\"*\";a:1:{s:1:\"*\";s:1:\"*\";}}s:3:\"url\";a:1:{s:1:\"*\";a:1:{s:1:\"*\";s:1:\"*\";}}s:4:\"user\";a:5:{s:5:\"login\";a:1:{s:1:\"*\";s:1:\"*\";}s:8:\"password\";a:1:{s:1:\"*\";s:1:\"*\";}s:11:\"preferences\";a:1:{s:1:\"*\";s:1:\"*\";}s:8:\"register\";a:1:{s:1:\"*\";s:1:\"*\";}s:8:\"selfedit\";a:1:{s:1:\"*\";s:1:\"*\";}}s:6:\"visual\";a:1:{s:1:\"*\";a:1:{s:1:\"*\";s:1:\"*\";}}s:8:\"workflow\";a:1:{s:1:\"*\";a:1:{s:1:\"*\";s:1:\"*\";}}s:14:\"switchlanguage\";a:1:{s:1:\"*\";a:1:{s:1:\"*\";s:1:\"*\";}}s:5:\"ezodf\";a:2:{s:6:\"export\";a:1:{s:1:\"*\";s:1:\"*\";}s:6:\"import\";a:1:{s:1:\"*\";s:1:\"*\";}}s:4:\"ezoe\";a:4:{s:6:\"browse\";a:1:{s:1:\"*\";s:1:\"*\";}s:6:\"editor\";a:1:{s:1:\"*\";s:1:\"*\";}s:9:\"relations\";a:1:{s:1:\"*\";s:1:\"*\";}s:6:\"search\";a:1:{s:1:\"*\";s:1:\"*\";}}s:14:\"websitetoolbar\";a:1:{s:3:\"use\";a:1:{s:1:\"*\";s:1:\"*\";}}s:13:\"ezmultiupload\";a:1:{s:1:\"*\";a:1:{s:1:\"*\";s:1:\"*\";}}s:6:\"ezflow\";a:4:{s:4:\"call\";a:1:{s:1:\"*\";s:1:\"*\";}s:12:\"changelayout\";a:1:{s:1:\"*\";s:1:\"*\";}s:4:\"edit\";a:1:{s:1:\"*\";s:1:\"*\";}s:8:\"timeline\";a:1:{s:1:\"*\";s:1:\"*\";}}s:5:\"flash\";a:1:{s:1:\"*\";a:1:{s:1:\"*\";s:1:\"*\";}}s:6:\"survey\";a:2:{s:14:\"administration\";a:1:{s:1:\"*\";s:1:\"*\";}s:7:\"filling\";a:1:{s:1:\"*\";s:1:\"*\";}}s:20:\"objectrelationbrowse\";a:1:{s:1:\"*\";a:1:{s:1:\"*\";s:1:\"*\";}}s:8:\"ezjscore\";a:2:{s:4:\"call\";a:1:{s:1:\"*\";s:1:\"*\";}s:3:\"run\";a:1:{s:1:\"*\";s:1:\"*\";}}s:8:\"calendar\";a:1:{s:1:\"*\";a:1:{s:1:\"*\";s:1:\"*\";}}s:12:\"ticketsystem\";a:1:{s:1:\"*\";a:1:{s:1:\"*\";s:1:\"*\";}}}AccessArrayTimestamp|i:1270143345;eZUserLoggedInID|s:2:\"14\";eZUserInfoCache|a:1:{i:14;a:5:{s:16:\"contentobject_id\";s:2:\"14\";s:5:\"login\";s:5:\"admin\";s:5:\"email\";s:16:\"mosarg@gmail.com\";s:13:\"password_hash\";s:32:\"601ff46e32cfc28211388850e15fc138\";s:18:\"password_hash_type\";s:1:\"2\";}}eZGlobalSection|a:1:{s:2:\"id\";s:1:\"1\";}eZPreferences|a:15:{s:24:\"admin_navigation_content\";s:1:\"1\";s:24:\"admin_navigation_details\";b:0;s:29:\"admin_navigation_translations\";b:0;s:26:\"admin_navigation_locations\";b:0;s:26:\"admin_navigation_relations\";b:0;s:23:\"admin_navigation_states\";b:0;s:16:\"admin_list_limit\";s:1:\"2\";s:23:\"admin_children_viewmode\";b:0;s:19:\"admin_bookmark_menu\";s:1:\"1\";s:21:\"admin_clearcache_menu\";b:0;s:24:\"admin_quicksettings_menu\";s:1:\"1\";s:30:\"admin_quicksettings_siteaccess\";s:12:\"mondelli_ita\";s:21:\"admin_left_menu_width\";b:0;s:14:\"admin_treemenu\";s:1:\"1\";s:21:\"admin_role_list_limit\";b:0;}eZUserGroupsCache|a:2:{i:0;s:2:\"12\";i:1;s:1:\"4\";}eZRoleIDList|a:1:{i:0;s:1:\"2\";}eZRoleLimitationValueList|a:1:{i:0;s:0:\"\";}LastAccessedModifyingURI|s:12:\"/role/view/1\";LastAccessesURI|s:12:\"/role/view/1\";',1270402545,'07e7cc8d65fe6d6696fa0ba6b8d48646','a2e4822a98337283e39f7b60acf85ec9',14),('eZUserInfoCache_Timestamp|i:1265066846;AccessArrayTimestamp|i:1265066847;eZGlobalSection|a:1:{s:2:\"id\";s:1:\"1\";}eZRoleIDList_Timestamp|i:1265066847;eZUserGroupsCache_Timestamp|i:1265066847;eZRoleLimitationValueList_Timestamp|i:1265066847;LastAccessedModifyingURI|s:0:\"\";LastAccessesURI|s:0:\"\";DiscardObjectID|s:2:\"57\";DiscardObjectVersion|s:1:\"3\";DiscardObjectLanguage|s:6:\"ita-IT\";DiscardConfirm|s:1:\"0\";force_logout|i:1;eZUserLoggedInID|i:10;eZUserInfoCache|a:1:{i:10;a:5:{s:16:\"contentobject_id\";s:2:\"10\";s:5:\"login\";s:9:\"anonymous\";s:5:\"email\";s:12:\"nospam@ez.no\";s:13:\"password_hash\";s:32:\"4e6f6184135228ccd45f8233d72a0363\";s:18:\"password_hash_type\";s:1:\"2\";}}eZUserGroupsCache|a:2:{i:0;s:2:\"42\";i:1;s:1:\"4\";}AccessArray|a:3:{s:7:\"content\";a:2:{s:4:\"read\";a:2:{s:5:\"p_374\";a:1:{s:7:\"Section\";a:1:{i:0;s:1:\"1\";}}s:5:\"p_379\";a:2:{s:5:\"Class\";a:6:{i:0;s:2:\"29\";i:1;s:2:\"33\";i:2;s:2:\"35\";i:3;s:2:\"36\";i:4;s:2:\"37\";i:5;s:2:\"45\";}s:7:\"Section\";a:1:{i:0;s:1:\"3\";}}}s:3:\"pdf\";a:1:{s:5:\"p_375\";a:1:{s:7:\"Section\";a:1:{i:0;s:1:\"1\";}}}}s:3:\"rss\";a:1:{s:4:\"feed\";a:1:{s:1:\"*\";s:1:\"*\";}}s:4:\"user\";a:1:{s:5:\"login\";a:1:{s:5:\"p_377\";a:1:{s:10:\"SiteAccess\";a:1:{i:0;s:10:\"1512209704\";}}}}}eZRoleIDList|a:1:{i:0;s:1:\"1\";}eZRoleLimitationValueList|a:1:{i:0;s:0:\"\";}eZPreferences|a:1:{s:20:\"ObjectCreationIDList\";s:15:\"a:1:{i:0;i:70;}\";}',1265326111,'09d5e5884fc6fc12296bf9024d2ac3f7','a2e4822a98337283e39f7b60acf85ec9',10),('eZUserLoggedInID|i:10;eZUserInfoCache_Timestamp|i:1269017617;eZUserInfoCache|a:1:{i:10;a:5:{s:16:\"contentobject_id\";s:2:\"10\";s:5:\"login\";s:9:\"anonymous\";s:5:\"email\";s:12:\"nospam@ez.no\";s:13:\"password_hash\";s:32:\"4e6f6184135228ccd45f8233d72a0363\";s:18:\"password_hash_type\";s:1:\"2\";}}AccessArray|a:3:{s:7:\"content\";a:2:{s:4:\"read\";a:2:{s:5:\"p_374\";a:1:{s:7:\"Section\";a:1:{i:0;s:1:\"1\";}}s:5:\"p_379\";a:2:{s:5:\"Class\";a:6:{i:0;s:2:\"29\";i:1;s:2:\"33\";i:2;s:2:\"35\";i:3;s:2:\"36\";i:4;s:2:\"37\";i:5;s:2:\"45\";}s:7:\"Section\";a:1:{i:0;s:1:\"3\";}}}s:3:\"pdf\";a:1:{s:5:\"p_375\";a:1:{s:7:\"Section\";a:1:{i:0;s:1:\"1\";}}}}s:3:\"rss\";a:1:{s:4:\"feed\";a:1:{s:1:\"*\";s:1:\"*\";}}s:4:\"user\";a:1:{s:5:\"login\";a:1:{s:5:\"p_377\";a:1:{s:10:\"SiteAccess\";a:1:{i:0;s:10:\"1512209704\";}}}}}AccessArrayTimestamp|i:1269017617;eZGlobalSection|a:1:{s:2:\"id\";s:1:\"1\";}eZRoleIDList_Timestamp|i:1269017618;eZUserGroupsCache_Timestamp|i:1269017618;eZUserGroupsCache|a:2:{i:0;s:2:\"42\";i:1;s:1:\"4\";}eZRoleIDList|a:1:{i:0;s:1:\"1\";}eZRoleLimitationValueList_Timestamp|i:1269017618;eZRoleLimitationValueList|a:1:{i:0;s:0:\"\";}',1269277888,'0a001fd3484365536c10a3074600f5f8','a2e4822a98337283e39f7b60acf85ec9',10),('eZUserInfoCache_Timestamp|i:1263930144;eZUserGroupsCache_Timestamp|i:1263930146;eZRoleIDList_Timestamp|i:1263930146;eZRoleLimitationValueList_Timestamp|i:1263930146;AccessArray|a:33:{s:5:\"class\";a:1:{s:1:\"*\";a:1:{s:1:\"*\";s:1:\"*\";}}s:13:\"collaboration\";a:1:{s:1:\"*\";a:1:{s:1:\"*\";s:1:\"*\";}}s:7:\"content\";a:21:{s:8:\"bookmark\";a:1:{s:1:\"*\";s:1:\"*\";}s:10:\"cleantrash\";a:1:{s:1:\"*\";s:1:\"*\";}s:6:\"create\";a:1:{s:1:\"*\";s:1:\"*\";}s:4:\"diff\";a:1:{s:1:\"*\";s:1:\"*\";}s:4:\"edit\";a:1:{s:1:\"*\";a:1:{s:18:\"StateGroup_ez_lock\";a:1:{i:0;s:1:\"1\";}}}s:4:\"hide\";a:1:{s:1:\"*\";s:1:\"*\";}s:16:\"manage_locations\";a:1:{s:1:\"*\";s:1:\"*\";}s:4:\"move\";a:1:{s:1:\"*\";s:1:\"*\";}s:3:\"pdf\";a:1:{s:1:\"*\";s:1:\"*\";}s:11:\"pendinglist\";a:1:{s:1:\"*\";s:1:\"*\";}s:4:\"read\";a:1:{s:1:\"*\";s:1:\"*\";}s:6:\"remove\";a:1:{s:1:\"*\";a:1:{s:18:\"StateGroup_ez_lock\";a:1:{i:0;s:1:\"1\";}}}s:7:\"restore\";a:1:{s:1:\"*\";s:1:\"*\";}s:18:\"reverserelatedlist\";a:1:{s:1:\"*\";s:1:\"*\";}s:10:\"tipafriend\";a:1:{s:1:\"*\";s:1:\"*\";}s:9:\"translate\";a:1:{s:1:\"*\";s:1:\"*\";}s:12:\"translations\";a:1:{s:1:\"*\";s:1:\"*\";}s:13:\"urltranslator\";a:1:{s:1:\"*\";s:1:\"*\";}s:11:\"versionread\";a:1:{s:1:\"*\";s:1:\"*\";}s:13:\"versionremove\";a:1:{s:1:\"*\";s:1:\"*\";}s:10:\"view_embed\";a:1:{s:1:\"*\";s:1:\"*\";}}s:5:\"error\";a:1:{s:1:\"*\";a:1:{s:1:\"*\";s:1:\"*\";}}s:6:\"ezinfo\";a:1:{s:4:\"read\";a:1:{s:1:\"*\";s:1:\"*\";}}s:13:\"infocollector\";a:1:{s:4:\"read\";a:1:{s:1:\"*\";s:1:\"*\";}}s:6:\"layout\";a:1:{s:1:\"*\";a:1:{s:1:\"*\";s:1:\"*\";}}s:12:\"notification\";a:2:{s:12:\"administrate\";a:1:{s:1:\"*\";s:1:\"*\";}s:3:\"use\";a:1:{s:1:\"*\";s:1:\"*\";}}s:7:\"package\";a:8:{s:6:\"create\";a:1:{s:1:\"*\";s:1:\"*\";}s:4:\"edit\";a:1:{s:1:\"*\";s:1:\"*\";}s:6:\"export\";a:1:{s:1:\"*\";s:1:\"*\";}s:6:\"import\";a:1:{s:1:\"*\";s:1:\"*\";}s:7:\"install\";a:1:{s:1:\"*\";s:1:\"*\";}s:4:\"list\";a:1:{s:1:\"*\";s:1:\"*\";}s:4:\"read\";a:1:{s:1:\"*\";s:1:\"*\";}s:6:\"remove\";a:1:{s:1:\"*\";s:1:\"*\";}}s:3:\"pdf\";a:2:{s:6:\"create\";a:1:{s:1:\"*\";s:1:\"*\";}s:4:\"edit\";a:1:{s:1:\"*\";s:1:\"*\";}}s:4:\"role\";a:1:{s:1:\"*\";a:1:{s:1:\"*\";s:1:\"*\";}}s:3:\"rss\";a:2:{s:4:\"edit\";a:1:{s:1:\"*\";s:1:\"*\";}s:4:\"feed\";a:1:{s:1:\"*\";s:1:\"*\";}}s:6:\"search\";a:1:{s:1:\"*\";a:1:{s:1:\"*\";s:1:\"*\";}}s:7:\"section\";a:3:{s:6:\"assign\";a:1:{s:1:\"*\";s:1:\"*\";}s:4:\"edit\";a:1:{s:1:\"*\";s:1:\"*\";}s:4:\"view\";a:1:{s:1:\"*\";s:1:\"*\";}}s:8:\"settings\";a:1:{s:1:\"*\";a:1:{s:1:\"*\";s:1:\"*\";}}s:5:\"setup\";a:5:{s:12:\"administrate\";a:1:{s:1:\"*\";s:1:\"*\";}s:7:\"install\";a:1:{s:1:\"*\";s:1:\"*\";}s:11:\"managecache\";a:1:{s:1:\"*\";s:1:\"*\";}s:5:\"setup\";a:1:{s:1:\"*\";s:1:\"*\";}s:11:\"system_info\";a:1:{s:1:\"*\";s:1:\"*\";}}s:4:\"shop\";a:5:{s:12:\"administrate\";a:1:{s:1:\"*\";s:1:\"*\";}s:3:\"buy\";a:1:{s:1:\"*\";s:1:\"*\";}s:11:\"edit_status\";a:1:{s:1:\"*\";s:1:\"*\";}s:9:\"setstatus\";a:1:{s:1:\"*\";s:1:\"*\";}s:5:\"setup\";a:1:{s:1:\"*\";s:1:\"*\";}}s:5:\"state\";a:2:{s:12:\"administrate\";a:1:{s:1:\"*\";s:1:\"*\";}s:6:\"assign\";a:1:{s:1:\"*\";s:1:\"*\";}}s:7:\"trigger\";a:1:{s:1:\"*\";a:1:{s:1:\"*\";s:1:\"*\";}}s:3:\"url\";a:1:{s:1:\"*\";a:1:{s:1:\"*\";s:1:\"*\";}}s:4:\"user\";a:5:{s:5:\"login\";a:1:{s:1:\"*\";s:1:\"*\";}s:8:\"password\";a:1:{s:1:\"*\";s:1:\"*\";}s:11:\"preferences\";a:1:{s:1:\"*\";s:1:\"*\";}s:8:\"register\";a:1:{s:1:\"*\";s:1:\"*\";}s:8:\"selfedit\";a:1:{s:1:\"*\";s:1:\"*\";}}s:6:\"visual\";a:1:{s:1:\"*\";a:1:{s:1:\"*\";s:1:\"*\";}}s:8:\"workflow\";a:1:{s:1:\"*\";a:1:{s:1:\"*\";s:1:\"*\";}}s:14:\"switchlanguage\";a:1:{s:1:\"*\";a:1:{s:1:\"*\";s:1:\"*\";}}s:13:\"ezmultiupload\";a:1:{s:1:\"*\";a:1:{s:1:\"*\";s:1:\"*\";}}s:5:\"ezodf\";a:2:{s:6:\"export\";a:1:{s:1:\"*\";s:1:\"*\";}s:6:\"import\";a:1:{s:1:\"*\";s:1:\"*\";}}s:4:\"ezoe\";a:4:{s:6:\"browse\";a:1:{s:1:\"*\";s:1:\"*\";}s:6:\"editor\";a:1:{s:1:\"*\";s:1:\"*\";}s:9:\"relations\";a:1:{s:1:\"*\";s:1:\"*\";}s:6:\"search\";a:1:{s:1:\"*\";s:1:\"*\";}}s:14:\"websitetoolbar\";a:1:{s:3:\"use\";a:1:{s:1:\"*\";s:1:\"*\";}}s:6:\"ezflow\";a:4:{s:4:\"call\";a:1:{s:1:\"*\";s:1:\"*\";}s:12:\"changelayout\";a:1:{s:1:\"*\";s:1:\"*\";}s:4:\"edit\";a:1:{s:1:\"*\";s:1:\"*\";}s:8:\"timeline\";a:1:{s:1:\"*\";s:1:\"*\";}}s:5:\"flash\";a:1:{s:1:\"*\";a:1:{s:1:\"*\";s:1:\"*\";}}s:20:\"objectrelationbrowse\";a:1:{s:1:\"*\";a:1:{s:1:\"*\";s:1:\"*\";}}s:8:\"ezjscore\";a:2:{s:4:\"call\";a:1:{s:1:\"*\";s:1:\"*\";}s:3:\"run\";a:1:{s:1:\"*\";s:1:\"*\";}}s:8:\"calendar\";a:1:{s:1:\"*\";a:1:{s:1:\"*\";s:1:\"*\";}}}AccessArrayTimestamp|i:1263930144;eZUserLoggedInID|s:2:\"14\";eZUserInfoCache|a:1:{i:14;a:5:{s:16:\"contentobject_id\";s:2:\"14\";s:5:\"login\";s:5:\"admin\";s:5:\"email\";s:16:\"mosarg@gmail.com\";s:13:\"password_hash\";s:32:\"601ff46e32cfc28211388850e15fc138\";s:18:\"password_hash_type\";s:1:\"2\";}}eZGlobalSection|a:1:{s:2:\"id\";s:1:\"1\";}eZPreferences|a:17:{s:24:\"admin_navigation_content\";s:1:\"1\";s:24:\"admin_navigation_details\";b:0;s:29:\"admin_navigation_translations\";b:0;s:26:\"admin_navigation_locations\";b:0;s:26:\"admin_navigation_relations\";b:0;s:23:\"admin_navigation_states\";b:0;s:16:\"admin_list_limit\";s:1:\"2\";s:23:\"admin_children_viewmode\";b:0;s:19:\"admin_bookmark_menu\";s:1:\"1\";s:21:\"admin_clearcache_menu\";b:0;s:24:\"admin_quicksettings_menu\";s:1:\"1\";s:30:\"admin_quicksettings_siteaccess\";s:12:\"mondelli_ita\";s:21:\"admin_left_menu_width\";b:0;s:14:\"admin_treemenu\";s:1:\"1\";s:29:\"admin_navigation_class_groups\";b:0;s:31:\"admin_navigation_class_temlates\";b:0;s:35:\"admin_navigation_class_translations\";b:0;}eZUserGroupsCache|a:2:{i:0;s:2:\"12\";i:1;s:1:\"4\";}eZRoleIDList|a:1:{i:0;s:1:\"2\";}eZRoleLimitationValueList|a:1:{i:0;s:0:\"\";}LastAccessedModifyingURI|s:30:\"/class/view/49/language/ita-IT\";LastAccessesURI|s:30:\"/class/view/49/language/ita-IT\";FromGroupID|s:1:\"1\";',1264189496,'0f5c517e22ac8bb01d4237fe022effbe','a2e4822a98337283e39f7b60acf85ec9',14),('eZUserLoggedInID|i:10;eZUserInfoCache_Timestamp|i:1270678388;eZUserInfoCache|a:1:{i:10;a:5:{s:16:\"contentobject_id\";s:2:\"10\";s:5:\"login\";s:9:\"anonymous\";s:5:\"email\";s:12:\"nospam@ez.no\";s:13:\"password_hash\";s:32:\"4e6f6184135228ccd45f8233d72a0363\";s:18:\"password_hash_type\";s:1:\"2\";}}AccessArray|a:4:{s:7:\"content\";a:2:{s:4:\"read\";a:2:{s:5:\"p_380\";a:1:{s:7:\"Section\";a:1:{i:0;s:1:\"1\";}}s:5:\"p_384\";a:2:{s:5:\"Class\";a:6:{i:0;s:2:\"29\";i:1;s:2:\"33\";i:2;s:2:\"35\";i:3;s:2:\"36\";i:4;s:2:\"37\";i:5;s:2:\"45\";}s:7:\"Section\";a:1:{i:0;s:1:\"3\";}}}s:3:\"pdf\";a:1:{s:5:\"p_381\";a:1:{s:7:\"Section\";a:1:{i:0;s:1:\"1\";}}}}s:3:\"rss\";a:1:{s:4:\"feed\";a:1:{s:1:\"*\";s:1:\"*\";}}s:4:\"user\";a:1:{s:5:\"login\";a:1:{s:5:\"p_383\";a:1:{s:10:\"SiteAccess\";a:1:{i:0;s:10:\"1512209704\";}}}}s:8:\"ezjscore\";a:2:{s:4:\"call\";a:1:{s:1:\"*\";s:1:\"*\";}s:3:\"run\";a:1:{s:1:\"*\";s:1:\"*\";}}}AccessArrayTimestamp|i:1270678388;',1270937588,'13f2f6f6178d93ca3fb4e4f016aeb43d','a2e4822a98337283e39f7b60acf85ec9',10),('eZUserInfoCache_Timestamp|i:1262703161;eZUserGroupsCache_Timestamp|i:1262703161;eZRoleIDList_Timestamp|i:1262703161;eZRoleLimitationValueList_Timestamp|i:1262703161;eZUserGroupsCache|a:2:{i:0;s:2:\"12\";i:1;s:1:\"4\";}AccessArray|a:31:{s:5:\"class\";a:1:{s:1:\"*\";a:1:{s:1:\"*\";s:1:\"*\";}}s:13:\"collaboration\";a:1:{s:1:\"*\";a:1:{s:1:\"*\";s:1:\"*\";}}s:7:\"content\";a:21:{s:8:\"bookmark\";a:1:{s:1:\"*\";s:1:\"*\";}s:10:\"cleantrash\";a:1:{s:1:\"*\";s:1:\"*\";}s:6:\"create\";a:1:{s:1:\"*\";s:1:\"*\";}s:4:\"diff\";a:1:{s:1:\"*\";s:1:\"*\";}s:4:\"edit\";a:1:{s:1:\"*\";a:1:{s:18:\"StateGroup_ez_lock\";a:1:{i:0;s:1:\"1\";}}}s:4:\"hide\";a:1:{s:1:\"*\";s:1:\"*\";}s:16:\"manage_locations\";a:1:{s:1:\"*\";s:1:\"*\";}s:4:\"move\";a:1:{s:1:\"*\";s:1:\"*\";}s:3:\"pdf\";a:1:{s:1:\"*\";s:1:\"*\";}s:11:\"pendinglist\";a:1:{s:1:\"*\";s:1:\"*\";}s:4:\"read\";a:1:{s:1:\"*\";s:1:\"*\";}s:6:\"remove\";a:1:{s:1:\"*\";a:1:{s:18:\"StateGroup_ez_lock\";a:1:{i:0;s:1:\"1\";}}}s:7:\"restore\";a:1:{s:1:\"*\";s:1:\"*\";}s:18:\"reverserelatedlist\";a:1:{s:1:\"*\";s:1:\"*\";}s:10:\"tipafriend\";a:1:{s:1:\"*\";s:1:\"*\";}s:9:\"translate\";a:1:{s:1:\"*\";s:1:\"*\";}s:12:\"translations\";a:1:{s:1:\"*\";s:1:\"*\";}s:13:\"urltranslator\";a:1:{s:1:\"*\";s:1:\"*\";}s:11:\"versionread\";a:1:{s:1:\"*\";s:1:\"*\";}s:13:\"versionremove\";a:1:{s:1:\"*\";s:1:\"*\";}s:10:\"view_embed\";a:1:{s:1:\"*\";s:1:\"*\";}}s:5:\"error\";a:1:{s:1:\"*\";a:1:{s:1:\"*\";s:1:\"*\";}}s:6:\"ezinfo\";a:1:{s:4:\"read\";a:1:{s:1:\"*\";s:1:\"*\";}}s:13:\"infocollector\";a:1:{s:4:\"read\";a:1:{s:1:\"*\";s:1:\"*\";}}s:6:\"layout\";a:1:{s:1:\"*\";a:1:{s:1:\"*\";s:1:\"*\";}}s:12:\"notification\";a:2:{s:12:\"administrate\";a:1:{s:1:\"*\";s:1:\"*\";}s:3:\"use\";a:1:{s:1:\"*\";s:1:\"*\";}}s:7:\"package\";a:8:{s:6:\"create\";a:1:{s:1:\"*\";s:1:\"*\";}s:4:\"edit\";a:1:{s:1:\"*\";s:1:\"*\";}s:6:\"export\";a:1:{s:1:\"*\";s:1:\"*\";}s:6:\"import\";a:1:{s:1:\"*\";s:1:\"*\";}s:7:\"install\";a:1:{s:1:\"*\";s:1:\"*\";}s:4:\"list\";a:1:{s:1:\"*\";s:1:\"*\";}s:4:\"read\";a:1:{s:1:\"*\";s:1:\"*\";}s:6:\"remove\";a:1:{s:1:\"*\";s:1:\"*\";}}s:3:\"pdf\";a:2:{s:6:\"create\";a:1:{s:1:\"*\";s:1:\"*\";}s:4:\"edit\";a:1:{s:1:\"*\";s:1:\"*\";}}s:4:\"role\";a:1:{s:1:\"*\";a:1:{s:1:\"*\";s:1:\"*\";}}s:3:\"rss\";a:2:{s:4:\"edit\";a:1:{s:1:\"*\";s:1:\"*\";}s:4:\"feed\";a:1:{s:1:\"*\";s:1:\"*\";}}s:6:\"search\";a:1:{s:1:\"*\";a:1:{s:1:\"*\";s:1:\"*\";}}s:7:\"section\";a:3:{s:6:\"assign\";a:1:{s:1:\"*\";s:1:\"*\";}s:4:\"edit\";a:1:{s:1:\"*\";s:1:\"*\";}s:4:\"view\";a:1:{s:1:\"*\";s:1:\"*\";}}s:8:\"settings\";a:1:{s:1:\"*\";a:1:{s:1:\"*\";s:1:\"*\";}}s:5:\"setup\";a:5:{s:12:\"administrate\";a:1:{s:1:\"*\";s:1:\"*\";}s:7:\"install\";a:1:{s:1:\"*\";s:1:\"*\";}s:11:\"managecache\";a:1:{s:1:\"*\";s:1:\"*\";}s:5:\"setup\";a:1:{s:1:\"*\";s:1:\"*\";}s:11:\"system_info\";a:1:{s:1:\"*\";s:1:\"*\";}}s:4:\"shop\";a:5:{s:12:\"administrate\";a:1:{s:1:\"*\";s:1:\"*\";}s:3:\"buy\";a:1:{s:1:\"*\";s:1:\"*\";}s:11:\"edit_status\";a:1:{s:1:\"*\";s:1:\"*\";}s:9:\"setstatus\";a:1:{s:1:\"*\";s:1:\"*\";}s:5:\"setup\";a:1:{s:1:\"*\";s:1:\"*\";}}s:5:\"state\";a:2:{s:12:\"administrate\";a:1:{s:1:\"*\";s:1:\"*\";}s:6:\"assign\";a:1:{s:1:\"*\";s:1:\"*\";}}s:7:\"trigger\";a:1:{s:1:\"*\";a:1:{s:1:\"*\";s:1:\"*\";}}s:3:\"url\";a:1:{s:1:\"*\";a:1:{s:1:\"*\";s:1:\"*\";}}s:4:\"user\";a:5:{s:5:\"login\";a:1:{s:1:\"*\";s:1:\"*\";}s:8:\"password\";a:1:{s:1:\"*\";s:1:\"*\";}s:11:\"preferences\";a:1:{s:1:\"*\";s:1:\"*\";}s:8:\"register\";a:1:{s:1:\"*\";s:1:\"*\";}s:8:\"selfedit\";a:1:{s:1:\"*\";s:1:\"*\";}}s:6:\"visual\";a:1:{s:1:\"*\";a:1:{s:1:\"*\";s:1:\"*\";}}s:8:\"workflow\";a:1:{s:1:\"*\";a:1:{s:1:\"*\";s:1:\"*\";}}s:14:\"switchlanguage\";a:1:{s:1:\"*\";a:1:{s:1:\"*\";s:1:\"*\";}}s:13:\"ezmultiupload\";a:1:{s:1:\"*\";a:1:{s:1:\"*\";s:1:\"*\";}}s:5:\"ezodf\";a:2:{s:6:\"export\";a:1:{s:1:\"*\";s:1:\"*\";}s:6:\"import\";a:1:{s:1:\"*\";s:1:\"*\";}}s:4:\"ezoe\";a:4:{s:6:\"browse\";a:1:{s:1:\"*\";s:1:\"*\";}s:6:\"editor\";a:1:{s:1:\"*\";s:1:\"*\";}s:9:\"relations\";a:1:{s:1:\"*\";s:1:\"*\";}s:6:\"search\";a:1:{s:1:\"*\";s:1:\"*\";}}s:14:\"websitetoolbar\";a:1:{s:3:\"use\";a:1:{s:1:\"*\";s:1:\"*\";}}s:6:\"ezflow\";a:4:{s:4:\"call\";a:1:{s:1:\"*\";s:1:\"*\";}s:12:\"changelayout\";a:1:{s:1:\"*\";s:1:\"*\";}s:4:\"edit\";a:1:{s:1:\"*\";s:1:\"*\";}s:8:\"timeline\";a:1:{s:1:\"*\";s:1:\"*\";}}s:5:\"flash\";a:1:{s:1:\"*\";a:1:{s:1:\"*\";s:1:\"*\";}}s:8:\"ezjscore\";a:2:{s:4:\"call\";a:1:{s:1:\"*\";s:1:\"*\";}s:3:\"run\";a:1:{s:1:\"*\";s:1:\"*\";}}}AccessArrayTimestamp|i:1262703161;eZUserLoggedInID|s:2:\"14\";eZUserInfoCache|a:1:{i:14;a:5:{s:16:\"contentobject_id\";s:2:\"14\";s:5:\"login\";s:5:\"admin\";s:5:\"email\";s:16:\"mosarg@gmail.com\";s:13:\"password_hash\";s:32:\"601ff46e32cfc28211388850e15fc138\";s:18:\"password_hash_type\";s:1:\"2\";}}eZGlobalSection|a:1:{s:2:\"id\";s:1:\"1\";}eZPreferences|a:13:{s:24:\"admin_navigation_content\";s:1:\"1\";s:24:\"admin_navigation_details\";b:0;s:29:\"admin_navigation_translations\";b:0;s:26:\"admin_navigation_locations\";b:0;s:26:\"admin_navigation_relations\";b:0;s:23:\"admin_navigation_states\";b:0;s:16:\"admin_list_limit\";s:1:\"2\";s:19:\"admin_bookmark_menu\";s:1:\"1\";s:21:\"admin_clearcache_menu\";b:0;s:24:\"admin_quicksettings_menu\";b:0;s:21:\"admin_left_menu_width\";b:0;s:14:\"admin_treemenu\";s:1:\"1\";s:21:\"admin_role_list_limit\";b:0;}eZRoleIDList|a:1:{i:0;s:1:\"2\";}eZRoleLimitationValueList|a:1:{i:0;s:0:\"\";}LastAccessedModifyingURI|s:12:\"/role/view/1\";LastAccessesURI|s:12:\"/role/view/1\";DisableRoleCache|i:1;',1262962362,'178649808e7ced17d14318ec38dc2710','a2e4822a98337283e39f7b60acf85ec9',14),('eZUserLoggedInID|i:10;eZUserInfoCache_Timestamp|i:1270163058;eZUserInfoCache|a:1:{i:10;a:5:{s:16:\"contentobject_id\";s:2:\"10\";s:5:\"login\";s:9:\"anonymous\";s:5:\"email\";s:12:\"nospam@ez.no\";s:13:\"password_hash\";s:32:\"4e6f6184135228ccd45f8233d72a0363\";s:18:\"password_hash_type\";s:1:\"2\";}}AccessArray|a:4:{s:7:\"content\";a:2:{s:4:\"read\";a:2:{s:5:\"p_380\";a:1:{s:7:\"Section\";a:1:{i:0;s:1:\"1\";}}s:5:\"p_384\";a:2:{s:5:\"Class\";a:6:{i:0;s:2:\"29\";i:1;s:2:\"33\";i:2;s:2:\"35\";i:3;s:2:\"36\";i:4;s:2:\"37\";i:5;s:2:\"45\";}s:7:\"Section\";a:1:{i:0;s:1:\"3\";}}}s:3:\"pdf\";a:1:{s:5:\"p_381\";a:1:{s:7:\"Section\";a:1:{i:0;s:1:\"1\";}}}}s:3:\"rss\";a:1:{s:4:\"feed\";a:1:{s:1:\"*\";s:1:\"*\";}}s:4:\"user\";a:1:{s:5:\"login\";a:1:{s:5:\"p_383\";a:1:{s:10:\"SiteAccess\";a:1:{i:0;s:10:\"1512209704\";}}}}s:8:\"ezjscore\";a:2:{s:4:\"call\";a:1:{s:1:\"*\";s:1:\"*\";}s:3:\"run\";a:1:{s:1:\"*\";s:1:\"*\";}}}AccessArrayTimestamp|i:1270163058;',1270422258,'1a00e1b37d2dad4ef3ed3152152ec59f','a2e4822a98337283e39f7b60acf85ec9',10),('eZUserLoggedInID|i:10;eZUserInfoCache_Timestamp|i:1270068553;eZUserInfoCache|a:1:{i:10;a:5:{s:16:\"contentobject_id\";s:2:\"10\";s:5:\"login\";s:9:\"anonymous\";s:5:\"email\";s:12:\"nospam@ez.no\";s:13:\"password_hash\";s:32:\"4e6f6184135228ccd45f8233d72a0363\";s:18:\"password_hash_type\";s:1:\"2\";}}AccessArray|a:3:{s:7:\"content\";a:2:{s:4:\"read\";a:2:{s:5:\"p_374\";a:1:{s:7:\"Section\";a:1:{i:0;s:1:\"1\";}}s:5:\"p_379\";a:2:{s:5:\"Class\";a:6:{i:0;s:2:\"29\";i:1;s:2:\"33\";i:2;s:2:\"35\";i:3;s:2:\"36\";i:4;s:2:\"37\";i:5;s:2:\"45\";}s:7:\"Section\";a:1:{i:0;s:1:\"3\";}}}s:3:\"pdf\";a:1:{s:5:\"p_375\";a:1:{s:7:\"Section\";a:1:{i:0;s:1:\"1\";}}}}s:3:\"rss\";a:1:{s:4:\"feed\";a:1:{s:1:\"*\";s:1:\"*\";}}s:4:\"user\";a:1:{s:5:\"login\";a:1:{s:5:\"p_377\";a:1:{s:10:\"SiteAccess\";a:1:{i:0;s:10:\"1512209704\";}}}}}AccessArrayTimestamp|i:1270068553;',1270327753,'1c61a3f7c8c76730c9bde6273c94787e','a2e4822a98337283e39f7b60acf85ec9',10),('eZUserInfoCache_Timestamp|i:1270027836;eZUserGroupsCache_Timestamp|i:1270027838;eZRoleIDList_Timestamp|i:1270027838;eZRoleLimitationValueList_Timestamp|i:1270027838;AccessArray|a:35:{s:5:\"class\";a:1:{s:1:\"*\";a:1:{s:1:\"*\";s:1:\"*\";}}s:13:\"collaboration\";a:1:{s:1:\"*\";a:1:{s:1:\"*\";s:1:\"*\";}}s:7:\"content\";a:21:{s:8:\"bookmark\";a:1:{s:1:\"*\";s:1:\"*\";}s:10:\"cleantrash\";a:1:{s:1:\"*\";s:1:\"*\";}s:6:\"create\";a:1:{s:1:\"*\";s:1:\"*\";}s:4:\"diff\";a:1:{s:1:\"*\";s:1:\"*\";}s:4:\"edit\";a:1:{s:1:\"*\";a:1:{s:18:\"StateGroup_ez_lock\";a:1:{i:0;s:1:\"1\";}}}s:4:\"hide\";a:1:{s:1:\"*\";s:1:\"*\";}s:16:\"manage_locations\";a:1:{s:1:\"*\";s:1:\"*\";}s:4:\"move\";a:1:{s:1:\"*\";s:1:\"*\";}s:3:\"pdf\";a:1:{s:1:\"*\";s:1:\"*\";}s:11:\"pendinglist\";a:1:{s:1:\"*\";s:1:\"*\";}s:4:\"read\";a:1:{s:1:\"*\";s:1:\"*\";}s:6:\"remove\";a:1:{s:1:\"*\";a:1:{s:18:\"StateGroup_ez_lock\";a:1:{i:0;s:1:\"1\";}}}s:7:\"restore\";a:1:{s:1:\"*\";s:1:\"*\";}s:18:\"reverserelatedlist\";a:1:{s:1:\"*\";s:1:\"*\";}s:10:\"tipafriend\";a:1:{s:1:\"*\";s:1:\"*\";}s:9:\"translate\";a:1:{s:1:\"*\";s:1:\"*\";}s:12:\"translations\";a:1:{s:1:\"*\";s:1:\"*\";}s:13:\"urltranslator\";a:1:{s:1:\"*\";s:1:\"*\";}s:11:\"versionread\";a:1:{s:1:\"*\";s:1:\"*\";}s:13:\"versionremove\";a:1:{s:1:\"*\";s:1:\"*\";}s:10:\"view_embed\";a:1:{s:1:\"*\";s:1:\"*\";}}s:5:\"error\";a:1:{s:1:\"*\";a:1:{s:1:\"*\";s:1:\"*\";}}s:6:\"ezinfo\";a:1:{s:4:\"read\";a:1:{s:1:\"*\";s:1:\"*\";}}s:13:\"infocollector\";a:1:{s:4:\"read\";a:1:{s:1:\"*\";s:1:\"*\";}}s:6:\"layout\";a:1:{s:1:\"*\";a:1:{s:1:\"*\";s:1:\"*\";}}s:12:\"notification\";a:2:{s:12:\"administrate\";a:1:{s:1:\"*\";s:1:\"*\";}s:3:\"use\";a:1:{s:1:\"*\";s:1:\"*\";}}s:7:\"package\";a:8:{s:6:\"create\";a:1:{s:1:\"*\";s:1:\"*\";}s:4:\"edit\";a:1:{s:1:\"*\";s:1:\"*\";}s:6:\"export\";a:1:{s:1:\"*\";s:1:\"*\";}s:6:\"import\";a:1:{s:1:\"*\";s:1:\"*\";}s:7:\"install\";a:1:{s:1:\"*\";s:1:\"*\";}s:4:\"list\";a:1:{s:1:\"*\";s:1:\"*\";}s:4:\"read\";a:1:{s:1:\"*\";s:1:\"*\";}s:6:\"remove\";a:1:{s:1:\"*\";s:1:\"*\";}}s:3:\"pdf\";a:2:{s:6:\"create\";a:1:{s:1:\"*\";s:1:\"*\";}s:4:\"edit\";a:1:{s:1:\"*\";s:1:\"*\";}}s:4:\"role\";a:1:{s:1:\"*\";a:1:{s:1:\"*\";s:1:\"*\";}}s:3:\"rss\";a:2:{s:4:\"edit\";a:1:{s:1:\"*\";s:1:\"*\";}s:4:\"feed\";a:1:{s:1:\"*\";s:1:\"*\";}}s:6:\"search\";a:1:{s:1:\"*\";a:1:{s:1:\"*\";s:1:\"*\";}}s:7:\"section\";a:3:{s:6:\"assign\";a:1:{s:1:\"*\";s:1:\"*\";}s:4:\"edit\";a:1:{s:1:\"*\";s:1:\"*\";}s:4:\"view\";a:1:{s:1:\"*\";s:1:\"*\";}}s:8:\"settings\";a:1:{s:1:\"*\";a:1:{s:1:\"*\";s:1:\"*\";}}s:5:\"setup\";a:5:{s:12:\"administrate\";a:1:{s:1:\"*\";s:1:\"*\";}s:7:\"install\";a:1:{s:1:\"*\";s:1:\"*\";}s:11:\"managecache\";a:1:{s:1:\"*\";s:1:\"*\";}s:5:\"setup\";a:1:{s:1:\"*\";s:1:\"*\";}s:11:\"system_info\";a:1:{s:1:\"*\";s:1:\"*\";}}s:4:\"shop\";a:5:{s:12:\"administrate\";a:1:{s:1:\"*\";s:1:\"*\";}s:3:\"buy\";a:1:{s:1:\"*\";s:1:\"*\";}s:11:\"edit_status\";a:1:{s:1:\"*\";s:1:\"*\";}s:9:\"setstatus\";a:1:{s:1:\"*\";s:1:\"*\";}s:5:\"setup\";a:1:{s:1:\"*\";s:1:\"*\";}}s:5:\"state\";a:2:{s:12:\"administrate\";a:1:{s:1:\"*\";s:1:\"*\";}s:6:\"assign\";a:1:{s:1:\"*\";s:1:\"*\";}}s:7:\"trigger\";a:1:{s:1:\"*\";a:1:{s:1:\"*\";s:1:\"*\";}}s:3:\"url\";a:1:{s:1:\"*\";a:1:{s:1:\"*\";s:1:\"*\";}}s:4:\"user\";a:5:{s:5:\"login\";a:1:{s:1:\"*\";s:1:\"*\";}s:8:\"password\";a:1:{s:1:\"*\";s:1:\"*\";}s:11:\"preferences\";a:1:{s:1:\"*\";s:1:\"*\";}s:8:\"register\";a:1:{s:1:\"*\";s:1:\"*\";}s:8:\"selfedit\";a:1:{s:1:\"*\";s:1:\"*\";}}s:6:\"visual\";a:1:{s:1:\"*\";a:1:{s:1:\"*\";s:1:\"*\";}}s:8:\"workflow\";a:1:{s:1:\"*\";a:1:{s:1:\"*\";s:1:\"*\";}}s:14:\"switchlanguage\";a:1:{s:1:\"*\";a:1:{s:1:\"*\";s:1:\"*\";}}s:5:\"ezodf\";a:2:{s:6:\"export\";a:1:{s:1:\"*\";s:1:\"*\";}s:6:\"import\";a:1:{s:1:\"*\";s:1:\"*\";}}s:4:\"ezoe\";a:4:{s:6:\"browse\";a:1:{s:1:\"*\";s:1:\"*\";}s:6:\"editor\";a:1:{s:1:\"*\";s:1:\"*\";}s:9:\"relations\";a:1:{s:1:\"*\";s:1:\"*\";}s:6:\"search\";a:1:{s:1:\"*\";s:1:\"*\";}}s:14:\"websitetoolbar\";a:1:{s:3:\"use\";a:1:{s:1:\"*\";s:1:\"*\";}}s:13:\"ezmultiupload\";a:1:{s:1:\"*\";a:1:{s:1:\"*\";s:1:\"*\";}}s:6:\"ezflow\";a:4:{s:4:\"call\";a:1:{s:1:\"*\";s:1:\"*\";}s:12:\"changelayout\";a:1:{s:1:\"*\";s:1:\"*\";}s:4:\"edit\";a:1:{s:1:\"*\";s:1:\"*\";}s:8:\"timeline\";a:1:{s:1:\"*\";s:1:\"*\";}}s:5:\"flash\";a:1:{s:1:\"*\";a:1:{s:1:\"*\";s:1:\"*\";}}s:6:\"survey\";a:2:{s:14:\"administration\";a:1:{s:1:\"*\";s:1:\"*\";}s:7:\"filling\";a:1:{s:1:\"*\";s:1:\"*\";}}s:20:\"objectrelationbrowse\";a:1:{s:1:\"*\";a:1:{s:1:\"*\";s:1:\"*\";}}s:8:\"ezjscore\";a:2:{s:4:\"call\";a:1:{s:1:\"*\";s:1:\"*\";}s:3:\"run\";a:1:{s:1:\"*\";s:1:\"*\";}}s:8:\"calendar\";a:1:{s:1:\"*\";a:1:{s:1:\"*\";s:1:\"*\";}}s:12:\"ticketsystem\";a:1:{s:1:\"*\";a:1:{s:1:\"*\";s:1:\"*\";}}}AccessArrayTimestamp|i:1270027835;eZUserLoggedInID|s:2:\"14\";eZUserInfoCache|a:1:{i:14;a:5:{s:16:\"contentobject_id\";s:2:\"14\";s:5:\"login\";s:5:\"admin\";s:5:\"email\";s:16:\"mosarg@gmail.com\";s:13:\"password_hash\";s:32:\"601ff46e32cfc28211388850e15fc138\";s:18:\"password_hash_type\";s:1:\"2\";}}eZGlobalSection|a:1:{s:2:\"id\";s:1:\"1\";}eZPreferences|a:14:{s:24:\"admin_navigation_content\";s:1:\"1\";s:24:\"admin_navigation_details\";b:0;s:29:\"admin_navigation_translations\";b:0;s:26:\"admin_navigation_locations\";b:0;s:26:\"admin_navigation_relations\";b:0;s:23:\"admin_navigation_states\";b:0;s:16:\"admin_list_limit\";s:1:\"2\";s:23:\"admin_children_viewmode\";b:0;s:19:\"admin_bookmark_menu\";s:1:\"1\";s:21:\"admin_clearcache_menu\";b:0;s:24:\"admin_quicksettings_menu\";s:1:\"1\";s:30:\"admin_quicksettings_siteaccess\";s:12:\"mondelli_ita\";s:21:\"admin_left_menu_width\";b:0;s:14:\"admin_treemenu\";s:1:\"1\";}eZUserGroupsCache|a:2:{i:0;s:2:\"12\";i:1;s:1:\"4\";}eZRoleIDList|a:1:{i:0;s:1:\"2\";}eZRoleLimitationValueList|a:1:{i:0;s:0:\"\";}LastAccessedModifyingURI|s:9:\"/rss/list\";LastAccessesURI|s:9:\"/rss/list\";',1270287048,'1dbac4d2881ddbe7b5ab787aca41ee84','a2e4822a98337283e39f7b60acf85ec9',14),('eZUserLoggedInID|i:10;eZUserInfoCache_Timestamp|i:1265129313;eZUserInfoCache|a:1:{i:10;a:5:{s:16:\"contentobject_id\";s:2:\"10\";s:5:\"login\";s:9:\"anonymous\";s:5:\"email\";s:12:\"nospam@ez.no\";s:13:\"password_hash\";s:32:\"4e6f6184135228ccd45f8233d72a0363\";s:18:\"password_hash_type\";s:1:\"2\";}}AccessArray|a:3:{s:7:\"content\";a:2:{s:4:\"read\";a:2:{s:5:\"p_374\";a:1:{s:7:\"Section\";a:1:{i:0;s:1:\"1\";}}s:5:\"p_379\";a:2:{s:5:\"Class\";a:6:{i:0;s:2:\"29\";i:1;s:2:\"33\";i:2;s:2:\"35\";i:3;s:2:\"36\";i:4;s:2:\"37\";i:5;s:2:\"45\";}s:7:\"Section\";a:1:{i:0;s:1:\"3\";}}}s:3:\"pdf\";a:1:{s:5:\"p_375\";a:1:{s:7:\"Section\";a:1:{i:0;s:1:\"1\";}}}}s:3:\"rss\";a:1:{s:4:\"feed\";a:1:{s:1:\"*\";s:1:\"*\";}}s:4:\"user\";a:1:{s:5:\"login\";a:1:{s:5:\"p_377\";a:1:{s:10:\"SiteAccess\";a:1:{i:0;s:10:\"1512209704\";}}}}}AccessArrayTimestamp|i:1265129313;eZGlobalSection|a:1:{s:2:\"id\";s:1:\"1\";}eZRoleIDList_Timestamp|i:1265129314;eZUserGroupsCache_Timestamp|i:1265129314;eZUserGroupsCache|a:2:{i:0;s:2:\"42\";i:1;s:1:\"4\";}eZRoleIDList|a:1:{i:0;s:1:\"1\";}eZRoleLimitationValueList_Timestamp|i:1265129314;eZRoleLimitationValueList|a:1:{i:0;s:0:\"\";}',1265388515,'1eaa08fb145352411e4ba084da145e53','a2e4822a98337283e39f7b60acf85ec9',10),('eZUserLoggedInID|i:10;eZUserInfoCache_Timestamp|i:1270738456;eZUserInfoCache|a:1:{i:10;a:5:{s:16:\"contentobject_id\";s:2:\"10\";s:5:\"login\";s:9:\"anonymous\";s:5:\"email\";s:12:\"nospam@ez.no\";s:13:\"password_hash\";s:32:\"4e6f6184135228ccd45f8233d72a0363\";s:18:\"password_hash_type\";s:1:\"2\";}}AccessArray|a:4:{s:7:\"content\";a:2:{s:4:\"read\";a:2:{s:5:\"p_380\";a:1:{s:7:\"Section\";a:1:{i:0;s:1:\"1\";}}s:5:\"p_384\";a:2:{s:5:\"Class\";a:6:{i:0;s:2:\"29\";i:1;s:2:\"33\";i:2;s:2:\"35\";i:3;s:2:\"36\";i:4;s:2:\"37\";i:5;s:2:\"45\";}s:7:\"Section\";a:1:{i:0;s:1:\"3\";}}}s:3:\"pdf\";a:1:{s:5:\"p_381\";a:1:{s:7:\"Section\";a:1:{i:0;s:1:\"1\";}}}}s:3:\"rss\";a:1:{s:4:\"feed\";a:1:{s:1:\"*\";s:1:\"*\";}}s:4:\"user\";a:1:{s:5:\"login\";a:1:{s:5:\"p_383\";a:1:{s:10:\"SiteAccess\";a:1:{i:0;s:10:\"1512209704\";}}}}s:8:\"ezjscore\";a:2:{s:4:\"call\";a:1:{s:1:\"*\";s:1:\"*\";}s:3:\"run\";a:1:{s:1:\"*\";s:1:\"*\";}}}AccessArrayTimestamp|i:1270738456;eZGlobalSection|a:1:{s:2:\"id\";s:1:\"1\";}eZRoleIDList_Timestamp|i:1270738456;eZUserGroupsCache_Timestamp|i:1270738456;eZUserGroupsCache|a:2:{i:0;s:2:\"42\";i:1;s:1:\"4\";}eZRoleIDList|a:1:{i:0;s:1:\"1\";}eZRoleLimitationValueList_Timestamp|i:1270738456;eZRoleLimitationValueList|a:1:{i:0;s:0:\"\";}eZPreferences|a:1:{s:20:\"ObjectCreationIDList\";s:16:\"a:1:{i:0;i:173;}\";}RegisterUserID|i:173;LastAccessedModifyingURI|s:0:\"\";',1270997658,'2132fb59f5a15a2ca20ac6168beb998e','a2e4822a98337283e39f7b60acf85ec9',10),('eZUserLoggedInID|i:10;eZUserInfoCache_Timestamp|i:1262704584;eZUserInfoCache|a:1:{i:10;a:5:{s:16:\"contentobject_id\";s:2:\"10\";s:5:\"login\";s:9:\"anonymous\";s:5:\"email\";s:12:\"nospam@ez.no\";s:13:\"password_hash\";s:32:\"4e6f6184135228ccd45f8233d72a0363\";s:18:\"password_hash_type\";s:1:\"2\";}}AccessArray|a:3:{s:7:\"content\";a:2:{s:4:\"read\";a:2:{s:5:\"p_374\";a:1:{s:7:\"Section\";a:1:{i:0;s:1:\"1\";}}s:5:\"p_379\";a:2:{s:5:\"Class\";a:6:{i:0;s:2:\"29\";i:1;s:2:\"33\";i:2;s:2:\"35\";i:3;s:2:\"36\";i:4;s:2:\"37\";i:5;s:2:\"45\";}s:7:\"Section\";a:1:{i:0;s:1:\"3\";}}}s:3:\"pdf\";a:1:{s:5:\"p_375\";a:1:{s:7:\"Section\";a:1:{i:0;s:1:\"1\";}}}}s:3:\"rss\";a:1:{s:4:\"feed\";a:1:{s:1:\"*\";s:1:\"*\";}}s:4:\"user\";a:1:{s:5:\"login\";a:1:{s:5:\"p_377\";a:1:{s:10:\"SiteAccess\";a:1:{i:0;s:10:\"1512209704\";}}}}}AccessArrayTimestamp|i:1262704992;eZGlobalSection|a:1:{s:2:\"id\";s:1:\"1\";}eZRoleIDList_Timestamp|i:1262704587;eZUserGroupsCache_Timestamp|i:1262704587;eZUserGroupsCache|a:2:{i:0;s:2:\"42\";i:1;s:1:\"4\";}eZRoleIDList|a:1:{i:0;s:1:\"1\";}eZRoleLimitationValueList_Timestamp|i:1262704587;eZRoleLimitationValueList|a:1:{i:0;s:0:\"\";}',1262964195,'22923ce577f8428f615a601a101bdb32','a2e4822a98337283e39f7b60acf85ec9',10),('eZUserLoggedInID|i:10;eZUserInfoCache_Timestamp|i:1270063016;eZUserInfoCache|a:1:{i:10;a:5:{s:16:\"contentobject_id\";s:2:\"10\";s:5:\"login\";s:9:\"anonymous\";s:5:\"email\";s:12:\"nospam@ez.no\";s:13:\"password_hash\";s:32:\"4e6f6184135228ccd45f8233d72a0363\";s:18:\"password_hash_type\";s:1:\"2\";}}AccessArray|a:3:{s:7:\"content\";a:2:{s:4:\"read\";a:2:{s:5:\"p_374\";a:1:{s:7:\"Section\";a:1:{i:0;s:1:\"1\";}}s:5:\"p_379\";a:2:{s:5:\"Class\";a:6:{i:0;s:2:\"29\";i:1;s:2:\"33\";i:2;s:2:\"35\";i:3;s:2:\"36\";i:4;s:2:\"37\";i:5;s:2:\"45\";}s:7:\"Section\";a:1:{i:0;s:1:\"3\";}}}s:3:\"pdf\";a:1:{s:5:\"p_375\";a:1:{s:7:\"Section\";a:1:{i:0;s:1:\"1\";}}}}s:3:\"rss\";a:1:{s:4:\"feed\";a:1:{s:1:\"*\";s:1:\"*\";}}s:4:\"user\";a:1:{s:5:\"login\";a:1:{s:5:\"p_377\";a:1:{s:10:\"SiteAccess\";a:1:{i:0;s:10:\"1512209704\";}}}}}AccessArrayTimestamp|i:1270063016;',1270322216,'2616efb51c60919ebffb73a0a0497fd3','a2e4822a98337283e39f7b60acf85ec9',10),('eZUserInfoCache_Timestamp|i:1271060606;eZUserGroupsCache_Timestamp|i:1271060605;eZRoleIDList_Timestamp|i:1271060607;eZRoleLimitationValueList_Timestamp|i:1271060607;eZUserGroupsCache|a:2:{i:0;s:2:\"12\";i:1;s:1:\"4\";}AccessArray|a:36:{s:5:\"class\";a:1:{s:1:\"*\";a:1:{s:1:\"*\";s:1:\"*\";}}s:13:\"collaboration\";a:1:{s:1:\"*\";a:1:{s:1:\"*\";s:1:\"*\";}}s:7:\"content\";a:21:{s:8:\"bookmark\";a:1:{s:1:\"*\";s:1:\"*\";}s:10:\"cleantrash\";a:1:{s:1:\"*\";s:1:\"*\";}s:6:\"create\";a:1:{s:1:\"*\";s:1:\"*\";}s:4:\"diff\";a:1:{s:1:\"*\";s:1:\"*\";}s:4:\"edit\";a:1:{s:1:\"*\";a:1:{s:18:\"StateGroup_ez_lock\";a:1:{i:0;s:1:\"1\";}}}s:4:\"hide\";a:1:{s:1:\"*\";s:1:\"*\";}s:16:\"manage_locations\";a:1:{s:1:\"*\";s:1:\"*\";}s:4:\"move\";a:1:{s:1:\"*\";s:1:\"*\";}s:3:\"pdf\";a:1:{s:1:\"*\";s:1:\"*\";}s:11:\"pendinglist\";a:1:{s:1:\"*\";s:1:\"*\";}s:4:\"read\";a:1:{s:1:\"*\";s:1:\"*\";}s:6:\"remove\";a:1:{s:1:\"*\";a:1:{s:18:\"StateGroup_ez_lock\";a:1:{i:0;s:1:\"1\";}}}s:7:\"restore\";a:1:{s:1:\"*\";s:1:\"*\";}s:18:\"reverserelatedlist\";a:1:{s:1:\"*\";s:1:\"*\";}s:10:\"tipafriend\";a:1:{s:1:\"*\";s:1:\"*\";}s:9:\"translate\";a:1:{s:1:\"*\";s:1:\"*\";}s:12:\"translations\";a:1:{s:1:\"*\";s:1:\"*\";}s:13:\"urltranslator\";a:1:{s:1:\"*\";s:1:\"*\";}s:11:\"versionread\";a:1:{s:1:\"*\";s:1:\"*\";}s:13:\"versionremove\";a:1:{s:1:\"*\";s:1:\"*\";}s:10:\"view_embed\";a:1:{s:1:\"*\";s:1:\"*\";}}s:5:\"error\";a:1:{s:1:\"*\";a:1:{s:1:\"*\";s:1:\"*\";}}s:6:\"ezinfo\";a:1:{s:4:\"read\";a:1:{s:1:\"*\";s:1:\"*\";}}s:13:\"infocollector\";a:1:{s:4:\"read\";a:1:{s:1:\"*\";s:1:\"*\";}}s:6:\"layout\";a:1:{s:1:\"*\";a:1:{s:1:\"*\";s:1:\"*\";}}s:12:\"notification\";a:2:{s:12:\"administrate\";a:1:{s:1:\"*\";s:1:\"*\";}s:3:\"use\";a:1:{s:1:\"*\";s:1:\"*\";}}s:7:\"package\";a:8:{s:6:\"create\";a:1:{s:1:\"*\";s:1:\"*\";}s:4:\"edit\";a:1:{s:1:\"*\";s:1:\"*\";}s:6:\"export\";a:1:{s:1:\"*\";s:1:\"*\";}s:6:\"import\";a:1:{s:1:\"*\";s:1:\"*\";}s:7:\"install\";a:1:{s:1:\"*\";s:1:\"*\";}s:4:\"list\";a:1:{s:1:\"*\";s:1:\"*\";}s:4:\"read\";a:1:{s:1:\"*\";s:1:\"*\";}s:6:\"remove\";a:1:{s:1:\"*\";s:1:\"*\";}}s:3:\"pdf\";a:2:{s:6:\"create\";a:1:{s:1:\"*\";s:1:\"*\";}s:4:\"edit\";a:1:{s:1:\"*\";s:1:\"*\";}}s:4:\"role\";a:1:{s:1:\"*\";a:1:{s:1:\"*\";s:1:\"*\";}}s:3:\"rss\";a:2:{s:4:\"edit\";a:1:{s:1:\"*\";s:1:\"*\";}s:4:\"feed\";a:1:{s:1:\"*\";s:1:\"*\";}}s:6:\"search\";a:1:{s:1:\"*\";a:1:{s:1:\"*\";s:1:\"*\";}}s:7:\"section\";a:3:{s:6:\"assign\";a:1:{s:1:\"*\";s:1:\"*\";}s:4:\"edit\";a:1:{s:1:\"*\";s:1:\"*\";}s:4:\"view\";a:1:{s:1:\"*\";s:1:\"*\";}}s:8:\"settings\";a:1:{s:1:\"*\";a:1:{s:1:\"*\";s:1:\"*\";}}s:5:\"setup\";a:5:{s:12:\"administrate\";a:1:{s:1:\"*\";s:1:\"*\";}s:7:\"install\";a:1:{s:1:\"*\";s:1:\"*\";}s:11:\"managecache\";a:1:{s:1:\"*\";s:1:\"*\";}s:5:\"setup\";a:1:{s:1:\"*\";s:1:\"*\";}s:11:\"system_info\";a:1:{s:1:\"*\";s:1:\"*\";}}s:4:\"shop\";a:5:{s:12:\"administrate\";a:1:{s:1:\"*\";s:1:\"*\";}s:3:\"buy\";a:1:{s:1:\"*\";s:1:\"*\";}s:11:\"edit_status\";a:1:{s:1:\"*\";s:1:\"*\";}s:9:\"setstatus\";a:1:{s:1:\"*\";s:1:\"*\";}s:5:\"setup\";a:1:{s:1:\"*\";s:1:\"*\";}}s:5:\"state\";a:2:{s:12:\"administrate\";a:1:{s:1:\"*\";s:1:\"*\";}s:6:\"assign\";a:1:{s:1:\"*\";s:1:\"*\";}}s:7:\"trigger\";a:1:{s:1:\"*\";a:1:{s:1:\"*\";s:1:\"*\";}}s:3:\"url\";a:1:{s:1:\"*\";a:1:{s:1:\"*\";s:1:\"*\";}}s:4:\"user\";a:5:{s:5:\"login\";a:1:{s:1:\"*\";s:1:\"*\";}s:8:\"password\";a:1:{s:1:\"*\";s:1:\"*\";}s:11:\"preferences\";a:1:{s:1:\"*\";s:1:\"*\";}s:8:\"register\";a:1:{s:1:\"*\";s:1:\"*\";}s:8:\"selfedit\";a:1:{s:1:\"*\";s:1:\"*\";}}s:6:\"visual\";a:1:{s:1:\"*\";a:1:{s:1:\"*\";s:1:\"*\";}}s:8:\"workflow\";a:1:{s:1:\"*\";a:1:{s:1:\"*\";s:1:\"*\";}}s:14:\"switchlanguage\";a:1:{s:1:\"*\";a:1:{s:1:\"*\";s:1:\"*\";}}s:5:\"ezodf\";a:2:{s:6:\"export\";a:1:{s:1:\"*\";s:1:\"*\";}s:6:\"import\";a:1:{s:1:\"*\";s:1:\"*\";}}s:4:\"ezoe\";a:4:{s:6:\"browse\";a:1:{s:1:\"*\";s:1:\"*\";}s:6:\"editor\";a:1:{s:1:\"*\";s:1:\"*\";}s:9:\"relations\";a:1:{s:1:\"*\";s:1:\"*\";}s:6:\"search\";a:1:{s:1:\"*\";s:1:\"*\";}}s:14:\"websitetoolbar\";a:1:{s:3:\"use\";a:1:{s:1:\"*\";s:1:\"*\";}}s:13:\"ezmultiupload\";a:1:{s:1:\"*\";a:1:{s:1:\"*\";s:1:\"*\";}}s:6:\"ezflow\";a:4:{s:4:\"call\";a:1:{s:1:\"*\";s:1:\"*\";}s:12:\"changelayout\";a:1:{s:1:\"*\";s:1:\"*\";}s:4:\"edit\";a:1:{s:1:\"*\";s:1:\"*\";}s:8:\"timeline\";a:1:{s:1:\"*\";s:1:\"*\";}}s:5:\"flash\";a:1:{s:1:\"*\";a:1:{s:1:\"*\";s:1:\"*\";}}s:6:\"survey\";a:2:{s:14:\"administration\";a:1:{s:1:\"*\";s:1:\"*\";}s:7:\"filling\";a:1:{s:1:\"*\";s:1:\"*\";}}s:20:\"objectrelationbrowse\";a:1:{s:1:\"*\";a:1:{s:1:\"*\";s:1:\"*\";}}s:8:\"ezjscore\";a:2:{s:4:\"call\";a:1:{s:1:\"*\";s:1:\"*\";}s:3:\"run\";a:1:{s:1:\"*\";s:1:\"*\";}}s:8:\"calendar\";a:1:{s:1:\"*\";a:1:{s:1:\"*\";s:1:\"*\";}}s:12:\"ticketsystem\";a:1:{s:1:\"*\";a:1:{s:1:\"*\";s:1:\"*\";}}s:7:\"comment\";a:6:{s:8:\"activate\";a:1:{s:1:\"*\";s:1:\"*\";}s:3:\"add\";a:1:{s:1:\"*\";s:1:\"*\";}s:6:\"delete\";a:1:{s:1:\"*\";s:1:\"*\";}s:4:\"edit\";a:1:{s:1:\"*\";s:1:\"*\";}s:4:\"read\";a:1:{s:1:\"*\";s:1:\"*\";}s:7:\"setting\";a:1:{s:1:\"*\";s:1:\"*\";}}}AccessArrayTimestamp|i:1271078586;eZUserLoggedInID|s:2:\"14\";eZUserInfoCache|a:1:{i:14;a:5:{s:16:\"contentobject_id\";s:2:\"14\";s:5:\"login\";s:5:\"admin\";s:5:\"email\";s:16:\"mosarg@gmail.com\";s:13:\"password_hash\";s:32:\"601ff46e32cfc28211388850e15fc138\";s:18:\"password_hash_type\";s:1:\"2\";}}eZGlobalSection|a:1:{s:2:\"id\";s:1:\"1\";}eZPreferences|a:17:{s:24:\"admin_navigation_content\";s:1:\"1\";s:24:\"admin_navigation_details\";b:0;s:29:\"admin_navigation_translations\";b:0;s:26:\"admin_navigation_locations\";b:0;s:26:\"admin_navigation_relations\";b:0;s:23:\"admin_navigation_states\";b:0;s:16:\"admin_list_limit\";s:1:\"2\";s:23:\"admin_children_viewmode\";b:0;s:19:\"admin_bookmark_menu\";s:1:\"1\";s:21:\"admin_clearcache_menu\";b:0;s:24:\"admin_quicksettings_menu\";s:1:\"1\";s:30:\"admin_quicksettings_siteaccess\";s:12:\"mondelli_ita\";s:21:\"admin_left_menu_width\";b:0;s:14:\"admin_treemenu\";s:1:\"1\";s:29:\"admin_navigation_class_groups\";b:0;s:31:\"admin_navigation_class_temlates\";b:0;s:35:\"admin_navigation_class_translations\";b:0;}eZRoleIDList|a:1:{i:0;s:1:\"2\";}eZRoleLimitationValueList|a:1:{i:0;s:0:\"\";}LastAccessedModifyingURI|s:30:\"/class/view/16/language/ita-IT\";LastAccessesURI|s:30:\"/class/view/16/language/ita-IT\";FromGroupID|s:1:\"1\";',1271337876,'29f7cafbb0dfbd4cc8358e198328dbd2','a2e4822a98337283e39f7b60acf85ec9',14),('eZUserLoggedInID|i:10;eZUserInfoCache_Timestamp|i:1262689521;eZUserInfoCache|a:1:{i:10;a:5:{s:16:\"contentobject_id\";s:2:\"10\";s:5:\"login\";s:9:\"anonymous\";s:5:\"email\";s:12:\"nospam@ez.no\";s:13:\"password_hash\";s:32:\"4e6f6184135228ccd45f8233d72a0363\";s:18:\"password_hash_type\";s:1:\"2\";}}eZUserGroupsCache_Timestamp|i:1262689521;eZUserGroupsCache|a:2:{i:0;s:2:\"42\";i:1;s:1:\"4\";}AccessArray|a:3:{s:7:\"content\";a:2:{s:4:\"read\";a:2:{s:5:\"p_328\";a:1:{s:7:\"Section\";a:1:{i:0;s:1:\"1\";}}s:5:\"p_334\";a:2:{s:5:\"Class\";a:6:{i:0;s:2:\"29\";i:1;s:2:\"33\";i:2;s:2:\"35\";i:3;s:2:\"36\";i:4;s:2:\"37\";i:5;s:2:\"45\";}s:7:\"Section\";a:1:{i:0;s:1:\"3\";}}}s:3:\"pdf\";a:1:{s:5:\"p_329\";a:1:{s:7:\"Section\";a:1:{i:0;s:1:\"1\";}}}}s:3:\"rss\";a:1:{s:4:\"feed\";a:1:{s:1:\"*\";s:1:\"*\";}}s:4:\"user\";a:1:{s:5:\"login\";a:2:{s:5:\"p_332\";a:1:{s:10:\"SiteAccess\";a:1:{i:0;s:10:\"3890911191\";}}s:5:\"p_333\";a:1:{s:10:\"SiteAccess\";a:1:{i:0;s:10:\"3382822017\";}}}}}AccessArrayTimestamp|i:1262689521;eZRoleIDList_Timestamp|i:1262689524;eZRoleIDList|a:1:{i:0;s:1:\"1\";}eZRoleLimitationValueList_Timestamp|i:1262689524;eZRoleLimitationValueList|a:1:{i:0;s:0:\"\";}eZUserDiscountRulesTimestamp|i:1262689524;eZUserDiscountRules10|a:0:{}eZGlobalSection|a:1:{s:2:\"id\";s:1:\"1\";}',1262948726,'2ad169760b4cfd8039290b81a2c19bb3','a2e4822a98337283e39f7b60acf85ec9',10),('eZUserInfoCache_Timestamp|i:1270855773;AccessArrayTimestamp|i:1270855773;eZGlobalSection|a:1:{s:2:\"id\";s:1:\"1\";}eZRoleIDList_Timestamp|i:1270855773;eZUserGroupsCache_Timestamp|i:1270855773;eZRoleLimitationValueList_Timestamp|i:1270855773;LastAccessedModifyingURI|s:0:\"\";DiscardObjectID|s:2:\"57\";DiscardObjectVersion|s:1:\"5\";DiscardObjectLanguage|s:6:\"ita-IT\";DiscardConfirm|s:1:\"0\";force_logout|i:1;eZUserLoggedInID|i:10;eZUserInfoCache|a:1:{i:10;a:5:{s:16:\"contentobject_id\";s:2:\"10\";s:5:\"login\";s:9:\"anonymous\";s:5:\"email\";s:12:\"nospam@ez.no\";s:13:\"password_hash\";s:32:\"4e6f6184135228ccd45f8233d72a0363\";s:18:\"password_hash_type\";s:1:\"2\";}}AccessArray|a:4:{s:7:\"content\";a:2:{s:4:\"read\";a:2:{s:5:\"p_380\";a:1:{s:7:\"Section\";a:1:{i:0;s:1:\"1\";}}s:5:\"p_384\";a:2:{s:5:\"Class\";a:6:{i:0;s:2:\"29\";i:1;s:2:\"33\";i:2;s:2:\"35\";i:3;s:2:\"36\";i:4;s:2:\"37\";i:5;s:2:\"45\";}s:7:\"Section\";a:1:{i:0;s:1:\"3\";}}}s:3:\"pdf\";a:1:{s:5:\"p_381\";a:1:{s:7:\"Section\";a:1:{i:0;s:1:\"1\";}}}}s:3:\"rss\";a:1:{s:4:\"feed\";a:1:{s:1:\"*\";s:1:\"*\";}}s:4:\"user\";a:1:{s:5:\"login\";a:1:{s:5:\"p_383\";a:1:{s:10:\"SiteAccess\";a:1:{i:0;s:10:\"1512209704\";}}}}s:8:\"ezjscore\";a:2:{s:4:\"call\";a:1:{s:1:\"*\";s:1:\"*\";}s:3:\"run\";a:1:{s:1:\"*\";s:1:\"*\";}}}eZUserGroupsCache|a:2:{i:0;s:2:\"42\";i:1;s:1:\"4\";}eZRoleIDList|a:1:{i:0;s:1:\"1\";}eZRoleLimitationValueList|a:1:{i:0;s:0:\"\";}',1271114986,'2b28b444eaada51a62631f81f33f7a5b','a2e4822a98337283e39f7b60acf85ec9',10),('eZUserInfoCache_Timestamp|i:1271079860;eZUserGroupsCache_Timestamp|i:1271079860;AccessArrayTimestamp|i:1271079860;eZGlobalSection|a:1:{s:2:\"id\";s:1:\"1\";}eZRoleIDList_Timestamp|i:1271079861;eZRoleLimitationValueList_Timestamp|i:1271079861;LastAccessedModifyingURI|s:0:\"\";LastAccessesURI|s:0:\"\";DiscardObjectID|s:3:\"149\";DiscardObjectVersion|s:1:\"3\";DiscardObjectLanguage|s:6:\"ita-IT\";DiscardConfirm|s:1:\"0\";GeneratedPassword|s:6:\"qUDL51\";force_logout|i:1;eZUserLoggedInID|i:10;eZUserInfoCache|a:1:{i:10;a:5:{s:16:\"contentobject_id\";s:2:\"10\";s:5:\"login\";s:9:\"anonymous\";s:5:\"email\";s:12:\"nospam@ez.no\";s:13:\"password_hash\";s:32:\"4e6f6184135228ccd45f8233d72a0363\";s:18:\"password_hash_type\";s:1:\"2\";}}eZUserGroupsCache|a:2:{i:0;s:2:\"42\";i:1;s:1:\"4\";}AccessArray|a:5:{s:7:\"content\";a:2:{s:4:\"read\";a:2:{s:5:\"p_445\";a:1:{s:7:\"Section\";a:1:{i:0;s:1:\"1\";}}s:5:\"p_449\";a:2:{s:5:\"Class\";a:6:{i:0;s:2:\"29\";i:1;s:2:\"33\";i:2;s:2:\"35\";i:3;s:2:\"36\";i:4;s:2:\"37\";i:5;s:2:\"45\";}s:7:\"Section\";a:1:{i:0;s:1:\"3\";}}}s:3:\"pdf\";a:1:{s:5:\"p_446\";a:1:{s:7:\"Section\";a:1:{i:0;s:1:\"1\";}}}}s:3:\"rss\";a:1:{s:4:\"feed\";a:1:{s:1:\"*\";s:1:\"*\";}}s:4:\"user\";a:1:{s:5:\"login\";a:1:{s:5:\"p_448\";a:1:{s:10:\"SiteAccess\";a:1:{i:0;s:10:\"1512209704\";}}}}s:8:\"ezjscore\";a:2:{s:4:\"call\";a:1:{s:1:\"*\";s:1:\"*\";}s:3:\"run\";a:1:{s:1:\"*\";s:1:\"*\";}}s:7:\"comment\";a:1:{s:4:\"read\";a:1:{s:1:\"*\";s:1:\"*\";}}}eZRoleIDList|a:1:{i:0;s:1:\"1\";}eZRoleLimitationValueList|a:1:{i:0;s:0:\"\";}',1271339138,'2fc137bfabdaf07469a3206e04e08191','a2e4822a98337283e39f7b60acf85ec9',10),('eZUserLoggedInID|i:10;eZUserInfoCache_Timestamp|i:1270073494;eZUserInfoCache|a:1:{i:10;a:5:{s:16:\"contentobject_id\";s:2:\"10\";s:5:\"login\";s:9:\"anonymous\";s:5:\"email\";s:12:\"nospam@ez.no\";s:13:\"password_hash\";s:32:\"4e6f6184135228ccd45f8233d72a0363\";s:18:\"password_hash_type\";s:1:\"2\";}}AccessArray|a:3:{s:7:\"content\";a:2:{s:4:\"read\";a:2:{s:5:\"p_374\";a:1:{s:7:\"Section\";a:1:{i:0;s:1:\"1\";}}s:5:\"p_379\";a:2:{s:5:\"Class\";a:6:{i:0;s:2:\"29\";i:1;s:2:\"33\";i:2;s:2:\"35\";i:3;s:2:\"36\";i:4;s:2:\"37\";i:5;s:2:\"45\";}s:7:\"Section\";a:1:{i:0;s:1:\"3\";}}}s:3:\"pdf\";a:1:{s:5:\"p_375\";a:1:{s:7:\"Section\";a:1:{i:0;s:1:\"1\";}}}}s:3:\"rss\";a:1:{s:4:\"feed\";a:1:{s:1:\"*\";s:1:\"*\";}}s:4:\"user\";a:1:{s:5:\"login\";a:1:{s:5:\"p_377\";a:1:{s:10:\"SiteAccess\";a:1:{i:0;s:10:\"1512209704\";}}}}}AccessArrayTimestamp|i:1270073494;',1270332694,'318ba8414cc3596444c6a430c7e965be','a2e4822a98337283e39f7b60acf85ec9',10),('eZUserLoggedInID|i:10;eZUserInfoCache_Timestamp|i:1265066423;eZUserInfoCache|a:1:{i:10;a:5:{s:16:\"contentobject_id\";s:2:\"10\";s:5:\"login\";s:9:\"anonymous\";s:5:\"email\";s:12:\"nospam@ez.no\";s:13:\"password_hash\";s:32:\"4e6f6184135228ccd45f8233d72a0363\";s:18:\"password_hash_type\";s:1:\"2\";}}AccessArray|a:3:{s:7:\"content\";a:2:{s:4:\"read\";a:2:{s:5:\"p_374\";a:1:{s:7:\"Section\";a:1:{i:0;s:1:\"1\";}}s:5:\"p_379\";a:2:{s:5:\"Class\";a:6:{i:0;s:2:\"29\";i:1;s:2:\"33\";i:2;s:2:\"35\";i:3;s:2:\"36\";i:4;s:2:\"37\";i:5;s:2:\"45\";}s:7:\"Section\";a:1:{i:0;s:1:\"3\";}}}s:3:\"pdf\";a:1:{s:5:\"p_375\";a:1:{s:7:\"Section\";a:1:{i:0;s:1:\"1\";}}}}s:3:\"rss\";a:1:{s:4:\"feed\";a:1:{s:1:\"*\";s:1:\"*\";}}s:4:\"user\";a:1:{s:5:\"login\";a:1:{s:5:\"p_377\";a:1:{s:10:\"SiteAccess\";a:1:{i:0;s:10:\"1512209704\";}}}}}AccessArrayTimestamp|i:1265066423;eZGlobalSection|a:1:{s:2:\"id\";s:1:\"1\";}eZRoleIDList_Timestamp|i:1265066423;eZUserGroupsCache_Timestamp|i:1265066423;eZUserGroupsCache|a:2:{i:0;s:2:\"42\";i:1;s:1:\"4\";}eZRoleIDList|a:1:{i:0;s:1:\"1\";}eZRoleLimitationValueList_Timestamp|i:1265066423;eZRoleLimitationValueList|a:1:{i:0;s:0:\"\";}LastAccessesURI|s:12:\"/Foto/Panini\";LastAccessedModifyingURI|s:12:\"/Foto/Panini\";',1265325668,'323f41e1482f4608f4fe4e5e7b95d905','a2e4822a98337283e39f7b60acf85ec9',10),('eZUserInfoCache_Timestamp|i:1270930333;AccessArrayTimestamp|i:1270930333;eZUserGroupsCache_Timestamp|i:1270930333;eZRoleIDList_Timestamp|i:1270930333;eZRoleLimitationValueList_Timestamp|i:1270930333;AccessArray|a:36:{s:5:\"class\";a:1:{s:1:\"*\";a:1:{s:1:\"*\";s:1:\"*\";}}s:13:\"collaboration\";a:1:{s:1:\"*\";a:1:{s:1:\"*\";s:1:\"*\";}}s:7:\"content\";a:21:{s:8:\"bookmark\";a:1:{s:1:\"*\";s:1:\"*\";}s:10:\"cleantrash\";a:1:{s:1:\"*\";s:1:\"*\";}s:6:\"create\";a:1:{s:1:\"*\";s:1:\"*\";}s:4:\"diff\";a:1:{s:1:\"*\";s:1:\"*\";}s:4:\"edit\";a:1:{s:1:\"*\";a:1:{s:18:\"StateGroup_ez_lock\";a:1:{i:0;s:1:\"1\";}}}s:4:\"hide\";a:1:{s:1:\"*\";s:1:\"*\";}s:16:\"manage_locations\";a:1:{s:1:\"*\";s:1:\"*\";}s:4:\"move\";a:1:{s:1:\"*\";s:1:\"*\";}s:3:\"pdf\";a:1:{s:1:\"*\";s:1:\"*\";}s:11:\"pendinglist\";a:1:{s:1:\"*\";s:1:\"*\";}s:4:\"read\";a:1:{s:1:\"*\";s:1:\"*\";}s:6:\"remove\";a:1:{s:1:\"*\";a:1:{s:18:\"StateGroup_ez_lock\";a:1:{i:0;s:1:\"1\";}}}s:7:\"restore\";a:1:{s:1:\"*\";s:1:\"*\";}s:18:\"reverserelatedlist\";a:1:{s:1:\"*\";s:1:\"*\";}s:10:\"tipafriend\";a:1:{s:1:\"*\";s:1:\"*\";}s:9:\"translate\";a:1:{s:1:\"*\";s:1:\"*\";}s:12:\"translations\";a:1:{s:1:\"*\";s:1:\"*\";}s:13:\"urltranslator\";a:1:{s:1:\"*\";s:1:\"*\";}s:11:\"versionread\";a:1:{s:1:\"*\";s:1:\"*\";}s:13:\"versionremove\";a:1:{s:1:\"*\";s:1:\"*\";}s:10:\"view_embed\";a:1:{s:1:\"*\";s:1:\"*\";}}s:5:\"error\";a:1:{s:1:\"*\";a:1:{s:1:\"*\";s:1:\"*\";}}s:6:\"ezinfo\";a:1:{s:4:\"read\";a:1:{s:1:\"*\";s:1:\"*\";}}s:13:\"infocollector\";a:1:{s:4:\"read\";a:1:{s:1:\"*\";s:1:\"*\";}}s:6:\"layout\";a:1:{s:1:\"*\";a:1:{s:1:\"*\";s:1:\"*\";}}s:12:\"notification\";a:2:{s:12:\"administrate\";a:1:{s:1:\"*\";s:1:\"*\";}s:3:\"use\";a:1:{s:1:\"*\";s:1:\"*\";}}s:7:\"package\";a:8:{s:6:\"create\";a:1:{s:1:\"*\";s:1:\"*\";}s:4:\"edit\";a:1:{s:1:\"*\";s:1:\"*\";}s:6:\"export\";a:1:{s:1:\"*\";s:1:\"*\";}s:6:\"import\";a:1:{s:1:\"*\";s:1:\"*\";}s:7:\"install\";a:1:{s:1:\"*\";s:1:\"*\";}s:4:\"list\";a:1:{s:1:\"*\";s:1:\"*\";}s:4:\"read\";a:1:{s:1:\"*\";s:1:\"*\";}s:6:\"remove\";a:1:{s:1:\"*\";s:1:\"*\";}}s:3:\"pdf\";a:2:{s:6:\"create\";a:1:{s:1:\"*\";s:1:\"*\";}s:4:\"edit\";a:1:{s:1:\"*\";s:1:\"*\";}}s:4:\"role\";a:1:{s:1:\"*\";a:1:{s:1:\"*\";s:1:\"*\";}}s:3:\"rss\";a:2:{s:4:\"edit\";a:1:{s:1:\"*\";s:1:\"*\";}s:4:\"feed\";a:1:{s:1:\"*\";s:1:\"*\";}}s:6:\"search\";a:1:{s:1:\"*\";a:1:{s:1:\"*\";s:1:\"*\";}}s:7:\"section\";a:3:{s:6:\"assign\";a:1:{s:1:\"*\";s:1:\"*\";}s:4:\"edit\";a:1:{s:1:\"*\";s:1:\"*\";}s:4:\"view\";a:1:{s:1:\"*\";s:1:\"*\";}}s:8:\"settings\";a:1:{s:1:\"*\";a:1:{s:1:\"*\";s:1:\"*\";}}s:5:\"setup\";a:5:{s:12:\"administrate\";a:1:{s:1:\"*\";s:1:\"*\";}s:7:\"install\";a:1:{s:1:\"*\";s:1:\"*\";}s:11:\"managecache\";a:1:{s:1:\"*\";s:1:\"*\";}s:5:\"setup\";a:1:{s:1:\"*\";s:1:\"*\";}s:11:\"system_info\";a:1:{s:1:\"*\";s:1:\"*\";}}s:4:\"shop\";a:5:{s:12:\"administrate\";a:1:{s:1:\"*\";s:1:\"*\";}s:3:\"buy\";a:1:{s:1:\"*\";s:1:\"*\";}s:11:\"edit_status\";a:1:{s:1:\"*\";s:1:\"*\";}s:9:\"setstatus\";a:1:{s:1:\"*\";s:1:\"*\";}s:5:\"setup\";a:1:{s:1:\"*\";s:1:\"*\";}}s:5:\"state\";a:2:{s:12:\"administrate\";a:1:{s:1:\"*\";s:1:\"*\";}s:6:\"assign\";a:1:{s:1:\"*\";s:1:\"*\";}}s:7:\"trigger\";a:1:{s:1:\"*\";a:1:{s:1:\"*\";s:1:\"*\";}}s:3:\"url\";a:1:{s:1:\"*\";a:1:{s:1:\"*\";s:1:\"*\";}}s:4:\"user\";a:5:{s:5:\"login\";a:1:{s:1:\"*\";s:1:\"*\";}s:8:\"password\";a:1:{s:1:\"*\";s:1:\"*\";}s:11:\"preferences\";a:1:{s:1:\"*\";s:1:\"*\";}s:8:\"register\";a:1:{s:1:\"*\";s:1:\"*\";}s:8:\"selfedit\";a:1:{s:1:\"*\";s:1:\"*\";}}s:6:\"visual\";a:1:{s:1:\"*\";a:1:{s:1:\"*\";s:1:\"*\";}}s:8:\"workflow\";a:1:{s:1:\"*\";a:1:{s:1:\"*\";s:1:\"*\";}}s:14:\"switchlanguage\";a:1:{s:1:\"*\";a:1:{s:1:\"*\";s:1:\"*\";}}s:5:\"ezodf\";a:2:{s:6:\"export\";a:1:{s:1:\"*\";s:1:\"*\";}s:6:\"import\";a:1:{s:1:\"*\";s:1:\"*\";}}s:4:\"ezoe\";a:4:{s:6:\"browse\";a:1:{s:1:\"*\";s:1:\"*\";}s:6:\"editor\";a:1:{s:1:\"*\";s:1:\"*\";}s:9:\"relations\";a:1:{s:1:\"*\";s:1:\"*\";}s:6:\"search\";a:1:{s:1:\"*\";s:1:\"*\";}}s:14:\"websitetoolbar\";a:1:{s:3:\"use\";a:1:{s:1:\"*\";s:1:\"*\";}}s:13:\"ezmultiupload\";a:1:{s:1:\"*\";a:1:{s:1:\"*\";s:1:\"*\";}}s:6:\"ezflow\";a:4:{s:4:\"call\";a:1:{s:1:\"*\";s:1:\"*\";}s:12:\"changelayout\";a:1:{s:1:\"*\";s:1:\"*\";}s:4:\"edit\";a:1:{s:1:\"*\";s:1:\"*\";}s:8:\"timeline\";a:1:{s:1:\"*\";s:1:\"*\";}}s:5:\"flash\";a:1:{s:1:\"*\";a:1:{s:1:\"*\";s:1:\"*\";}}s:6:\"survey\";a:2:{s:14:\"administration\";a:1:{s:1:\"*\";s:1:\"*\";}s:7:\"filling\";a:1:{s:1:\"*\";s:1:\"*\";}}s:20:\"objectrelationbrowse\";a:1:{s:1:\"*\";a:1:{s:1:\"*\";s:1:\"*\";}}s:8:\"ezjscore\";a:2:{s:4:\"call\";a:1:{s:1:\"*\";s:1:\"*\";}s:3:\"run\";a:1:{s:1:\"*\";s:1:\"*\";}}s:8:\"calendar\";a:1:{s:1:\"*\";a:1:{s:1:\"*\";s:1:\"*\";}}s:12:\"ticketsystem\";a:1:{s:1:\"*\";a:1:{s:1:\"*\";s:1:\"*\";}}s:7:\"comment\";a:6:{s:8:\"activate\";a:1:{s:1:\"*\";s:1:\"*\";}s:3:\"add\";a:1:{s:1:\"*\";s:1:\"*\";}s:6:\"delete\";a:1:{s:1:\"*\";s:1:\"*\";}s:4:\"edit\";a:1:{s:1:\"*\";s:1:\"*\";}s:4:\"read\";a:1:{s:1:\"*\";s:1:\"*\";}s:7:\"setting\";a:1:{s:1:\"*\";s:1:\"*\";}}}eZUserLoggedInID|s:2:\"14\";eZUserInfoCache|a:1:{i:14;a:5:{s:16:\"contentobject_id\";s:2:\"14\";s:5:\"login\";s:5:\"admin\";s:5:\"email\";s:16:\"mosarg@gmail.com\";s:13:\"password_hash\";s:32:\"601ff46e32cfc28211388850e15fc138\";s:18:\"password_hash_type\";s:1:\"2\";}}LastAccessedModifyingURI|s:25:\"/content/edit/68/4/ita-IT\";eZUserGroupsCache|a:2:{i:0;s:2:\"12\";i:1;s:1:\"4\";}eZRoleIDList|a:1:{i:0;s:1:\"2\";}eZRoleLimitationValueList|a:1:{i:0;s:0:\"\";}eZPreferences|a:1:{s:21:\"admin_clearcache_type\";b:0;}eZGlobalSection|a:1:{s:2:\"id\";s:1:\"1\";}DiscardObjectID|s:2:\"68\";DiscardObjectVersion|s:1:\"4\";DiscardObjectLanguage|s:6:\"ita-IT\";DiscardConfirm|s:1:\"0\";LastAccessesURI|s:12:\"/Foto/Panini\";',1271189601,'360aa27e47e2a393a8cbb60d84804a86','a2e4822a98337283e39f7b60acf85ec9',14),('eZUserInfoCache_Timestamp|i:1270165810;eZUserGroupsCache_Timestamp|i:1270166550;AccessArrayTimestamp|i:1270165810;eZGlobalSection|a:1:{s:2:\"id\";s:1:\"1\";}eZRoleIDList_Timestamp|i:1270166550;eZRoleLimitationValueList_Timestamp|i:1270166550;LastAccessedModifyingURI|s:14:\"/user/register\";eZUserLoggedInID|i:10;DiscardObjectID|s:2:\"57\";DiscardObjectVersion|s:1:\"5\";DiscardObjectLanguage|s:6:\"ita-IT\";DiscardConfirm|s:1:\"0\";force_logout|i:1;eZUserInfoCache|a:1:{i:10;a:5:{s:16:\"contentobject_id\";s:2:\"10\";s:5:\"login\";s:9:\"anonymous\";s:5:\"email\";s:12:\"nospam@ez.no\";s:13:\"password_hash\";s:32:\"4e6f6184135228ccd45f8233d72a0363\";s:18:\"password_hash_type\";s:1:\"2\";}}eZUserGroupsCache|a:2:{i:0;s:2:\"42\";i:1;s:1:\"4\";}AccessArray|a:4:{s:7:\"content\";a:2:{s:4:\"read\";a:2:{s:5:\"p_380\";a:1:{s:7:\"Section\";a:1:{i:0;s:1:\"1\";}}s:5:\"p_384\";a:2:{s:5:\"Class\";a:6:{i:0;s:2:\"29\";i:1;s:2:\"33\";i:2;s:2:\"35\";i:3;s:2:\"36\";i:4;s:2:\"37\";i:5;s:2:\"45\";}s:7:\"Section\";a:1:{i:0;s:1:\"3\";}}}s:3:\"pdf\";a:1:{s:5:\"p_381\";a:1:{s:7:\"Section\";a:1:{i:0;s:1:\"1\";}}}}s:3:\"rss\";a:1:{s:4:\"feed\";a:1:{s:1:\"*\";s:1:\"*\";}}s:4:\"user\";a:1:{s:5:\"login\";a:1:{s:5:\"p_383\";a:1:{s:10:\"SiteAccess\";a:1:{i:0;s:10:\"1512209704\";}}}}s:8:\"ezjscore\";a:2:{s:4:\"call\";a:1:{s:1:\"*\";s:1:\"*\";}s:3:\"run\";a:1:{s:1:\"*\";s:1:\"*\";}}}eZRoleIDList|a:1:{i:0;s:1:\"1\";}eZRoleLimitationValueList|a:1:{i:0;s:0:\"\";}LastAccessesURI|s:23:\"/content/view/sitemap/2\";eZPreferences|a:1:{s:20:\"ObjectCreationIDList\";s:16:\"a:1:{i:0;i:151;}\";}RegisterUserID|i:151;',1270426062,'365d78197761cb47d44e4fb1d6ec8dc3','a2e4822a98337283e39f7b60acf85ec9',10),('eZUserLoggedInID|i:10;eZUserInfoCache_Timestamp|i:1263421345;eZUserInfoCache|a:1:{i:10;a:5:{s:16:\"contentobject_id\";s:2:\"10\";s:5:\"login\";s:9:\"anonymous\";s:5:\"email\";s:12:\"nospam@ez.no\";s:13:\"password_hash\";s:32:\"4e6f6184135228ccd45f8233d72a0363\";s:18:\"password_hash_type\";s:1:\"2\";}}eZUserGroupsCache_Timestamp|i:1263421345;eZUserGroupsCache|a:2:{i:0;s:2:\"42\";i:1;s:1:\"4\";}AccessArray|a:3:{s:7:\"content\";a:2:{s:4:\"read\";a:2:{s:5:\"p_374\";a:1:{s:7:\"Section\";a:1:{i:0;s:1:\"1\";}}s:5:\"p_379\";a:2:{s:5:\"Class\";a:6:{i:0;s:2:\"29\";i:1;s:2:\"33\";i:2;s:2:\"35\";i:3;s:2:\"36\";i:4;s:2:\"37\";i:5;s:2:\"45\";}s:7:\"Section\";a:1:{i:0;s:1:\"3\";}}}s:3:\"pdf\";a:1:{s:5:\"p_375\";a:1:{s:7:\"Section\";a:1:{i:0;s:1:\"1\";}}}}s:3:\"rss\";a:1:{s:4:\"feed\";a:1:{s:1:\"*\";s:1:\"*\";}}s:4:\"user\";a:1:{s:5:\"login\";a:1:{s:5:\"p_377\";a:1:{s:10:\"SiteAccess\";a:1:{i:0;s:10:\"1512209704\";}}}}}AccessArrayTimestamp|i:1263421345;eZGlobalSection|a:1:{s:2:\"id\";s:1:\"1\";}eZRoleIDList_Timestamp|i:1263421346;eZRoleIDList|a:1:{i:0;s:1:\"1\";}eZRoleLimitationValueList_Timestamp|i:1263421346;eZRoleLimitationValueList|a:1:{i:0;s:0:\"\";}',1263680554,'37eeeeb46915bf95a4235f86ca6d9762','a2e4822a98337283e39f7b60acf85ec9',10),('eZUserInfoCache_Timestamp|i:1270680049;AccessArrayTimestamp|i:1270680049;eZGlobalSection|a:1:{s:2:\"id\";s:1:\"1\";}eZRoleIDList_Timestamp|i:1270680049;eZUserGroupsCache_Timestamp|i:1270680049;eZRoleLimitationValueList_Timestamp|i:1270680049;LastAccessesURI|s:18:\"/Eventi/Calendario\";LastAccessedModifyingURI|s:18:\"/Eventi/Calendario\";force_logout|i:1;eZUserLoggedInID|i:10;DiscardObjectID|s:2:\"57\";DiscardObjectVersion|s:1:\"5\";DiscardObjectLanguage|s:6:\"ita-IT\";DiscardConfirm|s:1:\"0\";eZUserInfoCache|a:1:{i:10;a:5:{s:16:\"contentobject_id\";s:2:\"10\";s:5:\"login\";s:9:\"anonymous\";s:5:\"email\";s:12:\"nospam@ez.no\";s:13:\"password_hash\";s:32:\"4e6f6184135228ccd45f8233d72a0363\";s:18:\"password_hash_type\";s:1:\"2\";}}eZUserGroupsCache|a:2:{i:0;s:2:\"42\";i:1;s:1:\"4\";}AccessArray|a:4:{s:7:\"content\";a:2:{s:4:\"read\";a:2:{s:5:\"p_380\";a:1:{s:7:\"Section\";a:1:{i:0;s:1:\"1\";}}s:5:\"p_384\";a:2:{s:5:\"Class\";a:6:{i:0;s:2:\"29\";i:1;s:2:\"33\";i:2;s:2:\"35\";i:3;s:2:\"36\";i:4;s:2:\"37\";i:5;s:2:\"45\";}s:7:\"Section\";a:1:{i:0;s:1:\"3\";}}}s:3:\"pdf\";a:1:{s:5:\"p_381\";a:1:{s:7:\"Section\";a:1:{i:0;s:1:\"1\";}}}}s:3:\"rss\";a:1:{s:4:\"feed\";a:1:{s:1:\"*\";s:1:\"*\";}}s:4:\"user\";a:1:{s:5:\"login\";a:1:{s:5:\"p_383\";a:1:{s:10:\"SiteAccess\";a:1:{i:0;s:10:\"1512209704\";}}}}s:8:\"ezjscore\";a:2:{s:4:\"call\";a:1:{s:1:\"*\";s:1:\"*\";}s:3:\"run\";a:1:{s:1:\"*\";s:1:\"*\";}}}eZRoleIDList|a:1:{i:0;s:1:\"1\";}eZRoleLimitationValueList|a:1:{i:0;s:0:\"\";}',1270940214,'3a406de4f93a8256f6adf2c4b03d70df','a2e4822a98337283e39f7b60acf85ec9',10),('eZUserInfoCache_Timestamp|i:1269987108;eZUserGroupsCache_Timestamp|i:1269987110;eZRoleIDList_Timestamp|i:1269987110;eZRoleLimitationValueList_Timestamp|i:1269987110;AccessArray|a:35:{s:5:\"class\";a:1:{s:1:\"*\";a:1:{s:1:\"*\";s:1:\"*\";}}s:13:\"collaboration\";a:1:{s:1:\"*\";a:1:{s:1:\"*\";s:1:\"*\";}}s:7:\"content\";a:21:{s:8:\"bookmark\";a:1:{s:1:\"*\";s:1:\"*\";}s:10:\"cleantrash\";a:1:{s:1:\"*\";s:1:\"*\";}s:6:\"create\";a:1:{s:1:\"*\";s:1:\"*\";}s:4:\"diff\";a:1:{s:1:\"*\";s:1:\"*\";}s:4:\"edit\";a:1:{s:1:\"*\";a:1:{s:18:\"StateGroup_ez_lock\";a:1:{i:0;s:1:\"1\";}}}s:4:\"hide\";a:1:{s:1:\"*\";s:1:\"*\";}s:16:\"manage_locations\";a:1:{s:1:\"*\";s:1:\"*\";}s:4:\"move\";a:1:{s:1:\"*\";s:1:\"*\";}s:3:\"pdf\";a:1:{s:1:\"*\";s:1:\"*\";}s:11:\"pendinglist\";a:1:{s:1:\"*\";s:1:\"*\";}s:4:\"read\";a:1:{s:1:\"*\";s:1:\"*\";}s:6:\"remove\";a:1:{s:1:\"*\";a:1:{s:18:\"StateGroup_ez_lock\";a:1:{i:0;s:1:\"1\";}}}s:7:\"restore\";a:1:{s:1:\"*\";s:1:\"*\";}s:18:\"reverserelatedlist\";a:1:{s:1:\"*\";s:1:\"*\";}s:10:\"tipafriend\";a:1:{s:1:\"*\";s:1:\"*\";}s:9:\"translate\";a:1:{s:1:\"*\";s:1:\"*\";}s:12:\"translations\";a:1:{s:1:\"*\";s:1:\"*\";}s:13:\"urltranslator\";a:1:{s:1:\"*\";s:1:\"*\";}s:11:\"versionread\";a:1:{s:1:\"*\";s:1:\"*\";}s:13:\"versionremove\";a:1:{s:1:\"*\";s:1:\"*\";}s:10:\"view_embed\";a:1:{s:1:\"*\";s:1:\"*\";}}s:5:\"error\";a:1:{s:1:\"*\";a:1:{s:1:\"*\";s:1:\"*\";}}s:6:\"ezinfo\";a:1:{s:4:\"read\";a:1:{s:1:\"*\";s:1:\"*\";}}s:13:\"infocollector\";a:1:{s:4:\"read\";a:1:{s:1:\"*\";s:1:\"*\";}}s:6:\"layout\";a:1:{s:1:\"*\";a:1:{s:1:\"*\";s:1:\"*\";}}s:12:\"notification\";a:2:{s:12:\"administrate\";a:1:{s:1:\"*\";s:1:\"*\";}s:3:\"use\";a:1:{s:1:\"*\";s:1:\"*\";}}s:7:\"package\";a:8:{s:6:\"create\";a:1:{s:1:\"*\";s:1:\"*\";}s:4:\"edit\";a:1:{s:1:\"*\";s:1:\"*\";}s:6:\"export\";a:1:{s:1:\"*\";s:1:\"*\";}s:6:\"import\";a:1:{s:1:\"*\";s:1:\"*\";}s:7:\"install\";a:1:{s:1:\"*\";s:1:\"*\";}s:4:\"list\";a:1:{s:1:\"*\";s:1:\"*\";}s:4:\"read\";a:1:{s:1:\"*\";s:1:\"*\";}s:6:\"remove\";a:1:{s:1:\"*\";s:1:\"*\";}}s:3:\"pdf\";a:2:{s:6:\"create\";a:1:{s:1:\"*\";s:1:\"*\";}s:4:\"edit\";a:1:{s:1:\"*\";s:1:\"*\";}}s:4:\"role\";a:1:{s:1:\"*\";a:1:{s:1:\"*\";s:1:\"*\";}}s:3:\"rss\";a:2:{s:4:\"edit\";a:1:{s:1:\"*\";s:1:\"*\";}s:4:\"feed\";a:1:{s:1:\"*\";s:1:\"*\";}}s:6:\"search\";a:1:{s:1:\"*\";a:1:{s:1:\"*\";s:1:\"*\";}}s:7:\"section\";a:3:{s:6:\"assign\";a:1:{s:1:\"*\";s:1:\"*\";}s:4:\"edit\";a:1:{s:1:\"*\";s:1:\"*\";}s:4:\"view\";a:1:{s:1:\"*\";s:1:\"*\";}}s:8:\"settings\";a:1:{s:1:\"*\";a:1:{s:1:\"*\";s:1:\"*\";}}s:5:\"setup\";a:5:{s:12:\"administrate\";a:1:{s:1:\"*\";s:1:\"*\";}s:7:\"install\";a:1:{s:1:\"*\";s:1:\"*\";}s:11:\"managecache\";a:1:{s:1:\"*\";s:1:\"*\";}s:5:\"setup\";a:1:{s:1:\"*\";s:1:\"*\";}s:11:\"system_info\";a:1:{s:1:\"*\";s:1:\"*\";}}s:4:\"shop\";a:5:{s:12:\"administrate\";a:1:{s:1:\"*\";s:1:\"*\";}s:3:\"buy\";a:1:{s:1:\"*\";s:1:\"*\";}s:11:\"edit_status\";a:1:{s:1:\"*\";s:1:\"*\";}s:9:\"setstatus\";a:1:{s:1:\"*\";s:1:\"*\";}s:5:\"setup\";a:1:{s:1:\"*\";s:1:\"*\";}}s:5:\"state\";a:2:{s:12:\"administrate\";a:1:{s:1:\"*\";s:1:\"*\";}s:6:\"assign\";a:1:{s:1:\"*\";s:1:\"*\";}}s:7:\"trigger\";a:1:{s:1:\"*\";a:1:{s:1:\"*\";s:1:\"*\";}}s:3:\"url\";a:1:{s:1:\"*\";a:1:{s:1:\"*\";s:1:\"*\";}}s:4:\"user\";a:5:{s:5:\"login\";a:1:{s:1:\"*\";s:1:\"*\";}s:8:\"password\";a:1:{s:1:\"*\";s:1:\"*\";}s:11:\"preferences\";a:1:{s:1:\"*\";s:1:\"*\";}s:8:\"register\";a:1:{s:1:\"*\";s:1:\"*\";}s:8:\"selfedit\";a:1:{s:1:\"*\";s:1:\"*\";}}s:6:\"visual\";a:1:{s:1:\"*\";a:1:{s:1:\"*\";s:1:\"*\";}}s:8:\"workflow\";a:1:{s:1:\"*\";a:1:{s:1:\"*\";s:1:\"*\";}}s:14:\"switchlanguage\";a:1:{s:1:\"*\";a:1:{s:1:\"*\";s:1:\"*\";}}s:5:\"ezodf\";a:2:{s:6:\"export\";a:1:{s:1:\"*\";s:1:\"*\";}s:6:\"import\";a:1:{s:1:\"*\";s:1:\"*\";}}s:4:\"ezoe\";a:4:{s:6:\"browse\";a:1:{s:1:\"*\";s:1:\"*\";}s:6:\"editor\";a:1:{s:1:\"*\";s:1:\"*\";}s:9:\"relations\";a:1:{s:1:\"*\";s:1:\"*\";}s:6:\"search\";a:1:{s:1:\"*\";s:1:\"*\";}}s:14:\"websitetoolbar\";a:1:{s:3:\"use\";a:1:{s:1:\"*\";s:1:\"*\";}}s:13:\"ezmultiupload\";a:1:{s:1:\"*\";a:1:{s:1:\"*\";s:1:\"*\";}}s:6:\"ezflow\";a:4:{s:4:\"call\";a:1:{s:1:\"*\";s:1:\"*\";}s:12:\"changelayout\";a:1:{s:1:\"*\";s:1:\"*\";}s:4:\"edit\";a:1:{s:1:\"*\";s:1:\"*\";}s:8:\"timeline\";a:1:{s:1:\"*\";s:1:\"*\";}}s:5:\"flash\";a:1:{s:1:\"*\";a:1:{s:1:\"*\";s:1:\"*\";}}s:6:\"survey\";a:2:{s:14:\"administration\";a:1:{s:1:\"*\";s:1:\"*\";}s:7:\"filling\";a:1:{s:1:\"*\";s:1:\"*\";}}s:20:\"objectrelationbrowse\";a:1:{s:1:\"*\";a:1:{s:1:\"*\";s:1:\"*\";}}s:8:\"ezjscore\";a:2:{s:4:\"call\";a:1:{s:1:\"*\";s:1:\"*\";}s:3:\"run\";a:1:{s:1:\"*\";s:1:\"*\";}}s:8:\"calendar\";a:1:{s:1:\"*\";a:1:{s:1:\"*\";s:1:\"*\";}}s:12:\"ticketsystem\";a:1:{s:1:\"*\";a:1:{s:1:\"*\";s:1:\"*\";}}}AccessArrayTimestamp|i:1269987108;eZUserLoggedInID|s:2:\"14\";eZUserInfoCache|a:1:{i:14;a:5:{s:16:\"contentobject_id\";s:2:\"14\";s:5:\"login\";s:5:\"admin\";s:5:\"email\";s:16:\"mosarg@gmail.com\";s:13:\"password_hash\";s:32:\"601ff46e32cfc28211388850e15fc138\";s:18:\"password_hash_type\";s:1:\"2\";}}eZGlobalSection|a:1:{s:2:\"id\";s:1:\"1\";}eZPreferences|a:15:{s:24:\"admin_navigation_content\";s:1:\"1\";s:24:\"admin_navigation_details\";b:0;s:29:\"admin_navigation_translations\";b:0;s:26:\"admin_navigation_locations\";b:0;s:26:\"admin_navigation_relations\";b:0;s:23:\"admin_navigation_states\";b:0;s:16:\"admin_list_limit\";s:1:\"2\";s:23:\"admin_children_viewmode\";b:0;s:19:\"admin_bookmark_menu\";s:1:\"1\";s:21:\"admin_clearcache_menu\";b:0;s:24:\"admin_quicksettings_menu\";s:1:\"1\";s:30:\"admin_quicksettings_siteaccess\";s:12:\"mondelli_ita\";s:21:\"admin_left_menu_width\";b:0;s:14:\"admin_treemenu\";s:1:\"1\";s:25:\"admin_children_browsemode\";b:0;}eZUserGroupsCache|a:2:{i:0;s:2:\"12\";i:1;s:1:\"4\";}eZRoleIDList|a:1:{i:0;s:1:\"2\";}eZRoleLimitationValueList|a:1:{i:0;s:0:\"\";}LastAccessedModifyingURI|s:9:\"/rss/list\";LastAccessesURI|s:9:\"/rss/list\";BrowseParameters|a:17:{s:11:\"action_name\";s:15:\"RSSObjectBrowse\";s:20:\"description_template\";s:28:\"design:rss/browse_source.tpl\";s:9:\"from_page\";s:31:\"/rss/edit_export/1/1/NodeSource\";s:4:\"type\";s:15:\"RSSObjectBrowse\";s:9:\"selection\";s:6:\"single\";s:11:\"return_type\";s:6:\"NodeID\";s:20:\"browse_custom_action\";b:0;s:18:\"custom_action_data\";b:0;s:10:\"start_node\";s:2:\"61\";s:19:\"ignore_nodes_select\";a:0:{}s:27:\"ignore_nodes_select_subtree\";a:0:{}s:18:\"ignore_nodes_click\";a:0:{}s:11:\"class_array\";b:0;s:15:\"persistent_data\";b:0;s:10:\"permission\";b:0;s:15:\"top_level_nodes\";a:2:{i:0;s:1:\"2\";i:1;s:2:\"43\";}s:11:\"cancel_page\";b:0;}',1270246478,'3a54d11b42a9d94bd1f822a458777b0a','a2e4822a98337283e39f7b60acf85ec9',14),('eZUserLoggedInID|i:10;eZUserInfoCache_Timestamp|i:1270067938;eZUserInfoCache|a:1:{i:10;a:5:{s:16:\"contentobject_id\";s:2:\"10\";s:5:\"login\";s:9:\"anonymous\";s:5:\"email\";s:12:\"nospam@ez.no\";s:13:\"password_hash\";s:32:\"4e6f6184135228ccd45f8233d72a0363\";s:18:\"password_hash_type\";s:1:\"2\";}}AccessArray|a:3:{s:7:\"content\";a:2:{s:4:\"read\";a:2:{s:5:\"p_374\";a:1:{s:7:\"Section\";a:1:{i:0;s:1:\"1\";}}s:5:\"p_379\";a:2:{s:5:\"Class\";a:6:{i:0;s:2:\"29\";i:1;s:2:\"33\";i:2;s:2:\"35\";i:3;s:2:\"36\";i:4;s:2:\"37\";i:5;s:2:\"45\";}s:7:\"Section\";a:1:{i:0;s:1:\"3\";}}}s:3:\"pdf\";a:1:{s:5:\"p_375\";a:1:{s:7:\"Section\";a:1:{i:0;s:1:\"1\";}}}}s:3:\"rss\";a:1:{s:4:\"feed\";a:1:{s:1:\"*\";s:1:\"*\";}}s:4:\"user\";a:1:{s:5:\"login\";a:1:{s:5:\"p_377\";a:1:{s:10:\"SiteAccess\";a:1:{i:0;s:10:\"1512209704\";}}}}}AccessArrayTimestamp|i:1270067938;',1270327138,'3a728f12289ee854d95205069b01fcf6','a2e4822a98337283e39f7b60acf85ec9',10),('eZUserLoggedInID|i:10;eZUserInfoCache_Timestamp|i:1270027858;eZUserInfoCache|a:1:{i:10;a:5:{s:16:\"contentobject_id\";s:2:\"10\";s:5:\"login\";s:9:\"anonymous\";s:5:\"email\";s:12:\"nospam@ez.no\";s:13:\"password_hash\";s:32:\"4e6f6184135228ccd45f8233d72a0363\";s:18:\"password_hash_type\";s:1:\"2\";}}eZUserGroupsCache_Timestamp|i:1270027858;eZUserGroupsCache|a:2:{i:0;s:2:\"42\";i:1;s:1:\"4\";}AccessArray|a:3:{s:7:\"content\";a:2:{s:4:\"read\";a:2:{s:5:\"p_374\";a:1:{s:7:\"Section\";a:1:{i:0;s:1:\"1\";}}s:5:\"p_379\";a:2:{s:5:\"Class\";a:6:{i:0;s:2:\"29\";i:1;s:2:\"33\";i:2;s:2:\"35\";i:3;s:2:\"36\";i:4;s:2:\"37\";i:5;s:2:\"45\";}s:7:\"Section\";a:1:{i:0;s:1:\"3\";}}}s:3:\"pdf\";a:1:{s:5:\"p_375\";a:1:{s:7:\"Section\";a:1:{i:0;s:1:\"1\";}}}}s:3:\"rss\";a:1:{s:4:\"feed\";a:1:{s:1:\"*\";s:1:\"*\";}}s:4:\"user\";a:1:{s:5:\"login\";a:1:{s:5:\"p_377\";a:1:{s:10:\"SiteAccess\";a:1:{i:0;s:10:\"1512209704\";}}}}}AccessArrayTimestamp|i:1270027859;',1270287059,'3d92919a30c7bb5e04a65d04a3387dda','a2e4822a98337283e39f7b60acf85ec9',10),('eZUserLoggedInID|i:10;eZUserInfoCache_Timestamp|i:1271077376;eZUserInfoCache|a:1:{i:10;a:5:{s:16:\"contentobject_id\";s:2:\"10\";s:5:\"login\";s:9:\"anonymous\";s:5:\"email\";s:12:\"nospam@ez.no\";s:13:\"password_hash\";s:32:\"4e6f6184135228ccd45f8233d72a0363\";s:18:\"password_hash_type\";s:1:\"2\";}}AccessArray|a:5:{s:7:\"content\";a:2:{s:4:\"read\";a:2:{s:5:\"p_445\";a:1:{s:7:\"Section\";a:1:{i:0;s:1:\"1\";}}s:5:\"p_449\";a:2:{s:5:\"Class\";a:6:{i:0;s:2:\"29\";i:1;s:2:\"33\";i:2;s:2:\"35\";i:3;s:2:\"36\";i:4;s:2:\"37\";i:5;s:2:\"45\";}s:7:\"Section\";a:1:{i:0;s:1:\"3\";}}}s:3:\"pdf\";a:1:{s:5:\"p_446\";a:1:{s:7:\"Section\";a:1:{i:0;s:1:\"1\";}}}}s:3:\"rss\";a:1:{s:4:\"feed\";a:1:{s:1:\"*\";s:1:\"*\";}}s:4:\"user\";a:1:{s:5:\"login\";a:1:{s:5:\"p_448\";a:1:{s:10:\"SiteAccess\";a:1:{i:0;s:10:\"1512209704\";}}}}s:8:\"ezjscore\";a:2:{s:4:\"call\";a:1:{s:1:\"*\";s:1:\"*\";}s:3:\"run\";a:1:{s:1:\"*\";s:1:\"*\";}}s:7:\"comment\";a:1:{s:4:\"read\";a:1:{s:1:\"*\";s:1:\"*\";}}}AccessArrayTimestamp|i:1271077376;eZGlobalSection|a:1:{s:2:\"id\";s:1:\"1\";}eZRoleIDList_Timestamp|i:1271077376;eZUserGroupsCache_Timestamp|i:1271077376;eZUserGroupsCache|a:2:{i:0;s:2:\"42\";i:1;s:1:\"4\";}eZRoleIDList|a:1:{i:0;s:1:\"1\";}eZRoleLimitationValueList_Timestamp|i:1271077376;eZRoleLimitationValueList|a:1:{i:0;s:0:\"\";}LastAccessesURI|s:0:\"\";LastAccessedModifyingURI|s:0:\"\";',1271337023,'3fd85832585dba3e97056d6504d397ea','a2e4822a98337283e39f7b60acf85ec9',10),('eZUserInfoCache_Timestamp|i:1265055688;eZUserGroupsCache_Timestamp|i:1265055689;eZRoleIDList_Timestamp|i:1265055689;eZRoleLimitationValueList_Timestamp|i:1265055689;AccessArray|a:35:{s:5:\"class\";a:1:{s:1:\"*\";a:1:{s:1:\"*\";s:1:\"*\";}}s:13:\"collaboration\";a:1:{s:1:\"*\";a:1:{s:1:\"*\";s:1:\"*\";}}s:7:\"content\";a:21:{s:8:\"bookmark\";a:1:{s:1:\"*\";s:1:\"*\";}s:10:\"cleantrash\";a:1:{s:1:\"*\";s:1:\"*\";}s:6:\"create\";a:1:{s:1:\"*\";s:1:\"*\";}s:4:\"diff\";a:1:{s:1:\"*\";s:1:\"*\";}s:4:\"edit\";a:1:{s:1:\"*\";a:1:{s:18:\"StateGroup_ez_lock\";a:1:{i:0;s:1:\"1\";}}}s:4:\"hide\";a:1:{s:1:\"*\";s:1:\"*\";}s:16:\"manage_locations\";a:1:{s:1:\"*\";s:1:\"*\";}s:4:\"move\";a:1:{s:1:\"*\";s:1:\"*\";}s:3:\"pdf\";a:1:{s:1:\"*\";s:1:\"*\";}s:11:\"pendinglist\";a:1:{s:1:\"*\";s:1:\"*\";}s:4:\"read\";a:1:{s:1:\"*\";s:1:\"*\";}s:6:\"remove\";a:1:{s:1:\"*\";a:1:{s:18:\"StateGroup_ez_lock\";a:1:{i:0;s:1:\"1\";}}}s:7:\"restore\";a:1:{s:1:\"*\";s:1:\"*\";}s:18:\"reverserelatedlist\";a:1:{s:1:\"*\";s:1:\"*\";}s:10:\"tipafriend\";a:1:{s:1:\"*\";s:1:\"*\";}s:9:\"translate\";a:1:{s:1:\"*\";s:1:\"*\";}s:12:\"translations\";a:1:{s:1:\"*\";s:1:\"*\";}s:13:\"urltranslator\";a:1:{s:1:\"*\";s:1:\"*\";}s:11:\"versionread\";a:1:{s:1:\"*\";s:1:\"*\";}s:13:\"versionremove\";a:1:{s:1:\"*\";s:1:\"*\";}s:10:\"view_embed\";a:1:{s:1:\"*\";s:1:\"*\";}}s:5:\"error\";a:1:{s:1:\"*\";a:1:{s:1:\"*\";s:1:\"*\";}}s:6:\"ezinfo\";a:1:{s:4:\"read\";a:1:{s:1:\"*\";s:1:\"*\";}}s:13:\"infocollector\";a:1:{s:4:\"read\";a:1:{s:1:\"*\";s:1:\"*\";}}s:6:\"layout\";a:1:{s:1:\"*\";a:1:{s:1:\"*\";s:1:\"*\";}}s:12:\"notification\";a:2:{s:12:\"administrate\";a:1:{s:1:\"*\";s:1:\"*\";}s:3:\"use\";a:1:{s:1:\"*\";s:1:\"*\";}}s:7:\"package\";a:8:{s:6:\"create\";a:1:{s:1:\"*\";s:1:\"*\";}s:4:\"edit\";a:1:{s:1:\"*\";s:1:\"*\";}s:6:\"export\";a:1:{s:1:\"*\";s:1:\"*\";}s:6:\"import\";a:1:{s:1:\"*\";s:1:\"*\";}s:7:\"install\";a:1:{s:1:\"*\";s:1:\"*\";}s:4:\"list\";a:1:{s:1:\"*\";s:1:\"*\";}s:4:\"read\";a:1:{s:1:\"*\";s:1:\"*\";}s:6:\"remove\";a:1:{s:1:\"*\";s:1:\"*\";}}s:3:\"pdf\";a:2:{s:6:\"create\";a:1:{s:1:\"*\";s:1:\"*\";}s:4:\"edit\";a:1:{s:1:\"*\";s:1:\"*\";}}s:4:\"role\";a:1:{s:1:\"*\";a:1:{s:1:\"*\";s:1:\"*\";}}s:3:\"rss\";a:2:{s:4:\"edit\";a:1:{s:1:\"*\";s:1:\"*\";}s:4:\"feed\";a:1:{s:1:\"*\";s:1:\"*\";}}s:6:\"search\";a:1:{s:1:\"*\";a:1:{s:1:\"*\";s:1:\"*\";}}s:7:\"section\";a:3:{s:6:\"assign\";a:1:{s:1:\"*\";s:1:\"*\";}s:4:\"edit\";a:1:{s:1:\"*\";s:1:\"*\";}s:4:\"view\";a:1:{s:1:\"*\";s:1:\"*\";}}s:8:\"settings\";a:1:{s:1:\"*\";a:1:{s:1:\"*\";s:1:\"*\";}}s:5:\"setup\";a:5:{s:12:\"administrate\";a:1:{s:1:\"*\";s:1:\"*\";}s:7:\"install\";a:1:{s:1:\"*\";s:1:\"*\";}s:11:\"managecache\";a:1:{s:1:\"*\";s:1:\"*\";}s:5:\"setup\";a:1:{s:1:\"*\";s:1:\"*\";}s:11:\"system_info\";a:1:{s:1:\"*\";s:1:\"*\";}}s:4:\"shop\";a:5:{s:12:\"administrate\";a:1:{s:1:\"*\";s:1:\"*\";}s:3:\"buy\";a:1:{s:1:\"*\";s:1:\"*\";}s:11:\"edit_status\";a:1:{s:1:\"*\";s:1:\"*\";}s:9:\"setstatus\";a:1:{s:1:\"*\";s:1:\"*\";}s:5:\"setup\";a:1:{s:1:\"*\";s:1:\"*\";}}s:5:\"state\";a:2:{s:12:\"administrate\";a:1:{s:1:\"*\";s:1:\"*\";}s:6:\"assign\";a:1:{s:1:\"*\";s:1:\"*\";}}s:7:\"trigger\";a:1:{s:1:\"*\";a:1:{s:1:\"*\";s:1:\"*\";}}s:3:\"url\";a:1:{s:1:\"*\";a:1:{s:1:\"*\";s:1:\"*\";}}s:4:\"user\";a:5:{s:5:\"login\";a:1:{s:1:\"*\";s:1:\"*\";}s:8:\"password\";a:1:{s:1:\"*\";s:1:\"*\";}s:11:\"preferences\";a:1:{s:1:\"*\";s:1:\"*\";}s:8:\"register\";a:1:{s:1:\"*\";s:1:\"*\";}s:8:\"selfedit\";a:1:{s:1:\"*\";s:1:\"*\";}}s:6:\"visual\";a:1:{s:1:\"*\";a:1:{s:1:\"*\";s:1:\"*\";}}s:8:\"workflow\";a:1:{s:1:\"*\";a:1:{s:1:\"*\";s:1:\"*\";}}s:14:\"switchlanguage\";a:1:{s:1:\"*\";a:1:{s:1:\"*\";s:1:\"*\";}}s:13:\"ezmultiupload\";a:1:{s:1:\"*\";a:1:{s:1:\"*\";s:1:\"*\";}}s:5:\"ezodf\";a:2:{s:6:\"export\";a:1:{s:1:\"*\";s:1:\"*\";}s:6:\"import\";a:1:{s:1:\"*\";s:1:\"*\";}}s:4:\"ezoe\";a:4:{s:6:\"browse\";a:1:{s:1:\"*\";s:1:\"*\";}s:6:\"editor\";a:1:{s:1:\"*\";s:1:\"*\";}s:9:\"relations\";a:1:{s:1:\"*\";s:1:\"*\";}s:6:\"search\";a:1:{s:1:\"*\";s:1:\"*\";}}s:14:\"websitetoolbar\";a:1:{s:3:\"use\";a:1:{s:1:\"*\";s:1:\"*\";}}s:6:\"ezflow\";a:4:{s:4:\"call\";a:1:{s:1:\"*\";s:1:\"*\";}s:12:\"changelayout\";a:1:{s:1:\"*\";s:1:\"*\";}s:4:\"edit\";a:1:{s:1:\"*\";s:1:\"*\";}s:8:\"timeline\";a:1:{s:1:\"*\";s:1:\"*\";}}s:5:\"flash\";a:1:{s:1:\"*\";a:1:{s:1:\"*\";s:1:\"*\";}}s:6:\"survey\";a:2:{s:14:\"administration\";a:1:{s:1:\"*\";s:1:\"*\";}s:7:\"filling\";a:1:{s:1:\"*\";s:1:\"*\";}}s:20:\"objectrelationbrowse\";a:1:{s:1:\"*\";a:1:{s:1:\"*\";s:1:\"*\";}}s:8:\"ezjscore\";a:2:{s:4:\"call\";a:1:{s:1:\"*\";s:1:\"*\";}s:3:\"run\";a:1:{s:1:\"*\";s:1:\"*\";}}s:8:\"calendar\";a:1:{s:1:\"*\";a:1:{s:1:\"*\";s:1:\"*\";}}s:12:\"ticketsystem\";a:1:{s:1:\"*\";a:1:{s:1:\"*\";s:1:\"*\";}}}AccessArrayTimestamp|i:1265057380;eZUserLoggedInID|s:2:\"14\";eZUserInfoCache|a:1:{i:14;a:5:{s:16:\"contentobject_id\";s:2:\"14\";s:5:\"login\";s:5:\"admin\";s:5:\"email\";s:16:\"mosarg@gmail.com\";s:13:\"password_hash\";s:32:\"601ff46e32cfc28211388850e15fc138\";s:18:\"password_hash_type\";s:1:\"2\";}}eZGlobalSection|a:1:{s:2:\"id\";s:1:\"1\";}eZPreferences|a:14:{s:24:\"admin_navigation_content\";s:1:\"1\";s:24:\"admin_navigation_details\";b:0;s:29:\"admin_navigation_translations\";b:0;s:26:\"admin_navigation_locations\";b:0;s:26:\"admin_navigation_relations\";b:0;s:23:\"admin_navigation_states\";b:0;s:16:\"admin_list_limit\";s:1:\"2\";s:23:\"admin_children_viewmode\";b:0;s:19:\"admin_bookmark_menu\";s:1:\"1\";s:21:\"admin_clearcache_menu\";b:0;s:24:\"admin_quicksettings_menu\";s:1:\"1\";s:30:\"admin_quicksettings_siteaccess\";s:12:\"mondelli_ita\";s:21:\"admin_left_menu_width\";b:0;s:14:\"admin_treemenu\";s:1:\"1\";}eZUserGroupsCache|a:2:{i:0;s:2:\"12\";i:1;s:1:\"4\";}eZRoleIDList|a:1:{i:0;s:1:\"2\";}eZRoleLimitationValueList|a:1:{i:0;s:0:\"\";}LastAccessedModifyingURI|N;',1265316582,'44018f67d4fa04bad210cae82ca786b1','a2e4822a98337283e39f7b60acf85ec9',14),('eZUserInfoCache_Timestamp|i:1269113203;AccessArrayTimestamp|i:1269113866;eZGlobalSection|a:1:{s:2:\"id\";s:1:\"1\";}eZRoleIDList_Timestamp|i:1269113203;eZUserGroupsCache_Timestamp|i:1269113203;eZRoleLimitationValueList_Timestamp|i:1269113203;LastAccessesURI|s:0:\"\";LastAccessedModifyingURI|s:0:\"\";force_logout|i:1;ContentUploadParameters|a:1:{s:6:\"result\";a:3:{s:7:\"node_id\";s:3:\"109\";s:9:\"object_id\";s:3:\"108\";s:14:\"object_version\";i:1;}}DiscardObjectID|s:2:\"59\";DiscardObjectVersion|s:1:\"3\";DiscardObjectLanguage|s:6:\"ita-IT\";DiscardConfirm|s:1:\"0\";CurrentViewMode|s:4:\"full\";ContentNodeID|s:2:\"68\";ContentObjectID|s:2:\"75\";HideRemoveConfirmation|b:0;DeleteIDArray|a:1:{i:0;s:2:\"76\";}RedirectURIAfterRemove|b:0;RedirectIfCancel|b:0;userRedirectURIReverseRelatedList|s:21:\"/content/removeobject\";eZUserLoggedInID|i:10;eZUserInfoCache|a:1:{i:10;a:5:{s:16:\"contentobject_id\";s:2:\"10\";s:5:\"login\";s:9:\"anonymous\";s:5:\"email\";s:12:\"nospam@ez.no\";s:13:\"password_hash\";s:32:\"4e6f6184135228ccd45f8233d72a0363\";s:18:\"password_hash_type\";s:1:\"2\";}}eZUserGroupsCache|a:2:{i:0;s:2:\"42\";i:1;s:1:\"4\";}AccessArray|a:3:{s:7:\"content\";a:2:{s:4:\"read\";a:2:{s:5:\"p_374\";a:1:{s:7:\"Section\";a:1:{i:0;s:1:\"1\";}}s:5:\"p_379\";a:2:{s:5:\"Class\";a:6:{i:0;s:2:\"29\";i:1;s:2:\"33\";i:2;s:2:\"35\";i:3;s:2:\"36\";i:4;s:2:\"37\";i:5;s:2:\"45\";}s:7:\"Section\";a:1:{i:0;s:1:\"3\";}}}s:3:\"pdf\";a:1:{s:5:\"p_375\";a:1:{s:7:\"Section\";a:1:{i:0;s:1:\"1\";}}}}s:3:\"rss\";a:1:{s:4:\"feed\";a:1:{s:1:\"*\";s:1:\"*\";}}s:4:\"user\";a:1:{s:5:\"login\";a:1:{s:5:\"p_377\";a:1:{s:10:\"SiteAccess\";a:1:{i:0;s:10:\"1512209704\";}}}}}eZRoleIDList|a:1:{i:0;s:1:\"1\";}eZRoleLimitationValueList|a:1:{i:0;s:0:\"\";}',1269376122,'44cbfd289b5a888416ba0cd6ef0cb387','a2e4822a98337283e39f7b60acf85ec9',10),('eZUserLoggedInID|i:10;eZUserInfoCache_Timestamp|i:1270160083;eZUserInfoCache|a:1:{i:10;a:5:{s:16:\"contentobject_id\";s:2:\"10\";s:5:\"login\";s:9:\"anonymous\";s:5:\"email\";s:12:\"nospam@ez.no\";s:13:\"password_hash\";s:32:\"4e6f6184135228ccd45f8233d72a0363\";s:18:\"password_hash_type\";s:1:\"2\";}}AccessArray|a:4:{s:7:\"content\";a:2:{s:4:\"read\";a:2:{s:5:\"p_380\";a:1:{s:7:\"Section\";a:1:{i:0;s:1:\"1\";}}s:5:\"p_384\";a:2:{s:5:\"Class\";a:6:{i:0;s:2:\"29\";i:1;s:2:\"33\";i:2;s:2:\"35\";i:3;s:2:\"36\";i:4;s:2:\"37\";i:5;s:2:\"45\";}s:7:\"Section\";a:1:{i:0;s:1:\"3\";}}}s:3:\"pdf\";a:1:{s:5:\"p_381\";a:1:{s:7:\"Section\";a:1:{i:0;s:1:\"1\";}}}}s:3:\"rss\";a:1:{s:4:\"feed\";a:1:{s:1:\"*\";s:1:\"*\";}}s:4:\"user\";a:1:{s:5:\"login\";a:1:{s:5:\"p_383\";a:1:{s:10:\"SiteAccess\";a:1:{i:0;s:10:\"1512209704\";}}}}s:8:\"ezjscore\";a:2:{s:4:\"call\";a:1:{s:1:\"*\";s:1:\"*\";}s:3:\"run\";a:1:{s:1:\"*\";s:1:\"*\";}}}AccessArrayTimestamp|i:1270160083;eZGlobalSection|a:1:{s:2:\"id\";s:1:\"1\";}eZRoleIDList_Timestamp|i:1270160083;eZUserGroupsCache_Timestamp|i:1270160083;eZUserGroupsCache|a:2:{i:0;s:2:\"42\";i:1;s:1:\"4\";}eZRoleIDList|a:1:{i:0;s:1:\"1\";}eZRoleLimitationValueList_Timestamp|i:1270160083;eZRoleLimitationValueList|a:1:{i:0;s:0:\"\";}',1270421853,'45c8948ba8385af778240cf347abb259','a2e4822a98337283e39f7b60acf85ec9',10),('eZUserInfoCache_Timestamp|i:1265559789;AccessArrayTimestamp|i:1265559789;eZGlobalSection|a:1:{s:2:\"id\";s:1:\"1\";}eZRoleIDList_Timestamp|i:1265559789;eZUserGroupsCache_Timestamp|i:1265559789;eZRoleLimitationValueList_Timestamp|i:1265559789;LastAccessedModifyingURI|s:0:\"\";eZUserLoggedInID|i:10;LastAccessesURI|s:0:\"\";force_logout|i:1;eZUserInfoCache|a:1:{i:10;a:5:{s:16:\"contentobject_id\";s:2:\"10\";s:5:\"login\";s:9:\"anonymous\";s:5:\"email\";s:12:\"nospam@ez.no\";s:13:\"password_hash\";s:32:\"4e6f6184135228ccd45f8233d72a0363\";s:18:\"password_hash_type\";s:1:\"2\";}}AccessArray|a:3:{s:7:\"content\";a:2:{s:4:\"read\";a:2:{s:5:\"p_374\";a:1:{s:7:\"Section\";a:1:{i:0;s:1:\"1\";}}s:5:\"p_379\";a:2:{s:5:\"Class\";a:6:{i:0;s:2:\"29\";i:1;s:2:\"33\";i:2;s:2:\"35\";i:3;s:2:\"36\";i:4;s:2:\"37\";i:5;s:2:\"45\";}s:7:\"Section\";a:1:{i:0;s:1:\"3\";}}}s:3:\"pdf\";a:1:{s:5:\"p_375\";a:1:{s:7:\"Section\";a:1:{i:0;s:1:\"1\";}}}}s:3:\"rss\";a:1:{s:4:\"feed\";a:1:{s:1:\"*\";s:1:\"*\";}}s:4:\"user\";a:1:{s:5:\"login\";a:1:{s:5:\"p_377\";a:1:{s:10:\"SiteAccess\";a:1:{i:0;s:10:\"1512209704\";}}}}}eZUserGroupsCache|a:2:{i:0;s:2:\"42\";i:1;s:1:\"4\";}eZRoleIDList|a:1:{i:0;s:1:\"1\";}eZRoleLimitationValueList|a:1:{i:0;s:0:\"\";}',1265845470,'4ae0da0009fba0e35449ee43210aa45d','a2e4822a98337283e39f7b60acf85ec9',10),('eZUserInfoCache_Timestamp|i:1270591269;AccessArrayTimestamp|i:1270591269;eZGlobalSection|a:1:{s:2:\"id\";s:1:\"1\";}eZRoleIDList_Timestamp|i:1270591269;eZUserGroupsCache_Timestamp|i:1270591269;eZRoleLimitationValueList_Timestamp|i:1270591269;LastAccessesURI|s:18:\"/Eventi/Calendario\";LastAccessedModifyingURI|s:18:\"/Eventi/Calendario\";force_logout|i:1;AccessArray|a:35:{s:5:\"class\";a:1:{s:1:\"*\";a:1:{s:1:\"*\";s:1:\"*\";}}s:13:\"collaboration\";a:1:{s:1:\"*\";a:1:{s:1:\"*\";s:1:\"*\";}}s:7:\"content\";a:21:{s:8:\"bookmark\";a:1:{s:1:\"*\";s:1:\"*\";}s:10:\"cleantrash\";a:1:{s:1:\"*\";s:1:\"*\";}s:6:\"create\";a:1:{s:1:\"*\";s:1:\"*\";}s:4:\"diff\";a:1:{s:1:\"*\";s:1:\"*\";}s:4:\"edit\";a:1:{s:1:\"*\";a:1:{s:18:\"StateGroup_ez_lock\";a:1:{i:0;s:1:\"1\";}}}s:4:\"hide\";a:1:{s:1:\"*\";s:1:\"*\";}s:16:\"manage_locations\";a:1:{s:1:\"*\";s:1:\"*\";}s:4:\"move\";a:1:{s:1:\"*\";s:1:\"*\";}s:3:\"pdf\";a:1:{s:1:\"*\";s:1:\"*\";}s:11:\"pendinglist\";a:1:{s:1:\"*\";s:1:\"*\";}s:4:\"read\";a:1:{s:1:\"*\";s:1:\"*\";}s:6:\"remove\";a:1:{s:1:\"*\";a:1:{s:18:\"StateGroup_ez_lock\";a:1:{i:0;s:1:\"1\";}}}s:7:\"restore\";a:1:{s:1:\"*\";s:1:\"*\";}s:18:\"reverserelatedlist\";a:1:{s:1:\"*\";s:1:\"*\";}s:10:\"tipafriend\";a:1:{s:1:\"*\";s:1:\"*\";}s:9:\"translate\";a:1:{s:1:\"*\";s:1:\"*\";}s:12:\"translations\";a:1:{s:1:\"*\";s:1:\"*\";}s:13:\"urltranslator\";a:1:{s:1:\"*\";s:1:\"*\";}s:11:\"versionread\";a:1:{s:1:\"*\";s:1:\"*\";}s:13:\"versionremove\";a:1:{s:1:\"*\";s:1:\"*\";}s:10:\"view_embed\";a:1:{s:1:\"*\";s:1:\"*\";}}s:5:\"error\";a:1:{s:1:\"*\";a:1:{s:1:\"*\";s:1:\"*\";}}s:6:\"ezinfo\";a:1:{s:4:\"read\";a:1:{s:1:\"*\";s:1:\"*\";}}s:13:\"infocollector\";a:1:{s:4:\"read\";a:1:{s:1:\"*\";s:1:\"*\";}}s:6:\"layout\";a:1:{s:1:\"*\";a:1:{s:1:\"*\";s:1:\"*\";}}s:12:\"notification\";a:2:{s:12:\"administrate\";a:1:{s:1:\"*\";s:1:\"*\";}s:3:\"use\";a:1:{s:1:\"*\";s:1:\"*\";}}s:7:\"package\";a:8:{s:6:\"create\";a:1:{s:1:\"*\";s:1:\"*\";}s:4:\"edit\";a:1:{s:1:\"*\";s:1:\"*\";}s:6:\"export\";a:1:{s:1:\"*\";s:1:\"*\";}s:6:\"import\";a:1:{s:1:\"*\";s:1:\"*\";}s:7:\"install\";a:1:{s:1:\"*\";s:1:\"*\";}s:4:\"list\";a:1:{s:1:\"*\";s:1:\"*\";}s:4:\"read\";a:1:{s:1:\"*\";s:1:\"*\";}s:6:\"remove\";a:1:{s:1:\"*\";s:1:\"*\";}}s:3:\"pdf\";a:2:{s:6:\"create\";a:1:{s:1:\"*\";s:1:\"*\";}s:4:\"edit\";a:1:{s:1:\"*\";s:1:\"*\";}}s:4:\"role\";a:1:{s:1:\"*\";a:1:{s:1:\"*\";s:1:\"*\";}}s:3:\"rss\";a:2:{s:4:\"edit\";a:1:{s:1:\"*\";s:1:\"*\";}s:4:\"feed\";a:1:{s:1:\"*\";s:1:\"*\";}}s:6:\"search\";a:1:{s:1:\"*\";a:1:{s:1:\"*\";s:1:\"*\";}}s:7:\"section\";a:3:{s:6:\"assign\";a:1:{s:1:\"*\";s:1:\"*\";}s:4:\"edit\";a:1:{s:1:\"*\";s:1:\"*\";}s:4:\"view\";a:1:{s:1:\"*\";s:1:\"*\";}}s:8:\"settings\";a:1:{s:1:\"*\";a:1:{s:1:\"*\";s:1:\"*\";}}s:5:\"setup\";a:5:{s:12:\"administrate\";a:1:{s:1:\"*\";s:1:\"*\";}s:7:\"install\";a:1:{s:1:\"*\";s:1:\"*\";}s:11:\"managecache\";a:1:{s:1:\"*\";s:1:\"*\";}s:5:\"setup\";a:1:{s:1:\"*\";s:1:\"*\";}s:11:\"system_info\";a:1:{s:1:\"*\";s:1:\"*\";}}s:4:\"shop\";a:5:{s:12:\"administrate\";a:1:{s:1:\"*\";s:1:\"*\";}s:3:\"buy\";a:1:{s:1:\"*\";s:1:\"*\";}s:11:\"edit_status\";a:1:{s:1:\"*\";s:1:\"*\";}s:9:\"setstatus\";a:1:{s:1:\"*\";s:1:\"*\";}s:5:\"setup\";a:1:{s:1:\"*\";s:1:\"*\";}}s:5:\"state\";a:2:{s:12:\"administrate\";a:1:{s:1:\"*\";s:1:\"*\";}s:6:\"assign\";a:1:{s:1:\"*\";s:1:\"*\";}}s:7:\"trigger\";a:1:{s:1:\"*\";a:1:{s:1:\"*\";s:1:\"*\";}}s:3:\"url\";a:1:{s:1:\"*\";a:1:{s:1:\"*\";s:1:\"*\";}}s:4:\"user\";a:5:{s:5:\"login\";a:1:{s:1:\"*\";s:1:\"*\";}s:8:\"password\";a:1:{s:1:\"*\";s:1:\"*\";}s:11:\"preferences\";a:1:{s:1:\"*\";s:1:\"*\";}s:8:\"register\";a:1:{s:1:\"*\";s:1:\"*\";}s:8:\"selfedit\";a:1:{s:1:\"*\";s:1:\"*\";}}s:6:\"visual\";a:1:{s:1:\"*\";a:1:{s:1:\"*\";s:1:\"*\";}}s:8:\"workflow\";a:1:{s:1:\"*\";a:1:{s:1:\"*\";s:1:\"*\";}}s:14:\"switchlanguage\";a:1:{s:1:\"*\";a:1:{s:1:\"*\";s:1:\"*\";}}s:5:\"ezodf\";a:2:{s:6:\"export\";a:1:{s:1:\"*\";s:1:\"*\";}s:6:\"import\";a:1:{s:1:\"*\";s:1:\"*\";}}s:4:\"ezoe\";a:4:{s:6:\"browse\";a:1:{s:1:\"*\";s:1:\"*\";}s:6:\"editor\";a:1:{s:1:\"*\";s:1:\"*\";}s:9:\"relations\";a:1:{s:1:\"*\";s:1:\"*\";}s:6:\"search\";a:1:{s:1:\"*\";s:1:\"*\";}}s:14:\"websitetoolbar\";a:1:{s:3:\"use\";a:1:{s:1:\"*\";s:1:\"*\";}}s:13:\"ezmultiupload\";a:1:{s:1:\"*\";a:1:{s:1:\"*\";s:1:\"*\";}}s:6:\"ezflow\";a:4:{s:4:\"call\";a:1:{s:1:\"*\";s:1:\"*\";}s:12:\"changelayout\";a:1:{s:1:\"*\";s:1:\"*\";}s:4:\"edit\";a:1:{s:1:\"*\";s:1:\"*\";}s:8:\"timeline\";a:1:{s:1:\"*\";s:1:\"*\";}}s:5:\"flash\";a:1:{s:1:\"*\";a:1:{s:1:\"*\";s:1:\"*\";}}s:6:\"survey\";a:2:{s:14:\"administration\";a:1:{s:1:\"*\";s:1:\"*\";}s:7:\"filling\";a:1:{s:1:\"*\";s:1:\"*\";}}s:20:\"objectrelationbrowse\";a:1:{s:1:\"*\";a:1:{s:1:\"*\";s:1:\"*\";}}s:8:\"ezjscore\";a:2:{s:4:\"call\";a:1:{s:1:\"*\";s:1:\"*\";}s:3:\"run\";a:1:{s:1:\"*\";s:1:\"*\";}}s:8:\"calendar\";a:1:{s:1:\"*\";a:1:{s:1:\"*\";s:1:\"*\";}}s:12:\"ticketsystem\";a:1:{s:1:\"*\";a:1:{s:1:\"*\";s:1:\"*\";}}}eZUserLoggedInID|s:2:\"14\";eZUserInfoCache|a:1:{i:14;a:5:{s:16:\"contentobject_id\";s:2:\"14\";s:5:\"login\";s:5:\"admin\";s:5:\"email\";s:16:\"mosarg@gmail.com\";s:13:\"password_hash\";s:32:\"601ff46e32cfc28211388850e15fc138\";s:18:\"password_hash_type\";s:1:\"2\";}}eZUserGroupsCache|a:2:{i:0;s:2:\"12\";i:1;s:1:\"4\";}eZRoleIDList|a:1:{i:0;s:1:\"2\";}eZRoleLimitationValueList|a:1:{i:0;s:0:\"\";}eZPreferences|a:1:{s:21:\"admin_clearcache_type\";b:0;}',1270851909,'5015bad763ecadb50d04268a99bd14ec','a2e4822a98337283e39f7b60acf85ec9',14),('eZUserInfoCache_Timestamp|i:1270931833;AccessArrayTimestamp|i:1270931833;eZGlobalSection|a:1:{s:2:\"id\";s:1:\"1\";}eZRoleIDList_Timestamp|i:1270931834;eZUserGroupsCache_Timestamp|i:1270931834;eZRoleLimitationValueList_Timestamp|i:1270931834;LastAccessedModifyingURI|s:0:\"\";DiscardObjectID|s:2:\"68\";DiscardObjectVersion|s:1:\"4\";DiscardObjectLanguage|s:6:\"ita-IT\";DiscardConfirm|s:1:\"0\";LastAccessesURI|s:0:\"\";force_logout|i:1;ClassesCachedTimestamp|i:1270888663;RedirectIfCancel|b:0;ContentUploadParameters|a:1:{s:6:\"result\";a:3:{s:7:\"node_id\";s:3:\"188\";s:9:\"object_id\";s:3:\"279\";s:14:\"object_version\";i:1;}}BrowseParameters|a:17:{s:11:\"action_name\";s:20:\"AddRelatedObject_774\";s:4:\"type\";s:30:\"AddRelatedObjectListToDataType\";s:20:\"browse_custom_action\";a:2:{s:4:\"name\";s:48:\"CustomActionButton[774_set_object_relation_list]\";s:5:\"value\";s:3:\"774\";}s:15:\"persistent_data\";a:1:{s:14:\"HasObjectInput\";i:0;}s:9:\"from_page\";s:27:\"/content/edit/150/3/ita-IT/\";s:10:\"start_node\";s:2:\"69\";s:11:\"class_array\";a:1:{i:0;s:5:\"image\";}s:9:\"selection\";s:8:\"multiple\";s:11:\"return_type\";s:8:\"ObjectID\";s:18:\"custom_action_data\";b:0;s:20:\"description_template\";b:0;s:19:\"ignore_nodes_select\";a:0:{}s:27:\"ignore_nodes_select_subtree\";a:0:{}s:18:\"ignore_nodes_click\";a:0:{}s:10:\"permission\";b:0;s:15:\"top_level_nodes\";a:4:{i:0;s:1:\"2\";i:1;s:1:\"5\";i:2;s:2:\"43\";i:3;s:2:\"48\";}s:11:\"cancel_page\";b:0;}eZUserLoggedInID|i:10;eZUserInfoCache|a:1:{i:10;a:5:{s:16:\"contentobject_id\";s:2:\"10\";s:5:\"login\";s:9:\"anonymous\";s:5:\"email\";s:12:\"nospam@ez.no\";s:13:\"password_hash\";s:32:\"4e6f6184135228ccd45f8233d72a0363\";s:18:\"password_hash_type\";s:1:\"2\";}}AccessArray|a:5:{s:7:\"content\";a:2:{s:4:\"read\";a:2:{s:5:\"p_445\";a:1:{s:7:\"Section\";a:1:{i:0;s:1:\"1\";}}s:5:\"p_449\";a:2:{s:5:\"Class\";a:6:{i:0;s:2:\"29\";i:1;s:2:\"33\";i:2;s:2:\"35\";i:3;s:2:\"36\";i:4;s:2:\"37\";i:5;s:2:\"45\";}s:7:\"Section\";a:1:{i:0;s:1:\"3\";}}}s:3:\"pdf\";a:1:{s:5:\"p_446\";a:1:{s:7:\"Section\";a:1:{i:0;s:1:\"1\";}}}}s:3:\"rss\";a:1:{s:4:\"feed\";a:1:{s:1:\"*\";s:1:\"*\";}}s:4:\"user\";a:1:{s:5:\"login\";a:1:{s:5:\"p_448\";a:1:{s:10:\"SiteAccess\";a:1:{i:0;s:10:\"1512209704\";}}}}s:8:\"ezjscore\";a:2:{s:4:\"call\";a:1:{s:1:\"*\";s:1:\"*\";}s:3:\"run\";a:1:{s:1:\"*\";s:1:\"*\";}}s:7:\"comment\";a:1:{s:4:\"read\";a:1:{s:1:\"*\";s:1:\"*\";}}}eZUserGroupsCache|a:2:{i:0;s:2:\"42\";i:1;s:1:\"4\";}eZRoleIDList|a:1:{i:0;s:1:\"1\";}eZRoleLimitationValueList|a:1:{i:0;s:0:\"\";}',1271191036,'51c2812bd66c3bc5ec6b4f4cb7d9990a','a2e4822a98337283e39f7b60acf85ec9',10),('eZUserInfoCache_Timestamp|i:1270937226;AccessArrayTimestamp|i:1270937226;eZGlobalSection|a:1:{s:2:\"id\";s:1:\"1\";}eZRoleIDList_Timestamp|i:1270937226;eZUserGroupsCache_Timestamp|i:1270937226;eZRoleLimitationValueList_Timestamp|i:1270937226;LastAccessesURI|s:0:\"\";LastAccessedModifyingURI|s:0:\"\";DiscardObjectID|s:3:\"112\";DiscardObjectVersion|s:1:\"4\";DiscardObjectLanguage|s:6:\"ita-IT\";DiscardConfirm|s:1:\"0\";force_logout|i:1;eZUserLoggedInID|i:10;eZUserInfoCache|a:1:{i:10;a:5:{s:16:\"contentobject_id\";s:2:\"10\";s:5:\"login\";s:9:\"anonymous\";s:5:\"email\";s:12:\"nospam@ez.no\";s:13:\"password_hash\";s:32:\"4e6f6184135228ccd45f8233d72a0363\";s:18:\"password_hash_type\";s:1:\"2\";}}AccessArray|a:5:{s:7:\"content\";a:2:{s:4:\"read\";a:2:{s:5:\"p_445\";a:1:{s:7:\"Section\";a:1:{i:0;s:1:\"1\";}}s:5:\"p_449\";a:2:{s:5:\"Class\";a:6:{i:0;s:2:\"29\";i:1;s:2:\"33\";i:2;s:2:\"35\";i:3;s:2:\"36\";i:4;s:2:\"37\";i:5;s:2:\"45\";}s:7:\"Section\";a:1:{i:0;s:1:\"3\";}}}s:3:\"pdf\";a:1:{s:5:\"p_446\";a:1:{s:7:\"Section\";a:1:{i:0;s:1:\"1\";}}}}s:3:\"rss\";a:1:{s:4:\"feed\";a:1:{s:1:\"*\";s:1:\"*\";}}s:4:\"user\";a:1:{s:5:\"login\";a:1:{s:5:\"p_448\";a:1:{s:10:\"SiteAccess\";a:1:{i:0;s:10:\"1512209704\";}}}}s:8:\"ezjscore\";a:2:{s:4:\"call\";a:1:{s:1:\"*\";s:1:\"*\";}s:3:\"run\";a:1:{s:1:\"*\";s:1:\"*\";}}s:7:\"comment\";a:1:{s:4:\"read\";a:1:{s:1:\"*\";s:1:\"*\";}}}eZUserGroupsCache|a:2:{i:0;s:2:\"42\";i:1;s:1:\"4\";}eZRoleIDList|a:1:{i:0;s:1:\"1\";}eZRoleLimitationValueList|a:1:{i:0;s:0:\"\";}',1271196428,'51fc088a6ed00a372ad6e0f3753e020a','a2e4822a98337283e39f7b60acf85ec9',10),('eZUserInfoCache_Timestamp|i:1269180710;AccessArrayTimestamp|i:1269180710;eZGlobalSection|a:1:{s:2:\"id\";s:1:\"1\";}eZRoleIDList_Timestamp|i:1269180711;eZUserGroupsCache_Timestamp|i:1269180711;eZRoleLimitationValueList_Timestamp|i:1269180711;LastAccessesURI|s:0:\"\";LastAccessedModifyingURI|s:0:\"\";DiscardObjectID|s:2:\"76\";DiscardObjectVersion|s:1:\"8\";DiscardObjectLanguage|s:6:\"ita-IT\";DiscardConfirm|s:1:\"0\";BrowseParameters|a:17:{s:11:\"action_name\";s:20:\"AddRelatedObject_544\";s:4:\"type\";s:30:\"AddRelatedObjectListToDataType\";s:20:\"browse_custom_action\";a:2:{s:4:\"name\";s:48:\"CustomActionButton[544_set_object_relation_list]\";s:5:\"value\";s:3:\"544\";}s:15:\"persistent_data\";a:1:{s:14:\"HasObjectInput\";i:0;}s:9:\"from_page\";s:27:\"/content/edit/116/2/ita-IT/\";s:10:\"start_node\";s:3:\"116\";s:11:\"class_array\";a:1:{i:0;s:5:\"image\";}s:9:\"selection\";s:8:\"multiple\";s:11:\"return_type\";s:8:\"ObjectID\";s:18:\"custom_action_data\";b:0;s:20:\"description_template\";b:0;s:19:\"ignore_nodes_select\";a:0:{}s:27:\"ignore_nodes_select_subtree\";a:0:{}s:18:\"ignore_nodes_click\";a:0:{}s:10:\"permission\";b:0;s:15:\"top_level_nodes\";a:4:{i:0;s:1:\"2\";i:1;s:1:\"5\";i:2;s:2:\"43\";i:3;s:2:\"48\";}s:11:\"cancel_page\";b:0;}ContentUploadParameters|a:1:{s:6:\"result\";a:3:{s:7:\"node_id\";s:3:\"133\";s:9:\"object_id\";s:3:\"133\";s:14:\"object_version\";i:1;}}force_logout|i:1;eZUserLoggedInID|i:10;eZUserInfoCache|a:1:{i:10;a:5:{s:16:\"contentobject_id\";s:2:\"10\";s:5:\"login\";s:9:\"anonymous\";s:5:\"email\";s:12:\"nospam@ez.no\";s:13:\"password_hash\";s:32:\"4e6f6184135228ccd45f8233d72a0363\";s:18:\"password_hash_type\";s:1:\"2\";}}AccessArray|a:3:{s:7:\"content\";a:2:{s:4:\"read\";a:2:{s:5:\"p_374\";a:1:{s:7:\"Section\";a:1:{i:0;s:1:\"1\";}}s:5:\"p_379\";a:2:{s:5:\"Class\";a:6:{i:0;s:2:\"29\";i:1;s:2:\"33\";i:2;s:2:\"35\";i:3;s:2:\"36\";i:4;s:2:\"37\";i:5;s:2:\"45\";}s:7:\"Section\";a:1:{i:0;s:1:\"3\";}}}s:3:\"pdf\";a:1:{s:5:\"p_375\";a:1:{s:7:\"Section\";a:1:{i:0;s:1:\"1\";}}}}s:3:\"rss\";a:1:{s:4:\"feed\";a:1:{s:1:\"*\";s:1:\"*\";}}s:4:\"user\";a:1:{s:5:\"login\";a:1:{s:5:\"p_377\";a:1:{s:10:\"SiteAccess\";a:1:{i:0;s:10:\"1512209704\";}}}}}eZUserGroupsCache|a:2:{i:0;s:2:\"42\";i:1;s:1:\"4\";}eZRoleIDList|a:1:{i:0;s:1:\"1\";}eZRoleLimitationValueList|a:1:{i:0;s:0:\"\";}',1269439912,'547b3653ce55090ebfcf5a77247fa874','a2e4822a98337283e39f7b60acf85ec9',10),('eZUserInfoCache_Timestamp|i:1269162750;eZUserGroupsCache_Timestamp|i:1269162752;eZRoleIDList_Timestamp|i:1269162752;eZRoleLimitationValueList_Timestamp|i:1269162752;AccessArray|a:35:{s:5:\"class\";a:1:{s:1:\"*\";a:1:{s:1:\"*\";s:1:\"*\";}}s:13:\"collaboration\";a:1:{s:1:\"*\";a:1:{s:1:\"*\";s:1:\"*\";}}s:7:\"content\";a:21:{s:8:\"bookmark\";a:1:{s:1:\"*\";s:1:\"*\";}s:10:\"cleantrash\";a:1:{s:1:\"*\";s:1:\"*\";}s:6:\"create\";a:1:{s:1:\"*\";s:1:\"*\";}s:4:\"diff\";a:1:{s:1:\"*\";s:1:\"*\";}s:4:\"edit\";a:1:{s:1:\"*\";a:1:{s:18:\"StateGroup_ez_lock\";a:1:{i:0;s:1:\"1\";}}}s:4:\"hide\";a:1:{s:1:\"*\";s:1:\"*\";}s:16:\"manage_locations\";a:1:{s:1:\"*\";s:1:\"*\";}s:4:\"move\";a:1:{s:1:\"*\";s:1:\"*\";}s:3:\"pdf\";a:1:{s:1:\"*\";s:1:\"*\";}s:11:\"pendinglist\";a:1:{s:1:\"*\";s:1:\"*\";}s:4:\"read\";a:1:{s:1:\"*\";s:1:\"*\";}s:6:\"remove\";a:1:{s:1:\"*\";a:1:{s:18:\"StateGroup_ez_lock\";a:1:{i:0;s:1:\"1\";}}}s:7:\"restore\";a:1:{s:1:\"*\";s:1:\"*\";}s:18:\"reverserelatedlist\";a:1:{s:1:\"*\";s:1:\"*\";}s:10:\"tipafriend\";a:1:{s:1:\"*\";s:1:\"*\";}s:9:\"translate\";a:1:{s:1:\"*\";s:1:\"*\";}s:12:\"translations\";a:1:{s:1:\"*\";s:1:\"*\";}s:13:\"urltranslator\";a:1:{s:1:\"*\";s:1:\"*\";}s:11:\"versionread\";a:1:{s:1:\"*\";s:1:\"*\";}s:13:\"versionremove\";a:1:{s:1:\"*\";s:1:\"*\";}s:10:\"view_embed\";a:1:{s:1:\"*\";s:1:\"*\";}}s:5:\"error\";a:1:{s:1:\"*\";a:1:{s:1:\"*\";s:1:\"*\";}}s:6:\"ezinfo\";a:1:{s:4:\"read\";a:1:{s:1:\"*\";s:1:\"*\";}}s:13:\"infocollector\";a:1:{s:4:\"read\";a:1:{s:1:\"*\";s:1:\"*\";}}s:6:\"layout\";a:1:{s:1:\"*\";a:1:{s:1:\"*\";s:1:\"*\";}}s:12:\"notification\";a:2:{s:12:\"administrate\";a:1:{s:1:\"*\";s:1:\"*\";}s:3:\"use\";a:1:{s:1:\"*\";s:1:\"*\";}}s:7:\"package\";a:8:{s:6:\"create\";a:1:{s:1:\"*\";s:1:\"*\";}s:4:\"edit\";a:1:{s:1:\"*\";s:1:\"*\";}s:6:\"export\";a:1:{s:1:\"*\";s:1:\"*\";}s:6:\"import\";a:1:{s:1:\"*\";s:1:\"*\";}s:7:\"install\";a:1:{s:1:\"*\";s:1:\"*\";}s:4:\"list\";a:1:{s:1:\"*\";s:1:\"*\";}s:4:\"read\";a:1:{s:1:\"*\";s:1:\"*\";}s:6:\"remove\";a:1:{s:1:\"*\";s:1:\"*\";}}s:3:\"pdf\";a:2:{s:6:\"create\";a:1:{s:1:\"*\";s:1:\"*\";}s:4:\"edit\";a:1:{s:1:\"*\";s:1:\"*\";}}s:4:\"role\";a:1:{s:1:\"*\";a:1:{s:1:\"*\";s:1:\"*\";}}s:3:\"rss\";a:2:{s:4:\"edit\";a:1:{s:1:\"*\";s:1:\"*\";}s:4:\"feed\";a:1:{s:1:\"*\";s:1:\"*\";}}s:6:\"search\";a:1:{s:1:\"*\";a:1:{s:1:\"*\";s:1:\"*\";}}s:7:\"section\";a:3:{s:6:\"assign\";a:1:{s:1:\"*\";s:1:\"*\";}s:4:\"edit\";a:1:{s:1:\"*\";s:1:\"*\";}s:4:\"view\";a:1:{s:1:\"*\";s:1:\"*\";}}s:8:\"settings\";a:1:{s:1:\"*\";a:1:{s:1:\"*\";s:1:\"*\";}}s:5:\"setup\";a:5:{s:12:\"administrate\";a:1:{s:1:\"*\";s:1:\"*\";}s:7:\"install\";a:1:{s:1:\"*\";s:1:\"*\";}s:11:\"managecache\";a:1:{s:1:\"*\";s:1:\"*\";}s:5:\"setup\";a:1:{s:1:\"*\";s:1:\"*\";}s:11:\"system_info\";a:1:{s:1:\"*\";s:1:\"*\";}}s:4:\"shop\";a:5:{s:12:\"administrate\";a:1:{s:1:\"*\";s:1:\"*\";}s:3:\"buy\";a:1:{s:1:\"*\";s:1:\"*\";}s:11:\"edit_status\";a:1:{s:1:\"*\";s:1:\"*\";}s:9:\"setstatus\";a:1:{s:1:\"*\";s:1:\"*\";}s:5:\"setup\";a:1:{s:1:\"*\";s:1:\"*\";}}s:5:\"state\";a:2:{s:12:\"administrate\";a:1:{s:1:\"*\";s:1:\"*\";}s:6:\"assign\";a:1:{s:1:\"*\";s:1:\"*\";}}s:7:\"trigger\";a:1:{s:1:\"*\";a:1:{s:1:\"*\";s:1:\"*\";}}s:3:\"url\";a:1:{s:1:\"*\";a:1:{s:1:\"*\";s:1:\"*\";}}s:4:\"user\";a:5:{s:5:\"login\";a:1:{s:1:\"*\";s:1:\"*\";}s:8:\"password\";a:1:{s:1:\"*\";s:1:\"*\";}s:11:\"preferences\";a:1:{s:1:\"*\";s:1:\"*\";}s:8:\"register\";a:1:{s:1:\"*\";s:1:\"*\";}s:8:\"selfedit\";a:1:{s:1:\"*\";s:1:\"*\";}}s:6:\"visual\";a:1:{s:1:\"*\";a:1:{s:1:\"*\";s:1:\"*\";}}s:8:\"workflow\";a:1:{s:1:\"*\";a:1:{s:1:\"*\";s:1:\"*\";}}s:14:\"switchlanguage\";a:1:{s:1:\"*\";a:1:{s:1:\"*\";s:1:\"*\";}}s:5:\"ezodf\";a:2:{s:6:\"export\";a:1:{s:1:\"*\";s:1:\"*\";}s:6:\"import\";a:1:{s:1:\"*\";s:1:\"*\";}}s:4:\"ezoe\";a:4:{s:6:\"browse\";a:1:{s:1:\"*\";s:1:\"*\";}s:6:\"editor\";a:1:{s:1:\"*\";s:1:\"*\";}s:9:\"relations\";a:1:{s:1:\"*\";s:1:\"*\";}s:6:\"search\";a:1:{s:1:\"*\";s:1:\"*\";}}s:14:\"websitetoolbar\";a:1:{s:3:\"use\";a:1:{s:1:\"*\";s:1:\"*\";}}s:13:\"ezmultiupload\";a:1:{s:1:\"*\";a:1:{s:1:\"*\";s:1:\"*\";}}s:6:\"ezflow\";a:4:{s:4:\"call\";a:1:{s:1:\"*\";s:1:\"*\";}s:12:\"changelayout\";a:1:{s:1:\"*\";s:1:\"*\";}s:4:\"edit\";a:1:{s:1:\"*\";s:1:\"*\";}s:8:\"timeline\";a:1:{s:1:\"*\";s:1:\"*\";}}s:5:\"flash\";a:1:{s:1:\"*\";a:1:{s:1:\"*\";s:1:\"*\";}}s:6:\"survey\";a:2:{s:14:\"administration\";a:1:{s:1:\"*\";s:1:\"*\";}s:7:\"filling\";a:1:{s:1:\"*\";s:1:\"*\";}}s:20:\"objectrelationbrowse\";a:1:{s:1:\"*\";a:1:{s:1:\"*\";s:1:\"*\";}}s:8:\"ezjscore\";a:2:{s:4:\"call\";a:1:{s:1:\"*\";s:1:\"*\";}s:3:\"run\";a:1:{s:1:\"*\";s:1:\"*\";}}s:8:\"calendar\";a:1:{s:1:\"*\";a:1:{s:1:\"*\";s:1:\"*\";}}s:12:\"ticketsystem\";a:1:{s:1:\"*\";a:1:{s:1:\"*\";s:1:\"*\";}}}AccessArrayTimestamp|i:1269166792;eZUserLoggedInID|s:2:\"14\";eZUserInfoCache|a:1:{i:14;a:5:{s:16:\"contentobject_id\";s:2:\"14\";s:5:\"login\";s:5:\"admin\";s:5:\"email\";s:16:\"mosarg@gmail.com\";s:13:\"password_hash\";s:32:\"601ff46e32cfc28211388850e15fc138\";s:18:\"password_hash_type\";s:1:\"2\";}}eZGlobalSection|a:1:{s:2:\"id\";s:1:\"1\";}eZPreferences|a:17:{s:24:\"admin_navigation_content\";s:1:\"1\";s:24:\"admin_navigation_details\";b:0;s:29:\"admin_navigation_translations\";b:0;s:26:\"admin_navigation_locations\";b:0;s:26:\"admin_navigation_relations\";b:0;s:23:\"admin_navigation_states\";b:0;s:16:\"admin_list_limit\";s:1:\"2\";s:23:\"admin_children_viewmode\";b:0;s:19:\"admin_bookmark_menu\";s:1:\"1\";s:21:\"admin_clearcache_menu\";b:0;s:24:\"admin_quicksettings_menu\";s:1:\"1\";s:30:\"admin_quicksettings_siteaccess\";s:12:\"mondelli_ita\";s:21:\"admin_left_menu_width\";b:0;s:14:\"admin_treemenu\";s:1:\"1\";s:29:\"admin_navigation_class_groups\";b:0;s:31:\"admin_navigation_class_temlates\";b:0;s:35:\"admin_navigation_class_translations\";b:0;}eZUserGroupsCache|a:2:{i:0;s:2:\"12\";i:1;s:1:\"4\";}eZRoleIDList|a:1:{i:0;s:1:\"2\";}eZRoleLimitationValueList|a:1:{i:0;s:0:\"\";}LastAccessedModifyingURI|s:30:\"/class/view/38/language/eng-GB\";LastAccessesURI|s:30:\"/class/view/38/language/eng-GB\";FromGroupID|s:1:\"1\";',1269427082,'551c6d1d399caac2d9aaa735e9b7c162','a2e4822a98337283e39f7b60acf85ec9',14),('eZUserLoggedInID|i:10;eZUserInfoCache_Timestamp|i:1270061170;eZUserInfoCache|a:1:{i:10;a:5:{s:16:\"contentobject_id\";s:2:\"10\";s:5:\"login\";s:9:\"anonymous\";s:5:\"email\";s:12:\"nospam@ez.no\";s:13:\"password_hash\";s:32:\"4e6f6184135228ccd45f8233d72a0363\";s:18:\"password_hash_type\";s:1:\"2\";}}AccessArray|a:3:{s:7:\"content\";a:2:{s:4:\"read\";a:2:{s:5:\"p_374\";a:1:{s:7:\"Section\";a:1:{i:0;s:1:\"1\";}}s:5:\"p_379\";a:2:{s:5:\"Class\";a:6:{i:0;s:2:\"29\";i:1;s:2:\"33\";i:2;s:2:\"35\";i:3;s:2:\"36\";i:4;s:2:\"37\";i:5;s:2:\"45\";}s:7:\"Section\";a:1:{i:0;s:1:\"3\";}}}s:3:\"pdf\";a:1:{s:5:\"p_375\";a:1:{s:7:\"Section\";a:1:{i:0;s:1:\"1\";}}}}s:3:\"rss\";a:1:{s:4:\"feed\";a:1:{s:1:\"*\";s:1:\"*\";}}s:4:\"user\";a:1:{s:5:\"login\";a:1:{s:5:\"p_377\";a:1:{s:10:\"SiteAccess\";a:1:{i:0;s:10:\"1512209704\";}}}}}AccessArrayTimestamp|i:1270061170;',1270320370,'554b9017d39ec4139560544b20ec20d9','a2e4822a98337283e39f7b60acf85ec9',10),('eZUserLoggedInID|i:10;eZUserInfoCache_Timestamp|i:1270678395;eZUserInfoCache|a:1:{i:10;a:5:{s:16:\"contentobject_id\";s:2:\"10\";s:5:\"login\";s:9:\"anonymous\";s:5:\"email\";s:12:\"nospam@ez.no\";s:13:\"password_hash\";s:32:\"4e6f6184135228ccd45f8233d72a0363\";s:18:\"password_hash_type\";s:1:\"2\";}}AccessArray|a:4:{s:7:\"content\";a:2:{s:4:\"read\";a:2:{s:5:\"p_380\";a:1:{s:7:\"Section\";a:1:{i:0;s:1:\"1\";}}s:5:\"p_384\";a:2:{s:5:\"Class\";a:6:{i:0;s:2:\"29\";i:1;s:2:\"33\";i:2;s:2:\"35\";i:3;s:2:\"36\";i:4;s:2:\"37\";i:5;s:2:\"45\";}s:7:\"Section\";a:1:{i:0;s:1:\"3\";}}}s:3:\"pdf\";a:1:{s:5:\"p_381\";a:1:{s:7:\"Section\";a:1:{i:0;s:1:\"1\";}}}}s:3:\"rss\";a:1:{s:4:\"feed\";a:1:{s:1:\"*\";s:1:\"*\";}}s:4:\"user\";a:1:{s:5:\"login\";a:1:{s:5:\"p_383\";a:1:{s:10:\"SiteAccess\";a:1:{i:0;s:10:\"1512209704\";}}}}s:8:\"ezjscore\";a:2:{s:4:\"call\";a:1:{s:1:\"*\";s:1:\"*\";}s:3:\"run\";a:1:{s:1:\"*\";s:1:\"*\";}}}AccessArrayTimestamp|i:1270678395;eZGlobalSection|a:1:{s:2:\"id\";s:1:\"1\";}eZRoleIDList_Timestamp|i:1270678395;eZUserGroupsCache_Timestamp|i:1270678395;eZUserGroupsCache|a:2:{i:0;s:2:\"42\";i:1;s:1:\"4\";}eZRoleIDList|a:1:{i:0;s:1:\"1\";}eZRoleLimitationValueList_Timestamp|i:1270678395;eZRoleLimitationValueList|a:1:{i:0;s:0:\"\";}',1270937596,'56250546bb0878cd803ad73df8201728','a2e4822a98337283e39f7b60acf85ec9',10),('eZUserLoggedInID|i:10;eZUserInfoCache_Timestamp|i:1269599309;eZUserInfoCache|a:1:{i:10;a:5:{s:16:\"contentobject_id\";s:2:\"10\";s:5:\"login\";s:9:\"anonymous\";s:5:\"email\";s:12:\"nospam@ez.no\";s:13:\"password_hash\";s:32:\"4e6f6184135228ccd45f8233d72a0363\";s:18:\"password_hash_type\";s:1:\"2\";}}AccessArray|a:3:{s:7:\"content\";a:2:{s:4:\"read\";a:2:{s:5:\"p_374\";a:1:{s:7:\"Section\";a:1:{i:0;s:1:\"1\";}}s:5:\"p_379\";a:2:{s:5:\"Class\";a:6:{i:0;s:2:\"29\";i:1;s:2:\"33\";i:2;s:2:\"35\";i:3;s:2:\"36\";i:4;s:2:\"37\";i:5;s:2:\"45\";}s:7:\"Section\";a:1:{i:0;s:1:\"3\";}}}s:3:\"pdf\";a:1:{s:5:\"p_375\";a:1:{s:7:\"Section\";a:1:{i:0;s:1:\"1\";}}}}s:3:\"rss\";a:1:{s:4:\"feed\";a:1:{s:1:\"*\";s:1:\"*\";}}s:4:\"user\";a:1:{s:5:\"login\";a:1:{s:5:\"p_377\";a:1:{s:10:\"SiteAccess\";a:1:{i:0;s:10:\"1512209704\";}}}}}AccessArrayTimestamp|i:1269599309;eZGlobalSection|a:1:{s:2:\"id\";s:1:\"1\";}eZRoleIDList_Timestamp|i:1269599309;eZUserGroupsCache_Timestamp|i:1269599309;eZUserGroupsCache|a:2:{i:0;s:2:\"42\";i:1;s:1:\"4\";}eZRoleIDList|a:1:{i:0;s:1:\"1\";}eZRoleLimitationValueList_Timestamp|i:1269599309;eZRoleLimitationValueList|a:1:{i:0;s:0:\"\";}LastAccessesURI|s:7:\"/Eventi\";LastAccessedModifyingURI|s:7:\"/Eventi\";',1269858689,'5673ec6f5aedc9e2023785e287f932da','a2e4822a98337283e39f7b60acf85ec9',10),('eZUserLoggedInID|i:10;eZUserInfoCache_Timestamp|i:1270738475;eZUserInfoCache|a:1:{i:10;a:5:{s:16:\"contentobject_id\";s:2:\"10\";s:5:\"login\";s:9:\"anonymous\";s:5:\"email\";s:12:\"nospam@ez.no\";s:13:\"password_hash\";s:32:\"4e6f6184135228ccd45f8233d72a0363\";s:18:\"password_hash_type\";s:1:\"2\";}}AccessArray|a:4:{s:7:\"content\";a:2:{s:4:\"read\";a:2:{s:5:\"p_380\";a:1:{s:7:\"Section\";a:1:{i:0;s:1:\"1\";}}s:5:\"p_384\";a:2:{s:5:\"Class\";a:6:{i:0;s:2:\"29\";i:1;s:2:\"33\";i:2;s:2:\"35\";i:3;s:2:\"36\";i:4;s:2:\"37\";i:5;s:2:\"45\";}s:7:\"Section\";a:1:{i:0;s:1:\"3\";}}}s:3:\"pdf\";a:1:{s:5:\"p_381\";a:1:{s:7:\"Section\";a:1:{i:0;s:1:\"1\";}}}}s:3:\"rss\";a:1:{s:4:\"feed\";a:1:{s:1:\"*\";s:1:\"*\";}}s:4:\"user\";a:1:{s:5:\"login\";a:1:{s:5:\"p_383\";a:1:{s:10:\"SiteAccess\";a:1:{i:0;s:10:\"1512209704\";}}}}s:8:\"ezjscore\";a:2:{s:4:\"call\";a:1:{s:1:\"*\";s:1:\"*\";}s:3:\"run\";a:1:{s:1:\"*\";s:1:\"*\";}}}AccessArrayTimestamp|i:1270738475;eZGlobalSection|a:1:{s:2:\"id\";s:1:\"1\";}eZRoleIDList_Timestamp|i:1270738475;eZUserGroupsCache_Timestamp|i:1270738475;eZUserGroupsCache|a:2:{i:0;s:2:\"42\";i:1;s:1:\"4\";}eZRoleIDList|a:1:{i:0;s:1:\"1\";}eZRoleLimitationValueList_Timestamp|i:1270738475;eZRoleLimitationValueList|a:1:{i:0;s:0:\"\";}eZPreferences|a:1:{s:20:\"ObjectCreationIDList\";s:16:\"a:1:{i:0;i:174;}\";}RegisterUserID|i:174;LastAccessedModifyingURI|s:14:\"/user/register\";',1270997675,'582f5ca391b76c2b68eea571d0e44a87','a2e4822a98337283e39f7b60acf85ec9',10),('eZUserLoggedInID|i:10;eZUserInfoCache_Timestamp|i:1268988230;eZUserInfoCache|a:1:{i:10;a:5:{s:16:\"contentobject_id\";s:2:\"10\";s:5:\"login\";s:9:\"anonymous\";s:5:\"email\";s:12:\"nospam@ez.no\";s:13:\"password_hash\";s:32:\"4e6f6184135228ccd45f8233d72a0363\";s:18:\"password_hash_type\";s:1:\"2\";}}AccessArray|a:3:{s:7:\"content\";a:2:{s:4:\"read\";a:2:{s:5:\"p_374\";a:1:{s:7:\"Section\";a:1:{i:0;s:1:\"1\";}}s:5:\"p_379\";a:2:{s:5:\"Class\";a:6:{i:0;s:2:\"29\";i:1;s:2:\"33\";i:2;s:2:\"35\";i:3;s:2:\"36\";i:4;s:2:\"37\";i:5;s:2:\"45\";}s:7:\"Section\";a:1:{i:0;s:1:\"3\";}}}s:3:\"pdf\";a:1:{s:5:\"p_375\";a:1:{s:7:\"Section\";a:1:{i:0;s:1:\"1\";}}}}s:3:\"rss\";a:1:{s:4:\"feed\";a:1:{s:1:\"*\";s:1:\"*\";}}s:4:\"user\";a:1:{s:5:\"login\";a:1:{s:5:\"p_377\";a:1:{s:10:\"SiteAccess\";a:1:{i:0;s:10:\"1512209704\";}}}}}AccessArrayTimestamp|i:1269006193;eZGlobalSection|a:1:{s:2:\"id\";s:1:\"1\";}eZRoleIDList_Timestamp|i:1268988231;eZUserGroupsCache_Timestamp|i:1268988231;eZUserGroupsCache|a:2:{i:0;s:2:\"42\";i:1;s:1:\"4\";}eZRoleIDList|a:1:{i:0;s:1:\"1\";}eZRoleLimitationValueList_Timestamp|i:1268988231;eZRoleLimitationValueList|a:1:{i:0;s:0:\"\";}LastAccessesURI|s:18:\"/Eventi/Calendario\";LastAccessedModifyingURI|s:18:\"/Eventi/Calendario\";',1269266016,'59724817e99b487ef17798f55abe0fcc','a2e4822a98337283e39f7b60acf85ec9',10),('eZUserInfoCache_Timestamp|i:1269451785;eZUserGroupsCache_Timestamp|i:1269451787;eZRoleIDList_Timestamp|i:1269451787;eZRoleLimitationValueList_Timestamp|i:1269451787;AccessArray|a:35:{s:5:\"class\";a:1:{s:1:\"*\";a:1:{s:1:\"*\";s:1:\"*\";}}s:13:\"collaboration\";a:1:{s:1:\"*\";a:1:{s:1:\"*\";s:1:\"*\";}}s:7:\"content\";a:21:{s:8:\"bookmark\";a:1:{s:1:\"*\";s:1:\"*\";}s:10:\"cleantrash\";a:1:{s:1:\"*\";s:1:\"*\";}s:6:\"create\";a:1:{s:1:\"*\";s:1:\"*\";}s:4:\"diff\";a:1:{s:1:\"*\";s:1:\"*\";}s:4:\"edit\";a:1:{s:1:\"*\";a:1:{s:18:\"StateGroup_ez_lock\";a:1:{i:0;s:1:\"1\";}}}s:4:\"hide\";a:1:{s:1:\"*\";s:1:\"*\";}s:16:\"manage_locations\";a:1:{s:1:\"*\";s:1:\"*\";}s:4:\"move\";a:1:{s:1:\"*\";s:1:\"*\";}s:3:\"pdf\";a:1:{s:1:\"*\";s:1:\"*\";}s:11:\"pendinglist\";a:1:{s:1:\"*\";s:1:\"*\";}s:4:\"read\";a:1:{s:1:\"*\";s:1:\"*\";}s:6:\"remove\";a:1:{s:1:\"*\";a:1:{s:18:\"StateGroup_ez_lock\";a:1:{i:0;s:1:\"1\";}}}s:7:\"restore\";a:1:{s:1:\"*\";s:1:\"*\";}s:18:\"reverserelatedlist\";a:1:{s:1:\"*\";s:1:\"*\";}s:10:\"tipafriend\";a:1:{s:1:\"*\";s:1:\"*\";}s:9:\"translate\";a:1:{s:1:\"*\";s:1:\"*\";}s:12:\"translations\";a:1:{s:1:\"*\";s:1:\"*\";}s:13:\"urltranslator\";a:1:{s:1:\"*\";s:1:\"*\";}s:11:\"versionread\";a:1:{s:1:\"*\";s:1:\"*\";}s:13:\"versionremove\";a:1:{s:1:\"*\";s:1:\"*\";}s:10:\"view_embed\";a:1:{s:1:\"*\";s:1:\"*\";}}s:5:\"error\";a:1:{s:1:\"*\";a:1:{s:1:\"*\";s:1:\"*\";}}s:6:\"ezinfo\";a:1:{s:4:\"read\";a:1:{s:1:\"*\";s:1:\"*\";}}s:13:\"infocollector\";a:1:{s:4:\"read\";a:1:{s:1:\"*\";s:1:\"*\";}}s:6:\"layout\";a:1:{s:1:\"*\";a:1:{s:1:\"*\";s:1:\"*\";}}s:12:\"notification\";a:2:{s:12:\"administrate\";a:1:{s:1:\"*\";s:1:\"*\";}s:3:\"use\";a:1:{s:1:\"*\";s:1:\"*\";}}s:7:\"package\";a:8:{s:6:\"create\";a:1:{s:1:\"*\";s:1:\"*\";}s:4:\"edit\";a:1:{s:1:\"*\";s:1:\"*\";}s:6:\"export\";a:1:{s:1:\"*\";s:1:\"*\";}s:6:\"import\";a:1:{s:1:\"*\";s:1:\"*\";}s:7:\"install\";a:1:{s:1:\"*\";s:1:\"*\";}s:4:\"list\";a:1:{s:1:\"*\";s:1:\"*\";}s:4:\"read\";a:1:{s:1:\"*\";s:1:\"*\";}s:6:\"remove\";a:1:{s:1:\"*\";s:1:\"*\";}}s:3:\"pdf\";a:2:{s:6:\"create\";a:1:{s:1:\"*\";s:1:\"*\";}s:4:\"edit\";a:1:{s:1:\"*\";s:1:\"*\";}}s:4:\"role\";a:1:{s:1:\"*\";a:1:{s:1:\"*\";s:1:\"*\";}}s:3:\"rss\";a:2:{s:4:\"edit\";a:1:{s:1:\"*\";s:1:\"*\";}s:4:\"feed\";a:1:{s:1:\"*\";s:1:\"*\";}}s:6:\"search\";a:1:{s:1:\"*\";a:1:{s:1:\"*\";s:1:\"*\";}}s:7:\"section\";a:3:{s:6:\"assign\";a:1:{s:1:\"*\";s:1:\"*\";}s:4:\"edit\";a:1:{s:1:\"*\";s:1:\"*\";}s:4:\"view\";a:1:{s:1:\"*\";s:1:\"*\";}}s:8:\"settings\";a:1:{s:1:\"*\";a:1:{s:1:\"*\";s:1:\"*\";}}s:5:\"setup\";a:5:{s:12:\"administrate\";a:1:{s:1:\"*\";s:1:\"*\";}s:7:\"install\";a:1:{s:1:\"*\";s:1:\"*\";}s:11:\"managecache\";a:1:{s:1:\"*\";s:1:\"*\";}s:5:\"setup\";a:1:{s:1:\"*\";s:1:\"*\";}s:11:\"system_info\";a:1:{s:1:\"*\";s:1:\"*\";}}s:4:\"shop\";a:5:{s:12:\"administrate\";a:1:{s:1:\"*\";s:1:\"*\";}s:3:\"buy\";a:1:{s:1:\"*\";s:1:\"*\";}s:11:\"edit_status\";a:1:{s:1:\"*\";s:1:\"*\";}s:9:\"setstatus\";a:1:{s:1:\"*\";s:1:\"*\";}s:5:\"setup\";a:1:{s:1:\"*\";s:1:\"*\";}}s:5:\"state\";a:2:{s:12:\"administrate\";a:1:{s:1:\"*\";s:1:\"*\";}s:6:\"assign\";a:1:{s:1:\"*\";s:1:\"*\";}}s:7:\"trigger\";a:1:{s:1:\"*\";a:1:{s:1:\"*\";s:1:\"*\";}}s:3:\"url\";a:1:{s:1:\"*\";a:1:{s:1:\"*\";s:1:\"*\";}}s:4:\"user\";a:5:{s:5:\"login\";a:1:{s:1:\"*\";s:1:\"*\";}s:8:\"password\";a:1:{s:1:\"*\";s:1:\"*\";}s:11:\"preferences\";a:1:{s:1:\"*\";s:1:\"*\";}s:8:\"register\";a:1:{s:1:\"*\";s:1:\"*\";}s:8:\"selfedit\";a:1:{s:1:\"*\";s:1:\"*\";}}s:6:\"visual\";a:1:{s:1:\"*\";a:1:{s:1:\"*\";s:1:\"*\";}}s:8:\"workflow\";a:1:{s:1:\"*\";a:1:{s:1:\"*\";s:1:\"*\";}}s:14:\"switchlanguage\";a:1:{s:1:\"*\";a:1:{s:1:\"*\";s:1:\"*\";}}s:5:\"ezodf\";a:2:{s:6:\"export\";a:1:{s:1:\"*\";s:1:\"*\";}s:6:\"import\";a:1:{s:1:\"*\";s:1:\"*\";}}s:4:\"ezoe\";a:4:{s:6:\"browse\";a:1:{s:1:\"*\";s:1:\"*\";}s:6:\"editor\";a:1:{s:1:\"*\";s:1:\"*\";}s:9:\"relations\";a:1:{s:1:\"*\";s:1:\"*\";}s:6:\"search\";a:1:{s:1:\"*\";s:1:\"*\";}}s:14:\"websitetoolbar\";a:1:{s:3:\"use\";a:1:{s:1:\"*\";s:1:\"*\";}}s:13:\"ezmultiupload\";a:1:{s:1:\"*\";a:1:{s:1:\"*\";s:1:\"*\";}}s:6:\"ezflow\";a:4:{s:4:\"call\";a:1:{s:1:\"*\";s:1:\"*\";}s:12:\"changelayout\";a:1:{s:1:\"*\";s:1:\"*\";}s:4:\"edit\";a:1:{s:1:\"*\";s:1:\"*\";}s:8:\"timeline\";a:1:{s:1:\"*\";s:1:\"*\";}}s:5:\"flash\";a:1:{s:1:\"*\";a:1:{s:1:\"*\";s:1:\"*\";}}s:6:\"survey\";a:2:{s:14:\"administration\";a:1:{s:1:\"*\";s:1:\"*\";}s:7:\"filling\";a:1:{s:1:\"*\";s:1:\"*\";}}s:20:\"objectrelationbrowse\";a:1:{s:1:\"*\";a:1:{s:1:\"*\";s:1:\"*\";}}s:8:\"ezjscore\";a:2:{s:4:\"call\";a:1:{s:1:\"*\";s:1:\"*\";}s:3:\"run\";a:1:{s:1:\"*\";s:1:\"*\";}}s:8:\"calendar\";a:1:{s:1:\"*\";a:1:{s:1:\"*\";s:1:\"*\";}}s:12:\"ticketsystem\";a:1:{s:1:\"*\";a:1:{s:1:\"*\";s:1:\"*\";}}}AccessArrayTimestamp|i:1269459751;eZUserLoggedInID|s:2:\"14\";eZUserInfoCache|a:1:{i:14;a:5:{s:16:\"contentobject_id\";s:2:\"14\";s:5:\"login\";s:5:\"admin\";s:5:\"email\";s:16:\"mosarg@gmail.com\";s:13:\"password_hash\";s:32:\"601ff46e32cfc28211388850e15fc138\";s:18:\"password_hash_type\";s:1:\"2\";}}eZGlobalSection|a:1:{s:2:\"id\";s:1:\"1\";}eZPreferences|a:17:{s:24:\"admin_navigation_content\";s:1:\"1\";s:24:\"admin_navigation_details\";b:0;s:29:\"admin_navigation_translations\";b:0;s:26:\"admin_navigation_locations\";b:0;s:26:\"admin_navigation_relations\";b:0;s:23:\"admin_navigation_states\";b:0;s:16:\"admin_list_limit\";s:1:\"2\";s:23:\"admin_children_viewmode\";b:0;s:19:\"admin_bookmark_menu\";s:1:\"1\";s:21:\"admin_clearcache_menu\";b:0;s:24:\"admin_quicksettings_menu\";s:1:\"1\";s:30:\"admin_quicksettings_siteaccess\";s:12:\"mondelli_ita\";s:21:\"admin_left_menu_width\";b:0;s:14:\"admin_treemenu\";s:1:\"1\";s:29:\"admin_navigation_class_groups\";b:0;s:31:\"admin_navigation_class_temlates\";b:0;s:35:\"admin_navigation_class_translations\";b:0;}eZUserGroupsCache|a:2:{i:0;s:2:\"12\";i:1;s:1:\"4\";}eZRoleIDList|a:1:{i:0;s:1:\"2\";}eZRoleLimitationValueList|a:1:{i:0;s:0:\"\";}LastAccessedModifyingURI|s:30:\"/class/view/48/language/ita-IT\";LastAccessesURI|s:30:\"/class/view/48/language/ita-IT\";FromGroupID|s:1:\"1\";',1269762604,'59bd959b134c582e06fa9b949a56b9ce','a2e4822a98337283e39f7b60acf85ec9',14),('eZUserLoggedInID|i:10;eZUserInfoCache_Timestamp|i:1262703170;eZUserInfoCache|a:1:{i:10;a:5:{s:16:\"contentobject_id\";s:2:\"10\";s:5:\"login\";s:9:\"anonymous\";s:5:\"email\";s:12:\"nospam@ez.no\";s:13:\"password_hash\";s:32:\"4e6f6184135228ccd45f8233d72a0363\";s:18:\"password_hash_type\";s:1:\"2\";}}eZUserGroupsCache_Timestamp|i:1262703170;eZUserGroupsCache|a:2:{i:0;s:2:\"42\";i:1;s:1:\"4\";}AccessArray|a:3:{s:7:\"content\";a:2:{s:4:\"read\";a:2:{s:5:\"p_374\";a:1:{s:7:\"Section\";a:1:{i:0;s:1:\"1\";}}s:5:\"p_379\";a:2:{s:5:\"Class\";a:6:{i:0;s:2:\"29\";i:1;s:2:\"33\";i:2;s:2:\"35\";i:3;s:2:\"36\";i:4;s:2:\"37\";i:5;s:2:\"45\";}s:7:\"Section\";a:1:{i:0;s:1:\"3\";}}}s:3:\"pdf\";a:1:{s:5:\"p_375\";a:1:{s:7:\"Section\";a:1:{i:0;s:1:\"1\";}}}}s:3:\"rss\";a:1:{s:4:\"feed\";a:1:{s:1:\"*\";s:1:\"*\";}}s:4:\"user\";a:1:{s:5:\"login\";a:1:{s:5:\"p_377\";a:1:{s:10:\"SiteAccess\";a:1:{i:0;s:10:\"1512209704\";}}}}}AccessArrayTimestamp|i:1262703170;eZGlobalSection|a:1:{s:2:\"id\";s:1:\"1\";}eZRoleIDList_Timestamp|i:1262703170;eZRoleIDList|a:1:{i:0;s:1:\"1\";}eZRoleLimitationValueList_Timestamp|i:1262703170;eZRoleLimitationValueList|a:1:{i:0;s:0:\"\";}',1262962370,'5d74551fda740e47572a4f04b4f1055c','a2e4822a98337283e39f7b60acf85ec9',10),('eZUserLoggedInID|i:10;eZUserInfoCache_Timestamp|i:1269129896;eZUserInfoCache|a:1:{i:10;a:5:{s:16:\"contentobject_id\";s:2:\"10\";s:5:\"login\";s:9:\"anonymous\";s:5:\"email\";s:12:\"nospam@ez.no\";s:13:\"password_hash\";s:32:\"4e6f6184135228ccd45f8233d72a0363\";s:18:\"password_hash_type\";s:1:\"2\";}}AccessArray|a:3:{s:7:\"content\";a:2:{s:4:\"read\";a:2:{s:5:\"p_374\";a:1:{s:7:\"Section\";a:1:{i:0;s:1:\"1\";}}s:5:\"p_379\";a:2:{s:5:\"Class\";a:6:{i:0;s:2:\"29\";i:1;s:2:\"33\";i:2;s:2:\"35\";i:3;s:2:\"36\";i:4;s:2:\"37\";i:5;s:2:\"45\";}s:7:\"Section\";a:1:{i:0;s:1:\"3\";}}}s:3:\"pdf\";a:1:{s:5:\"p_375\";a:1:{s:7:\"Section\";a:1:{i:0;s:1:\"1\";}}}}s:3:\"rss\";a:1:{s:4:\"feed\";a:1:{s:1:\"*\";s:1:\"*\";}}s:4:\"user\";a:1:{s:5:\"login\";a:1:{s:5:\"p_377\";a:1:{s:10:\"SiteAccess\";a:1:{i:0;s:10:\"1512209704\";}}}}}AccessArrayTimestamp|i:1269129896;eZGlobalSection|a:1:{s:2:\"id\";s:1:\"1\";}eZRoleIDList_Timestamp|i:1269129896;eZUserGroupsCache_Timestamp|i:1269129896;eZUserGroupsCache|a:2:{i:0;s:2:\"42\";i:1;s:1:\"4\";}eZRoleIDList|a:1:{i:0;s:1:\"1\";}eZRoleLimitationValueList_Timestamp|i:1269129896;eZRoleLimitationValueList|a:1:{i:0;s:0:\"\";}LastAccessesURI|s:18:\"/Eventi/Calendario\";LastAccessedModifyingURI|s:18:\"/Eventi/Calendario\";',1269389633,'5dbbe64ca148a5a64ce12c6c139f0bbd','a2e4822a98337283e39f7b60acf85ec9',10),('eZUserInfoCache_Timestamp|i:1270821300;eZUserGroupsCache_Timestamp|i:1270821300;eZRoleIDList_Timestamp|i:1270821301;eZRoleLimitationValueList_Timestamp|i:1270821301;AccessArray|a:35:{s:5:\"class\";a:1:{s:1:\"*\";a:1:{s:1:\"*\";s:1:\"*\";}}s:13:\"collaboration\";a:1:{s:1:\"*\";a:1:{s:1:\"*\";s:1:\"*\";}}s:7:\"content\";a:21:{s:8:\"bookmark\";a:1:{s:1:\"*\";s:1:\"*\";}s:10:\"cleantrash\";a:1:{s:1:\"*\";s:1:\"*\";}s:6:\"create\";a:1:{s:1:\"*\";s:1:\"*\";}s:4:\"diff\";a:1:{s:1:\"*\";s:1:\"*\";}s:4:\"edit\";a:1:{s:1:\"*\";a:1:{s:18:\"StateGroup_ez_lock\";a:1:{i:0;s:1:\"1\";}}}s:4:\"hide\";a:1:{s:1:\"*\";s:1:\"*\";}s:16:\"manage_locations\";a:1:{s:1:\"*\";s:1:\"*\";}s:4:\"move\";a:1:{s:1:\"*\";s:1:\"*\";}s:3:\"pdf\";a:1:{s:1:\"*\";s:1:\"*\";}s:11:\"pendinglist\";a:1:{s:1:\"*\";s:1:\"*\";}s:4:\"read\";a:1:{s:1:\"*\";s:1:\"*\";}s:6:\"remove\";a:1:{s:1:\"*\";a:1:{s:18:\"StateGroup_ez_lock\";a:1:{i:0;s:1:\"1\";}}}s:7:\"restore\";a:1:{s:1:\"*\";s:1:\"*\";}s:18:\"reverserelatedlist\";a:1:{s:1:\"*\";s:1:\"*\";}s:10:\"tipafriend\";a:1:{s:1:\"*\";s:1:\"*\";}s:9:\"translate\";a:1:{s:1:\"*\";s:1:\"*\";}s:12:\"translations\";a:1:{s:1:\"*\";s:1:\"*\";}s:13:\"urltranslator\";a:1:{s:1:\"*\";s:1:\"*\";}s:11:\"versionread\";a:1:{s:1:\"*\";s:1:\"*\";}s:13:\"versionremove\";a:1:{s:1:\"*\";s:1:\"*\";}s:10:\"view_embed\";a:1:{s:1:\"*\";s:1:\"*\";}}s:5:\"error\";a:1:{s:1:\"*\";a:1:{s:1:\"*\";s:1:\"*\";}}s:6:\"ezinfo\";a:1:{s:4:\"read\";a:1:{s:1:\"*\";s:1:\"*\";}}s:13:\"infocollector\";a:1:{s:4:\"read\";a:1:{s:1:\"*\";s:1:\"*\";}}s:6:\"layout\";a:1:{s:1:\"*\";a:1:{s:1:\"*\";s:1:\"*\";}}s:12:\"notification\";a:2:{s:12:\"administrate\";a:1:{s:1:\"*\";s:1:\"*\";}s:3:\"use\";a:1:{s:1:\"*\";s:1:\"*\";}}s:7:\"package\";a:8:{s:6:\"create\";a:1:{s:1:\"*\";s:1:\"*\";}s:4:\"edit\";a:1:{s:1:\"*\";s:1:\"*\";}s:6:\"export\";a:1:{s:1:\"*\";s:1:\"*\";}s:6:\"import\";a:1:{s:1:\"*\";s:1:\"*\";}s:7:\"install\";a:1:{s:1:\"*\";s:1:\"*\";}s:4:\"list\";a:1:{s:1:\"*\";s:1:\"*\";}s:4:\"read\";a:1:{s:1:\"*\";s:1:\"*\";}s:6:\"remove\";a:1:{s:1:\"*\";s:1:\"*\";}}s:3:\"pdf\";a:2:{s:6:\"create\";a:1:{s:1:\"*\";s:1:\"*\";}s:4:\"edit\";a:1:{s:1:\"*\";s:1:\"*\";}}s:4:\"role\";a:1:{s:1:\"*\";a:1:{s:1:\"*\";s:1:\"*\";}}s:3:\"rss\";a:2:{s:4:\"edit\";a:1:{s:1:\"*\";s:1:\"*\";}s:4:\"feed\";a:1:{s:1:\"*\";s:1:\"*\";}}s:6:\"search\";a:1:{s:1:\"*\";a:1:{s:1:\"*\";s:1:\"*\";}}s:7:\"section\";a:3:{s:6:\"assign\";a:1:{s:1:\"*\";s:1:\"*\";}s:4:\"edit\";a:1:{s:1:\"*\";s:1:\"*\";}s:4:\"view\";a:1:{s:1:\"*\";s:1:\"*\";}}s:8:\"settings\";a:1:{s:1:\"*\";a:1:{s:1:\"*\";s:1:\"*\";}}s:5:\"setup\";a:5:{s:12:\"administrate\";a:1:{s:1:\"*\";s:1:\"*\";}s:7:\"install\";a:1:{s:1:\"*\";s:1:\"*\";}s:11:\"managecache\";a:1:{s:1:\"*\";s:1:\"*\";}s:5:\"setup\";a:1:{s:1:\"*\";s:1:\"*\";}s:11:\"system_info\";a:1:{s:1:\"*\";s:1:\"*\";}}s:4:\"shop\";a:5:{s:12:\"administrate\";a:1:{s:1:\"*\";s:1:\"*\";}s:3:\"buy\";a:1:{s:1:\"*\";s:1:\"*\";}s:11:\"edit_status\";a:1:{s:1:\"*\";s:1:\"*\";}s:9:\"setstatus\";a:1:{s:1:\"*\";s:1:\"*\";}s:5:\"setup\";a:1:{s:1:\"*\";s:1:\"*\";}}s:5:\"state\";a:2:{s:12:\"administrate\";a:1:{s:1:\"*\";s:1:\"*\";}s:6:\"assign\";a:1:{s:1:\"*\";s:1:\"*\";}}s:7:\"trigger\";a:1:{s:1:\"*\";a:1:{s:1:\"*\";s:1:\"*\";}}s:3:\"url\";a:1:{s:1:\"*\";a:1:{s:1:\"*\";s:1:\"*\";}}s:4:\"user\";a:5:{s:5:\"login\";a:1:{s:1:\"*\";s:1:\"*\";}s:8:\"password\";a:1:{s:1:\"*\";s:1:\"*\";}s:11:\"preferences\";a:1:{s:1:\"*\";s:1:\"*\";}s:8:\"register\";a:1:{s:1:\"*\";s:1:\"*\";}s:8:\"selfedit\";a:1:{s:1:\"*\";s:1:\"*\";}}s:6:\"visual\";a:1:{s:1:\"*\";a:1:{s:1:\"*\";s:1:\"*\";}}s:8:\"workflow\";a:1:{s:1:\"*\";a:1:{s:1:\"*\";s:1:\"*\";}}s:14:\"switchlanguage\";a:1:{s:1:\"*\";a:1:{s:1:\"*\";s:1:\"*\";}}s:5:\"ezodf\";a:2:{s:6:\"export\";a:1:{s:1:\"*\";s:1:\"*\";}s:6:\"import\";a:1:{s:1:\"*\";s:1:\"*\";}}s:4:\"ezoe\";a:4:{s:6:\"browse\";a:1:{s:1:\"*\";s:1:\"*\";}s:6:\"editor\";a:1:{s:1:\"*\";s:1:\"*\";}s:9:\"relations\";a:1:{s:1:\"*\";s:1:\"*\";}s:6:\"search\";a:1:{s:1:\"*\";s:1:\"*\";}}s:14:\"websitetoolbar\";a:1:{s:3:\"use\";a:1:{s:1:\"*\";s:1:\"*\";}}s:13:\"ezmultiupload\";a:1:{s:1:\"*\";a:1:{s:1:\"*\";s:1:\"*\";}}s:6:\"ezflow\";a:4:{s:4:\"call\";a:1:{s:1:\"*\";s:1:\"*\";}s:12:\"changelayout\";a:1:{s:1:\"*\";s:1:\"*\";}s:4:\"edit\";a:1:{s:1:\"*\";s:1:\"*\";}s:8:\"timeline\";a:1:{s:1:\"*\";s:1:\"*\";}}s:5:\"flash\";a:1:{s:1:\"*\";a:1:{s:1:\"*\";s:1:\"*\";}}s:6:\"survey\";a:2:{s:14:\"administration\";a:1:{s:1:\"*\";s:1:\"*\";}s:7:\"filling\";a:1:{s:1:\"*\";s:1:\"*\";}}s:20:\"objectrelationbrowse\";a:1:{s:1:\"*\";a:1:{s:1:\"*\";s:1:\"*\";}}s:8:\"ezjscore\";a:2:{s:4:\"call\";a:1:{s:1:\"*\";s:1:\"*\";}s:3:\"run\";a:1:{s:1:\"*\";s:1:\"*\";}}s:8:\"calendar\";a:1:{s:1:\"*\";a:1:{s:1:\"*\";s:1:\"*\";}}s:12:\"ticketsystem\";a:1:{s:1:\"*\";a:1:{s:1:\"*\";s:1:\"*\";}}}AccessArrayTimestamp|i:1270821300;eZUserLoggedInID|s:2:\"14\";eZUserInfoCache|a:1:{i:14;a:5:{s:16:\"contentobject_id\";s:2:\"14\";s:5:\"login\";s:5:\"admin\";s:5:\"email\";s:16:\"mosarg@gmail.com\";s:13:\"password_hash\";s:32:\"601ff46e32cfc28211388850e15fc138\";s:18:\"password_hash_type\";s:1:\"2\";}}eZGlobalSection|a:1:{s:2:\"id\";s:1:\"2\";}eZPreferences|a:20:{s:24:\"admin_navigation_content\";s:1:\"1\";s:24:\"admin_navigation_details\";b:0;s:29:\"admin_navigation_translations\";b:0;s:26:\"admin_navigation_locations\";b:0;s:26:\"admin_navigation_relations\";b:0;s:23:\"admin_navigation_states\";b:0;s:16:\"admin_list_limit\";s:1:\"2\";s:23:\"admin_children_viewmode\";b:0;s:19:\"admin_bookmark_menu\";s:1:\"1\";s:21:\"admin_clearcache_menu\";b:0;s:24:\"admin_quicksettings_menu\";s:1:\"1\";s:30:\"admin_quicksettings_siteaccess\";s:12:\"mondelli_ita\";s:21:\"admin_left_menu_width\";b:0;s:14:\"admin_treemenu\";s:1:\"1\";s:21:\"admin_role_list_limit\";b:0;s:23:\"admin_edit_show_re_edit\";b:0;s:25:\"admin_edit_show_locations\";b:0;s:22:\"admin_navigation_roles\";s:1:\"1\";s:25:\"admin_navigation_policies\";s:1:\"1\";s:25:\"admin_children_browsemode\";b:0;}eZUserGroupsCache|a:2:{i:0;s:2:\"12\";i:1;s:1:\"4\";}eZRoleIDList|a:1:{i:0;s:1:\"2\";}eZRoleLimitationValueList|a:1:{i:0;s:0:\"\";}LastAccessedModifyingURI|s:12:\"/role/view/5\";LastAccessesURI|s:12:\"/role/view/5\";DisableRoleCache|i:1;GeneratedPassword|s:10:\"sambackett\";DiscardObjectID|s:3:\"262\";DiscardObjectVersion|s:1:\"2\";DiscardObjectLanguage|s:6:\"ita-IT\";DiscardConfirm|s:1:\"0\";BrowseParameters|a:17:{s:11:\"action_name\";s:10:\"AssignRole\";s:9:\"from_page\";s:14:\"/role/assign/5\";s:11:\"cancel_page\";s:12:\"/role/view/5\";s:4:\"type\";s:10:\"AssignRole\";s:9:\"selection\";s:8:\"multiple\";s:11:\"return_type\";s:8:\"ObjectID\";s:20:\"browse_custom_action\";b:0;s:18:\"custom_action_data\";b:0;s:20:\"description_template\";b:0;s:10:\"start_node\";s:1:\"5\";s:19:\"ignore_nodes_select\";a:0:{}s:27:\"ignore_nodes_select_subtree\";a:0:{}s:18:\"ignore_nodes_click\";a:0:{}s:11:\"class_array\";a:2:{i:0;s:4:\"user\";i:1;s:10:\"user_group\";}s:15:\"persistent_data\";b:0;s:10:\"permission\";b:0;s:15:\"top_level_nodes\";a:1:{i:0;s:1:\"5\";}}',1271080502,'5e501dd3725e6a78148ec8661804bc7a','a2e4822a98337283e39f7b60acf85ec9',14),('eZUserLoggedInID|i:10;eZUserInfoCache_Timestamp|i:1270064247;eZUserInfoCache|a:1:{i:10;a:5:{s:16:\"contentobject_id\";s:2:\"10\";s:5:\"login\";s:9:\"anonymous\";s:5:\"email\";s:12:\"nospam@ez.no\";s:13:\"password_hash\";s:32:\"4e6f6184135228ccd45f8233d72a0363\";s:18:\"password_hash_type\";s:1:\"2\";}}AccessArray|a:3:{s:7:\"content\";a:2:{s:4:\"read\";a:2:{s:5:\"p_374\";a:1:{s:7:\"Section\";a:1:{i:0;s:1:\"1\";}}s:5:\"p_379\";a:2:{s:5:\"Class\";a:6:{i:0;s:2:\"29\";i:1;s:2:\"33\";i:2;s:2:\"35\";i:3;s:2:\"36\";i:4;s:2:\"37\";i:5;s:2:\"45\";}s:7:\"Section\";a:1:{i:0;s:1:\"3\";}}}s:3:\"pdf\";a:1:{s:5:\"p_375\";a:1:{s:7:\"Section\";a:1:{i:0;s:1:\"1\";}}}}s:3:\"rss\";a:1:{s:4:\"feed\";a:1:{s:1:\"*\";s:1:\"*\";}}s:4:\"user\";a:1:{s:5:\"login\";a:1:{s:5:\"p_377\";a:1:{s:10:\"SiteAccess\";a:1:{i:0;s:10:\"1512209704\";}}}}}AccessArrayTimestamp|i:1270064247;',1270323447,'5efe7eb06c9a62c38f49363da3ac3dba','a2e4822a98337283e39f7b60acf85ec9',10),('eZUserLoggedInID|i:10;eZUserInfoCache_Timestamp|i:1270649963;eZUserInfoCache|a:1:{i:10;a:5:{s:16:\"contentobject_id\";s:2:\"10\";s:5:\"login\";s:9:\"anonymous\";s:5:\"email\";s:12:\"nospam@ez.no\";s:13:\"password_hash\";s:32:\"4e6f6184135228ccd45f8233d72a0363\";s:18:\"password_hash_type\";s:1:\"2\";}}AccessArray|a:4:{s:7:\"content\";a:2:{s:4:\"read\";a:2:{s:5:\"p_380\";a:1:{s:7:\"Section\";a:1:{i:0;s:1:\"1\";}}s:5:\"p_384\";a:2:{s:5:\"Class\";a:6:{i:0;s:2:\"29\";i:1;s:2:\"33\";i:2;s:2:\"35\";i:3;s:2:\"36\";i:4;s:2:\"37\";i:5;s:2:\"45\";}s:7:\"Section\";a:1:{i:0;s:1:\"3\";}}}s:3:\"pdf\";a:1:{s:5:\"p_381\";a:1:{s:7:\"Section\";a:1:{i:0;s:1:\"1\";}}}}s:3:\"rss\";a:1:{s:4:\"feed\";a:1:{s:1:\"*\";s:1:\"*\";}}s:4:\"user\";a:1:{s:5:\"login\";a:1:{s:5:\"p_383\";a:1:{s:10:\"SiteAccess\";a:1:{i:0;s:10:\"1512209704\";}}}}s:8:\"ezjscore\";a:2:{s:4:\"call\";a:1:{s:1:\"*\";s:1:\"*\";}s:3:\"run\";a:1:{s:1:\"*\";s:1:\"*\";}}}AccessArrayTimestamp|i:1270649963;eZGlobalSection|a:1:{s:2:\"id\";s:1:\"1\";}eZRoleIDList_Timestamp|i:1270649964;eZUserGroupsCache_Timestamp|i:1270649964;eZUserGroupsCache|a:2:{i:0;s:2:\"42\";i:1;s:1:\"4\";}eZRoleIDList|a:1:{i:0;s:1:\"1\";}eZRoleLimitationValueList_Timestamp|i:1270649964;eZRoleLimitationValueList|a:1:{i:0;s:0:\"\";}LastAccessesURI|s:18:\"/Eventi/Calendario\";LastAccessedModifyingURI|s:18:\"/Eventi/Calendario\";',1270910483,'6107cbe6e5494ae1b0ff4b7efaae9290','a2e4822a98337283e39f7b60acf85ec9',10),('eZUserLoggedInID|i:10;eZUserInfoCache_Timestamp|i:1270660152;eZUserInfoCache|a:1:{i:10;a:5:{s:16:\"contentobject_id\";s:2:\"10\";s:5:\"login\";s:9:\"anonymous\";s:5:\"email\";s:12:\"nospam@ez.no\";s:13:\"password_hash\";s:32:\"4e6f6184135228ccd45f8233d72a0363\";s:18:\"password_hash_type\";s:1:\"2\";}}AccessArray|a:4:{s:7:\"content\";a:2:{s:4:\"read\";a:2:{s:5:\"p_380\";a:1:{s:7:\"Section\";a:1:{i:0;s:1:\"1\";}}s:5:\"p_384\";a:2:{s:5:\"Class\";a:6:{i:0;s:2:\"29\";i:1;s:2:\"33\";i:2;s:2:\"35\";i:3;s:2:\"36\";i:4;s:2:\"37\";i:5;s:2:\"45\";}s:7:\"Section\";a:1:{i:0;s:1:\"3\";}}}s:3:\"pdf\";a:1:{s:5:\"p_381\";a:1:{s:7:\"Section\";a:1:{i:0;s:1:\"1\";}}}}s:3:\"rss\";a:1:{s:4:\"feed\";a:1:{s:1:\"*\";s:1:\"*\";}}s:4:\"user\";a:1:{s:5:\"login\";a:1:{s:5:\"p_383\";a:1:{s:10:\"SiteAccess\";a:1:{i:0;s:10:\"1512209704\";}}}}s:8:\"ezjscore\";a:2:{s:4:\"call\";a:1:{s:1:\"*\";s:1:\"*\";}s:3:\"run\";a:1:{s:1:\"*\";s:1:\"*\";}}}AccessArrayTimestamp|i:1270675877;eZGlobalSection|a:1:{s:2:\"id\";s:1:\"1\";}eZRoleIDList_Timestamp|i:1270660152;eZUserGroupsCache_Timestamp|i:1270660152;eZUserGroupsCache|a:2:{i:0;s:2:\"42\";i:1;s:1:\"4\";}eZRoleIDList|a:1:{i:0;s:1:\"1\";}eZRoleLimitationValueList_Timestamp|i:1270660152;eZRoleLimitationValueList|a:1:{i:0;s:0:\"\";}LastAccessesURI|s:0:\"\";LastAccessedModifyingURI|s:0:\"\";',1270937701,'62a81896ffaafb0210ee0787958f5c9f','a2e4822a98337283e39f7b60acf85ec9',10),('eZUserLoggedInID|i:10;eZUserInfoCache_Timestamp|i:1269179417;eZUserInfoCache|a:1:{i:10;a:5:{s:16:\"contentobject_id\";s:2:\"10\";s:5:\"login\";s:9:\"anonymous\";s:5:\"email\";s:12:\"nospam@ez.no\";s:13:\"password_hash\";s:32:\"4e6f6184135228ccd45f8233d72a0363\";s:18:\"password_hash_type\";s:1:\"2\";}}AccessArray|a:3:{s:7:\"content\";a:2:{s:4:\"read\";a:2:{s:5:\"p_374\";a:1:{s:7:\"Section\";a:1:{i:0;s:1:\"1\";}}s:5:\"p_379\";a:2:{s:5:\"Class\";a:6:{i:0;s:2:\"29\";i:1;s:2:\"33\";i:2;s:2:\"35\";i:3;s:2:\"36\";i:4;s:2:\"37\";i:5;s:2:\"45\";}s:7:\"Section\";a:1:{i:0;s:1:\"3\";}}}s:3:\"pdf\";a:1:{s:5:\"p_375\";a:1:{s:7:\"Section\";a:1:{i:0;s:1:\"1\";}}}}s:3:\"rss\";a:1:{s:4:\"feed\";a:1:{s:1:\"*\";s:1:\"*\";}}s:4:\"user\";a:1:{s:5:\"login\";a:1:{s:5:\"p_377\";a:1:{s:10:\"SiteAccess\";a:1:{i:0;s:10:\"1512209704\";}}}}}AccessArrayTimestamp|i:1269179417;eZGlobalSection|a:1:{s:2:\"id\";s:1:\"1\";}eZRoleIDList_Timestamp|i:1269179417;eZUserGroupsCache_Timestamp|i:1269179417;eZUserGroupsCache|a:2:{i:0;s:2:\"42\";i:1;s:1:\"4\";}eZRoleIDList|a:1:{i:0;s:1:\"1\";}eZRoleLimitationValueList_Timestamp|i:1269179417;eZRoleLimitationValueList|a:1:{i:0;s:0:\"\";}LastAccessesURI|s:14:\"/Eventi/Musica\";LastAccessedModifyingURI|s:14:\"/Eventi/Musica\";',1269438910,'62ed619be436ef763921bffdbddecbdb','a2e4822a98337283e39f7b60acf85ec9',10),('eZUserLoggedInID|i:10;eZUserInfoCache_Timestamp|i:1270075401;eZUserInfoCache|a:1:{i:10;a:5:{s:16:\"contentobject_id\";s:2:\"10\";s:5:\"login\";s:9:\"anonymous\";s:5:\"email\";s:12:\"nospam@ez.no\";s:13:\"password_hash\";s:32:\"4e6f6184135228ccd45f8233d72a0363\";s:18:\"password_hash_type\";s:1:\"2\";}}AccessArray|a:3:{s:7:\"content\";a:2:{s:4:\"read\";a:2:{s:5:\"p_374\";a:1:{s:7:\"Section\";a:1:{i:0;s:1:\"1\";}}s:5:\"p_379\";a:2:{s:5:\"Class\";a:6:{i:0;s:2:\"29\";i:1;s:2:\"33\";i:2;s:2:\"35\";i:3;s:2:\"36\";i:4;s:2:\"37\";i:5;s:2:\"45\";}s:7:\"Section\";a:1:{i:0;s:1:\"3\";}}}s:3:\"pdf\";a:1:{s:5:\"p_375\";a:1:{s:7:\"Section\";a:1:{i:0;s:1:\"1\";}}}}s:3:\"rss\";a:1:{s:4:\"feed\";a:1:{s:1:\"*\";s:1:\"*\";}}s:4:\"user\";a:1:{s:5:\"login\";a:1:{s:5:\"p_377\";a:1:{s:10:\"SiteAccess\";a:1:{i:0;s:10:\"1512209704\";}}}}}AccessArrayTimestamp|i:1270075401;',1270334601,'633003687a21dc9bf1ad2e3b4c9b8d50','a2e4822a98337283e39f7b60acf85ec9',10),('eZUserInfoCache_Timestamp|i:1269852979;AccessArrayTimestamp|i:1269884941;eZGlobalSection|a:1:{s:2:\"id\";s:1:\"1\";}eZRoleIDList_Timestamp|i:1269852979;eZUserGroupsCache_Timestamp|i:1269852979;eZRoleLimitationValueList_Timestamp|i:1269852979;LastAccessesURI|s:7:\"/Cucina\";LastAccessedModifyingURI|s:7:\"/Cucina\";AccessArray|a:35:{s:5:\"class\";a:1:{s:1:\"*\";a:1:{s:1:\"*\";s:1:\"*\";}}s:13:\"collaboration\";a:1:{s:1:\"*\";a:1:{s:1:\"*\";s:1:\"*\";}}s:7:\"content\";a:21:{s:8:\"bookmark\";a:1:{s:1:\"*\";s:1:\"*\";}s:10:\"cleantrash\";a:1:{s:1:\"*\";s:1:\"*\";}s:6:\"create\";a:1:{s:1:\"*\";s:1:\"*\";}s:4:\"diff\";a:1:{s:1:\"*\";s:1:\"*\";}s:4:\"edit\";a:1:{s:1:\"*\";a:1:{s:18:\"StateGroup_ez_lock\";a:1:{i:0;s:1:\"1\";}}}s:4:\"hide\";a:1:{s:1:\"*\";s:1:\"*\";}s:16:\"manage_locations\";a:1:{s:1:\"*\";s:1:\"*\";}s:4:\"move\";a:1:{s:1:\"*\";s:1:\"*\";}s:3:\"pdf\";a:1:{s:1:\"*\";s:1:\"*\";}s:11:\"pendinglist\";a:1:{s:1:\"*\";s:1:\"*\";}s:4:\"read\";a:1:{s:1:\"*\";s:1:\"*\";}s:6:\"remove\";a:1:{s:1:\"*\";a:1:{s:18:\"StateGroup_ez_lock\";a:1:{i:0;s:1:\"1\";}}}s:7:\"restore\";a:1:{s:1:\"*\";s:1:\"*\";}s:18:\"reverserelatedlist\";a:1:{s:1:\"*\";s:1:\"*\";}s:10:\"tipafriend\";a:1:{s:1:\"*\";s:1:\"*\";}s:9:\"translate\";a:1:{s:1:\"*\";s:1:\"*\";}s:12:\"translations\";a:1:{s:1:\"*\";s:1:\"*\";}s:13:\"urltranslator\";a:1:{s:1:\"*\";s:1:\"*\";}s:11:\"versionread\";a:1:{s:1:\"*\";s:1:\"*\";}s:13:\"versionremove\";a:1:{s:1:\"*\";s:1:\"*\";}s:10:\"view_embed\";a:1:{s:1:\"*\";s:1:\"*\";}}s:5:\"error\";a:1:{s:1:\"*\";a:1:{s:1:\"*\";s:1:\"*\";}}s:6:\"ezinfo\";a:1:{s:4:\"read\";a:1:{s:1:\"*\";s:1:\"*\";}}s:13:\"infocollector\";a:1:{s:4:\"read\";a:1:{s:1:\"*\";s:1:\"*\";}}s:6:\"layout\";a:1:{s:1:\"*\";a:1:{s:1:\"*\";s:1:\"*\";}}s:12:\"notification\";a:2:{s:12:\"administrate\";a:1:{s:1:\"*\";s:1:\"*\";}s:3:\"use\";a:1:{s:1:\"*\";s:1:\"*\";}}s:7:\"package\";a:8:{s:6:\"create\";a:1:{s:1:\"*\";s:1:\"*\";}s:4:\"edit\";a:1:{s:1:\"*\";s:1:\"*\";}s:6:\"export\";a:1:{s:1:\"*\";s:1:\"*\";}s:6:\"import\";a:1:{s:1:\"*\";s:1:\"*\";}s:7:\"install\";a:1:{s:1:\"*\";s:1:\"*\";}s:4:\"list\";a:1:{s:1:\"*\";s:1:\"*\";}s:4:\"read\";a:1:{s:1:\"*\";s:1:\"*\";}s:6:\"remove\";a:1:{s:1:\"*\";s:1:\"*\";}}s:3:\"pdf\";a:2:{s:6:\"create\";a:1:{s:1:\"*\";s:1:\"*\";}s:4:\"edit\";a:1:{s:1:\"*\";s:1:\"*\";}}s:4:\"role\";a:1:{s:1:\"*\";a:1:{s:1:\"*\";s:1:\"*\";}}s:3:\"rss\";a:2:{s:4:\"edit\";a:1:{s:1:\"*\";s:1:\"*\";}s:4:\"feed\";a:1:{s:1:\"*\";s:1:\"*\";}}s:6:\"search\";a:1:{s:1:\"*\";a:1:{s:1:\"*\";s:1:\"*\";}}s:7:\"section\";a:3:{s:6:\"assign\";a:1:{s:1:\"*\";s:1:\"*\";}s:4:\"edit\";a:1:{s:1:\"*\";s:1:\"*\";}s:4:\"view\";a:1:{s:1:\"*\";s:1:\"*\";}}s:8:\"settings\";a:1:{s:1:\"*\";a:1:{s:1:\"*\";s:1:\"*\";}}s:5:\"setup\";a:5:{s:12:\"administrate\";a:1:{s:1:\"*\";s:1:\"*\";}s:7:\"install\";a:1:{s:1:\"*\";s:1:\"*\";}s:11:\"managecache\";a:1:{s:1:\"*\";s:1:\"*\";}s:5:\"setup\";a:1:{s:1:\"*\";s:1:\"*\";}s:11:\"system_info\";a:1:{s:1:\"*\";s:1:\"*\";}}s:4:\"shop\";a:5:{s:12:\"administrate\";a:1:{s:1:\"*\";s:1:\"*\";}s:3:\"buy\";a:1:{s:1:\"*\";s:1:\"*\";}s:11:\"edit_status\";a:1:{s:1:\"*\";s:1:\"*\";}s:9:\"setstatus\";a:1:{s:1:\"*\";s:1:\"*\";}s:5:\"setup\";a:1:{s:1:\"*\";s:1:\"*\";}}s:5:\"state\";a:2:{s:12:\"administrate\";a:1:{s:1:\"*\";s:1:\"*\";}s:6:\"assign\";a:1:{s:1:\"*\";s:1:\"*\";}}s:7:\"trigger\";a:1:{s:1:\"*\";a:1:{s:1:\"*\";s:1:\"*\";}}s:3:\"url\";a:1:{s:1:\"*\";a:1:{s:1:\"*\";s:1:\"*\";}}s:4:\"user\";a:5:{s:5:\"login\";a:1:{s:1:\"*\";s:1:\"*\";}s:8:\"password\";a:1:{s:1:\"*\";s:1:\"*\";}s:11:\"preferences\";a:1:{s:1:\"*\";s:1:\"*\";}s:8:\"register\";a:1:{s:1:\"*\";s:1:\"*\";}s:8:\"selfedit\";a:1:{s:1:\"*\";s:1:\"*\";}}s:6:\"visual\";a:1:{s:1:\"*\";a:1:{s:1:\"*\";s:1:\"*\";}}s:8:\"workflow\";a:1:{s:1:\"*\";a:1:{s:1:\"*\";s:1:\"*\";}}s:14:\"switchlanguage\";a:1:{s:1:\"*\";a:1:{s:1:\"*\";s:1:\"*\";}}s:5:\"ezodf\";a:2:{s:6:\"export\";a:1:{s:1:\"*\";s:1:\"*\";}s:6:\"import\";a:1:{s:1:\"*\";s:1:\"*\";}}s:4:\"ezoe\";a:4:{s:6:\"browse\";a:1:{s:1:\"*\";s:1:\"*\";}s:6:\"editor\";a:1:{s:1:\"*\";s:1:\"*\";}s:9:\"relations\";a:1:{s:1:\"*\";s:1:\"*\";}s:6:\"search\";a:1:{s:1:\"*\";s:1:\"*\";}}s:14:\"websitetoolbar\";a:1:{s:3:\"use\";a:1:{s:1:\"*\";s:1:\"*\";}}s:13:\"ezmultiupload\";a:1:{s:1:\"*\";a:1:{s:1:\"*\";s:1:\"*\";}}s:6:\"ezflow\";a:4:{s:4:\"call\";a:1:{s:1:\"*\";s:1:\"*\";}s:12:\"changelayout\";a:1:{s:1:\"*\";s:1:\"*\";}s:4:\"edit\";a:1:{s:1:\"*\";s:1:\"*\";}s:8:\"timeline\";a:1:{s:1:\"*\";s:1:\"*\";}}s:5:\"flash\";a:1:{s:1:\"*\";a:1:{s:1:\"*\";s:1:\"*\";}}s:6:\"survey\";a:2:{s:14:\"administration\";a:1:{s:1:\"*\";s:1:\"*\";}s:7:\"filling\";a:1:{s:1:\"*\";s:1:\"*\";}}s:20:\"objectrelationbrowse\";a:1:{s:1:\"*\";a:1:{s:1:\"*\";s:1:\"*\";}}s:8:\"ezjscore\";a:2:{s:4:\"call\";a:1:{s:1:\"*\";s:1:\"*\";}s:3:\"run\";a:1:{s:1:\"*\";s:1:\"*\";}}s:8:\"calendar\";a:1:{s:1:\"*\";a:1:{s:1:\"*\";s:1:\"*\";}}s:12:\"ticketsystem\";a:1:{s:1:\"*\";a:1:{s:1:\"*\";s:1:\"*\";}}}eZUserLoggedInID|s:2:\"14\";eZUserInfoCache|a:1:{i:14;a:5:{s:16:\"contentobject_id\";s:2:\"14\";s:5:\"login\";s:5:\"admin\";s:5:\"email\";s:16:\"mosarg@gmail.com\";s:13:\"password_hash\";s:32:\"601ff46e32cfc28211388850e15fc138\";s:18:\"password_hash_type\";s:1:\"2\";}}eZUserGroupsCache|a:2:{i:0;s:2:\"12\";i:1;s:1:\"4\";}eZRoleIDList|a:1:{i:0;s:1:\"2\";}eZRoleLimitationValueList|a:1:{i:0;s:0:\"\";}eZPreferences|a:1:{s:21:\"admin_clearcache_type\";b:0;}DiscardObjectID|s:2:\"54\";DiscardObjectVersion|s:1:\"3\";DiscardObjectLanguage|s:6:\"ita-IT\";DiscardConfirm|s:1:\"0\";CurrentViewMode|s:4:\"full\";ContentNodeID|s:2:\"69\";ContentObjectID|s:2:\"76\";HideRemoveConfirmation|b:0;DeleteIDArray|a:1:{i:0;s:2:\"77\";}RedirectURIAfterRemove|b:0;RedirectIfCancel|b:0;userRedirectURIReverseRelatedList|s:21:\"/content/removeobject\";',1270156315,'6aff84236010de2a0068975a57fa84c3','a2e4822a98337283e39f7b60acf85ec9',14),('eZUserLoggedInID|i:10;eZUserInfoCache_Timestamp|i:1270069169;eZUserInfoCache|a:1:{i:10;a:5:{s:16:\"contentobject_id\";s:2:\"10\";s:5:\"login\";s:9:\"anonymous\";s:5:\"email\";s:12:\"nospam@ez.no\";s:13:\"password_hash\";s:32:\"4e6f6184135228ccd45f8233d72a0363\";s:18:\"password_hash_type\";s:1:\"2\";}}AccessArray|a:3:{s:7:\"content\";a:2:{s:4:\"read\";a:2:{s:5:\"p_374\";a:1:{s:7:\"Section\";a:1:{i:0;s:1:\"1\";}}s:5:\"p_379\";a:2:{s:5:\"Class\";a:6:{i:0;s:2:\"29\";i:1;s:2:\"33\";i:2;s:2:\"35\";i:3;s:2:\"36\";i:4;s:2:\"37\";i:5;s:2:\"45\";}s:7:\"Section\";a:1:{i:0;s:1:\"3\";}}}s:3:\"pdf\";a:1:{s:5:\"p_375\";a:1:{s:7:\"Section\";a:1:{i:0;s:1:\"1\";}}}}s:3:\"rss\";a:1:{s:4:\"feed\";a:1:{s:1:\"*\";s:1:\"*\";}}s:4:\"user\";a:1:{s:5:\"login\";a:1:{s:5:\"p_377\";a:1:{s:10:\"SiteAccess\";a:1:{i:0;s:10:\"1512209704\";}}}}}AccessArrayTimestamp|i:1270069169;',1270328369,'6b48b42551631040058e65cedd9d10ce','a2e4822a98337283e39f7b60acf85ec9',10),('eZUserInfoCache_Timestamp|i:1270928188;eZUserGroupsCache_Timestamp|i:1270928188;AccessArrayTimestamp|i:1270928188;eZGlobalSection|a:1:{s:2:\"id\";s:1:\"1\";}eZRoleIDList_Timestamp|i:1270928188;eZRoleLimitationValueList_Timestamp|i:1270928188;LastAccessesURI|s:12:\"/Foto/Panini\";LastAccessedModifyingURI|s:25:\"/content/edit/68/4/ita-IT\";AccessArray|a:36:{s:5:\"class\";a:1:{s:1:\"*\";a:1:{s:1:\"*\";s:1:\"*\";}}s:13:\"collaboration\";a:1:{s:1:\"*\";a:1:{s:1:\"*\";s:1:\"*\";}}s:7:\"content\";a:21:{s:8:\"bookmark\";a:1:{s:1:\"*\";s:1:\"*\";}s:10:\"cleantrash\";a:1:{s:1:\"*\";s:1:\"*\";}s:6:\"create\";a:1:{s:1:\"*\";s:1:\"*\";}s:4:\"diff\";a:1:{s:1:\"*\";s:1:\"*\";}s:4:\"edit\";a:1:{s:1:\"*\";a:1:{s:18:\"StateGroup_ez_lock\";a:1:{i:0;s:1:\"1\";}}}s:4:\"hide\";a:1:{s:1:\"*\";s:1:\"*\";}s:16:\"manage_locations\";a:1:{s:1:\"*\";s:1:\"*\";}s:4:\"move\";a:1:{s:1:\"*\";s:1:\"*\";}s:3:\"pdf\";a:1:{s:1:\"*\";s:1:\"*\";}s:11:\"pendinglist\";a:1:{s:1:\"*\";s:1:\"*\";}s:4:\"read\";a:1:{s:1:\"*\";s:1:\"*\";}s:6:\"remove\";a:1:{s:1:\"*\";a:1:{s:18:\"StateGroup_ez_lock\";a:1:{i:0;s:1:\"1\";}}}s:7:\"restore\";a:1:{s:1:\"*\";s:1:\"*\";}s:18:\"reverserelatedlist\";a:1:{s:1:\"*\";s:1:\"*\";}s:10:\"tipafriend\";a:1:{s:1:\"*\";s:1:\"*\";}s:9:\"translate\";a:1:{s:1:\"*\";s:1:\"*\";}s:12:\"translations\";a:1:{s:1:\"*\";s:1:\"*\";}s:13:\"urltranslator\";a:1:{s:1:\"*\";s:1:\"*\";}s:11:\"versionread\";a:1:{s:1:\"*\";s:1:\"*\";}s:13:\"versionremove\";a:1:{s:1:\"*\";s:1:\"*\";}s:10:\"view_embed\";a:1:{s:1:\"*\";s:1:\"*\";}}s:5:\"error\";a:1:{s:1:\"*\";a:1:{s:1:\"*\";s:1:\"*\";}}s:6:\"ezinfo\";a:1:{s:4:\"read\";a:1:{s:1:\"*\";s:1:\"*\";}}s:13:\"infocollector\";a:1:{s:4:\"read\";a:1:{s:1:\"*\";s:1:\"*\";}}s:6:\"layout\";a:1:{s:1:\"*\";a:1:{s:1:\"*\";s:1:\"*\";}}s:12:\"notification\";a:2:{s:12:\"administrate\";a:1:{s:1:\"*\";s:1:\"*\";}s:3:\"use\";a:1:{s:1:\"*\";s:1:\"*\";}}s:7:\"package\";a:8:{s:6:\"create\";a:1:{s:1:\"*\";s:1:\"*\";}s:4:\"edit\";a:1:{s:1:\"*\";s:1:\"*\";}s:6:\"export\";a:1:{s:1:\"*\";s:1:\"*\";}s:6:\"import\";a:1:{s:1:\"*\";s:1:\"*\";}s:7:\"install\";a:1:{s:1:\"*\";s:1:\"*\";}s:4:\"list\";a:1:{s:1:\"*\";s:1:\"*\";}s:4:\"read\";a:1:{s:1:\"*\";s:1:\"*\";}s:6:\"remove\";a:1:{s:1:\"*\";s:1:\"*\";}}s:3:\"pdf\";a:2:{s:6:\"create\";a:1:{s:1:\"*\";s:1:\"*\";}s:4:\"edit\";a:1:{s:1:\"*\";s:1:\"*\";}}s:4:\"role\";a:1:{s:1:\"*\";a:1:{s:1:\"*\";s:1:\"*\";}}s:3:\"rss\";a:2:{s:4:\"edit\";a:1:{s:1:\"*\";s:1:\"*\";}s:4:\"feed\";a:1:{s:1:\"*\";s:1:\"*\";}}s:6:\"search\";a:1:{s:1:\"*\";a:1:{s:1:\"*\";s:1:\"*\";}}s:7:\"section\";a:3:{s:6:\"assign\";a:1:{s:1:\"*\";s:1:\"*\";}s:4:\"edit\";a:1:{s:1:\"*\";s:1:\"*\";}s:4:\"view\";a:1:{s:1:\"*\";s:1:\"*\";}}s:8:\"settings\";a:1:{s:1:\"*\";a:1:{s:1:\"*\";s:1:\"*\";}}s:5:\"setup\";a:5:{s:12:\"administrate\";a:1:{s:1:\"*\";s:1:\"*\";}s:7:\"install\";a:1:{s:1:\"*\";s:1:\"*\";}s:11:\"managecache\";a:1:{s:1:\"*\";s:1:\"*\";}s:5:\"setup\";a:1:{s:1:\"*\";s:1:\"*\";}s:11:\"system_info\";a:1:{s:1:\"*\";s:1:\"*\";}}s:4:\"shop\";a:5:{s:12:\"administrate\";a:1:{s:1:\"*\";s:1:\"*\";}s:3:\"buy\";a:1:{s:1:\"*\";s:1:\"*\";}s:11:\"edit_status\";a:1:{s:1:\"*\";s:1:\"*\";}s:9:\"setstatus\";a:1:{s:1:\"*\";s:1:\"*\";}s:5:\"setup\";a:1:{s:1:\"*\";s:1:\"*\";}}s:5:\"state\";a:2:{s:12:\"administrate\";a:1:{s:1:\"*\";s:1:\"*\";}s:6:\"assign\";a:1:{s:1:\"*\";s:1:\"*\";}}s:7:\"trigger\";a:1:{s:1:\"*\";a:1:{s:1:\"*\";s:1:\"*\";}}s:3:\"url\";a:1:{s:1:\"*\";a:1:{s:1:\"*\";s:1:\"*\";}}s:4:\"user\";a:5:{s:5:\"login\";a:1:{s:1:\"*\";s:1:\"*\";}s:8:\"password\";a:1:{s:1:\"*\";s:1:\"*\";}s:11:\"preferences\";a:1:{s:1:\"*\";s:1:\"*\";}s:8:\"register\";a:1:{s:1:\"*\";s:1:\"*\";}s:8:\"selfedit\";a:1:{s:1:\"*\";s:1:\"*\";}}s:6:\"visual\";a:1:{s:1:\"*\";a:1:{s:1:\"*\";s:1:\"*\";}}s:8:\"workflow\";a:1:{s:1:\"*\";a:1:{s:1:\"*\";s:1:\"*\";}}s:14:\"switchlanguage\";a:1:{s:1:\"*\";a:1:{s:1:\"*\";s:1:\"*\";}}s:5:\"ezodf\";a:2:{s:6:\"export\";a:1:{s:1:\"*\";s:1:\"*\";}s:6:\"import\";a:1:{s:1:\"*\";s:1:\"*\";}}s:4:\"ezoe\";a:4:{s:6:\"browse\";a:1:{s:1:\"*\";s:1:\"*\";}s:6:\"editor\";a:1:{s:1:\"*\";s:1:\"*\";}s:9:\"relations\";a:1:{s:1:\"*\";s:1:\"*\";}s:6:\"search\";a:1:{s:1:\"*\";s:1:\"*\";}}s:14:\"websitetoolbar\";a:1:{s:3:\"use\";a:1:{s:1:\"*\";s:1:\"*\";}}s:13:\"ezmultiupload\";a:1:{s:1:\"*\";a:1:{s:1:\"*\";s:1:\"*\";}}s:6:\"ezflow\";a:4:{s:4:\"call\";a:1:{s:1:\"*\";s:1:\"*\";}s:12:\"changelayout\";a:1:{s:1:\"*\";s:1:\"*\";}s:4:\"edit\";a:1:{s:1:\"*\";s:1:\"*\";}s:8:\"timeline\";a:1:{s:1:\"*\";s:1:\"*\";}}s:5:\"flash\";a:1:{s:1:\"*\";a:1:{s:1:\"*\";s:1:\"*\";}}s:6:\"survey\";a:2:{s:14:\"administration\";a:1:{s:1:\"*\";s:1:\"*\";}s:7:\"filling\";a:1:{s:1:\"*\";s:1:\"*\";}}s:20:\"objectrelationbrowse\";a:1:{s:1:\"*\";a:1:{s:1:\"*\";s:1:\"*\";}}s:8:\"ezjscore\";a:2:{s:4:\"call\";a:1:{s:1:\"*\";s:1:\"*\";}s:3:\"run\";a:1:{s:1:\"*\";s:1:\"*\";}}s:8:\"calendar\";a:1:{s:1:\"*\";a:1:{s:1:\"*\";s:1:\"*\";}}s:12:\"ticketsystem\";a:1:{s:1:\"*\";a:1:{s:1:\"*\";s:1:\"*\";}}s:7:\"comment\";a:6:{s:8:\"activate\";a:1:{s:1:\"*\";s:1:\"*\";}s:3:\"add\";a:1:{s:1:\"*\";s:1:\"*\";}s:6:\"delete\";a:1:{s:1:\"*\";s:1:\"*\";}s:4:\"edit\";a:1:{s:1:\"*\";s:1:\"*\";}s:4:\"read\";a:1:{s:1:\"*\";s:1:\"*\";}s:7:\"setting\";a:1:{s:1:\"*\";s:1:\"*\";}}}eZUserLoggedInID|s:2:\"14\";eZUserInfoCache|a:1:{i:14;a:5:{s:16:\"contentobject_id\";s:2:\"14\";s:5:\"login\";s:5:\"admin\";s:5:\"email\";s:16:\"mosarg@gmail.com\";s:13:\"password_hash\";s:32:\"601ff46e32cfc28211388850e15fc138\";s:18:\"password_hash_type\";s:1:\"2\";}}eZUserGroupsCache|a:2:{i:0;s:2:\"12\";i:1;s:1:\"4\";}eZRoleIDList|a:1:{i:0;s:1:\"2\";}eZRoleLimitationValueList|a:1:{i:0;s:0:\"\";}eZPreferences|a:1:{s:21:\"admin_clearcache_type\";b:0;}DiscardObjectID|s:2:\"61\";DiscardObjectVersion|s:1:\"7\";DiscardObjectLanguage|s:6:\"ita-IT\";DiscardConfirm|s:1:\"0\";',1271189449,'6b6253e0f8c019d1adba11e785d9a258','a2e4822a98337283e39f7b60acf85ec9',14),('eZUserLoggedInID|i:10;eZUserInfoCache_Timestamp|i:1270066707;eZUserInfoCache|a:1:{i:10;a:5:{s:16:\"contentobject_id\";s:2:\"10\";s:5:\"login\";s:9:\"anonymous\";s:5:\"email\";s:12:\"nospam@ez.no\";s:13:\"password_hash\";s:32:\"4e6f6184135228ccd45f8233d72a0363\";s:18:\"password_hash_type\";s:1:\"2\";}}AccessArray|a:3:{s:7:\"content\";a:2:{s:4:\"read\";a:2:{s:5:\"p_374\";a:1:{s:7:\"Section\";a:1:{i:0;s:1:\"1\";}}s:5:\"p_379\";a:2:{s:5:\"Class\";a:6:{i:0;s:2:\"29\";i:1;s:2:\"33\";i:2;s:2:\"35\";i:3;s:2:\"36\";i:4;s:2:\"37\";i:5;s:2:\"45\";}s:7:\"Section\";a:1:{i:0;s:1:\"3\";}}}s:3:\"pdf\";a:1:{s:5:\"p_375\";a:1:{s:7:\"Section\";a:1:{i:0;s:1:\"1\";}}}}s:3:\"rss\";a:1:{s:4:\"feed\";a:1:{s:1:\"*\";s:1:\"*\";}}s:4:\"user\";a:1:{s:5:\"login\";a:1:{s:5:\"p_377\";a:1:{s:10:\"SiteAccess\";a:1:{i:0;s:10:\"1512209704\";}}}}}AccessArrayTimestamp|i:1270066707;',1270325907,'6f773082d24f8837a264e1b4724ad94f','a2e4822a98337283e39f7b60acf85ec9',10),('eZUserLoggedInID|i:10;eZUserInfoCache_Timestamp|i:1270061785;eZUserInfoCache|a:1:{i:10;a:5:{s:16:\"contentobject_id\";s:2:\"10\";s:5:\"login\";s:9:\"anonymous\";s:5:\"email\";s:12:\"nospam@ez.no\";s:13:\"password_hash\";s:32:\"4e6f6184135228ccd45f8233d72a0363\";s:18:\"password_hash_type\";s:1:\"2\";}}AccessArray|a:3:{s:7:\"content\";a:2:{s:4:\"read\";a:2:{s:5:\"p_374\";a:1:{s:7:\"Section\";a:1:{i:0;s:1:\"1\";}}s:5:\"p_379\";a:2:{s:5:\"Class\";a:6:{i:0;s:2:\"29\";i:1;s:2:\"33\";i:2;s:2:\"35\";i:3;s:2:\"36\";i:4;s:2:\"37\";i:5;s:2:\"45\";}s:7:\"Section\";a:1:{i:0;s:1:\"3\";}}}s:3:\"pdf\";a:1:{s:5:\"p_375\";a:1:{s:7:\"Section\";a:1:{i:0;s:1:\"1\";}}}}s:3:\"rss\";a:1:{s:4:\"feed\";a:1:{s:1:\"*\";s:1:\"*\";}}s:4:\"user\";a:1:{s:5:\"login\";a:1:{s:5:\"p_377\";a:1:{s:10:\"SiteAccess\";a:1:{i:0;s:10:\"1512209704\";}}}}}AccessArrayTimestamp|i:1270061785;',1270320985,'7140ef280ef9c238d2ba5fad864c7379','a2e4822a98337283e39f7b60acf85ec9',10),('eZUserLoggedInID|i:10;eZUserInfoCache_Timestamp|i:1270049749;eZUserInfoCache|a:1:{i:10;a:5:{s:16:\"contentobject_id\";s:2:\"10\";s:5:\"login\";s:9:\"anonymous\";s:5:\"email\";s:12:\"nospam@ez.no\";s:13:\"password_hash\";s:32:\"4e6f6184135228ccd45f8233d72a0363\";s:18:\"password_hash_type\";s:1:\"2\";}}AccessArray|a:3:{s:7:\"content\";a:2:{s:4:\"read\";a:2:{s:5:\"p_374\";a:1:{s:7:\"Section\";a:1:{i:0;s:1:\"1\";}}s:5:\"p_379\";a:2:{s:5:\"Class\";a:6:{i:0;s:2:\"29\";i:1;s:2:\"33\";i:2;s:2:\"35\";i:3;s:2:\"36\";i:4;s:2:\"37\";i:5;s:2:\"45\";}s:7:\"Section\";a:1:{i:0;s:1:\"3\";}}}s:3:\"pdf\";a:1:{s:5:\"p_375\";a:1:{s:7:\"Section\";a:1:{i:0;s:1:\"1\";}}}}s:3:\"rss\";a:1:{s:4:\"feed\";a:1:{s:1:\"*\";s:1:\"*\";}}s:4:\"user\";a:1:{s:5:\"login\";a:1:{s:5:\"p_377\";a:1:{s:10:\"SiteAccess\";a:1:{i:0;s:10:\"1512209704\";}}}}}AccessArrayTimestamp|i:1270049749;',1270308949,'73a559df3b29b5f75a6442fdcedd85f7','a2e4822a98337283e39f7b60acf85ec9',10),('eZUserLoggedInID|i:10;eZUserInfoCache_Timestamp|i:1270072245;eZUserInfoCache|a:1:{i:10;a:5:{s:16:\"contentobject_id\";s:2:\"10\";s:5:\"login\";s:9:\"anonymous\";s:5:\"email\";s:12:\"nospam@ez.no\";s:13:\"password_hash\";s:32:\"4e6f6184135228ccd45f8233d72a0363\";s:18:\"password_hash_type\";s:1:\"2\";}}AccessArray|a:3:{s:7:\"content\";a:2:{s:4:\"read\";a:2:{s:5:\"p_374\";a:1:{s:7:\"Section\";a:1:{i:0;s:1:\"1\";}}s:5:\"p_379\";a:2:{s:5:\"Class\";a:6:{i:0;s:2:\"29\";i:1;s:2:\"33\";i:2;s:2:\"35\";i:3;s:2:\"36\";i:4;s:2:\"37\";i:5;s:2:\"45\";}s:7:\"Section\";a:1:{i:0;s:1:\"3\";}}}s:3:\"pdf\";a:1:{s:5:\"p_375\";a:1:{s:7:\"Section\";a:1:{i:0;s:1:\"1\";}}}}s:3:\"rss\";a:1:{s:4:\"feed\";a:1:{s:1:\"*\";s:1:\"*\";}}s:4:\"user\";a:1:{s:5:\"login\";a:1:{s:5:\"p_377\";a:1:{s:10:\"SiteAccess\";a:1:{i:0;s:10:\"1512209704\";}}}}}AccessArrayTimestamp|i:1270072245;',1270331445,'7b8500aa128905febdc76834f6c55929','a2e4822a98337283e39f7b60acf85ec9',10),('eZUserLoggedInID|i:10;eZUserInfoCache_Timestamp|i:1270069784;eZUserInfoCache|a:1:{i:10;a:5:{s:16:\"contentobject_id\";s:2:\"10\";s:5:\"login\";s:9:\"anonymous\";s:5:\"email\";s:12:\"nospam@ez.no\";s:13:\"password_hash\";s:32:\"4e6f6184135228ccd45f8233d72a0363\";s:18:\"password_hash_type\";s:1:\"2\";}}AccessArray|a:3:{s:7:\"content\";a:2:{s:4:\"read\";a:2:{s:5:\"p_374\";a:1:{s:7:\"Section\";a:1:{i:0;s:1:\"1\";}}s:5:\"p_379\";a:2:{s:5:\"Class\";a:6:{i:0;s:2:\"29\";i:1;s:2:\"33\";i:2;s:2:\"35\";i:3;s:2:\"36\";i:4;s:2:\"37\";i:5;s:2:\"45\";}s:7:\"Section\";a:1:{i:0;s:1:\"3\";}}}s:3:\"pdf\";a:1:{s:5:\"p_375\";a:1:{s:7:\"Section\";a:1:{i:0;s:1:\"1\";}}}}s:3:\"rss\";a:1:{s:4:\"feed\";a:1:{s:1:\"*\";s:1:\"*\";}}s:4:\"user\";a:1:{s:5:\"login\";a:1:{s:5:\"p_377\";a:1:{s:10:\"SiteAccess\";a:1:{i:0;s:10:\"1512209704\";}}}}}AccessArrayTimestamp|i:1270069784;',1270328984,'7d98f7c6b11058973901cce91be2fb05','a2e4822a98337283e39f7b60acf85ec9',10),('eZUserLoggedInID|i:10;eZUserInfoCache_Timestamp|i:1270236755;eZUserInfoCache|a:1:{i:10;a:5:{s:16:\"contentobject_id\";s:2:\"10\";s:5:\"login\";s:9:\"anonymous\";s:5:\"email\";s:12:\"nospam@ez.no\";s:13:\"password_hash\";s:32:\"4e6f6184135228ccd45f8233d72a0363\";s:18:\"password_hash_type\";s:1:\"2\";}}AccessArray|a:4:{s:7:\"content\";a:2:{s:4:\"read\";a:2:{s:5:\"p_380\";a:1:{s:7:\"Section\";a:1:{i:0;s:1:\"1\";}}s:5:\"p_384\";a:2:{s:5:\"Class\";a:6:{i:0;s:2:\"29\";i:1;s:2:\"33\";i:2;s:2:\"35\";i:3;s:2:\"36\";i:4;s:2:\"37\";i:5;s:2:\"45\";}s:7:\"Section\";a:1:{i:0;s:1:\"3\";}}}s:3:\"pdf\";a:1:{s:5:\"p_381\";a:1:{s:7:\"Section\";a:1:{i:0;s:1:\"1\";}}}}s:3:\"rss\";a:1:{s:4:\"feed\";a:1:{s:1:\"*\";s:1:\"*\";}}s:4:\"user\";a:1:{s:5:\"login\";a:1:{s:5:\"p_383\";a:1:{s:10:\"SiteAccess\";a:1:{i:0;s:10:\"1512209704\";}}}}s:8:\"ezjscore\";a:2:{s:4:\"call\";a:1:{s:1:\"*\";s:1:\"*\";}s:3:\"run\";a:1:{s:1:\"*\";s:1:\"*\";}}}AccessArrayTimestamp|i:1270236755;eZGlobalSection|a:1:{s:2:\"id\";s:1:\"1\";}eZRoleIDList_Timestamp|i:1270236755;eZUserGroupsCache_Timestamp|i:1270236755;eZUserGroupsCache|a:2:{i:0;s:2:\"42\";i:1;s:1:\"4\";}eZRoleIDList|a:1:{i:0;s:1:\"1\";}eZRoleLimitationValueList_Timestamp|i:1270236755;eZRoleLimitationValueList|a:1:{i:0;s:0:\"\";}',1270495957,'7ee0802dab97a029b4b2060567925233','a2e4822a98337283e39f7b60acf85ec9',10),('eZUserLoggedInID|i:10;eZUserInfoCache_Timestamp|i:1270070400;eZUserInfoCache|a:1:{i:10;a:5:{s:16:\"contentobject_id\";s:2:\"10\";s:5:\"login\";s:9:\"anonymous\";s:5:\"email\";s:12:\"nospam@ez.no\";s:13:\"password_hash\";s:32:\"4e6f6184135228ccd45f8233d72a0363\";s:18:\"password_hash_type\";s:1:\"2\";}}AccessArray|a:3:{s:7:\"content\";a:2:{s:4:\"read\";a:2:{s:5:\"p_374\";a:1:{s:7:\"Section\";a:1:{i:0;s:1:\"1\";}}s:5:\"p_379\";a:2:{s:5:\"Class\";a:6:{i:0;s:2:\"29\";i:1;s:2:\"33\";i:2;s:2:\"35\";i:3;s:2:\"36\";i:4;s:2:\"37\";i:5;s:2:\"45\";}s:7:\"Section\";a:1:{i:0;s:1:\"3\";}}}s:3:\"pdf\";a:1:{s:5:\"p_375\";a:1:{s:7:\"Section\";a:1:{i:0;s:1:\"1\";}}}}s:3:\"rss\";a:1:{s:4:\"feed\";a:1:{s:1:\"*\";s:1:\"*\";}}s:4:\"user\";a:1:{s:5:\"login\";a:1:{s:5:\"p_377\";a:1:{s:10:\"SiteAccess\";a:1:{i:0;s:10:\"1512209704\";}}}}}AccessArrayTimestamp|i:1270070400;',1270329600,'867d3d7f0a882c1f4ef8476432491146','a2e4822a98337283e39f7b60acf85ec9',10),('eZUserLoggedInID|i:10;eZUserInfoCache_Timestamp|i:1269190233;eZUserInfoCache|a:1:{i:10;a:5:{s:16:\"contentobject_id\";s:2:\"10\";s:5:\"login\";s:9:\"anonymous\";s:5:\"email\";s:12:\"nospam@ez.no\";s:13:\"password_hash\";s:32:\"4e6f6184135228ccd45f8233d72a0363\";s:18:\"password_hash_type\";s:1:\"2\";}}AccessArray|a:3:{s:7:\"content\";a:2:{s:4:\"read\";a:2:{s:5:\"p_374\";a:1:{s:7:\"Section\";a:1:{i:0;s:1:\"1\";}}s:5:\"p_379\";a:2:{s:5:\"Class\";a:6:{i:0;s:2:\"29\";i:1;s:2:\"33\";i:2;s:2:\"35\";i:3;s:2:\"36\";i:4;s:2:\"37\";i:5;s:2:\"45\";}s:7:\"Section\";a:1:{i:0;s:1:\"3\";}}}s:3:\"pdf\";a:1:{s:5:\"p_375\";a:1:{s:7:\"Section\";a:1:{i:0;s:1:\"1\";}}}}s:3:\"rss\";a:1:{s:4:\"feed\";a:1:{s:1:\"*\";s:1:\"*\";}}s:4:\"user\";a:1:{s:5:\"login\";a:1:{s:5:\"p_377\";a:1:{s:10:\"SiteAccess\";a:1:{i:0;s:10:\"1512209704\";}}}}}AccessArrayTimestamp|i:1269200663;eZGlobalSection|a:1:{s:2:\"id\";s:1:\"1\";}eZRoleIDList_Timestamp|i:1269190233;eZUserGroupsCache_Timestamp|i:1269190233;eZUserGroupsCache|a:2:{i:0;s:2:\"42\";i:1;s:1:\"4\";}eZRoleIDList|a:1:{i:0;s:1:\"1\";}eZRoleLimitationValueList_Timestamp|i:1269190233;eZRoleLimitationValueList|a:1:{i:0;s:0:\"\";}LastAccessesURI|s:0:\"\";LastAccessedModifyingURI|s:0:\"\";',1269473269,'89629dcd7409988e251a38293e800f71','a2e4822a98337283e39f7b60acf85ec9',10),('eZUserInfoCache_Timestamp|i:1270738405;eZUserGroupsCache_Timestamp|i:1270738405;eZRoleIDList_Timestamp|i:1270738407;eZRoleLimitationValueList_Timestamp|i:1270738407;eZUserGroupsCache|a:2:{i:0;s:2:\"12\";i:1;s:1:\"4\";}AccessArray|a:35:{s:5:\"class\";a:1:{s:1:\"*\";a:1:{s:1:\"*\";s:1:\"*\";}}s:13:\"collaboration\";a:1:{s:1:\"*\";a:1:{s:1:\"*\";s:1:\"*\";}}s:7:\"content\";a:21:{s:8:\"bookmark\";a:1:{s:1:\"*\";s:1:\"*\";}s:10:\"cleantrash\";a:1:{s:1:\"*\";s:1:\"*\";}s:6:\"create\";a:1:{s:1:\"*\";s:1:\"*\";}s:4:\"diff\";a:1:{s:1:\"*\";s:1:\"*\";}s:4:\"edit\";a:1:{s:1:\"*\";a:1:{s:18:\"StateGroup_ez_lock\";a:1:{i:0;s:1:\"1\";}}}s:4:\"hide\";a:1:{s:1:\"*\";s:1:\"*\";}s:16:\"manage_locations\";a:1:{s:1:\"*\";s:1:\"*\";}s:4:\"move\";a:1:{s:1:\"*\";s:1:\"*\";}s:3:\"pdf\";a:1:{s:1:\"*\";s:1:\"*\";}s:11:\"pendinglist\";a:1:{s:1:\"*\";s:1:\"*\";}s:4:\"read\";a:1:{s:1:\"*\";s:1:\"*\";}s:6:\"remove\";a:1:{s:1:\"*\";a:1:{s:18:\"StateGroup_ez_lock\";a:1:{i:0;s:1:\"1\";}}}s:7:\"restore\";a:1:{s:1:\"*\";s:1:\"*\";}s:18:\"reverserelatedlist\";a:1:{s:1:\"*\";s:1:\"*\";}s:10:\"tipafriend\";a:1:{s:1:\"*\";s:1:\"*\";}s:9:\"translate\";a:1:{s:1:\"*\";s:1:\"*\";}s:12:\"translations\";a:1:{s:1:\"*\";s:1:\"*\";}s:13:\"urltranslator\";a:1:{s:1:\"*\";s:1:\"*\";}s:11:\"versionread\";a:1:{s:1:\"*\";s:1:\"*\";}s:13:\"versionremove\";a:1:{s:1:\"*\";s:1:\"*\";}s:10:\"view_embed\";a:1:{s:1:\"*\";s:1:\"*\";}}s:5:\"error\";a:1:{s:1:\"*\";a:1:{s:1:\"*\";s:1:\"*\";}}s:6:\"ezinfo\";a:1:{s:4:\"read\";a:1:{s:1:\"*\";s:1:\"*\";}}s:13:\"infocollector\";a:1:{s:4:\"read\";a:1:{s:1:\"*\";s:1:\"*\";}}s:6:\"layout\";a:1:{s:1:\"*\";a:1:{s:1:\"*\";s:1:\"*\";}}s:12:\"notification\";a:2:{s:12:\"administrate\";a:1:{s:1:\"*\";s:1:\"*\";}s:3:\"use\";a:1:{s:1:\"*\";s:1:\"*\";}}s:7:\"package\";a:8:{s:6:\"create\";a:1:{s:1:\"*\";s:1:\"*\";}s:4:\"edit\";a:1:{s:1:\"*\";s:1:\"*\";}s:6:\"export\";a:1:{s:1:\"*\";s:1:\"*\";}s:6:\"import\";a:1:{s:1:\"*\";s:1:\"*\";}s:7:\"install\";a:1:{s:1:\"*\";s:1:\"*\";}s:4:\"list\";a:1:{s:1:\"*\";s:1:\"*\";}s:4:\"read\";a:1:{s:1:\"*\";s:1:\"*\";}s:6:\"remove\";a:1:{s:1:\"*\";s:1:\"*\";}}s:3:\"pdf\";a:2:{s:6:\"create\";a:1:{s:1:\"*\";s:1:\"*\";}s:4:\"edit\";a:1:{s:1:\"*\";s:1:\"*\";}}s:4:\"role\";a:1:{s:1:\"*\";a:1:{s:1:\"*\";s:1:\"*\";}}s:3:\"rss\";a:2:{s:4:\"edit\";a:1:{s:1:\"*\";s:1:\"*\";}s:4:\"feed\";a:1:{s:1:\"*\";s:1:\"*\";}}s:6:\"search\";a:1:{s:1:\"*\";a:1:{s:1:\"*\";s:1:\"*\";}}s:7:\"section\";a:3:{s:6:\"assign\";a:1:{s:1:\"*\";s:1:\"*\";}s:4:\"edit\";a:1:{s:1:\"*\";s:1:\"*\";}s:4:\"view\";a:1:{s:1:\"*\";s:1:\"*\";}}s:8:\"settings\";a:1:{s:1:\"*\";a:1:{s:1:\"*\";s:1:\"*\";}}s:5:\"setup\";a:5:{s:12:\"administrate\";a:1:{s:1:\"*\";s:1:\"*\";}s:7:\"install\";a:1:{s:1:\"*\";s:1:\"*\";}s:11:\"managecache\";a:1:{s:1:\"*\";s:1:\"*\";}s:5:\"setup\";a:1:{s:1:\"*\";s:1:\"*\";}s:11:\"system_info\";a:1:{s:1:\"*\";s:1:\"*\";}}s:4:\"shop\";a:5:{s:12:\"administrate\";a:1:{s:1:\"*\";s:1:\"*\";}s:3:\"buy\";a:1:{s:1:\"*\";s:1:\"*\";}s:11:\"edit_status\";a:1:{s:1:\"*\";s:1:\"*\";}s:9:\"setstatus\";a:1:{s:1:\"*\";s:1:\"*\";}s:5:\"setup\";a:1:{s:1:\"*\";s:1:\"*\";}}s:5:\"state\";a:2:{s:12:\"administrate\";a:1:{s:1:\"*\";s:1:\"*\";}s:6:\"assign\";a:1:{s:1:\"*\";s:1:\"*\";}}s:7:\"trigger\";a:1:{s:1:\"*\";a:1:{s:1:\"*\";s:1:\"*\";}}s:3:\"url\";a:1:{s:1:\"*\";a:1:{s:1:\"*\";s:1:\"*\";}}s:4:\"user\";a:5:{s:5:\"login\";a:1:{s:1:\"*\";s:1:\"*\";}s:8:\"password\";a:1:{s:1:\"*\";s:1:\"*\";}s:11:\"preferences\";a:1:{s:1:\"*\";s:1:\"*\";}s:8:\"register\";a:1:{s:1:\"*\";s:1:\"*\";}s:8:\"selfedit\";a:1:{s:1:\"*\";s:1:\"*\";}}s:6:\"visual\";a:1:{s:1:\"*\";a:1:{s:1:\"*\";s:1:\"*\";}}s:8:\"workflow\";a:1:{s:1:\"*\";a:1:{s:1:\"*\";s:1:\"*\";}}s:14:\"switchlanguage\";a:1:{s:1:\"*\";a:1:{s:1:\"*\";s:1:\"*\";}}s:5:\"ezodf\";a:2:{s:6:\"export\";a:1:{s:1:\"*\";s:1:\"*\";}s:6:\"import\";a:1:{s:1:\"*\";s:1:\"*\";}}s:4:\"ezoe\";a:4:{s:6:\"browse\";a:1:{s:1:\"*\";s:1:\"*\";}s:6:\"editor\";a:1:{s:1:\"*\";s:1:\"*\";}s:9:\"relations\";a:1:{s:1:\"*\";s:1:\"*\";}s:6:\"search\";a:1:{s:1:\"*\";s:1:\"*\";}}s:14:\"websitetoolbar\";a:1:{s:3:\"use\";a:1:{s:1:\"*\";s:1:\"*\";}}s:13:\"ezmultiupload\";a:1:{s:1:\"*\";a:1:{s:1:\"*\";s:1:\"*\";}}s:6:\"ezflow\";a:4:{s:4:\"call\";a:1:{s:1:\"*\";s:1:\"*\";}s:12:\"changelayout\";a:1:{s:1:\"*\";s:1:\"*\";}s:4:\"edit\";a:1:{s:1:\"*\";s:1:\"*\";}s:8:\"timeline\";a:1:{s:1:\"*\";s:1:\"*\";}}s:5:\"flash\";a:1:{s:1:\"*\";a:1:{s:1:\"*\";s:1:\"*\";}}s:6:\"survey\";a:2:{s:14:\"administration\";a:1:{s:1:\"*\";s:1:\"*\";}s:7:\"filling\";a:1:{s:1:\"*\";s:1:\"*\";}}s:20:\"objectrelationbrowse\";a:1:{s:1:\"*\";a:1:{s:1:\"*\";s:1:\"*\";}}s:8:\"ezjscore\";a:2:{s:4:\"call\";a:1:{s:1:\"*\";s:1:\"*\";}s:3:\"run\";a:1:{s:1:\"*\";s:1:\"*\";}}s:8:\"calendar\";a:1:{s:1:\"*\";a:1:{s:1:\"*\";s:1:\"*\";}}s:12:\"ticketsystem\";a:1:{s:1:\"*\";a:1:{s:1:\"*\";s:1:\"*\";}}}AccessArrayTimestamp|i:1270738405;eZUserLoggedInID|s:2:\"14\";eZUserInfoCache|a:1:{i:14;a:5:{s:16:\"contentobject_id\";s:2:\"14\";s:5:\"login\";s:5:\"admin\";s:5:\"email\";s:16:\"mosarg@gmail.com\";s:13:\"password_hash\";s:32:\"601ff46e32cfc28211388850e15fc138\";s:18:\"password_hash_type\";s:1:\"2\";}}eZGlobalSection|a:1:{s:2:\"id\";s:1:\"2\";}eZPreferences|a:16:{s:24:\"admin_navigation_content\";s:1:\"1\";s:24:\"admin_navigation_details\";b:0;s:29:\"admin_navigation_translations\";b:0;s:26:\"admin_navigation_locations\";b:0;s:26:\"admin_navigation_relations\";b:0;s:23:\"admin_navigation_states\";b:0;s:16:\"admin_list_limit\";s:1:\"2\";s:23:\"admin_children_viewmode\";b:0;s:19:\"admin_bookmark_menu\";s:1:\"1\";s:21:\"admin_clearcache_menu\";b:0;s:24:\"admin_quicksettings_menu\";s:1:\"1\";s:30:\"admin_quicksettings_siteaccess\";s:12:\"mondelli_ita\";s:21:\"admin_left_menu_width\";b:0;s:14:\"admin_treemenu\";s:1:\"1\";s:22:\"admin_navigation_roles\";s:1:\"1\";s:25:\"admin_navigation_policies\";s:1:\"1\";}eZRoleIDList|a:1:{i:0;s:1:\"2\";}eZRoleLimitationValueList|a:1:{i:0;s:0:\"\";}LastAccessesURI|s:22:\"/Users/Anonymous-Users\";LastAccessedModifyingURI|s:22:\"/Users/Anonymous-Users\";',1270997623,'8eaa65e0db3262356f15197491f61a61','a2e4822a98337283e39f7b60acf85ec9',14),('eZUserLoggedInID|i:10;eZUserInfoCache_Timestamp|i:1270065477;eZUserInfoCache|a:1:{i:10;a:5:{s:16:\"contentobject_id\";s:2:\"10\";s:5:\"login\";s:9:\"anonymous\";s:5:\"email\";s:12:\"nospam@ez.no\";s:13:\"password_hash\";s:32:\"4e6f6184135228ccd45f8233d72a0363\";s:18:\"password_hash_type\";s:1:\"2\";}}AccessArray|a:3:{s:7:\"content\";a:2:{s:4:\"read\";a:2:{s:5:\"p_374\";a:1:{s:7:\"Section\";a:1:{i:0;s:1:\"1\";}}s:5:\"p_379\";a:2:{s:5:\"Class\";a:6:{i:0;s:2:\"29\";i:1;s:2:\"33\";i:2;s:2:\"35\";i:3;s:2:\"36\";i:4;s:2:\"37\";i:5;s:2:\"45\";}s:7:\"Section\";a:1:{i:0;s:1:\"3\";}}}s:3:\"pdf\";a:1:{s:5:\"p_375\";a:1:{s:7:\"Section\";a:1:{i:0;s:1:\"1\";}}}}s:3:\"rss\";a:1:{s:4:\"feed\";a:1:{s:1:\"*\";s:1:\"*\";}}s:4:\"user\";a:1:{s:5:\"login\";a:1:{s:5:\"p_377\";a:1:{s:10:\"SiteAccess\";a:1:{i:0;s:10:\"1512209704\";}}}}}AccessArrayTimestamp|i:1270065477;',1270324677,'8f6746e0dec7f69cf66dac2755538b0e','a2e4822a98337283e39f7b60acf85ec9',10),('eZUserInfoCache_Timestamp|i:1269524058;AccessArrayTimestamp|i:1269524058;eZGlobalSection|a:1:{s:2:\"id\";s:1:\"1\";}eZRoleIDList_Timestamp|i:1269524058;eZUserGroupsCache_Timestamp|i:1269524058;eZRoleLimitationValueList_Timestamp|i:1269524058;LastAccessesURI|s:5:\"/Foto\";LastAccessedModifyingURI|s:5:\"/Foto\";DiscardObjectID|s:2:\"59\";DiscardObjectVersion|s:1:\"3\";DiscardObjectLanguage|s:6:\"ita-IT\";DiscardConfirm|s:1:\"0\";force_logout|i:1;eZUserLoggedInID|i:10;ezsrRatedAttributeIdList|s:3:\"737\";ContentUploadParameters|a:1:{s:6:\"result\";a:3:{s:7:\"node_id\";s:3:\"147\";s:9:\"object_id\";s:3:\"147\";s:14:\"object_version\";i:1;}}eZUserInfoCache|a:1:{i:10;a:5:{s:16:\"contentobject_id\";s:2:\"10\";s:5:\"login\";s:9:\"anonymous\";s:5:\"email\";s:12:\"nospam@ez.no\";s:13:\"password_hash\";s:32:\"4e6f6184135228ccd45f8233d72a0363\";s:18:\"password_hash_type\";s:1:\"2\";}}AccessArray|a:3:{s:7:\"content\";a:2:{s:4:\"read\";a:2:{s:5:\"p_374\";a:1:{s:7:\"Section\";a:1:{i:0;s:1:\"1\";}}s:5:\"p_379\";a:2:{s:5:\"Class\";a:6:{i:0;s:2:\"29\";i:1;s:2:\"33\";i:2;s:2:\"35\";i:3;s:2:\"36\";i:4;s:2:\"37\";i:5;s:2:\"45\";}s:7:\"Section\";a:1:{i:0;s:1:\"3\";}}}s:3:\"pdf\";a:1:{s:5:\"p_375\";a:1:{s:7:\"Section\";a:1:{i:0;s:1:\"1\";}}}}s:3:\"rss\";a:1:{s:4:\"feed\";a:1:{s:1:\"*\";s:1:\"*\";}}s:4:\"user\";a:1:{s:5:\"login\";a:1:{s:5:\"p_377\";a:1:{s:10:\"SiteAccess\";a:1:{i:0;s:10:\"1512209704\";}}}}}eZUserGroupsCache|a:2:{i:0;s:2:\"42\";i:1;s:1:\"4\";}eZRoleIDList|a:1:{i:0;s:1:\"1\";}eZRoleLimitationValueList|a:1:{i:0;s:0:\"\";}',1269820209,'9169291305ad9dcb4f20d4387a3d3e27','a2e4822a98337283e39f7b60acf85ec9',10),('eZUserLoggedInID|i:10;eZUserInfoCache_Timestamp|i:1270461138;eZUserInfoCache|a:1:{i:10;a:5:{s:16:\"contentobject_id\";s:2:\"10\";s:5:\"login\";s:9:\"anonymous\";s:5:\"email\";s:12:\"nospam@ez.no\";s:13:\"password_hash\";s:32:\"4e6f6184135228ccd45f8233d72a0363\";s:18:\"password_hash_type\";s:1:\"2\";}}eZUserGroupsCache_Timestamp|i:1270461138;eZUserGroupsCache|a:2:{i:0;s:2:\"42\";i:1;s:1:\"4\";}AccessArray|a:4:{s:7:\"content\";a:2:{s:4:\"read\";a:2:{s:5:\"p_380\";a:1:{s:7:\"Section\";a:1:{i:0;s:1:\"1\";}}s:5:\"p_384\";a:2:{s:5:\"Class\";a:6:{i:0;s:2:\"29\";i:1;s:2:\"33\";i:2;s:2:\"35\";i:3;s:2:\"36\";i:4;s:2:\"37\";i:5;s:2:\"45\";}s:7:\"Section\";a:1:{i:0;s:1:\"3\";}}}s:3:\"pdf\";a:1:{s:5:\"p_381\";a:1:{s:7:\"Section\";a:1:{i:0;s:1:\"1\";}}}}s:3:\"rss\";a:1:{s:4:\"feed\";a:1:{s:1:\"*\";s:1:\"*\";}}s:4:\"user\";a:1:{s:5:\"login\";a:1:{s:5:\"p_383\";a:1:{s:10:\"SiteAccess\";a:1:{i:0;s:10:\"1512209704\";}}}}s:8:\"ezjscore\";a:2:{s:4:\"call\";a:1:{s:1:\"*\";s:1:\"*\";}s:3:\"run\";a:1:{s:1:\"*\";s:1:\"*\";}}}AccessArrayTimestamp|i:1270461138;eZGlobalSection|a:1:{s:2:\"id\";s:1:\"1\";}eZRoleIDList_Timestamp|i:1270461139;eZRoleIDList|a:1:{i:0;s:1:\"1\";}eZRoleLimitationValueList_Timestamp|i:1270461139;eZRoleLimitationValueList|a:1:{i:0;s:0:\"\";}LastAccessesURI|s:5:\"/Foto\";LastAccessedModifyingURI|s:5:\"/Foto\";',1270720353,'94483eb8fb419b02a4aad636aa5a6ab1','a2e4822a98337283e39f7b60acf85ec9',10),('eZUserInfoCache_Timestamp|i:1270591715;AccessArrayTimestamp|i:1270591715;eZGlobalSection|a:1:{s:2:\"id\";s:1:\"1\";}eZRoleIDList_Timestamp|i:1270591715;eZUserGroupsCache_Timestamp|i:1270591715;eZRoleLimitationValueList_Timestamp|i:1270591715;LastAccessesURI|s:18:\"/Eventi/Calendario\";LastAccessedModifyingURI|s:18:\"/Eventi/Calendario\";eZUserLoggedInID|i:10;force_logout|i:1;eZUserInfoCache|a:1:{i:10;a:5:{s:16:\"contentobject_id\";s:2:\"10\";s:5:\"login\";s:9:\"anonymous\";s:5:\"email\";s:12:\"nospam@ez.no\";s:13:\"password_hash\";s:32:\"4e6f6184135228ccd45f8233d72a0363\";s:18:\"password_hash_type\";s:1:\"2\";}}AccessArray|a:4:{s:7:\"content\";a:2:{s:4:\"read\";a:2:{s:5:\"p_380\";a:1:{s:7:\"Section\";a:1:{i:0;s:1:\"1\";}}s:5:\"p_384\";a:2:{s:5:\"Class\";a:6:{i:0;s:2:\"29\";i:1;s:2:\"33\";i:2;s:2:\"35\";i:3;s:2:\"36\";i:4;s:2:\"37\";i:5;s:2:\"45\";}s:7:\"Section\";a:1:{i:0;s:1:\"3\";}}}s:3:\"pdf\";a:1:{s:5:\"p_381\";a:1:{s:7:\"Section\";a:1:{i:0;s:1:\"1\";}}}}s:3:\"rss\";a:1:{s:4:\"feed\";a:1:{s:1:\"*\";s:1:\"*\";}}s:4:\"user\";a:1:{s:5:\"login\";a:1:{s:5:\"p_383\";a:1:{s:10:\"SiteAccess\";a:1:{i:0;s:10:\"1512209704\";}}}}s:8:\"ezjscore\";a:2:{s:4:\"call\";a:1:{s:1:\"*\";s:1:\"*\";}s:3:\"run\";a:1:{s:1:\"*\";s:1:\"*\";}}}eZUserGroupsCache|a:2:{i:0;s:2:\"42\";i:1;s:1:\"4\";}eZRoleIDList|a:1:{i:0;s:1:\"1\";}eZRoleLimitationValueList|a:1:{i:0;s:0:\"\";}',1270852120,'96caca8b2a87fef3422815e4deff976b','a2e4822a98337283e39f7b60acf85ec9',10),('eZUserLoggedInID|i:10;eZUserInfoCache_Timestamp|i:1270067322;eZUserInfoCache|a:1:{i:10;a:5:{s:16:\"contentobject_id\";s:2:\"10\";s:5:\"login\";s:9:\"anonymous\";s:5:\"email\";s:12:\"nospam@ez.no\";s:13:\"password_hash\";s:32:\"4e6f6184135228ccd45f8233d72a0363\";s:18:\"password_hash_type\";s:1:\"2\";}}AccessArray|a:3:{s:7:\"content\";a:2:{s:4:\"read\";a:2:{s:5:\"p_374\";a:1:{s:7:\"Section\";a:1:{i:0;s:1:\"1\";}}s:5:\"p_379\";a:2:{s:5:\"Class\";a:6:{i:0;s:2:\"29\";i:1;s:2:\"33\";i:2;s:2:\"35\";i:3;s:2:\"36\";i:4;s:2:\"37\";i:5;s:2:\"45\";}s:7:\"Section\";a:1:{i:0;s:1:\"3\";}}}s:3:\"pdf\";a:1:{s:5:\"p_375\";a:1:{s:7:\"Section\";a:1:{i:0;s:1:\"1\";}}}}s:3:\"rss\";a:1:{s:4:\"feed\";a:1:{s:1:\"*\";s:1:\"*\";}}s:4:\"user\";a:1:{s:5:\"login\";a:1:{s:5:\"p_377\";a:1:{s:10:\"SiteAccess\";a:1:{i:0;s:10:\"1512209704\";}}}}}AccessArrayTimestamp|i:1270067322;',1270326522,'97e4092842143063b09c6b405028cde9','a2e4822a98337283e39f7b60acf85ec9',10),('eZUserLoggedInID|i:10;eZUserInfoCache_Timestamp|i:1270906977;eZUserInfoCache|a:1:{i:10;a:5:{s:16:\"contentobject_id\";s:2:\"10\";s:5:\"login\";s:9:\"anonymous\";s:5:\"email\";s:12:\"nospam@ez.no\";s:13:\"password_hash\";s:32:\"4e6f6184135228ccd45f8233d72a0363\";s:18:\"password_hash_type\";s:1:\"2\";}}eZUserGroupsCache_Timestamp|i:1270906977;eZUserGroupsCache|a:2:{i:0;s:2:\"42\";i:1;s:1:\"4\";}AccessArray|a:4:{s:7:\"content\";a:2:{s:4:\"read\";a:2:{s:5:\"p_380\";a:1:{s:7:\"Section\";a:1:{i:0;s:1:\"1\";}}s:5:\"p_384\";a:2:{s:5:\"Class\";a:6:{i:0;s:2:\"29\";i:1;s:2:\"33\";i:2;s:2:\"35\";i:3;s:2:\"36\";i:4;s:2:\"37\";i:5;s:2:\"45\";}s:7:\"Section\";a:1:{i:0;s:1:\"3\";}}}s:3:\"pdf\";a:1:{s:5:\"p_381\";a:1:{s:7:\"Section\";a:1:{i:0;s:1:\"1\";}}}}s:3:\"rss\";a:1:{s:4:\"feed\";a:1:{s:1:\"*\";s:1:\"*\";}}s:4:\"user\";a:1:{s:5:\"login\";a:1:{s:5:\"p_383\";a:1:{s:10:\"SiteAccess\";a:1:{i:0;s:10:\"1512209704\";}}}}s:8:\"ezjscore\";a:2:{s:4:\"call\";a:1:{s:1:\"*\";s:1:\"*\";}s:3:\"run\";a:1:{s:1:\"*\";s:1:\"*\";}}}AccessArrayTimestamp|i:1270906977;eZGlobalSection|a:1:{s:2:\"id\";s:1:\"1\";}eZRoleIDList_Timestamp|i:1270906978;eZRoleIDList|a:1:{i:0;s:1:\"1\";}eZRoleLimitationValueList_Timestamp|i:1270906978;eZRoleLimitationValueList|a:1:{i:0;s:0:\"\";}LastAccessesURI|s:56:\"/Foto/Panini/Strane-foto/dans_l__imagination_by_armawolf\";LastAccessedModifyingURI|s:56:\"/Foto/Panini/Strane-foto/dans_l__imagination_by_armawolf\";',1271166390,'9f935e1c42f39a14d74d2b46db858c16','a2e4822a98337283e39f7b60acf85ec9',10),('eZUserInfoCache_Timestamp|i:1270571510;AccessArrayTimestamp|i:1270571510;eZGlobalSection|a:1:{s:2:\"id\";s:1:\"1\";}eZRoleIDList_Timestamp|i:1270571510;eZUserGroupsCache_Timestamp|i:1270571510;eZRoleLimitationValueList_Timestamp|i:1270571510;LastAccessesURI|s:18:\"/Eventi/Calendario\";LastAccessedModifyingURI|s:18:\"/Eventi/Calendario\";ContentUploadParameters|a:1:{s:6:\"result\";a:3:{s:7:\"node_id\";s:3:\"166\";s:9:\"object_id\";s:3:\"166\";s:14:\"object_version\";i:1;}}force_logout|i:1;eZUserLoggedInID|i:10;eZUserInfoCache|a:1:{i:10;a:5:{s:16:\"contentobject_id\";s:2:\"10\";s:5:\"login\";s:9:\"anonymous\";s:5:\"email\";s:12:\"nospam@ez.no\";s:13:\"password_hash\";s:32:\"4e6f6184135228ccd45f8233d72a0363\";s:18:\"password_hash_type\";s:1:\"2\";}}AccessArray|a:4:{s:7:\"content\";a:2:{s:4:\"read\";a:2:{s:5:\"p_380\";a:1:{s:7:\"Section\";a:1:{i:0;s:1:\"1\";}}s:5:\"p_384\";a:2:{s:5:\"Class\";a:6:{i:0;s:2:\"29\";i:1;s:2:\"33\";i:2;s:2:\"35\";i:3;s:2:\"36\";i:4;s:2:\"37\";i:5;s:2:\"45\";}s:7:\"Section\";a:1:{i:0;s:1:\"3\";}}}s:3:\"pdf\";a:1:{s:5:\"p_381\";a:1:{s:7:\"Section\";a:1:{i:0;s:1:\"1\";}}}}s:3:\"rss\";a:1:{s:4:\"feed\";a:1:{s:1:\"*\";s:1:\"*\";}}s:4:\"user\";a:1:{s:5:\"login\";a:1:{s:5:\"p_383\";a:1:{s:10:\"SiteAccess\";a:1:{i:0;s:10:\"1512209704\";}}}}s:8:\"ezjscore\";a:2:{s:4:\"call\";a:1:{s:1:\"*\";s:1:\"*\";}s:3:\"run\";a:1:{s:1:\"*\";s:1:\"*\";}}}eZUserGroupsCache|a:2:{i:0;s:2:\"42\";i:1;s:1:\"4\";}eZRoleIDList|a:1:{i:0;s:1:\"1\";}eZRoleLimitationValueList|a:1:{i:0;s:0:\"\";}',1270833721,'a3a91b1c33565bf599b9c290ab30a9c3','a2e4822a98337283e39f7b60acf85ec9',10),('eZUserInfoCache_Timestamp|i:1269090625;eZUserGroupsCache_Timestamp|i:1269090627;eZRoleIDList_Timestamp|i:1269090627;eZRoleLimitationValueList_Timestamp|i:1269090627;AccessArray|a:35:{s:5:\"class\";a:1:{s:1:\"*\";a:1:{s:1:\"*\";s:1:\"*\";}}s:13:\"collaboration\";a:1:{s:1:\"*\";a:1:{s:1:\"*\";s:1:\"*\";}}s:7:\"content\";a:21:{s:8:\"bookmark\";a:1:{s:1:\"*\";s:1:\"*\";}s:10:\"cleantrash\";a:1:{s:1:\"*\";s:1:\"*\";}s:6:\"create\";a:1:{s:1:\"*\";s:1:\"*\";}s:4:\"diff\";a:1:{s:1:\"*\";s:1:\"*\";}s:4:\"edit\";a:1:{s:1:\"*\";a:1:{s:18:\"StateGroup_ez_lock\";a:1:{i:0;s:1:\"1\";}}}s:4:\"hide\";a:1:{s:1:\"*\";s:1:\"*\";}s:16:\"manage_locations\";a:1:{s:1:\"*\";s:1:\"*\";}s:4:\"move\";a:1:{s:1:\"*\";s:1:\"*\";}s:3:\"pdf\";a:1:{s:1:\"*\";s:1:\"*\";}s:11:\"pendinglist\";a:1:{s:1:\"*\";s:1:\"*\";}s:4:\"read\";a:1:{s:1:\"*\";s:1:\"*\";}s:6:\"remove\";a:1:{s:1:\"*\";a:1:{s:18:\"StateGroup_ez_lock\";a:1:{i:0;s:1:\"1\";}}}s:7:\"restore\";a:1:{s:1:\"*\";s:1:\"*\";}s:18:\"reverserelatedlist\";a:1:{s:1:\"*\";s:1:\"*\";}s:10:\"tipafriend\";a:1:{s:1:\"*\";s:1:\"*\";}s:9:\"translate\";a:1:{s:1:\"*\";s:1:\"*\";}s:12:\"translations\";a:1:{s:1:\"*\";s:1:\"*\";}s:13:\"urltranslator\";a:1:{s:1:\"*\";s:1:\"*\";}s:11:\"versionread\";a:1:{s:1:\"*\";s:1:\"*\";}s:13:\"versionremove\";a:1:{s:1:\"*\";s:1:\"*\";}s:10:\"view_embed\";a:1:{s:1:\"*\";s:1:\"*\";}}s:5:\"error\";a:1:{s:1:\"*\";a:1:{s:1:\"*\";s:1:\"*\";}}s:6:\"ezinfo\";a:1:{s:4:\"read\";a:1:{s:1:\"*\";s:1:\"*\";}}s:13:\"infocollector\";a:1:{s:4:\"read\";a:1:{s:1:\"*\";s:1:\"*\";}}s:6:\"layout\";a:1:{s:1:\"*\";a:1:{s:1:\"*\";s:1:\"*\";}}s:12:\"notification\";a:2:{s:12:\"administrate\";a:1:{s:1:\"*\";s:1:\"*\";}s:3:\"use\";a:1:{s:1:\"*\";s:1:\"*\";}}s:7:\"package\";a:8:{s:6:\"create\";a:1:{s:1:\"*\";s:1:\"*\";}s:4:\"edit\";a:1:{s:1:\"*\";s:1:\"*\";}s:6:\"export\";a:1:{s:1:\"*\";s:1:\"*\";}s:6:\"import\";a:1:{s:1:\"*\";s:1:\"*\";}s:7:\"install\";a:1:{s:1:\"*\";s:1:\"*\";}s:4:\"list\";a:1:{s:1:\"*\";s:1:\"*\";}s:4:\"read\";a:1:{s:1:\"*\";s:1:\"*\";}s:6:\"remove\";a:1:{s:1:\"*\";s:1:\"*\";}}s:3:\"pdf\";a:2:{s:6:\"create\";a:1:{s:1:\"*\";s:1:\"*\";}s:4:\"edit\";a:1:{s:1:\"*\";s:1:\"*\";}}s:4:\"role\";a:1:{s:1:\"*\";a:1:{s:1:\"*\";s:1:\"*\";}}s:3:\"rss\";a:2:{s:4:\"edit\";a:1:{s:1:\"*\";s:1:\"*\";}s:4:\"feed\";a:1:{s:1:\"*\";s:1:\"*\";}}s:6:\"search\";a:1:{s:1:\"*\";a:1:{s:1:\"*\";s:1:\"*\";}}s:7:\"section\";a:3:{s:6:\"assign\";a:1:{s:1:\"*\";s:1:\"*\";}s:4:\"edit\";a:1:{s:1:\"*\";s:1:\"*\";}s:4:\"view\";a:1:{s:1:\"*\";s:1:\"*\";}}s:8:\"settings\";a:1:{s:1:\"*\";a:1:{s:1:\"*\";s:1:\"*\";}}s:5:\"setup\";a:5:{s:12:\"administrate\";a:1:{s:1:\"*\";s:1:\"*\";}s:7:\"install\";a:1:{s:1:\"*\";s:1:\"*\";}s:11:\"managecache\";a:1:{s:1:\"*\";s:1:\"*\";}s:5:\"setup\";a:1:{s:1:\"*\";s:1:\"*\";}s:11:\"system_info\";a:1:{s:1:\"*\";s:1:\"*\";}}s:4:\"shop\";a:5:{s:12:\"administrate\";a:1:{s:1:\"*\";s:1:\"*\";}s:3:\"buy\";a:1:{s:1:\"*\";s:1:\"*\";}s:11:\"edit_status\";a:1:{s:1:\"*\";s:1:\"*\";}s:9:\"setstatus\";a:1:{s:1:\"*\";s:1:\"*\";}s:5:\"setup\";a:1:{s:1:\"*\";s:1:\"*\";}}s:5:\"state\";a:2:{s:12:\"administrate\";a:1:{s:1:\"*\";s:1:\"*\";}s:6:\"assign\";a:1:{s:1:\"*\";s:1:\"*\";}}s:7:\"trigger\";a:1:{s:1:\"*\";a:1:{s:1:\"*\";s:1:\"*\";}}s:3:\"url\";a:1:{s:1:\"*\";a:1:{s:1:\"*\";s:1:\"*\";}}s:4:\"user\";a:5:{s:5:\"login\";a:1:{s:1:\"*\";s:1:\"*\";}s:8:\"password\";a:1:{s:1:\"*\";s:1:\"*\";}s:11:\"preferences\";a:1:{s:1:\"*\";s:1:\"*\";}s:8:\"register\";a:1:{s:1:\"*\";s:1:\"*\";}s:8:\"selfedit\";a:1:{s:1:\"*\";s:1:\"*\";}}s:6:\"visual\";a:1:{s:1:\"*\";a:1:{s:1:\"*\";s:1:\"*\";}}s:8:\"workflow\";a:1:{s:1:\"*\";a:1:{s:1:\"*\";s:1:\"*\";}}s:14:\"switchlanguage\";a:1:{s:1:\"*\";a:1:{s:1:\"*\";s:1:\"*\";}}s:5:\"ezodf\";a:2:{s:6:\"export\";a:1:{s:1:\"*\";s:1:\"*\";}s:6:\"import\";a:1:{s:1:\"*\";s:1:\"*\";}}s:4:\"ezoe\";a:4:{s:6:\"browse\";a:1:{s:1:\"*\";s:1:\"*\";}s:6:\"editor\";a:1:{s:1:\"*\";s:1:\"*\";}s:9:\"relations\";a:1:{s:1:\"*\";s:1:\"*\";}s:6:\"search\";a:1:{s:1:\"*\";s:1:\"*\";}}s:14:\"websitetoolbar\";a:1:{s:3:\"use\";a:1:{s:1:\"*\";s:1:\"*\";}}s:13:\"ezmultiupload\";a:1:{s:1:\"*\";a:1:{s:1:\"*\";s:1:\"*\";}}s:6:\"ezflow\";a:4:{s:4:\"call\";a:1:{s:1:\"*\";s:1:\"*\";}s:12:\"changelayout\";a:1:{s:1:\"*\";s:1:\"*\";}s:4:\"edit\";a:1:{s:1:\"*\";s:1:\"*\";}s:8:\"timeline\";a:1:{s:1:\"*\";s:1:\"*\";}}s:5:\"flash\";a:1:{s:1:\"*\";a:1:{s:1:\"*\";s:1:\"*\";}}s:6:\"survey\";a:2:{s:14:\"administration\";a:1:{s:1:\"*\";s:1:\"*\";}s:7:\"filling\";a:1:{s:1:\"*\";s:1:\"*\";}}s:20:\"objectrelationbrowse\";a:1:{s:1:\"*\";a:1:{s:1:\"*\";s:1:\"*\";}}s:8:\"ezjscore\";a:2:{s:4:\"call\";a:1:{s:1:\"*\";s:1:\"*\";}s:3:\"run\";a:1:{s:1:\"*\";s:1:\"*\";}}s:8:\"calendar\";a:1:{s:1:\"*\";a:1:{s:1:\"*\";s:1:\"*\";}}s:12:\"ticketsystem\";a:1:{s:1:\"*\";a:1:{s:1:\"*\";s:1:\"*\";}}}AccessArrayTimestamp|i:1269107179;eZUserLoggedInID|s:2:\"14\";eZUserInfoCache|a:1:{i:14;a:5:{s:16:\"contentobject_id\";s:2:\"14\";s:5:\"login\";s:5:\"admin\";s:5:\"email\";s:16:\"mosarg@gmail.com\";s:13:\"password_hash\";s:32:\"601ff46e32cfc28211388850e15fc138\";s:18:\"password_hash_type\";s:1:\"2\";}}eZGlobalSection|a:1:{s:2:\"id\";s:1:\"1\";}eZPreferences|a:17:{s:24:\"admin_navigation_content\";s:1:\"1\";s:24:\"admin_navigation_details\";b:0;s:29:\"admin_navigation_translations\";b:0;s:26:\"admin_navigation_locations\";b:0;s:26:\"admin_navigation_relations\";b:0;s:23:\"admin_navigation_states\";b:0;s:16:\"admin_list_limit\";s:1:\"2\";s:23:\"admin_children_viewmode\";b:0;s:19:\"admin_bookmark_menu\";s:1:\"1\";s:21:\"admin_clearcache_menu\";b:0;s:24:\"admin_quicksettings_menu\";s:1:\"1\";s:30:\"admin_quicksettings_siteaccess\";s:12:\"mondelli_ita\";s:21:\"admin_left_menu_width\";b:0;s:14:\"admin_treemenu\";s:1:\"1\";s:29:\"admin_navigation_class_groups\";b:0;s:31:\"admin_navigation_class_temlates\";b:0;s:35:\"admin_navigation_class_translations\";b:0;}eZUserGroupsCache|a:2:{i:0;s:2:\"12\";i:1;s:1:\"4\";}eZRoleIDList|a:1:{i:0;s:1:\"2\";}eZRoleLimitationValueList|a:1:{i:0;s:0:\"\";}LastAccessedModifyingURI|s:17:\"/Foto/Panini/Test\";LastAccessesURI|s:17:\"/Foto/Panini/Test\";FromGroupID|s:1:\"3\";CurrentViewMode|s:4:\"full\";ContentNodeID|s:2:\"77\";ContentObjectID|s:2:\"76\";HideRemoveConfirmation|b:0;DeleteIDArray|a:10:{i:0;s:2:\"78\";i:1;s:2:\"79\";i:2;s:2:\"80\";i:3;s:2:\"81\";i:4;s:2:\"82\";i:5;s:2:\"83\";i:6;s:2:\"84\";i:7;s:2:\"85\";i:8;s:2:\"86\";i:9;s:2:\"87\";}userRedirectURIReverseRelatedList|s:21:\"/content/removeobject\";',1269366379,'a621a1e1e451c825b3334af3d0d4a662','a2e4822a98337283e39f7b60acf85ec9',14),('eZUserLoggedInID|i:10;eZUserInfoCache_Timestamp|i:1270071015;eZUserInfoCache|a:1:{i:10;a:5:{s:16:\"contentobject_id\";s:2:\"10\";s:5:\"login\";s:9:\"anonymous\";s:5:\"email\";s:12:\"nospam@ez.no\";s:13:\"password_hash\";s:32:\"4e6f6184135228ccd45f8233d72a0363\";s:18:\"password_hash_type\";s:1:\"2\";}}AccessArray|a:3:{s:7:\"content\";a:2:{s:4:\"read\";a:2:{s:5:\"p_374\";a:1:{s:7:\"Section\";a:1:{i:0;s:1:\"1\";}}s:5:\"p_379\";a:2:{s:5:\"Class\";a:6:{i:0;s:2:\"29\";i:1;s:2:\"33\";i:2;s:2:\"35\";i:3;s:2:\"36\";i:4;s:2:\"37\";i:5;s:2:\"45\";}s:7:\"Section\";a:1:{i:0;s:1:\"3\";}}}s:3:\"pdf\";a:1:{s:5:\"p_375\";a:1:{s:7:\"Section\";a:1:{i:0;s:1:\"1\";}}}}s:3:\"rss\";a:1:{s:4:\"feed\";a:1:{s:1:\"*\";s:1:\"*\";}}s:4:\"user\";a:1:{s:5:\"login\";a:1:{s:5:\"p_377\";a:1:{s:10:\"SiteAccess\";a:1:{i:0;s:10:\"1512209704\";}}}}}AccessArrayTimestamp|i:1270071015;',1270330215,'a82b8d94ff355c763889ebcbb56cad37','a2e4822a98337283e39f7b60acf85ec9',10),('eZUserLoggedInID|i:10;eZUserInfoCache_Timestamp|i:1270679738;eZUserInfoCache|a:1:{i:10;a:5:{s:16:\"contentobject_id\";s:2:\"10\";s:5:\"login\";s:9:\"anonymous\";s:5:\"email\";s:12:\"nospam@ez.no\";s:13:\"password_hash\";s:32:\"4e6f6184135228ccd45f8233d72a0363\";s:18:\"password_hash_type\";s:1:\"2\";}}AccessArray|a:4:{s:7:\"content\";a:2:{s:4:\"read\";a:2:{s:5:\"p_380\";a:1:{s:7:\"Section\";a:1:{i:0;s:1:\"1\";}}s:5:\"p_384\";a:2:{s:5:\"Class\";a:6:{i:0;s:2:\"29\";i:1;s:2:\"33\";i:2;s:2:\"35\";i:3;s:2:\"36\";i:4;s:2:\"37\";i:5;s:2:\"45\";}s:7:\"Section\";a:1:{i:0;s:1:\"3\";}}}s:3:\"pdf\";a:1:{s:5:\"p_381\";a:1:{s:7:\"Section\";a:1:{i:0;s:1:\"1\";}}}}s:3:\"rss\";a:1:{s:4:\"feed\";a:1:{s:1:\"*\";s:1:\"*\";}}s:4:\"user\";a:1:{s:5:\"login\";a:1:{s:5:\"p_383\";a:1:{s:10:\"SiteAccess\";a:1:{i:0;s:10:\"1512209704\";}}}}s:8:\"ezjscore\";a:2:{s:4:\"call\";a:1:{s:1:\"*\";s:1:\"*\";}s:3:\"run\";a:1:{s:1:\"*\";s:1:\"*\";}}}AccessArrayTimestamp|i:1270679716;eZGlobalSection|a:1:{s:2:\"id\";s:1:\"1\";}eZRoleIDList_Timestamp|i:1270679738;eZUserGroupsCache_Timestamp|i:1270679738;eZUserGroupsCache|a:2:{i:0;s:2:\"42\";i:1;s:1:\"4\";}eZRoleIDList|a:1:{i:0;s:1:\"1\";}eZRoleLimitationValueList_Timestamp|i:1270679738;eZRoleLimitationValueList|a:1:{i:0;s:0:\"\";}LastAccessesURI|s:0:\"\";LastAccessedModifyingURI|s:0:\"\";eZPreferences|a:1:{s:20:\"ObjectCreationIDList\";s:16:\"a:1:{i:0;i:172;}\";}RegisterUserID|i:172;',1270940448,'a879356900e9fbc1da684c9421054c5f','a2e4822a98337283e39f7b60acf85ec9',10),('eZUserInfoCache_Timestamp|i:1263417989;eZUserGroupsCache_Timestamp|i:1263417989;eZRoleIDList_Timestamp|i:1263417990;eZRoleLimitationValueList_Timestamp|i:1263417990;eZUserGroupsCache|a:2:{i:0;s:2:\"12\";i:1;s:1:\"4\";}AccessArray|a:33:{s:5:\"class\";a:1:{s:1:\"*\";a:1:{s:1:\"*\";s:1:\"*\";}}s:13:\"collaboration\";a:1:{s:1:\"*\";a:1:{s:1:\"*\";s:1:\"*\";}}s:7:\"content\";a:21:{s:8:\"bookmark\";a:1:{s:1:\"*\";s:1:\"*\";}s:10:\"cleantrash\";a:1:{s:1:\"*\";s:1:\"*\";}s:6:\"create\";a:1:{s:1:\"*\";s:1:\"*\";}s:4:\"diff\";a:1:{s:1:\"*\";s:1:\"*\";}s:4:\"edit\";a:1:{s:1:\"*\";a:1:{s:18:\"StateGroup_ez_lock\";a:1:{i:0;s:1:\"1\";}}}s:4:\"hide\";a:1:{s:1:\"*\";s:1:\"*\";}s:16:\"manage_locations\";a:1:{s:1:\"*\";s:1:\"*\";}s:4:\"move\";a:1:{s:1:\"*\";s:1:\"*\";}s:3:\"pdf\";a:1:{s:1:\"*\";s:1:\"*\";}s:11:\"pendinglist\";a:1:{s:1:\"*\";s:1:\"*\";}s:4:\"read\";a:1:{s:1:\"*\";s:1:\"*\";}s:6:\"remove\";a:1:{s:1:\"*\";a:1:{s:18:\"StateGroup_ez_lock\";a:1:{i:0;s:1:\"1\";}}}s:7:\"restore\";a:1:{s:1:\"*\";s:1:\"*\";}s:18:\"reverserelatedlist\";a:1:{s:1:\"*\";s:1:\"*\";}s:10:\"tipafriend\";a:1:{s:1:\"*\";s:1:\"*\";}s:9:\"translate\";a:1:{s:1:\"*\";s:1:\"*\";}s:12:\"translations\";a:1:{s:1:\"*\";s:1:\"*\";}s:13:\"urltranslator\";a:1:{s:1:\"*\";s:1:\"*\";}s:11:\"versionread\";a:1:{s:1:\"*\";s:1:\"*\";}s:13:\"versionremove\";a:1:{s:1:\"*\";s:1:\"*\";}s:10:\"view_embed\";a:1:{s:1:\"*\";s:1:\"*\";}}s:5:\"error\";a:1:{s:1:\"*\";a:1:{s:1:\"*\";s:1:\"*\";}}s:6:\"ezinfo\";a:1:{s:4:\"read\";a:1:{s:1:\"*\";s:1:\"*\";}}s:13:\"infocollector\";a:1:{s:4:\"read\";a:1:{s:1:\"*\";s:1:\"*\";}}s:6:\"layout\";a:1:{s:1:\"*\";a:1:{s:1:\"*\";s:1:\"*\";}}s:12:\"notification\";a:2:{s:12:\"administrate\";a:1:{s:1:\"*\";s:1:\"*\";}s:3:\"use\";a:1:{s:1:\"*\";s:1:\"*\";}}s:7:\"package\";a:8:{s:6:\"create\";a:1:{s:1:\"*\";s:1:\"*\";}s:4:\"edit\";a:1:{s:1:\"*\";s:1:\"*\";}s:6:\"export\";a:1:{s:1:\"*\";s:1:\"*\";}s:6:\"import\";a:1:{s:1:\"*\";s:1:\"*\";}s:7:\"install\";a:1:{s:1:\"*\";s:1:\"*\";}s:4:\"list\";a:1:{s:1:\"*\";s:1:\"*\";}s:4:\"read\";a:1:{s:1:\"*\";s:1:\"*\";}s:6:\"remove\";a:1:{s:1:\"*\";s:1:\"*\";}}s:3:\"pdf\";a:2:{s:6:\"create\";a:1:{s:1:\"*\";s:1:\"*\";}s:4:\"edit\";a:1:{s:1:\"*\";s:1:\"*\";}}s:4:\"role\";a:1:{s:1:\"*\";a:1:{s:1:\"*\";s:1:\"*\";}}s:3:\"rss\";a:2:{s:4:\"edit\";a:1:{s:1:\"*\";s:1:\"*\";}s:4:\"feed\";a:1:{s:1:\"*\";s:1:\"*\";}}s:6:\"search\";a:1:{s:1:\"*\";a:1:{s:1:\"*\";s:1:\"*\";}}s:7:\"section\";a:3:{s:6:\"assign\";a:1:{s:1:\"*\";s:1:\"*\";}s:4:\"edit\";a:1:{s:1:\"*\";s:1:\"*\";}s:4:\"view\";a:1:{s:1:\"*\";s:1:\"*\";}}s:8:\"settings\";a:1:{s:1:\"*\";a:1:{s:1:\"*\";s:1:\"*\";}}s:5:\"setup\";a:5:{s:12:\"administrate\";a:1:{s:1:\"*\";s:1:\"*\";}s:7:\"install\";a:1:{s:1:\"*\";s:1:\"*\";}s:11:\"managecache\";a:1:{s:1:\"*\";s:1:\"*\";}s:5:\"setup\";a:1:{s:1:\"*\";s:1:\"*\";}s:11:\"system_info\";a:1:{s:1:\"*\";s:1:\"*\";}}s:4:\"shop\";a:5:{s:12:\"administrate\";a:1:{s:1:\"*\";s:1:\"*\";}s:3:\"buy\";a:1:{s:1:\"*\";s:1:\"*\";}s:11:\"edit_status\";a:1:{s:1:\"*\";s:1:\"*\";}s:9:\"setstatus\";a:1:{s:1:\"*\";s:1:\"*\";}s:5:\"setup\";a:1:{s:1:\"*\";s:1:\"*\";}}s:5:\"state\";a:2:{s:12:\"administrate\";a:1:{s:1:\"*\";s:1:\"*\";}s:6:\"assign\";a:1:{s:1:\"*\";s:1:\"*\";}}s:7:\"trigger\";a:1:{s:1:\"*\";a:1:{s:1:\"*\";s:1:\"*\";}}s:3:\"url\";a:1:{s:1:\"*\";a:1:{s:1:\"*\";s:1:\"*\";}}s:4:\"user\";a:5:{s:5:\"login\";a:1:{s:1:\"*\";s:1:\"*\";}s:8:\"password\";a:1:{s:1:\"*\";s:1:\"*\";}s:11:\"preferences\";a:1:{s:1:\"*\";s:1:\"*\";}s:8:\"register\";a:1:{s:1:\"*\";s:1:\"*\";}s:8:\"selfedit\";a:1:{s:1:\"*\";s:1:\"*\";}}s:6:\"visual\";a:1:{s:1:\"*\";a:1:{s:1:\"*\";s:1:\"*\";}}s:8:\"workflow\";a:1:{s:1:\"*\";a:1:{s:1:\"*\";s:1:\"*\";}}s:14:\"switchlanguage\";a:1:{s:1:\"*\";a:1:{s:1:\"*\";s:1:\"*\";}}s:13:\"ezmultiupload\";a:1:{s:1:\"*\";a:1:{s:1:\"*\";s:1:\"*\";}}s:5:\"ezodf\";a:2:{s:6:\"export\";a:1:{s:1:\"*\";s:1:\"*\";}s:6:\"import\";a:1:{s:1:\"*\";s:1:\"*\";}}s:4:\"ezoe\";a:4:{s:6:\"browse\";a:1:{s:1:\"*\";s:1:\"*\";}s:6:\"editor\";a:1:{s:1:\"*\";s:1:\"*\";}s:9:\"relations\";a:1:{s:1:\"*\";s:1:\"*\";}s:6:\"search\";a:1:{s:1:\"*\";s:1:\"*\";}}s:14:\"websitetoolbar\";a:1:{s:3:\"use\";a:1:{s:1:\"*\";s:1:\"*\";}}s:6:\"ezflow\";a:4:{s:4:\"call\";a:1:{s:1:\"*\";s:1:\"*\";}s:12:\"changelayout\";a:1:{s:1:\"*\";s:1:\"*\";}s:4:\"edit\";a:1:{s:1:\"*\";s:1:\"*\";}s:8:\"timeline\";a:1:{s:1:\"*\";s:1:\"*\";}}s:5:\"flash\";a:1:{s:1:\"*\";a:1:{s:1:\"*\";s:1:\"*\";}}s:20:\"objectrelationbrowse\";a:1:{s:1:\"*\";a:1:{s:1:\"*\";s:1:\"*\";}}s:8:\"ezjscore\";a:2:{s:4:\"call\";a:1:{s:1:\"*\";s:1:\"*\";}s:3:\"run\";a:1:{s:1:\"*\";s:1:\"*\";}}s:8:\"calendar\";a:1:{s:1:\"*\";a:1:{s:1:\"*\";s:1:\"*\";}}}AccessArrayTimestamp|i:1263419553;eZUserLoggedInID|s:2:\"14\";eZUserInfoCache|a:1:{i:14;a:5:{s:16:\"contentobject_id\";s:2:\"14\";s:5:\"login\";s:5:\"admin\";s:5:\"email\";s:16:\"mosarg@gmail.com\";s:13:\"password_hash\";s:32:\"601ff46e32cfc28211388850e15fc138\";s:18:\"password_hash_type\";s:1:\"2\";}}eZGlobalSection|a:1:{s:2:\"id\";s:1:\"4\";}eZPreferences|a:20:{s:24:\"admin_navigation_content\";s:1:\"1\";s:24:\"admin_navigation_details\";b:0;s:29:\"admin_navigation_translations\";b:0;s:26:\"admin_navigation_locations\";b:0;s:26:\"admin_navigation_relations\";b:0;s:23:\"admin_navigation_states\";b:0;s:16:\"admin_list_limit\";s:1:\"2\";s:19:\"admin_bookmark_menu\";s:1:\"1\";s:21:\"admin_clearcache_menu\";b:0;s:24:\"admin_quicksettings_menu\";s:1:\"1\";s:21:\"admin_left_menu_width\";b:0;s:14:\"admin_treemenu\";s:1:\"1\";s:23:\"admin_edit_show_re_edit\";b:0;s:25:\"admin_edit_show_locations\";b:0;s:23:\"admin_children_viewmode\";b:0;s:30:\"admin_quicksettings_siteaccess\";s:12:\"mondelli_ita\";s:30:\"admin_infocollector_list_limit\";b:0;s:29:\"admin_navigation_class_groups\";b:0;s:31:\"admin_navigation_class_temlates\";b:0;s:35:\"admin_navigation_class_translations\";b:0;}eZRoleIDList|a:1:{i:0;s:1:\"2\";}eZRoleLimitationValueList|a:1:{i:0;s:0:\"\";}LastAccessedModifyingURI|s:30:\"/class/view/23/language/eng-GB\";DiscardObjectID|s:2:\"57\";DiscardObjectVersion|s:1:\"2\";DiscardObjectLanguage|s:6:\"ita-IT\";DiscardConfirm|s:1:\"0\";LastAccessesURI|s:30:\"/class/view/23/language/eng-GB\";FromGroupID|s:1:\"1\";',1263678806,'aa2f89b797103ff2bc0b51cf43b1d2a5','a2e4822a98337283e39f7b60acf85ec9',14),('eZUserInfoCache_Timestamp|i:1269472926;eZUserGroupsCache_Timestamp|i:1269472926;AccessArrayTimestamp|i:1269472926;eZGlobalSection|a:1:{s:2:\"id\";s:1:\"1\";}eZRoleIDList_Timestamp|i:1269472926;eZRoleLimitationValueList_Timestamp|i:1269472926;LastAccessesURI|s:5:\"/Foto\";LastAccessedModifyingURI|s:5:\"/Foto\";eZUserLoggedInID|i:10;force_logout|i:1;eZUserInfoCache|a:1:{i:10;a:5:{s:16:\"contentobject_id\";s:2:\"10\";s:5:\"login\";s:9:\"anonymous\";s:5:\"email\";s:12:\"nospam@ez.no\";s:13:\"password_hash\";s:32:\"4e6f6184135228ccd45f8233d72a0363\";s:18:\"password_hash_type\";s:1:\"2\";}}AccessArray|a:3:{s:7:\"content\";a:2:{s:4:\"read\";a:2:{s:5:\"p_374\";a:1:{s:7:\"Section\";a:1:{i:0;s:1:\"1\";}}s:5:\"p_379\";a:2:{s:5:\"Class\";a:6:{i:0;s:2:\"29\";i:1;s:2:\"33\";i:2;s:2:\"35\";i:3;s:2:\"36\";i:4;s:2:\"37\";i:5;s:2:\"45\";}s:7:\"Section\";a:1:{i:0;s:1:\"3\";}}}s:3:\"pdf\";a:1:{s:5:\"p_375\";a:1:{s:7:\"Section\";a:1:{i:0;s:1:\"1\";}}}}s:3:\"rss\";a:1:{s:4:\"feed\";a:1:{s:1:\"*\";s:1:\"*\";}}s:4:\"user\";a:1:{s:5:\"login\";a:1:{s:5:\"p_377\";a:1:{s:10:\"SiteAccess\";a:1:{i:0;s:10:\"1512209704\";}}}}}eZUserGroupsCache|a:2:{i:0;s:2:\"42\";i:1;s:1:\"4\";}eZRoleIDList|a:1:{i:0;s:1:\"1\";}eZRoleLimitationValueList|a:1:{i:0;s:0:\"\";}',1269732395,'b0084eedac6748ea1702426b594f7ab0','a2e4822a98337283e39f7b60acf85ec9',10),('eZUserLoggedInID|i:10;eZUserInfoCache_Timestamp|i:1270066092;eZUserInfoCache|a:1:{i:10;a:5:{s:16:\"contentobject_id\";s:2:\"10\";s:5:\"login\";s:9:\"anonymous\";s:5:\"email\";s:12:\"nospam@ez.no\";s:13:\"password_hash\";s:32:\"4e6f6184135228ccd45f8233d72a0363\";s:18:\"password_hash_type\";s:1:\"2\";}}AccessArray|a:3:{s:7:\"content\";a:2:{s:4:\"read\";a:2:{s:5:\"p_374\";a:1:{s:7:\"Section\";a:1:{i:0;s:1:\"1\";}}s:5:\"p_379\";a:2:{s:5:\"Class\";a:6:{i:0;s:2:\"29\";i:1;s:2:\"33\";i:2;s:2:\"35\";i:3;s:2:\"36\";i:4;s:2:\"37\";i:5;s:2:\"45\";}s:7:\"Section\";a:1:{i:0;s:1:\"3\";}}}s:3:\"pdf\";a:1:{s:5:\"p_375\";a:1:{s:7:\"Section\";a:1:{i:0;s:1:\"1\";}}}}s:3:\"rss\";a:1:{s:4:\"feed\";a:1:{s:1:\"*\";s:1:\"*\";}}s:4:\"user\";a:1:{s:5:\"login\";a:1:{s:5:\"p_377\";a:1:{s:10:\"SiteAccess\";a:1:{i:0;s:10:\"1512209704\";}}}}}AccessArrayTimestamp|i:1270066092;',1270325292,'b2887f82c20ab3ea8f1c4955a43f775b','a2e4822a98337283e39f7b60acf85ec9',10),('eZLoginHandlerStep|i:2;eZLoginHandlerLastCheckRedirect|a:2:{s:6:\"module\";s:4:\"user\";s:8:\"function\";s:5:\"login\";}eZLoginHandlerLastHandlerName|s:8:\"standard\";eZUserLoggedInID|i:10;eZUserInfoCache_Timestamp|i:1269190226;eZUserInfoCache|a:1:{i:10;a:5:{s:16:\"contentobject_id\";s:2:\"10\";s:5:\"login\";s:9:\"anonymous\";s:5:\"email\";s:12:\"nospam@ez.no\";s:13:\"password_hash\";s:32:\"4e6f6184135228ccd45f8233d72a0363\";s:18:\"password_hash_type\";s:1:\"2\";}}',1269449427,'b2a742a90a6f5e9337c42864adbdfa6f','a2e4822a98337283e39f7b60acf85ec9',10),('eZUserInfoCache_Timestamp|i:1270544758;eZUserGroupsCache_Timestamp|i:1270544758;AccessArrayTimestamp|i:1270545498;eZGlobalSection|a:1:{s:2:\"id\";s:1:\"1\";}eZRoleIDList_Timestamp|i:1270544758;eZRoleLimitationValueList_Timestamp|i:1270544758;AccessArray|a:35:{s:5:\"class\";a:1:{s:1:\"*\";a:1:{s:1:\"*\";s:1:\"*\";}}s:13:\"collaboration\";a:1:{s:1:\"*\";a:1:{s:1:\"*\";s:1:\"*\";}}s:7:\"content\";a:21:{s:8:\"bookmark\";a:1:{s:1:\"*\";s:1:\"*\";}s:10:\"cleantrash\";a:1:{s:1:\"*\";s:1:\"*\";}s:6:\"create\";a:1:{s:1:\"*\";s:1:\"*\";}s:4:\"diff\";a:1:{s:1:\"*\";s:1:\"*\";}s:4:\"edit\";a:1:{s:1:\"*\";a:1:{s:18:\"StateGroup_ez_lock\";a:1:{i:0;s:1:\"1\";}}}s:4:\"hide\";a:1:{s:1:\"*\";s:1:\"*\";}s:16:\"manage_locations\";a:1:{s:1:\"*\";s:1:\"*\";}s:4:\"move\";a:1:{s:1:\"*\";s:1:\"*\";}s:3:\"pdf\";a:1:{s:1:\"*\";s:1:\"*\";}s:11:\"pendinglist\";a:1:{s:1:\"*\";s:1:\"*\";}s:4:\"read\";a:1:{s:1:\"*\";s:1:\"*\";}s:6:\"remove\";a:1:{s:1:\"*\";a:1:{s:18:\"StateGroup_ez_lock\";a:1:{i:0;s:1:\"1\";}}}s:7:\"restore\";a:1:{s:1:\"*\";s:1:\"*\";}s:18:\"reverserelatedlist\";a:1:{s:1:\"*\";s:1:\"*\";}s:10:\"tipafriend\";a:1:{s:1:\"*\";s:1:\"*\";}s:9:\"translate\";a:1:{s:1:\"*\";s:1:\"*\";}s:12:\"translations\";a:1:{s:1:\"*\";s:1:\"*\";}s:13:\"urltranslator\";a:1:{s:1:\"*\";s:1:\"*\";}s:11:\"versionread\";a:1:{s:1:\"*\";s:1:\"*\";}s:13:\"versionremove\";a:1:{s:1:\"*\";s:1:\"*\";}s:10:\"view_embed\";a:1:{s:1:\"*\";s:1:\"*\";}}s:5:\"error\";a:1:{s:1:\"*\";a:1:{s:1:\"*\";s:1:\"*\";}}s:6:\"ezinfo\";a:1:{s:4:\"read\";a:1:{s:1:\"*\";s:1:\"*\";}}s:13:\"infocollector\";a:1:{s:4:\"read\";a:1:{s:1:\"*\";s:1:\"*\";}}s:6:\"layout\";a:1:{s:1:\"*\";a:1:{s:1:\"*\";s:1:\"*\";}}s:12:\"notification\";a:2:{s:12:\"administrate\";a:1:{s:1:\"*\";s:1:\"*\";}s:3:\"use\";a:1:{s:1:\"*\";s:1:\"*\";}}s:7:\"package\";a:8:{s:6:\"create\";a:1:{s:1:\"*\";s:1:\"*\";}s:4:\"edit\";a:1:{s:1:\"*\";s:1:\"*\";}s:6:\"export\";a:1:{s:1:\"*\";s:1:\"*\";}s:6:\"import\";a:1:{s:1:\"*\";s:1:\"*\";}s:7:\"install\";a:1:{s:1:\"*\";s:1:\"*\";}s:4:\"list\";a:1:{s:1:\"*\";s:1:\"*\";}s:4:\"read\";a:1:{s:1:\"*\";s:1:\"*\";}s:6:\"remove\";a:1:{s:1:\"*\";s:1:\"*\";}}s:3:\"pdf\";a:2:{s:6:\"create\";a:1:{s:1:\"*\";s:1:\"*\";}s:4:\"edit\";a:1:{s:1:\"*\";s:1:\"*\";}}s:4:\"role\";a:1:{s:1:\"*\";a:1:{s:1:\"*\";s:1:\"*\";}}s:3:\"rss\";a:2:{s:4:\"edit\";a:1:{s:1:\"*\";s:1:\"*\";}s:4:\"feed\";a:1:{s:1:\"*\";s:1:\"*\";}}s:6:\"search\";a:1:{s:1:\"*\";a:1:{s:1:\"*\";s:1:\"*\";}}s:7:\"section\";a:3:{s:6:\"assign\";a:1:{s:1:\"*\";s:1:\"*\";}s:4:\"edit\";a:1:{s:1:\"*\";s:1:\"*\";}s:4:\"view\";a:1:{s:1:\"*\";s:1:\"*\";}}s:8:\"settings\";a:1:{s:1:\"*\";a:1:{s:1:\"*\";s:1:\"*\";}}s:5:\"setup\";a:5:{s:12:\"administrate\";a:1:{s:1:\"*\";s:1:\"*\";}s:7:\"install\";a:1:{s:1:\"*\";s:1:\"*\";}s:11:\"managecache\";a:1:{s:1:\"*\";s:1:\"*\";}s:5:\"setup\";a:1:{s:1:\"*\";s:1:\"*\";}s:11:\"system_info\";a:1:{s:1:\"*\";s:1:\"*\";}}s:4:\"shop\";a:5:{s:12:\"administrate\";a:1:{s:1:\"*\";s:1:\"*\";}s:3:\"buy\";a:1:{s:1:\"*\";s:1:\"*\";}s:11:\"edit_status\";a:1:{s:1:\"*\";s:1:\"*\";}s:9:\"setstatus\";a:1:{s:1:\"*\";s:1:\"*\";}s:5:\"setup\";a:1:{s:1:\"*\";s:1:\"*\";}}s:5:\"state\";a:2:{s:12:\"administrate\";a:1:{s:1:\"*\";s:1:\"*\";}s:6:\"assign\";a:1:{s:1:\"*\";s:1:\"*\";}}s:7:\"trigger\";a:1:{s:1:\"*\";a:1:{s:1:\"*\";s:1:\"*\";}}s:3:\"url\";a:1:{s:1:\"*\";a:1:{s:1:\"*\";s:1:\"*\";}}s:4:\"user\";a:5:{s:5:\"login\";a:1:{s:1:\"*\";s:1:\"*\";}s:8:\"password\";a:1:{s:1:\"*\";s:1:\"*\";}s:11:\"preferences\";a:1:{s:1:\"*\";s:1:\"*\";}s:8:\"register\";a:1:{s:1:\"*\";s:1:\"*\";}s:8:\"selfedit\";a:1:{s:1:\"*\";s:1:\"*\";}}s:6:\"visual\";a:1:{s:1:\"*\";a:1:{s:1:\"*\";s:1:\"*\";}}s:8:\"workflow\";a:1:{s:1:\"*\";a:1:{s:1:\"*\";s:1:\"*\";}}s:14:\"switchlanguage\";a:1:{s:1:\"*\";a:1:{s:1:\"*\";s:1:\"*\";}}s:5:\"ezodf\";a:2:{s:6:\"export\";a:1:{s:1:\"*\";s:1:\"*\";}s:6:\"import\";a:1:{s:1:\"*\";s:1:\"*\";}}s:4:\"ezoe\";a:4:{s:6:\"browse\";a:1:{s:1:\"*\";s:1:\"*\";}s:6:\"editor\";a:1:{s:1:\"*\";s:1:\"*\";}s:9:\"relations\";a:1:{s:1:\"*\";s:1:\"*\";}s:6:\"search\";a:1:{s:1:\"*\";s:1:\"*\";}}s:14:\"websitetoolbar\";a:1:{s:3:\"use\";a:1:{s:1:\"*\";s:1:\"*\";}}s:13:\"ezmultiupload\";a:1:{s:1:\"*\";a:1:{s:1:\"*\";s:1:\"*\";}}s:6:\"ezflow\";a:4:{s:4:\"call\";a:1:{s:1:\"*\";s:1:\"*\";}s:12:\"changelayout\";a:1:{s:1:\"*\";s:1:\"*\";}s:4:\"edit\";a:1:{s:1:\"*\";s:1:\"*\";}s:8:\"timeline\";a:1:{s:1:\"*\";s:1:\"*\";}}s:5:\"flash\";a:1:{s:1:\"*\";a:1:{s:1:\"*\";s:1:\"*\";}}s:6:\"survey\";a:2:{s:14:\"administration\";a:1:{s:1:\"*\";s:1:\"*\";}s:7:\"filling\";a:1:{s:1:\"*\";s:1:\"*\";}}s:20:\"objectrelationbrowse\";a:1:{s:1:\"*\";a:1:{s:1:\"*\";s:1:\"*\";}}s:8:\"ezjscore\";a:2:{s:4:\"call\";a:1:{s:1:\"*\";s:1:\"*\";}s:3:\"run\";a:1:{s:1:\"*\";s:1:\"*\";}}s:8:\"calendar\";a:1:{s:1:\"*\";a:1:{s:1:\"*\";s:1:\"*\";}}s:12:\"ticketsystem\";a:1:{s:1:\"*\";a:1:{s:1:\"*\";s:1:\"*\";}}}eZUserLoggedInID|s:2:\"14\";eZUserInfoCache|a:1:{i:14;a:5:{s:16:\"contentobject_id\";s:2:\"14\";s:5:\"login\";s:5:\"admin\";s:5:\"email\";s:16:\"mosarg@gmail.com\";s:13:\"password_hash\";s:32:\"601ff46e32cfc28211388850e15fc138\";s:18:\"password_hash_type\";s:1:\"2\";}}eZUserGroupsCache|a:2:{i:0;s:2:\"12\";i:1;s:1:\"4\";}eZRoleIDList|a:1:{i:0;s:1:\"2\";}eZRoleLimitationValueList|a:1:{i:0;s:0:\"\";}eZPreferences|a:1:{s:21:\"admin_clearcache_type\";b:0;}LastAccessesURI|s:18:\"/Eventi/Calendario\";LastAccessedModifyingURI|s:18:\"/Eventi/Calendario\";',1270805522,'b72c1bbf42469797bed15fce9b6a8f94','a2e4822a98337283e39f7b60acf85ec9',14),('eZUserInfoCache_Timestamp|i:1271027991;AccessArrayTimestamp|i:1271027991;eZGlobalSection|a:1:{s:2:\"id\";s:1:\"1\";}eZRoleIDList_Timestamp|i:1271027992;eZUserGroupsCache_Timestamp|i:1271027992;eZRoleLimitationValueList_Timestamp|i:1271027992;LastAccessedModifyingURI|s:0:\"\";DiscardObjectID|s:2:\"14\";DiscardObjectVersion|s:1:\"3\";DiscardObjectLanguage|s:6:\"ita-IT\";DiscardConfirm|s:1:\"0\";force_logout|i:1;AccessArray|a:36:{s:5:\"class\";a:1:{s:1:\"*\";a:1:{s:1:\"*\";s:1:\"*\";}}s:13:\"collaboration\";a:1:{s:1:\"*\";a:1:{s:1:\"*\";s:1:\"*\";}}s:7:\"content\";a:21:{s:8:\"bookmark\";a:1:{s:1:\"*\";s:1:\"*\";}s:10:\"cleantrash\";a:1:{s:1:\"*\";s:1:\"*\";}s:6:\"create\";a:1:{s:1:\"*\";s:1:\"*\";}s:4:\"diff\";a:1:{s:1:\"*\";s:1:\"*\";}s:4:\"edit\";a:1:{s:1:\"*\";a:1:{s:18:\"StateGroup_ez_lock\";a:1:{i:0;s:1:\"1\";}}}s:4:\"hide\";a:1:{s:1:\"*\";s:1:\"*\";}s:16:\"manage_locations\";a:1:{s:1:\"*\";s:1:\"*\";}s:4:\"move\";a:1:{s:1:\"*\";s:1:\"*\";}s:3:\"pdf\";a:1:{s:1:\"*\";s:1:\"*\";}s:11:\"pendinglist\";a:1:{s:1:\"*\";s:1:\"*\";}s:4:\"read\";a:1:{s:1:\"*\";s:1:\"*\";}s:6:\"remove\";a:1:{s:1:\"*\";a:1:{s:18:\"StateGroup_ez_lock\";a:1:{i:0;s:1:\"1\";}}}s:7:\"restore\";a:1:{s:1:\"*\";s:1:\"*\";}s:18:\"reverserelatedlist\";a:1:{s:1:\"*\";s:1:\"*\";}s:10:\"tipafriend\";a:1:{s:1:\"*\";s:1:\"*\";}s:9:\"translate\";a:1:{s:1:\"*\";s:1:\"*\";}s:12:\"translations\";a:1:{s:1:\"*\";s:1:\"*\";}s:13:\"urltranslator\";a:1:{s:1:\"*\";s:1:\"*\";}s:11:\"versionread\";a:1:{s:1:\"*\";s:1:\"*\";}s:13:\"versionremove\";a:1:{s:1:\"*\";s:1:\"*\";}s:10:\"view_embed\";a:1:{s:1:\"*\";s:1:\"*\";}}s:5:\"error\";a:1:{s:1:\"*\";a:1:{s:1:\"*\";s:1:\"*\";}}s:6:\"ezinfo\";a:1:{s:4:\"read\";a:1:{s:1:\"*\";s:1:\"*\";}}s:13:\"infocollector\";a:1:{s:4:\"read\";a:1:{s:1:\"*\";s:1:\"*\";}}s:6:\"layout\";a:1:{s:1:\"*\";a:1:{s:1:\"*\";s:1:\"*\";}}s:12:\"notification\";a:2:{s:12:\"administrate\";a:1:{s:1:\"*\";s:1:\"*\";}s:3:\"use\";a:1:{s:1:\"*\";s:1:\"*\";}}s:7:\"package\";a:8:{s:6:\"create\";a:1:{s:1:\"*\";s:1:\"*\";}s:4:\"edit\";a:1:{s:1:\"*\";s:1:\"*\";}s:6:\"export\";a:1:{s:1:\"*\";s:1:\"*\";}s:6:\"import\";a:1:{s:1:\"*\";s:1:\"*\";}s:7:\"install\";a:1:{s:1:\"*\";s:1:\"*\";}s:4:\"list\";a:1:{s:1:\"*\";s:1:\"*\";}s:4:\"read\";a:1:{s:1:\"*\";s:1:\"*\";}s:6:\"remove\";a:1:{s:1:\"*\";s:1:\"*\";}}s:3:\"pdf\";a:2:{s:6:\"create\";a:1:{s:1:\"*\";s:1:\"*\";}s:4:\"edit\";a:1:{s:1:\"*\";s:1:\"*\";}}s:4:\"role\";a:1:{s:1:\"*\";a:1:{s:1:\"*\";s:1:\"*\";}}s:3:\"rss\";a:2:{s:4:\"edit\";a:1:{s:1:\"*\";s:1:\"*\";}s:4:\"feed\";a:1:{s:1:\"*\";s:1:\"*\";}}s:6:\"search\";a:1:{s:1:\"*\";a:1:{s:1:\"*\";s:1:\"*\";}}s:7:\"section\";a:3:{s:6:\"assign\";a:1:{s:1:\"*\";s:1:\"*\";}s:4:\"edit\";a:1:{s:1:\"*\";s:1:\"*\";}s:4:\"view\";a:1:{s:1:\"*\";s:1:\"*\";}}s:8:\"settings\";a:1:{s:1:\"*\";a:1:{s:1:\"*\";s:1:\"*\";}}s:5:\"setup\";a:5:{s:12:\"administrate\";a:1:{s:1:\"*\";s:1:\"*\";}s:7:\"install\";a:1:{s:1:\"*\";s:1:\"*\";}s:11:\"managecache\";a:1:{s:1:\"*\";s:1:\"*\";}s:5:\"setup\";a:1:{s:1:\"*\";s:1:\"*\";}s:11:\"system_info\";a:1:{s:1:\"*\";s:1:\"*\";}}s:4:\"shop\";a:5:{s:12:\"administrate\";a:1:{s:1:\"*\";s:1:\"*\";}s:3:\"buy\";a:1:{s:1:\"*\";s:1:\"*\";}s:11:\"edit_status\";a:1:{s:1:\"*\";s:1:\"*\";}s:9:\"setstatus\";a:1:{s:1:\"*\";s:1:\"*\";}s:5:\"setup\";a:1:{s:1:\"*\";s:1:\"*\";}}s:5:\"state\";a:2:{s:12:\"administrate\";a:1:{s:1:\"*\";s:1:\"*\";}s:6:\"assign\";a:1:{s:1:\"*\";s:1:\"*\";}}s:7:\"trigger\";a:1:{s:1:\"*\";a:1:{s:1:\"*\";s:1:\"*\";}}s:3:\"url\";a:1:{s:1:\"*\";a:1:{s:1:\"*\";s:1:\"*\";}}s:4:\"user\";a:5:{s:5:\"login\";a:1:{s:1:\"*\";s:1:\"*\";}s:8:\"password\";a:1:{s:1:\"*\";s:1:\"*\";}s:11:\"preferences\";a:1:{s:1:\"*\";s:1:\"*\";}s:8:\"register\";a:1:{s:1:\"*\";s:1:\"*\";}s:8:\"selfedit\";a:1:{s:1:\"*\";s:1:\"*\";}}s:6:\"visual\";a:1:{s:1:\"*\";a:1:{s:1:\"*\";s:1:\"*\";}}s:8:\"workflow\";a:1:{s:1:\"*\";a:1:{s:1:\"*\";s:1:\"*\";}}s:14:\"switchlanguage\";a:1:{s:1:\"*\";a:1:{s:1:\"*\";s:1:\"*\";}}s:5:\"ezodf\";a:2:{s:6:\"export\";a:1:{s:1:\"*\";s:1:\"*\";}s:6:\"import\";a:1:{s:1:\"*\";s:1:\"*\";}}s:4:\"ezoe\";a:4:{s:6:\"browse\";a:1:{s:1:\"*\";s:1:\"*\";}s:6:\"editor\";a:1:{s:1:\"*\";s:1:\"*\";}s:9:\"relations\";a:1:{s:1:\"*\";s:1:\"*\";}s:6:\"search\";a:1:{s:1:\"*\";s:1:\"*\";}}s:14:\"websitetoolbar\";a:1:{s:3:\"use\";a:1:{s:1:\"*\";s:1:\"*\";}}s:13:\"ezmultiupload\";a:1:{s:1:\"*\";a:1:{s:1:\"*\";s:1:\"*\";}}s:6:\"ezflow\";a:4:{s:4:\"call\";a:1:{s:1:\"*\";s:1:\"*\";}s:12:\"changelayout\";a:1:{s:1:\"*\";s:1:\"*\";}s:4:\"edit\";a:1:{s:1:\"*\";s:1:\"*\";}s:8:\"timeline\";a:1:{s:1:\"*\";s:1:\"*\";}}s:5:\"flash\";a:1:{s:1:\"*\";a:1:{s:1:\"*\";s:1:\"*\";}}s:6:\"survey\";a:2:{s:14:\"administration\";a:1:{s:1:\"*\";s:1:\"*\";}s:7:\"filling\";a:1:{s:1:\"*\";s:1:\"*\";}}s:20:\"objectrelationbrowse\";a:1:{s:1:\"*\";a:1:{s:1:\"*\";s:1:\"*\";}}s:8:\"ezjscore\";a:2:{s:4:\"call\";a:1:{s:1:\"*\";s:1:\"*\";}s:3:\"run\";a:1:{s:1:\"*\";s:1:\"*\";}}s:8:\"calendar\";a:1:{s:1:\"*\";a:1:{s:1:\"*\";s:1:\"*\";}}s:12:\"ticketsystem\";a:1:{s:1:\"*\";a:1:{s:1:\"*\";s:1:\"*\";}}s:7:\"comment\";a:6:{s:8:\"activate\";a:1:{s:1:\"*\";s:1:\"*\";}s:3:\"add\";a:1:{s:1:\"*\";s:1:\"*\";}s:6:\"delete\";a:1:{s:1:\"*\";s:1:\"*\";}s:4:\"edit\";a:1:{s:1:\"*\";s:1:\"*\";}s:4:\"read\";a:1:{s:1:\"*\";s:1:\"*\";}s:7:\"setting\";a:1:{s:1:\"*\";s:1:\"*\";}}}eZUserLoggedInID|s:2:\"14\";eZUserInfoCache|a:1:{i:14;a:5:{s:16:\"contentobject_id\";s:2:\"14\";s:5:\"login\";s:5:\"admin\";s:5:\"email\";s:16:\"mosarg@gmail.com\";s:13:\"password_hash\";s:32:\"601ff46e32cfc28211388850e15fc138\";s:18:\"password_hash_type\";s:1:\"2\";}}eZUserGroupsCache|a:2:{i:0;s:2:\"12\";i:1;s:1:\"4\";}eZRoleIDList|a:1:{i:0;s:1:\"2\";}eZRoleLimitationValueList|a:1:{i:0;s:0:\"\";}eZPreferences|a:1:{s:21:\"admin_clearcache_type\";b:0;}LastAccessesURI|s:0:\"\";',1271287195,'bb29b6f19429c8962f1d0b91cf65739e','a2e4822a98337283e39f7b60acf85ec9',14),('eZUserLoggedInID|i:10;eZUserInfoCache_Timestamp|i:1270053567;eZUserInfoCache|a:1:{i:10;a:5:{s:16:\"contentobject_id\";s:2:\"10\";s:5:\"login\";s:9:\"anonymous\";s:5:\"email\";s:12:\"nospam@ez.no\";s:13:\"password_hash\";s:32:\"4e6f6184135228ccd45f8233d72a0363\";s:18:\"password_hash_type\";s:1:\"2\";}}AccessArray|a:3:{s:7:\"content\";a:2:{s:4:\"read\";a:2:{s:5:\"p_374\";a:1:{s:7:\"Section\";a:1:{i:0;s:1:\"1\";}}s:5:\"p_379\";a:2:{s:5:\"Class\";a:6:{i:0;s:2:\"29\";i:1;s:2:\"33\";i:2;s:2:\"35\";i:3;s:2:\"36\";i:4;s:2:\"37\";i:5;s:2:\"45\";}s:7:\"Section\";a:1:{i:0;s:1:\"3\";}}}s:3:\"pdf\";a:1:{s:5:\"p_375\";a:1:{s:7:\"Section\";a:1:{i:0;s:1:\"1\";}}}}s:3:\"rss\";a:1:{s:4:\"feed\";a:1:{s:1:\"*\";s:1:\"*\";}}s:4:\"user\";a:1:{s:5:\"login\";a:1:{s:5:\"p_377\";a:1:{s:10:\"SiteAccess\";a:1:{i:0;s:10:\"1512209704\";}}}}}AccessArrayTimestamp|i:1270053567;',1270312767,'bc84db0978b8fa7727e638a51359b56b','a2e4822a98337283e39f7b60acf85ec9',10),('eZUserLoggedInID|i:10;eZUserInfoCache_Timestamp|i:1270063632;eZUserInfoCache|a:1:{i:10;a:5:{s:16:\"contentobject_id\";s:2:\"10\";s:5:\"login\";s:9:\"anonymous\";s:5:\"email\";s:12:\"nospam@ez.no\";s:13:\"password_hash\";s:32:\"4e6f6184135228ccd45f8233d72a0363\";s:18:\"password_hash_type\";s:1:\"2\";}}AccessArray|a:3:{s:7:\"content\";a:2:{s:4:\"read\";a:2:{s:5:\"p_374\";a:1:{s:7:\"Section\";a:1:{i:0;s:1:\"1\";}}s:5:\"p_379\";a:2:{s:5:\"Class\";a:6:{i:0;s:2:\"29\";i:1;s:2:\"33\";i:2;s:2:\"35\";i:3;s:2:\"36\";i:4;s:2:\"37\";i:5;s:2:\"45\";}s:7:\"Section\";a:1:{i:0;s:1:\"3\";}}}s:3:\"pdf\";a:1:{s:5:\"p_375\";a:1:{s:7:\"Section\";a:1:{i:0;s:1:\"1\";}}}}s:3:\"rss\";a:1:{s:4:\"feed\";a:1:{s:1:\"*\";s:1:\"*\";}}s:4:\"user\";a:1:{s:5:\"login\";a:1:{s:5:\"p_377\";a:1:{s:10:\"SiteAccess\";a:1:{i:0;s:10:\"1512209704\";}}}}}AccessArrayTimestamp|i:1270063632;',1270322832,'bda85dca0ec398e502bafe22f544354c','a2e4822a98337283e39f7b60acf85ec9',10),('eZUserLoggedInID|i:10;eZUserInfoCache_Timestamp|i:1270163061;eZUserInfoCache|a:1:{i:10;a:5:{s:16:\"contentobject_id\";s:2:\"10\";s:5:\"login\";s:9:\"anonymous\";s:5:\"email\";s:12:\"nospam@ez.no\";s:13:\"password_hash\";s:32:\"4e6f6184135228ccd45f8233d72a0363\";s:18:\"password_hash_type\";s:1:\"2\";}}AccessArray|a:4:{s:7:\"content\";a:2:{s:4:\"read\";a:2:{s:5:\"p_380\";a:1:{s:7:\"Section\";a:1:{i:0;s:1:\"1\";}}s:5:\"p_384\";a:2:{s:5:\"Class\";a:6:{i:0;s:2:\"29\";i:1;s:2:\"33\";i:2;s:2:\"35\";i:3;s:2:\"36\";i:4;s:2:\"37\";i:5;s:2:\"45\";}s:7:\"Section\";a:1:{i:0;s:1:\"3\";}}}s:3:\"pdf\";a:1:{s:5:\"p_381\";a:1:{s:7:\"Section\";a:1:{i:0;s:1:\"1\";}}}}s:3:\"rss\";a:1:{s:4:\"feed\";a:1:{s:1:\"*\";s:1:\"*\";}}s:4:\"user\";a:1:{s:5:\"login\";a:1:{s:5:\"p_383\";a:1:{s:10:\"SiteAccess\";a:1:{i:0;s:10:\"1512209704\";}}}}s:8:\"ezjscore\";a:2:{s:4:\"call\";a:1:{s:1:\"*\";s:1:\"*\";}s:3:\"run\";a:1:{s:1:\"*\";s:1:\"*\";}}}AccessArrayTimestamp|i:1270163061;',1270422261,'bdeca67bd2023c04b4f66e4e77f4fcc8','a2e4822a98337283e39f7b60acf85ec9',10),('eZUserInfoCache_Timestamp|i:1270821313;AccessArrayTimestamp|i:1270821313;eZGlobalSection|a:1:{s:2:\"id\";s:1:\"1\";}eZRoleIDList_Timestamp|i:1270821314;eZUserGroupsCache_Timestamp|i:1270821313;eZRoleLimitationValueList_Timestamp|i:1270821314;eZUserGroupsCache|a:2:{i:0;s:3:\"262\";i:1;s:1:\"4\";}AccessArray|a:6:{s:7:\"content\";a:5:{s:4:\"read\";a:2:{s:5:\"p_380\";a:1:{s:7:\"Section\";a:1:{i:0;s:1:\"1\";}}s:5:\"p_384\";a:2:{s:5:\"Class\";a:6:{i:0;s:2:\"29\";i:1;s:2:\"33\";i:2;s:2:\"35\";i:3;s:2:\"36\";i:4;s:2:\"37\";i:5;s:2:\"45\";}s:7:\"Section\";a:1:{i:0;s:1:\"3\";}}}s:3:\"pdf\";a:1:{s:5:\"p_381\";a:1:{s:7:\"Section\";a:1:{i:0;s:1:\"1\";}}}s:6:\"create\";a:5:{s:5:\"p_365\";a:3:{s:5:\"Class\";a:1:{i:0;s:2:\"41\";}s:7:\"Section\";a:1:{i:0;s:1:\"1\";}s:11:\"ParentClass\";a:1:{i:0;s:2:\"40\";}}s:5:\"p_366\";a:3:{s:5:\"Class\";a:1:{i:0;s:2:\"42\";}s:7:\"Section\";a:1:{i:0;s:1:\"1\";}s:11:\"ParentClass\";a:1:{i:0;s:2:\"41\";}}s:5:\"p_367\";a:3:{s:5:\"Class\";a:1:{i:0;s:2:\"13\";}s:7:\"Section\";a:1:{i:0;s:1:\"1\";}s:11:\"ParentClass\";a:3:{i:0;s:2:\"16\";i:1;s:2:\"17\";i:2;s:2:\"20\";}}s:5:\"p_386\";a:2:{s:5:\"Class\";a:3:{i:0;s:1:\"1\";i:1;s:2:\"16\";i:2;s:2:\"38\";}s:11:\"ParentClass\";a:1:{i:0;s:1:\"1\";}}s:5:\"p_387\";a:2:{s:5:\"Class\";a:1:{i:0;s:1:\"1\";}s:11:\"ParentClass\";a:1:{i:0;s:2:\"23\";}}}s:4:\"edit\";a:2:{s:5:\"p_368\";a:4:{s:5:\"Class\";a:3:{i:0;s:2:\"13\";i:1;s:2:\"41\";i:2;s:2:\"42\";}s:7:\"Section\";a:1:{i:0;s:1:\"1\";}s:5:\"Owner\";a:1:{i:0;s:1:\"1\";}s:18:\"StateGroup_ez_lock\";a:1:{i:0;s:1:\"1\";}}s:5:\"p_388\";a:2:{s:5:\"Class\";a:7:{i:0;s:1:\"1\";i:1;s:2:\"16\";i:2;s:2:\"23\";i:3;s:2:\"33\";i:4;s:2:\"38\";i:5;s:2:\"48\";i:6;s:2:\"49\";}s:18:\"StateGroup_ez_lock\";a:1:{i:0;s:1:\"1\";}}}s:6:\"remove\";a:1:{s:5:\"p_389\";a:2:{s:5:\"Class\";a:5:{i:0;s:1:\"1\";i:1;s:2:\"16\";i:2;s:2:\"33\";i:3;s:2:\"38\";i:4;s:2:\"49\";}s:18:\"StateGroup_ez_lock\";a:1:{i:0;s:1:\"1\";}}}}s:3:\"rss\";a:1:{s:4:\"feed\";a:1:{s:1:\"*\";s:1:\"*\";}}s:4:\"user\";a:3:{s:5:\"login\";a:1:{s:5:\"p_383\";a:1:{s:10:\"SiteAccess\";a:1:{i:0;s:10:\"1512209704\";}}}s:8:\"selfedit\";a:1:{s:1:\"*\";s:1:\"*\";}s:8:\"password\";a:1:{s:1:\"*\";s:1:\"*\";}}s:8:\"ezjscore\";a:2:{s:4:\"call\";a:1:{s:1:\"*\";a:2:{i:0;s:1:\"*\";i:1;s:1:\"*\";}}s:3:\"run\";a:1:{s:1:\"*\";s:1:\"*\";}}s:12:\"notification\";a:1:{s:3:\"use\";a:1:{s:1:\"*\";s:1:\"*\";}}s:4:\"shop\";a:1:{s:3:\"buy\";a:1:{s:1:\"*\";s:1:\"*\";}}}eZUserLoggedInID|s:3:\"263\";eZUserInfoCache|a:1:{i:263;a:5:{s:16:\"contentobject_id\";s:3:\"263\";s:5:\"login\";s:4:\"enzo\";s:5:\"email\";s:13:\"enzo@enzo.com\";s:13:\"password_hash\";s:32:\"e8dc7cfa6bcd2757c4ee761d3181060f\";s:18:\"password_hash_type\";s:1:\"2\";}}eZRoleIDList|a:3:{i:0;s:1:\"1\";i:1;s:1:\"5\";i:2;s:1:\"6\";}eZRoleLimitationValueList|a:1:{i:0;s:0:\"\";}eZPreferences|a:1:{s:21:\"admin_clearcache_type\";b:0;}LastAccessesURI|s:18:\"/Eventi/Calendario\";LastAccessedModifyingURI|s:18:\"/Eventi/Calendario\";DiscardObjectID|s:2:\"65\";DiscardObjectVersion|s:1:\"5\";DiscardObjectLanguage|s:6:\"ita-IT\";DiscardConfirm|s:1:\"0\";',1271084280,'bebe4ce32df0cbcbd4a5211d6a0da29d','a2e4822a98337283e39f7b60acf85ec9',263),('eZUserInfoCache_Timestamp|i:1269595490;AccessArrayTimestamp|i:1269613276;eZGlobalSection|a:1:{s:2:\"id\";s:1:\"1\";}eZRoleIDList_Timestamp|i:1269595490;eZUserGroupsCache_Timestamp|i:1269595490;eZRoleLimitationValueList_Timestamp|i:1269595490;LastAccessedModifyingURI|s:20:\"/Equitazione/Cavalli\";AccessArray|a:35:{s:5:\"class\";a:1:{s:1:\"*\";a:1:{s:1:\"*\";s:1:\"*\";}}s:13:\"collaboration\";a:1:{s:1:\"*\";a:1:{s:1:\"*\";s:1:\"*\";}}s:7:\"content\";a:21:{s:8:\"bookmark\";a:1:{s:1:\"*\";s:1:\"*\";}s:10:\"cleantrash\";a:1:{s:1:\"*\";s:1:\"*\";}s:6:\"create\";a:1:{s:1:\"*\";s:1:\"*\";}s:4:\"diff\";a:1:{s:1:\"*\";s:1:\"*\";}s:4:\"edit\";a:1:{s:1:\"*\";a:1:{s:18:\"StateGroup_ez_lock\";a:1:{i:0;s:1:\"1\";}}}s:4:\"hide\";a:1:{s:1:\"*\";s:1:\"*\";}s:16:\"manage_locations\";a:1:{s:1:\"*\";s:1:\"*\";}s:4:\"move\";a:1:{s:1:\"*\";s:1:\"*\";}s:3:\"pdf\";a:1:{s:1:\"*\";s:1:\"*\";}s:11:\"pendinglist\";a:1:{s:1:\"*\";s:1:\"*\";}s:4:\"read\";a:1:{s:1:\"*\";s:1:\"*\";}s:6:\"remove\";a:1:{s:1:\"*\";a:1:{s:18:\"StateGroup_ez_lock\";a:1:{i:0;s:1:\"1\";}}}s:7:\"restore\";a:1:{s:1:\"*\";s:1:\"*\";}s:18:\"reverserelatedlist\";a:1:{s:1:\"*\";s:1:\"*\";}s:10:\"tipafriend\";a:1:{s:1:\"*\";s:1:\"*\";}s:9:\"translate\";a:1:{s:1:\"*\";s:1:\"*\";}s:12:\"translations\";a:1:{s:1:\"*\";s:1:\"*\";}s:13:\"urltranslator\";a:1:{s:1:\"*\";s:1:\"*\";}s:11:\"versionread\";a:1:{s:1:\"*\";s:1:\"*\";}s:13:\"versionremove\";a:1:{s:1:\"*\";s:1:\"*\";}s:10:\"view_embed\";a:1:{s:1:\"*\";s:1:\"*\";}}s:5:\"error\";a:1:{s:1:\"*\";a:1:{s:1:\"*\";s:1:\"*\";}}s:6:\"ezinfo\";a:1:{s:4:\"read\";a:1:{s:1:\"*\";s:1:\"*\";}}s:13:\"infocollector\";a:1:{s:4:\"read\";a:1:{s:1:\"*\";s:1:\"*\";}}s:6:\"layout\";a:1:{s:1:\"*\";a:1:{s:1:\"*\";s:1:\"*\";}}s:12:\"notification\";a:2:{s:12:\"administrate\";a:1:{s:1:\"*\";s:1:\"*\";}s:3:\"use\";a:1:{s:1:\"*\";s:1:\"*\";}}s:7:\"package\";a:8:{s:6:\"create\";a:1:{s:1:\"*\";s:1:\"*\";}s:4:\"edit\";a:1:{s:1:\"*\";s:1:\"*\";}s:6:\"export\";a:1:{s:1:\"*\";s:1:\"*\";}s:6:\"import\";a:1:{s:1:\"*\";s:1:\"*\";}s:7:\"install\";a:1:{s:1:\"*\";s:1:\"*\";}s:4:\"list\";a:1:{s:1:\"*\";s:1:\"*\";}s:4:\"read\";a:1:{s:1:\"*\";s:1:\"*\";}s:6:\"remove\";a:1:{s:1:\"*\";s:1:\"*\";}}s:3:\"pdf\";a:2:{s:6:\"create\";a:1:{s:1:\"*\";s:1:\"*\";}s:4:\"edit\";a:1:{s:1:\"*\";s:1:\"*\";}}s:4:\"role\";a:1:{s:1:\"*\";a:1:{s:1:\"*\";s:1:\"*\";}}s:3:\"rss\";a:2:{s:4:\"edit\";a:1:{s:1:\"*\";s:1:\"*\";}s:4:\"feed\";a:1:{s:1:\"*\";s:1:\"*\";}}s:6:\"search\";a:1:{s:1:\"*\";a:1:{s:1:\"*\";s:1:\"*\";}}s:7:\"section\";a:3:{s:6:\"assign\";a:1:{s:1:\"*\";s:1:\"*\";}s:4:\"edit\";a:1:{s:1:\"*\";s:1:\"*\";}s:4:\"view\";a:1:{s:1:\"*\";s:1:\"*\";}}s:8:\"settings\";a:1:{s:1:\"*\";a:1:{s:1:\"*\";s:1:\"*\";}}s:5:\"setup\";a:5:{s:12:\"administrate\";a:1:{s:1:\"*\";s:1:\"*\";}s:7:\"install\";a:1:{s:1:\"*\";s:1:\"*\";}s:11:\"managecache\";a:1:{s:1:\"*\";s:1:\"*\";}s:5:\"setup\";a:1:{s:1:\"*\";s:1:\"*\";}s:11:\"system_info\";a:1:{s:1:\"*\";s:1:\"*\";}}s:4:\"shop\";a:5:{s:12:\"administrate\";a:1:{s:1:\"*\";s:1:\"*\";}s:3:\"buy\";a:1:{s:1:\"*\";s:1:\"*\";}s:11:\"edit_status\";a:1:{s:1:\"*\";s:1:\"*\";}s:9:\"setstatus\";a:1:{s:1:\"*\";s:1:\"*\";}s:5:\"setup\";a:1:{s:1:\"*\";s:1:\"*\";}}s:5:\"state\";a:2:{s:12:\"administrate\";a:1:{s:1:\"*\";s:1:\"*\";}s:6:\"assign\";a:1:{s:1:\"*\";s:1:\"*\";}}s:7:\"trigger\";a:1:{s:1:\"*\";a:1:{s:1:\"*\";s:1:\"*\";}}s:3:\"url\";a:1:{s:1:\"*\";a:1:{s:1:\"*\";s:1:\"*\";}}s:4:\"user\";a:5:{s:5:\"login\";a:1:{s:1:\"*\";s:1:\"*\";}s:8:\"password\";a:1:{s:1:\"*\";s:1:\"*\";}s:11:\"preferences\";a:1:{s:1:\"*\";s:1:\"*\";}s:8:\"register\";a:1:{s:1:\"*\";s:1:\"*\";}s:8:\"selfedit\";a:1:{s:1:\"*\";s:1:\"*\";}}s:6:\"visual\";a:1:{s:1:\"*\";a:1:{s:1:\"*\";s:1:\"*\";}}s:8:\"workflow\";a:1:{s:1:\"*\";a:1:{s:1:\"*\";s:1:\"*\";}}s:14:\"switchlanguage\";a:1:{s:1:\"*\";a:1:{s:1:\"*\";s:1:\"*\";}}s:5:\"ezodf\";a:2:{s:6:\"export\";a:1:{s:1:\"*\";s:1:\"*\";}s:6:\"import\";a:1:{s:1:\"*\";s:1:\"*\";}}s:4:\"ezoe\";a:4:{s:6:\"browse\";a:1:{s:1:\"*\";s:1:\"*\";}s:6:\"editor\";a:1:{s:1:\"*\";s:1:\"*\";}s:9:\"relations\";a:1:{s:1:\"*\";s:1:\"*\";}s:6:\"search\";a:1:{s:1:\"*\";s:1:\"*\";}}s:14:\"websitetoolbar\";a:1:{s:3:\"use\";a:1:{s:1:\"*\";s:1:\"*\";}}s:13:\"ezmultiupload\";a:1:{s:1:\"*\";a:1:{s:1:\"*\";s:1:\"*\";}}s:6:\"ezflow\";a:4:{s:4:\"call\";a:1:{s:1:\"*\";s:1:\"*\";}s:12:\"changelayout\";a:1:{s:1:\"*\";s:1:\"*\";}s:4:\"edit\";a:1:{s:1:\"*\";s:1:\"*\";}s:8:\"timeline\";a:1:{s:1:\"*\";s:1:\"*\";}}s:5:\"flash\";a:1:{s:1:\"*\";a:1:{s:1:\"*\";s:1:\"*\";}}s:6:\"survey\";a:2:{s:14:\"administration\";a:1:{s:1:\"*\";s:1:\"*\";}s:7:\"filling\";a:1:{s:1:\"*\";s:1:\"*\";}}s:20:\"objectrelationbrowse\";a:1:{s:1:\"*\";a:1:{s:1:\"*\";s:1:\"*\";}}s:8:\"ezjscore\";a:2:{s:4:\"call\";a:1:{s:1:\"*\";s:1:\"*\";}s:3:\"run\";a:1:{s:1:\"*\";s:1:\"*\";}}s:8:\"calendar\";a:1:{s:1:\"*\";a:1:{s:1:\"*\";s:1:\"*\";}}s:12:\"ticketsystem\";a:1:{s:1:\"*\";a:1:{s:1:\"*\";s:1:\"*\";}}}eZUserLoggedInID|s:2:\"14\";eZUserInfoCache|a:1:{i:14;a:5:{s:16:\"contentobject_id\";s:2:\"14\";s:5:\"login\";s:5:\"admin\";s:5:\"email\";s:16:\"mosarg@gmail.com\";s:13:\"password_hash\";s:32:\"601ff46e32cfc28211388850e15fc138\";s:18:\"password_hash_type\";s:1:\"2\";}}eZUserGroupsCache|a:2:{i:0;s:2:\"12\";i:1;s:1:\"4\";}eZRoleIDList|a:1:{i:0;s:1:\"2\";}eZRoleLimitationValueList|a:1:{i:0;s:0:\"\";}eZPreferences|a:1:{s:21:\"admin_clearcache_type\";b:0;}LastAccessesURI|s:20:\"/Equitazione/Cavalli\";',1269875122,'bef60ba6b8c2b1ebe38f8e756f865c2a','a2e4822a98337283e39f7b60acf85ec9',14),('eZUserLoggedInID|i:10;eZUserInfoCache_Timestamp|i:1263421445;eZUserInfoCache|a:1:{i:10;a:5:{s:16:\"contentobject_id\";s:2:\"10\";s:5:\"login\";s:9:\"anonymous\";s:5:\"email\";s:12:\"nospam@ez.no\";s:13:\"password_hash\";s:32:\"4e6f6184135228ccd45f8233d72a0363\";s:18:\"password_hash_type\";s:1:\"2\";}}AccessArray|a:3:{s:7:\"content\";a:2:{s:4:\"read\";a:2:{s:5:\"p_374\";a:1:{s:7:\"Section\";a:1:{i:0;s:1:\"1\";}}s:5:\"p_379\";a:2:{s:5:\"Class\";a:6:{i:0;s:2:\"29\";i:1;s:2:\"33\";i:2;s:2:\"35\";i:3;s:2:\"36\";i:4;s:2:\"37\";i:5;s:2:\"45\";}s:7:\"Section\";a:1:{i:0;s:1:\"3\";}}}s:3:\"pdf\";a:1:{s:5:\"p_375\";a:1:{s:7:\"Section\";a:1:{i:0;s:1:\"1\";}}}}s:3:\"rss\";a:1:{s:4:\"feed\";a:1:{s:1:\"*\";s:1:\"*\";}}s:4:\"user\";a:1:{s:5:\"login\";a:1:{s:5:\"p_377\";a:1:{s:10:\"SiteAccess\";a:1:{i:0;s:10:\"1512209704\";}}}}}AccessArrayTimestamp|i:1263421445;eZGlobalSection|a:1:{s:2:\"id\";s:1:\"1\";}eZRoleIDList_Timestamp|i:1263421445;eZUserGroupsCache_Timestamp|i:1263421445;eZUserGroupsCache|a:2:{i:0;s:2:\"42\";i:1;s:1:\"4\";}eZRoleIDList|a:1:{i:0;s:1:\"1\";}eZRoleLimitationValueList_Timestamp|i:1263421445;eZRoleLimitationValueList|a:1:{i:0;s:0:\"\";}',1263680708,'bf2fa9957c8ce714cf4af825152c7c9f','a2e4822a98337283e39f7b60acf85ec9',10),('eZUserLoggedInID|i:10;eZUserInfoCache_Timestamp|i:1270064862;eZUserInfoCache|a:1:{i:10;a:5:{s:16:\"contentobject_id\";s:2:\"10\";s:5:\"login\";s:9:\"anonymous\";s:5:\"email\";s:12:\"nospam@ez.no\";s:13:\"password_hash\";s:32:\"4e6f6184135228ccd45f8233d72a0363\";s:18:\"password_hash_type\";s:1:\"2\";}}AccessArray|a:3:{s:7:\"content\";a:2:{s:4:\"read\";a:2:{s:5:\"p_374\";a:1:{s:7:\"Section\";a:1:{i:0;s:1:\"1\";}}s:5:\"p_379\";a:2:{s:5:\"Class\";a:6:{i:0;s:2:\"29\";i:1;s:2:\"33\";i:2;s:2:\"35\";i:3;s:2:\"36\";i:4;s:2:\"37\";i:5;s:2:\"45\";}s:7:\"Section\";a:1:{i:0;s:1:\"3\";}}}s:3:\"pdf\";a:1:{s:5:\"p_375\";a:1:{s:7:\"Section\";a:1:{i:0;s:1:\"1\";}}}}s:3:\"rss\";a:1:{s:4:\"feed\";a:1:{s:1:\"*\";s:1:\"*\";}}s:4:\"user\";a:1:{s:5:\"login\";a:1:{s:5:\"p_377\";a:1:{s:10:\"SiteAccess\";a:1:{i:0;s:10:\"1512209704\";}}}}}AccessArrayTimestamp|i:1270064862;',1270324062,'bf352d57e7ba75e82a97ddfc5d53c198','a2e4822a98337283e39f7b60acf85ec9',10),('eZUserInfoCache_Timestamp|i:1270910435;eZUserGroupsCache_Timestamp|i:1270910372;eZRoleIDList_Timestamp|i:1270910373;eZRoleLimitationValueList_Timestamp|i:1270910373;AccessArray|a:36:{s:5:\"class\";a:1:{s:1:\"*\";a:1:{s:1:\"*\";s:1:\"*\";}}s:13:\"collaboration\";a:1:{s:1:\"*\";a:1:{s:1:\"*\";s:1:\"*\";}}s:7:\"content\";a:21:{s:8:\"bookmark\";a:1:{s:1:\"*\";s:1:\"*\";}s:10:\"cleantrash\";a:1:{s:1:\"*\";s:1:\"*\";}s:6:\"create\";a:1:{s:1:\"*\";s:1:\"*\";}s:4:\"diff\";a:1:{s:1:\"*\";s:1:\"*\";}s:4:\"edit\";a:1:{s:1:\"*\";a:1:{s:18:\"StateGroup_ez_lock\";a:1:{i:0;s:1:\"1\";}}}s:4:\"hide\";a:1:{s:1:\"*\";s:1:\"*\";}s:16:\"manage_locations\";a:1:{s:1:\"*\";s:1:\"*\";}s:4:\"move\";a:1:{s:1:\"*\";s:1:\"*\";}s:3:\"pdf\";a:1:{s:1:\"*\";s:1:\"*\";}s:11:\"pendinglist\";a:1:{s:1:\"*\";s:1:\"*\";}s:4:\"read\";a:1:{s:1:\"*\";s:1:\"*\";}s:6:\"remove\";a:1:{s:1:\"*\";a:1:{s:18:\"StateGroup_ez_lock\";a:1:{i:0;s:1:\"1\";}}}s:7:\"restore\";a:1:{s:1:\"*\";s:1:\"*\";}s:18:\"reverserelatedlist\";a:1:{s:1:\"*\";s:1:\"*\";}s:10:\"tipafriend\";a:1:{s:1:\"*\";s:1:\"*\";}s:9:\"translate\";a:1:{s:1:\"*\";s:1:\"*\";}s:12:\"translations\";a:1:{s:1:\"*\";s:1:\"*\";}s:13:\"urltranslator\";a:1:{s:1:\"*\";s:1:\"*\";}s:11:\"versionread\";a:1:{s:1:\"*\";s:1:\"*\";}s:13:\"versionremove\";a:1:{s:1:\"*\";s:1:\"*\";}s:10:\"view_embed\";a:1:{s:1:\"*\";s:1:\"*\";}}s:5:\"error\";a:1:{s:1:\"*\";a:1:{s:1:\"*\";s:1:\"*\";}}s:6:\"ezinfo\";a:1:{s:4:\"read\";a:1:{s:1:\"*\";s:1:\"*\";}}s:13:\"infocollector\";a:1:{s:4:\"read\";a:1:{s:1:\"*\";s:1:\"*\";}}s:6:\"layout\";a:1:{s:1:\"*\";a:1:{s:1:\"*\";s:1:\"*\";}}s:12:\"notification\";a:2:{s:12:\"administrate\";a:1:{s:1:\"*\";s:1:\"*\";}s:3:\"use\";a:1:{s:1:\"*\";s:1:\"*\";}}s:7:\"package\";a:8:{s:6:\"create\";a:1:{s:1:\"*\";s:1:\"*\";}s:4:\"edit\";a:1:{s:1:\"*\";s:1:\"*\";}s:6:\"export\";a:1:{s:1:\"*\";s:1:\"*\";}s:6:\"import\";a:1:{s:1:\"*\";s:1:\"*\";}s:7:\"install\";a:1:{s:1:\"*\";s:1:\"*\";}s:4:\"list\";a:1:{s:1:\"*\";s:1:\"*\";}s:4:\"read\";a:1:{s:1:\"*\";s:1:\"*\";}s:6:\"remove\";a:1:{s:1:\"*\";s:1:\"*\";}}s:3:\"pdf\";a:2:{s:6:\"create\";a:1:{s:1:\"*\";s:1:\"*\";}s:4:\"edit\";a:1:{s:1:\"*\";s:1:\"*\";}}s:4:\"role\";a:1:{s:1:\"*\";a:1:{s:1:\"*\";s:1:\"*\";}}s:3:\"rss\";a:2:{s:4:\"edit\";a:1:{s:1:\"*\";s:1:\"*\";}s:4:\"feed\";a:1:{s:1:\"*\";s:1:\"*\";}}s:6:\"search\";a:1:{s:1:\"*\";a:1:{s:1:\"*\";s:1:\"*\";}}s:7:\"section\";a:3:{s:6:\"assign\";a:1:{s:1:\"*\";s:1:\"*\";}s:4:\"edit\";a:1:{s:1:\"*\";s:1:\"*\";}s:4:\"view\";a:1:{s:1:\"*\";s:1:\"*\";}}s:8:\"settings\";a:1:{s:1:\"*\";a:1:{s:1:\"*\";s:1:\"*\";}}s:5:\"setup\";a:5:{s:12:\"administrate\";a:1:{s:1:\"*\";s:1:\"*\";}s:7:\"install\";a:1:{s:1:\"*\";s:1:\"*\";}s:11:\"managecache\";a:1:{s:1:\"*\";s:1:\"*\";}s:5:\"setup\";a:1:{s:1:\"*\";s:1:\"*\";}s:11:\"system_info\";a:1:{s:1:\"*\";s:1:\"*\";}}s:4:\"shop\";a:5:{s:12:\"administrate\";a:1:{s:1:\"*\";s:1:\"*\";}s:3:\"buy\";a:1:{s:1:\"*\";s:1:\"*\";}s:11:\"edit_status\";a:1:{s:1:\"*\";s:1:\"*\";}s:9:\"setstatus\";a:1:{s:1:\"*\";s:1:\"*\";}s:5:\"setup\";a:1:{s:1:\"*\";s:1:\"*\";}}s:5:\"state\";a:2:{s:12:\"administrate\";a:1:{s:1:\"*\";s:1:\"*\";}s:6:\"assign\";a:1:{s:1:\"*\";s:1:\"*\";}}s:7:\"trigger\";a:1:{s:1:\"*\";a:1:{s:1:\"*\";s:1:\"*\";}}s:3:\"url\";a:1:{s:1:\"*\";a:1:{s:1:\"*\";s:1:\"*\";}}s:4:\"user\";a:5:{s:5:\"login\";a:1:{s:1:\"*\";s:1:\"*\";}s:8:\"password\";a:1:{s:1:\"*\";s:1:\"*\";}s:11:\"preferences\";a:1:{s:1:\"*\";s:1:\"*\";}s:8:\"register\";a:1:{s:1:\"*\";s:1:\"*\";}s:8:\"selfedit\";a:1:{s:1:\"*\";s:1:\"*\";}}s:6:\"visual\";a:1:{s:1:\"*\";a:1:{s:1:\"*\";s:1:\"*\";}}s:8:\"workflow\";a:1:{s:1:\"*\";a:1:{s:1:\"*\";s:1:\"*\";}}s:14:\"switchlanguage\";a:1:{s:1:\"*\";a:1:{s:1:\"*\";s:1:\"*\";}}s:5:\"ezodf\";a:2:{s:6:\"export\";a:1:{s:1:\"*\";s:1:\"*\";}s:6:\"import\";a:1:{s:1:\"*\";s:1:\"*\";}}s:4:\"ezoe\";a:4:{s:6:\"browse\";a:1:{s:1:\"*\";s:1:\"*\";}s:6:\"editor\";a:1:{s:1:\"*\";s:1:\"*\";}s:9:\"relations\";a:1:{s:1:\"*\";s:1:\"*\";}s:6:\"search\";a:1:{s:1:\"*\";s:1:\"*\";}}s:14:\"websitetoolbar\";a:1:{s:3:\"use\";a:1:{s:1:\"*\";s:1:\"*\";}}s:13:\"ezmultiupload\";a:1:{s:1:\"*\";a:1:{s:1:\"*\";s:1:\"*\";}}s:6:\"ezflow\";a:4:{s:4:\"call\";a:1:{s:1:\"*\";s:1:\"*\";}s:12:\"changelayout\";a:1:{s:1:\"*\";s:1:\"*\";}s:4:\"edit\";a:1:{s:1:\"*\";s:1:\"*\";}s:8:\"timeline\";a:1:{s:1:\"*\";s:1:\"*\";}}s:5:\"flash\";a:1:{s:1:\"*\";a:1:{s:1:\"*\";s:1:\"*\";}}s:6:\"survey\";a:2:{s:14:\"administration\";a:1:{s:1:\"*\";s:1:\"*\";}s:7:\"filling\";a:1:{s:1:\"*\";s:1:\"*\";}}s:20:\"objectrelationbrowse\";a:1:{s:1:\"*\";a:1:{s:1:\"*\";s:1:\"*\";}}s:8:\"ezjscore\";a:2:{s:4:\"call\";a:1:{s:1:\"*\";s:1:\"*\";}s:3:\"run\";a:1:{s:1:\"*\";s:1:\"*\";}}s:8:\"calendar\";a:1:{s:1:\"*\";a:1:{s:1:\"*\";s:1:\"*\";}}s:12:\"ticketsystem\";a:1:{s:1:\"*\";a:1:{s:1:\"*\";s:1:\"*\";}}s:7:\"comment\";a:6:{s:8:\"activate\";a:1:{s:1:\"*\";s:1:\"*\";}s:3:\"add\";a:1:{s:1:\"*\";s:1:\"*\";}s:6:\"delete\";a:1:{s:1:\"*\";s:1:\"*\";}s:4:\"edit\";a:1:{s:1:\"*\";s:1:\"*\";}s:4:\"read\";a:1:{s:1:\"*\";s:1:\"*\";}s:7:\"setting\";a:1:{s:1:\"*\";s:1:\"*\";}}}AccessArrayTimestamp|i:1270910435;eZUserLoggedInID|s:2:\"14\";eZUserInfoCache|a:1:{i:14;a:5:{s:16:\"contentobject_id\";s:2:\"14\";s:5:\"login\";s:5:\"admin\";s:5:\"email\";s:16:\"mosarg@gmail.com\";s:13:\"password_hash\";s:32:\"601ff46e32cfc28211388850e15fc138\";s:18:\"password_hash_type\";s:1:\"2\";}}eZGlobalSection|a:1:{s:2:\"id\";s:1:\"2\";}eZPreferences|a:20:{s:24:\"admin_navigation_content\";s:1:\"1\";s:24:\"admin_navigation_details\";b:0;s:29:\"admin_navigation_translations\";b:0;s:26:\"admin_navigation_locations\";b:0;s:26:\"admin_navigation_relations\";b:0;s:23:\"admin_navigation_states\";b:0;s:16:\"admin_list_limit\";s:1:\"2\";s:23:\"admin_children_viewmode\";b:0;s:19:\"admin_bookmark_menu\";s:1:\"1\";s:21:\"admin_clearcache_menu\";b:0;s:24:\"admin_quicksettings_menu\";s:1:\"1\";s:30:\"admin_quicksettings_siteaccess\";s:12:\"mondelli_ita\";s:21:\"admin_left_menu_width\";b:0;s:14:\"admin_treemenu\";s:1:\"1\";s:21:\"admin_role_list_limit\";b:0;s:29:\"admin_navigation_class_groups\";b:0;s:31:\"admin_navigation_class_temlates\";b:0;s:35:\"admin_navigation_class_translations\";b:0;s:22:\"admin_navigation_roles\";s:1:\"1\";s:25:\"admin_navigation_policies\";s:1:\"1\";}eZUserGroupsCache|a:2:{i:0;s:2:\"12\";i:1;s:1:\"4\";}eZRoleIDList|a:1:{i:0;s:1:\"2\";}eZRoleLimitationValueList|a:1:{i:0;s:0:\"\";}LastAccessedModifyingURI|s:30:\"/class/view/16/language/ita-IT\";LastAccessesURI|s:30:\"/class/view/16/language/ita-IT\";FromGroupID|s:1:\"1\";DisableRoleCache|i:1;',1271169975,'c143583c91373f2b788eca2c9eb766cf','a2e4822a98337283e39f7b60acf85ec9',14),('eZUserLoggedInID|i:10;eZUserInfoCache_Timestamp|i:1263421835;eZUserInfoCache|a:1:{i:10;a:5:{s:16:\"contentobject_id\";s:2:\"10\";s:5:\"login\";s:9:\"anonymous\";s:5:\"email\";s:12:\"nospam@ez.no\";s:13:\"password_hash\";s:32:\"4e6f6184135228ccd45f8233d72a0363\";s:18:\"password_hash_type\";s:1:\"2\";}}AccessArray|a:3:{s:7:\"content\";a:2:{s:4:\"read\";a:2:{s:5:\"p_374\";a:1:{s:7:\"Section\";a:1:{i:0;s:1:\"1\";}}s:5:\"p_379\";a:2:{s:5:\"Class\";a:6:{i:0;s:2:\"29\";i:1;s:2:\"33\";i:2;s:2:\"35\";i:3;s:2:\"36\";i:4;s:2:\"37\";i:5;s:2:\"45\";}s:7:\"Section\";a:1:{i:0;s:1:\"3\";}}}s:3:\"pdf\";a:1:{s:5:\"p_375\";a:1:{s:7:\"Section\";a:1:{i:0;s:1:\"1\";}}}}s:3:\"rss\";a:1:{s:4:\"feed\";a:1:{s:1:\"*\";s:1:\"*\";}}s:4:\"user\";a:1:{s:5:\"login\";a:1:{s:5:\"p_377\";a:1:{s:10:\"SiteAccess\";a:1:{i:0;s:10:\"1512209704\";}}}}}AccessArrayTimestamp|i:1263421835;eZGlobalSection|a:1:{s:2:\"id\";s:1:\"1\";}eZRoleIDList_Timestamp|i:1263421835;eZUserGroupsCache_Timestamp|i:1263421835;eZUserGroupsCache|a:2:{i:0;s:2:\"42\";i:1;s:1:\"4\";}eZRoleIDList|a:1:{i:0;s:1:\"1\";}eZRoleLimitationValueList_Timestamp|i:1263421835;eZRoleLimitationValueList|a:1:{i:0;s:0:\"\";}LastAccessesURI|s:5:\"/Foto\";LastAccessedModifyingURI|s:5:\"/Foto\";',1263681517,'c1c205986a125a627a8a7e539d3b5122','a2e4822a98337283e39f7b60acf85ec9',10),('eZUserLoggedInID|i:10;eZUserInfoCache_Timestamp|i:1270163066;eZUserInfoCache|a:1:{i:10;a:5:{s:16:\"contentobject_id\";s:2:\"10\";s:5:\"login\";s:9:\"anonymous\";s:5:\"email\";s:12:\"nospam@ez.no\";s:13:\"password_hash\";s:32:\"4e6f6184135228ccd45f8233d72a0363\";s:18:\"password_hash_type\";s:1:\"2\";}}AccessArray|a:4:{s:7:\"content\";a:2:{s:4:\"read\";a:2:{s:5:\"p_380\";a:1:{s:7:\"Section\";a:1:{i:0;s:1:\"1\";}}s:5:\"p_384\";a:2:{s:5:\"Class\";a:6:{i:0;s:2:\"29\";i:1;s:2:\"33\";i:2;s:2:\"35\";i:3;s:2:\"36\";i:4;s:2:\"37\";i:5;s:2:\"45\";}s:7:\"Section\";a:1:{i:0;s:1:\"3\";}}}s:3:\"pdf\";a:1:{s:5:\"p_381\";a:1:{s:7:\"Section\";a:1:{i:0;s:1:\"1\";}}}}s:3:\"rss\";a:1:{s:4:\"feed\";a:1:{s:1:\"*\";s:1:\"*\";}}s:4:\"user\";a:1:{s:5:\"login\";a:1:{s:5:\"p_383\";a:1:{s:10:\"SiteAccess\";a:1:{i:0;s:10:\"1512209704\";}}}}s:8:\"ezjscore\";a:2:{s:4:\"call\";a:1:{s:1:\"*\";s:1:\"*\";}s:3:\"run\";a:1:{s:1:\"*\";s:1:\"*\";}}}AccessArrayTimestamp|i:1270163066;',1270422266,'c42e19a3ebb51e5038d775472cc6b053','a2e4822a98337283e39f7b60acf85ec9',10),('eZUserLoggedInID|i:10;eZUserInfoCache_Timestamp|i:1270575271;eZUserInfoCache|a:1:{i:10;a:5:{s:16:\"contentobject_id\";s:2:\"10\";s:5:\"login\";s:9:\"anonymous\";s:5:\"email\";s:12:\"nospam@ez.no\";s:13:\"password_hash\";s:32:\"4e6f6184135228ccd45f8233d72a0363\";s:18:\"password_hash_type\";s:1:\"2\";}}AccessArray|a:4:{s:7:\"content\";a:2:{s:4:\"read\";a:2:{s:5:\"p_380\";a:1:{s:7:\"Section\";a:1:{i:0;s:1:\"1\";}}s:5:\"p_384\";a:2:{s:5:\"Class\";a:6:{i:0;s:2:\"29\";i:1;s:2:\"33\";i:2;s:2:\"35\";i:3;s:2:\"36\";i:4;s:2:\"37\";i:5;s:2:\"45\";}s:7:\"Section\";a:1:{i:0;s:1:\"3\";}}}s:3:\"pdf\";a:1:{s:5:\"p_381\";a:1:{s:7:\"Section\";a:1:{i:0;s:1:\"1\";}}}}s:3:\"rss\";a:1:{s:4:\"feed\";a:1:{s:1:\"*\";s:1:\"*\";}}s:4:\"user\";a:1:{s:5:\"login\";a:1:{s:5:\"p_383\";a:1:{s:10:\"SiteAccess\";a:1:{i:0;s:10:\"1512209704\";}}}}s:8:\"ezjscore\";a:2:{s:4:\"call\";a:1:{s:1:\"*\";s:1:\"*\";}s:3:\"run\";a:1:{s:1:\"*\";s:1:\"*\";}}}AccessArrayTimestamp|i:1270588815;eZGlobalSection|a:1:{s:2:\"id\";s:1:\"1\";}eZRoleIDList_Timestamp|i:1270575271;eZUserGroupsCache_Timestamp|i:1270575271;eZUserGroupsCache|a:2:{i:0;s:2:\"42\";i:1;s:1:\"4\";}eZRoleIDList|a:1:{i:0;s:1:\"1\";}eZRoleLimitationValueList_Timestamp|i:1270575271;eZRoleLimitationValueList|a:1:{i:0;s:0:\"\";}LastAccessesURI|s:18:\"/Eventi/Calendario\";LastAccessedModifyingURI|s:18:\"/Eventi/Calendario\";',1270849042,'c528cc8ca2fb7191795af688a197ee7b','a2e4822a98337283e39f7b60acf85ec9',10),('eZUserLoggedInID|i:10;eZUserInfoCache_Timestamp|i:1270074760;eZUserInfoCache|a:1:{i:10;a:5:{s:16:\"contentobject_id\";s:2:\"10\";s:5:\"login\";s:9:\"anonymous\";s:5:\"email\";s:12:\"nospam@ez.no\";s:13:\"password_hash\";s:32:\"4e6f6184135228ccd45f8233d72a0363\";s:18:\"password_hash_type\";s:1:\"2\";}}AccessArray|a:3:{s:7:\"content\";a:2:{s:4:\"read\";a:2:{s:5:\"p_374\";a:1:{s:7:\"Section\";a:1:{i:0;s:1:\"1\";}}s:5:\"p_379\";a:2:{s:5:\"Class\";a:6:{i:0;s:2:\"29\";i:1;s:2:\"33\";i:2;s:2:\"35\";i:3;s:2:\"36\";i:4;s:2:\"37\";i:5;s:2:\"45\";}s:7:\"Section\";a:1:{i:0;s:1:\"3\";}}}s:3:\"pdf\";a:1:{s:5:\"p_375\";a:1:{s:7:\"Section\";a:1:{i:0;s:1:\"1\";}}}}s:3:\"rss\";a:1:{s:4:\"feed\";a:1:{s:1:\"*\";s:1:\"*\";}}s:4:\"user\";a:1:{s:5:\"login\";a:1:{s:5:\"p_377\";a:1:{s:10:\"SiteAccess\";a:1:{i:0;s:10:\"1512209704\";}}}}}AccessArrayTimestamp|i:1270074760;',1270333960,'c8169c7b374f13ae13acfec075a5ecfe','a2e4822a98337283e39f7b60acf85ec9',10),('eZUserLoggedInID|i:10;eZUserInfoCache_Timestamp|i:1269503943;eZUserInfoCache|a:1:{i:10;a:5:{s:16:\"contentobject_id\";s:2:\"10\";s:5:\"login\";s:9:\"anonymous\";s:5:\"email\";s:12:\"nospam@ez.no\";s:13:\"password_hash\";s:32:\"4e6f6184135228ccd45f8233d72a0363\";s:18:\"password_hash_type\";s:1:\"2\";}}AccessArray|a:3:{s:7:\"content\";a:2:{s:4:\"read\";a:2:{s:5:\"p_374\";a:1:{s:7:\"Section\";a:1:{i:0;s:1:\"1\";}}s:5:\"p_379\";a:2:{s:5:\"Class\";a:6:{i:0;s:2:\"29\";i:1;s:2:\"33\";i:2;s:2:\"35\";i:3;s:2:\"36\";i:4;s:2:\"37\";i:5;s:2:\"45\";}s:7:\"Section\";a:1:{i:0;s:1:\"3\";}}}s:3:\"pdf\";a:1:{s:5:\"p_375\";a:1:{s:7:\"Section\";a:1:{i:0;s:1:\"1\";}}}}s:3:\"rss\";a:1:{s:4:\"feed\";a:1:{s:1:\"*\";s:1:\"*\";}}s:4:\"user\";a:1:{s:5:\"login\";a:1:{s:5:\"p_377\";a:1:{s:10:\"SiteAccess\";a:1:{i:0;s:10:\"1512209704\";}}}}}AccessArrayTimestamp|i:1269511241;eZGlobalSection|a:1:{s:2:\"id\";s:1:\"1\";}eZRoleIDList_Timestamp|i:1269503944;eZUserGroupsCache_Timestamp|i:1269503943;eZUserGroupsCache|a:2:{i:0;s:2:\"42\";i:1;s:1:\"4\";}eZRoleIDList|a:1:{i:0;s:1:\"1\";}eZRoleLimitationValueList_Timestamp|i:1269503944;eZRoleLimitationValueList|a:1:{i:0;s:0:\"\";}LastAccessesURI|s:12:\"/Foto/Panini\";LastAccessedModifyingURI|s:12:\"/Foto/Panini\";',1269777773,'c8990a12eea4ba90a0e2d1c7bcc5d45d','a2e4822a98337283e39f7b60acf85ec9',10),('eZUserLoggedInID|i:10;eZUserInfoCache_Timestamp|i:1270678396;eZUserInfoCache|a:1:{i:10;a:5:{s:16:\"contentobject_id\";s:2:\"10\";s:5:\"login\";s:9:\"anonymous\";s:5:\"email\";s:12:\"nospam@ez.no\";s:13:\"password_hash\";s:32:\"4e6f6184135228ccd45f8233d72a0363\";s:18:\"password_hash_type\";s:1:\"2\";}}AccessArray|a:4:{s:7:\"content\";a:2:{s:4:\"read\";a:2:{s:5:\"p_380\";a:1:{s:7:\"Section\";a:1:{i:0;s:1:\"1\";}}s:5:\"p_384\";a:2:{s:5:\"Class\";a:6:{i:0;s:2:\"29\";i:1;s:2:\"33\";i:2;s:2:\"35\";i:3;s:2:\"36\";i:4;s:2:\"37\";i:5;s:2:\"45\";}s:7:\"Section\";a:1:{i:0;s:1:\"3\";}}}s:3:\"pdf\";a:1:{s:5:\"p_381\";a:1:{s:7:\"Section\";a:1:{i:0;s:1:\"1\";}}}}s:3:\"rss\";a:1:{s:4:\"feed\";a:1:{s:1:\"*\";s:1:\"*\";}}s:4:\"user\";a:1:{s:5:\"login\";a:1:{s:5:\"p_383\";a:1:{s:10:\"SiteAccess\";a:1:{i:0;s:10:\"1512209704\";}}}}s:8:\"ezjscore\";a:2:{s:4:\"call\";a:1:{s:1:\"*\";s:1:\"*\";}s:3:\"run\";a:1:{s:1:\"*\";s:1:\"*\";}}}AccessArrayTimestamp|i:1270678396;',1270937596,'c9332465ea7c8a7ca0755a9228c11466','a2e4822a98337283e39f7b60acf85ec9',10),('eZUserLoggedInID|i:10;eZUserInfoCache_Timestamp|i:1269616659;eZUserInfoCache|a:1:{i:10;a:5:{s:16:\"contentobject_id\";s:2:\"10\";s:5:\"login\";s:9:\"anonymous\";s:5:\"email\";s:12:\"nospam@ez.no\";s:13:\"password_hash\";s:32:\"4e6f6184135228ccd45f8233d72a0363\";s:18:\"password_hash_type\";s:1:\"2\";}}eZUserGroupsCache_Timestamp|i:1269616659;eZUserGroupsCache|a:2:{i:0;s:2:\"42\";i:1;s:1:\"4\";}AccessArray|a:3:{s:7:\"content\";a:2:{s:4:\"read\";a:2:{s:5:\"p_374\";a:1:{s:7:\"Section\";a:1:{i:0;s:1:\"1\";}}s:5:\"p_379\";a:2:{s:5:\"Class\";a:6:{i:0;s:2:\"29\";i:1;s:2:\"33\";i:2;s:2:\"35\";i:3;s:2:\"36\";i:4;s:2:\"37\";i:5;s:2:\"45\";}s:7:\"Section\";a:1:{i:0;s:1:\"3\";}}}s:3:\"pdf\";a:1:{s:5:\"p_375\";a:1:{s:7:\"Section\";a:1:{i:0;s:1:\"1\";}}}}s:3:\"rss\";a:1:{s:4:\"feed\";a:1:{s:1:\"*\";s:1:\"*\";}}s:4:\"user\";a:1:{s:5:\"login\";a:1:{s:5:\"p_377\";a:1:{s:10:\"SiteAccess\";a:1:{i:0;s:10:\"1512209704\";}}}}}AccessArrayTimestamp|i:1269616659;eZGlobalSection|a:1:{s:2:\"id\";s:1:\"1\";}eZRoleIDList_Timestamp|i:1269616659;eZRoleIDList|a:1:{i:0;s:1:\"1\";}eZRoleLimitationValueList_Timestamp|i:1269616659;eZRoleLimitationValueList|a:1:{i:0;s:0:\"\";}LastAccessesURI|s:0:\"\";LastAccessedModifyingURI|s:0:\"\";',1269885664,'d274e2a0ca142118e7da663e98cac15e','a2e4822a98337283e39f7b60acf85ec9',10),('eZUserInfoCache_Timestamp|i:1270937231;AccessArrayTimestamp|i:1270937231;eZGlobalSection|a:1:{s:2:\"id\";s:1:\"1\";}eZRoleIDList_Timestamp|i:1270937231;eZUserGroupsCache_Timestamp|i:1270937231;eZRoleLimitationValueList_Timestamp|i:1270937231;LastAccessesURI|s:0:\"\";LastAccessedModifyingURI|s:0:\"\";eZUserLoggedInID|i:10;DiscardObjectID|s:3:\"157\";DiscardObjectVersion|s:1:\"4\";DiscardObjectLanguage|s:6:\"ita-IT\";DiscardConfirm|s:1:\"0\";force_logout|i:1;eZUserInfoCache|a:1:{i:10;a:5:{s:16:\"contentobject_id\";s:2:\"10\";s:5:\"login\";s:9:\"anonymous\";s:5:\"email\";s:12:\"nospam@ez.no\";s:13:\"password_hash\";s:32:\"4e6f6184135228ccd45f8233d72a0363\";s:18:\"password_hash_type\";s:1:\"2\";}}AccessArray|a:5:{s:7:\"content\";a:2:{s:4:\"read\";a:2:{s:5:\"p_445\";a:1:{s:7:\"Section\";a:1:{i:0;s:1:\"1\";}}s:5:\"p_449\";a:2:{s:5:\"Class\";a:6:{i:0;s:2:\"29\";i:1;s:2:\"33\";i:2;s:2:\"35\";i:3;s:2:\"36\";i:4;s:2:\"37\";i:5;s:2:\"45\";}s:7:\"Section\";a:1:{i:0;s:1:\"3\";}}}s:3:\"pdf\";a:1:{s:5:\"p_446\";a:1:{s:7:\"Section\";a:1:{i:0;s:1:\"1\";}}}}s:3:\"rss\";a:1:{s:4:\"feed\";a:1:{s:1:\"*\";s:1:\"*\";}}s:4:\"user\";a:1:{s:5:\"login\";a:1:{s:5:\"p_448\";a:1:{s:10:\"SiteAccess\";a:1:{i:0;s:10:\"1512209704\";}}}}s:8:\"ezjscore\";a:2:{s:4:\"call\";a:1:{s:1:\"*\";s:1:\"*\";}s:3:\"run\";a:1:{s:1:\"*\";s:1:\"*\";}}s:7:\"comment\";a:1:{s:4:\"read\";a:1:{s:1:\"*\";s:1:\"*\";}}}eZUserGroupsCache|a:2:{i:0;s:2:\"42\";i:1;s:1:\"4\";}eZRoleIDList|a:1:{i:0;s:1:\"1\";}eZRoleLimitationValueList|a:1:{i:0;s:0:\"\";}',1271199738,'d51e20592f677a7c92d49b2554921b20','a2e4822a98337283e39f7b60acf85ec9',10),('eZUserInfoCache_Timestamp|i:1270207841;AccessArrayTimestamp|i:1270216050;eZGlobalSection|a:1:{s:2:\"id\";s:1:\"1\";}eZRoleIDList_Timestamp|i:1270207841;eZUserGroupsCache_Timestamp|i:1270207841;eZRoleLimitationValueList_Timestamp|i:1270207841;force_logout|i:1;LastAccessedModifyingURI|s:20:\"/Equitazione/Cavalli\";eZUserLoggedInID|i:10;eZUserInfoCache|a:1:{i:10;a:5:{s:16:\"contentobject_id\";s:2:\"10\";s:5:\"login\";s:9:\"anonymous\";s:5:\"email\";s:12:\"nospam@ez.no\";s:13:\"password_hash\";s:32:\"4e6f6184135228ccd45f8233d72a0363\";s:18:\"password_hash_type\";s:1:\"2\";}}AccessArray|a:4:{s:7:\"content\";a:2:{s:4:\"read\";a:2:{s:5:\"p_380\";a:1:{s:7:\"Section\";a:1:{i:0;s:1:\"1\";}}s:5:\"p_384\";a:2:{s:5:\"Class\";a:6:{i:0;s:2:\"29\";i:1;s:2:\"33\";i:2;s:2:\"35\";i:3;s:2:\"36\";i:4;s:2:\"37\";i:5;s:2:\"45\";}s:7:\"Section\";a:1:{i:0;s:1:\"3\";}}}s:3:\"pdf\";a:1:{s:5:\"p_381\";a:1:{s:7:\"Section\";a:1:{i:0;s:1:\"1\";}}}}s:3:\"rss\";a:1:{s:4:\"feed\";a:1:{s:1:\"*\";s:1:\"*\";}}s:4:\"user\";a:1:{s:5:\"login\";a:1:{s:5:\"p_383\";a:1:{s:10:\"SiteAccess\";a:1:{i:0;s:10:\"1512209704\";}}}}s:8:\"ezjscore\";a:2:{s:4:\"call\";a:1:{s:1:\"*\";s:1:\"*\";}s:3:\"run\";a:1:{s:1:\"*\";s:1:\"*\";}}}eZUserGroupsCache|a:2:{i:0;s:2:\"42\";i:1;s:1:\"4\";}eZRoleIDList|a:1:{i:0;s:1:\"1\";}eZRoleLimitationValueList|a:1:{i:0;s:0:\"\";}LastAccessesURI|s:20:\"/Equitazione/Cavalli\";',1270496092,'d740c6f64316d12479fa4187aea93d30','a2e4822a98337283e39f7b60acf85ec9',10),('eZUserInfoCache_Timestamp|i:1270410203;AccessArrayTimestamp|i:1270414794;eZGlobalSection|a:1:{s:2:\"id\";s:1:\"1\";}eZRoleIDList_Timestamp|i:1270410203;eZUserGroupsCache_Timestamp|i:1270410202;eZRoleLimitationValueList_Timestamp|i:1270410203;eZUserGroupsCache|a:2:{i:0;s:2:\"12\";i:1;s:1:\"4\";}AccessArray|a:35:{s:5:\"class\";a:1:{s:1:\"*\";a:1:{s:1:\"*\";s:1:\"*\";}}s:13:\"collaboration\";a:1:{s:1:\"*\";a:1:{s:1:\"*\";s:1:\"*\";}}s:7:\"content\";a:21:{s:8:\"bookmark\";a:1:{s:1:\"*\";s:1:\"*\";}s:10:\"cleantrash\";a:1:{s:1:\"*\";s:1:\"*\";}s:6:\"create\";a:1:{s:1:\"*\";s:1:\"*\";}s:4:\"diff\";a:1:{s:1:\"*\";s:1:\"*\";}s:4:\"edit\";a:1:{s:1:\"*\";a:1:{s:18:\"StateGroup_ez_lock\";a:1:{i:0;s:1:\"1\";}}}s:4:\"hide\";a:1:{s:1:\"*\";s:1:\"*\";}s:16:\"manage_locations\";a:1:{s:1:\"*\";s:1:\"*\";}s:4:\"move\";a:1:{s:1:\"*\";s:1:\"*\";}s:3:\"pdf\";a:1:{s:1:\"*\";s:1:\"*\";}s:11:\"pendinglist\";a:1:{s:1:\"*\";s:1:\"*\";}s:4:\"read\";a:1:{s:1:\"*\";s:1:\"*\";}s:6:\"remove\";a:1:{s:1:\"*\";a:1:{s:18:\"StateGroup_ez_lock\";a:1:{i:0;s:1:\"1\";}}}s:7:\"restore\";a:1:{s:1:\"*\";s:1:\"*\";}s:18:\"reverserelatedlist\";a:1:{s:1:\"*\";s:1:\"*\";}s:10:\"tipafriend\";a:1:{s:1:\"*\";s:1:\"*\";}s:9:\"translate\";a:1:{s:1:\"*\";s:1:\"*\";}s:12:\"translations\";a:1:{s:1:\"*\";s:1:\"*\";}s:13:\"urltranslator\";a:1:{s:1:\"*\";s:1:\"*\";}s:11:\"versionread\";a:1:{s:1:\"*\";s:1:\"*\";}s:13:\"versionremove\";a:1:{s:1:\"*\";s:1:\"*\";}s:10:\"view_embed\";a:1:{s:1:\"*\";s:1:\"*\";}}s:5:\"error\";a:1:{s:1:\"*\";a:1:{s:1:\"*\";s:1:\"*\";}}s:6:\"ezinfo\";a:1:{s:4:\"read\";a:1:{s:1:\"*\";s:1:\"*\";}}s:13:\"infocollector\";a:1:{s:4:\"read\";a:1:{s:1:\"*\";s:1:\"*\";}}s:6:\"layout\";a:1:{s:1:\"*\";a:1:{s:1:\"*\";s:1:\"*\";}}s:12:\"notification\";a:2:{s:12:\"administrate\";a:1:{s:1:\"*\";s:1:\"*\";}s:3:\"use\";a:1:{s:1:\"*\";s:1:\"*\";}}s:7:\"package\";a:8:{s:6:\"create\";a:1:{s:1:\"*\";s:1:\"*\";}s:4:\"edit\";a:1:{s:1:\"*\";s:1:\"*\";}s:6:\"export\";a:1:{s:1:\"*\";s:1:\"*\";}s:6:\"import\";a:1:{s:1:\"*\";s:1:\"*\";}s:7:\"install\";a:1:{s:1:\"*\";s:1:\"*\";}s:4:\"list\";a:1:{s:1:\"*\";s:1:\"*\";}s:4:\"read\";a:1:{s:1:\"*\";s:1:\"*\";}s:6:\"remove\";a:1:{s:1:\"*\";s:1:\"*\";}}s:3:\"pdf\";a:2:{s:6:\"create\";a:1:{s:1:\"*\";s:1:\"*\";}s:4:\"edit\";a:1:{s:1:\"*\";s:1:\"*\";}}s:4:\"role\";a:1:{s:1:\"*\";a:1:{s:1:\"*\";s:1:\"*\";}}s:3:\"rss\";a:2:{s:4:\"edit\";a:1:{s:1:\"*\";s:1:\"*\";}s:4:\"feed\";a:1:{s:1:\"*\";s:1:\"*\";}}s:6:\"search\";a:1:{s:1:\"*\";a:1:{s:1:\"*\";s:1:\"*\";}}s:7:\"section\";a:3:{s:6:\"assign\";a:1:{s:1:\"*\";s:1:\"*\";}s:4:\"edit\";a:1:{s:1:\"*\";s:1:\"*\";}s:4:\"view\";a:1:{s:1:\"*\";s:1:\"*\";}}s:8:\"settings\";a:1:{s:1:\"*\";a:1:{s:1:\"*\";s:1:\"*\";}}s:5:\"setup\";a:5:{s:12:\"administrate\";a:1:{s:1:\"*\";s:1:\"*\";}s:7:\"install\";a:1:{s:1:\"*\";s:1:\"*\";}s:11:\"managecache\";a:1:{s:1:\"*\";s:1:\"*\";}s:5:\"setup\";a:1:{s:1:\"*\";s:1:\"*\";}s:11:\"system_info\";a:1:{s:1:\"*\";s:1:\"*\";}}s:4:\"shop\";a:5:{s:12:\"administrate\";a:1:{s:1:\"*\";s:1:\"*\";}s:3:\"buy\";a:1:{s:1:\"*\";s:1:\"*\";}s:11:\"edit_status\";a:1:{s:1:\"*\";s:1:\"*\";}s:9:\"setstatus\";a:1:{s:1:\"*\";s:1:\"*\";}s:5:\"setup\";a:1:{s:1:\"*\";s:1:\"*\";}}s:5:\"state\";a:2:{s:12:\"administrate\";a:1:{s:1:\"*\";s:1:\"*\";}s:6:\"assign\";a:1:{s:1:\"*\";s:1:\"*\";}}s:7:\"trigger\";a:1:{s:1:\"*\";a:1:{s:1:\"*\";s:1:\"*\";}}s:3:\"url\";a:1:{s:1:\"*\";a:1:{s:1:\"*\";s:1:\"*\";}}s:4:\"user\";a:5:{s:5:\"login\";a:1:{s:1:\"*\";s:1:\"*\";}s:8:\"password\";a:1:{s:1:\"*\";s:1:\"*\";}s:11:\"preferences\";a:1:{s:1:\"*\";s:1:\"*\";}s:8:\"register\";a:1:{s:1:\"*\";s:1:\"*\";}s:8:\"selfedit\";a:1:{s:1:\"*\";s:1:\"*\";}}s:6:\"visual\";a:1:{s:1:\"*\";a:1:{s:1:\"*\";s:1:\"*\";}}s:8:\"workflow\";a:1:{s:1:\"*\";a:1:{s:1:\"*\";s:1:\"*\";}}s:14:\"switchlanguage\";a:1:{s:1:\"*\";a:1:{s:1:\"*\";s:1:\"*\";}}s:5:\"ezodf\";a:2:{s:6:\"export\";a:1:{s:1:\"*\";s:1:\"*\";}s:6:\"import\";a:1:{s:1:\"*\";s:1:\"*\";}}s:4:\"ezoe\";a:4:{s:6:\"browse\";a:1:{s:1:\"*\";s:1:\"*\";}s:6:\"editor\";a:1:{s:1:\"*\";s:1:\"*\";}s:9:\"relations\";a:1:{s:1:\"*\";s:1:\"*\";}s:6:\"search\";a:1:{s:1:\"*\";s:1:\"*\";}}s:14:\"websitetoolbar\";a:1:{s:3:\"use\";a:1:{s:1:\"*\";s:1:\"*\";}}s:13:\"ezmultiupload\";a:1:{s:1:\"*\";a:1:{s:1:\"*\";s:1:\"*\";}}s:6:\"ezflow\";a:4:{s:4:\"call\";a:1:{s:1:\"*\";s:1:\"*\";}s:12:\"changelayout\";a:1:{s:1:\"*\";s:1:\"*\";}s:4:\"edit\";a:1:{s:1:\"*\";s:1:\"*\";}s:8:\"timeline\";a:1:{s:1:\"*\";s:1:\"*\";}}s:5:\"flash\";a:1:{s:1:\"*\";a:1:{s:1:\"*\";s:1:\"*\";}}s:6:\"survey\";a:2:{s:14:\"administration\";a:1:{s:1:\"*\";s:1:\"*\";}s:7:\"filling\";a:1:{s:1:\"*\";s:1:\"*\";}}s:20:\"objectrelationbrowse\";a:1:{s:1:\"*\";a:1:{s:1:\"*\";s:1:\"*\";}}s:8:\"ezjscore\";a:2:{s:4:\"call\";a:1:{s:1:\"*\";s:1:\"*\";}s:3:\"run\";a:1:{s:1:\"*\";s:1:\"*\";}}s:8:\"calendar\";a:1:{s:1:\"*\";a:1:{s:1:\"*\";s:1:\"*\";}}s:12:\"ticketsystem\";a:1:{s:1:\"*\";a:1:{s:1:\"*\";s:1:\"*\";}}}eZUserLoggedInID|s:2:\"14\";eZUserInfoCache|a:1:{i:14;a:5:{s:16:\"contentobject_id\";s:2:\"14\";s:5:\"login\";s:5:\"admin\";s:5:\"email\";s:16:\"mosarg@gmail.com\";s:13:\"password_hash\";s:32:\"601ff46e32cfc28211388850e15fc138\";s:18:\"password_hash_type\";s:1:\"2\";}}eZRoleIDList|a:1:{i:0;s:1:\"2\";}eZRoleLimitationValueList|a:1:{i:0;s:0:\"\";}eZPreferences|a:1:{s:21:\"admin_clearcache_type\";b:0;}LastAccessesURI|s:18:\"/Eventi/Calendario\";LastAccessedModifyingURI|s:18:\"/Eventi/Calendario\";',1270679842,'dca0ba380a1112a7bee75d7f8e406326','a2e4822a98337283e39f7b60acf85ec9',14),('eZUserInfoCache_Timestamp|i:1265550108;AccessArrayTimestamp|i:1265550108;eZGlobalSection|a:1:{s:2:\"id\";s:1:\"1\";}eZRoleIDList_Timestamp|i:1265550108;eZUserGroupsCache_Timestamp|i:1265550108;eZRoleLimitationValueList_Timestamp|i:1265550108;LastAccessesURI|s:0:\"\";LastAccessedModifyingURI|s:0:\"\";AccessArray|a:35:{s:5:\"class\";a:1:{s:1:\"*\";a:1:{s:1:\"*\";s:1:\"*\";}}s:13:\"collaboration\";a:1:{s:1:\"*\";a:1:{s:1:\"*\";s:1:\"*\";}}s:7:\"content\";a:21:{s:8:\"bookmark\";a:1:{s:1:\"*\";s:1:\"*\";}s:10:\"cleantrash\";a:1:{s:1:\"*\";s:1:\"*\";}s:6:\"create\";a:1:{s:1:\"*\";s:1:\"*\";}s:4:\"diff\";a:1:{s:1:\"*\";s:1:\"*\";}s:4:\"edit\";a:1:{s:1:\"*\";a:1:{s:18:\"StateGroup_ez_lock\";a:1:{i:0;s:1:\"1\";}}}s:4:\"hide\";a:1:{s:1:\"*\";s:1:\"*\";}s:16:\"manage_locations\";a:1:{s:1:\"*\";s:1:\"*\";}s:4:\"move\";a:1:{s:1:\"*\";s:1:\"*\";}s:3:\"pdf\";a:1:{s:1:\"*\";s:1:\"*\";}s:11:\"pendinglist\";a:1:{s:1:\"*\";s:1:\"*\";}s:4:\"read\";a:1:{s:1:\"*\";s:1:\"*\";}s:6:\"remove\";a:1:{s:1:\"*\";a:1:{s:18:\"StateGroup_ez_lock\";a:1:{i:0;s:1:\"1\";}}}s:7:\"restore\";a:1:{s:1:\"*\";s:1:\"*\";}s:18:\"reverserelatedlist\";a:1:{s:1:\"*\";s:1:\"*\";}s:10:\"tipafriend\";a:1:{s:1:\"*\";s:1:\"*\";}s:9:\"translate\";a:1:{s:1:\"*\";s:1:\"*\";}s:12:\"translations\";a:1:{s:1:\"*\";s:1:\"*\";}s:13:\"urltranslator\";a:1:{s:1:\"*\";s:1:\"*\";}s:11:\"versionread\";a:1:{s:1:\"*\";s:1:\"*\";}s:13:\"versionremove\";a:1:{s:1:\"*\";s:1:\"*\";}s:10:\"view_embed\";a:1:{s:1:\"*\";s:1:\"*\";}}s:5:\"error\";a:1:{s:1:\"*\";a:1:{s:1:\"*\";s:1:\"*\";}}s:6:\"ezinfo\";a:1:{s:4:\"read\";a:1:{s:1:\"*\";s:1:\"*\";}}s:13:\"infocollector\";a:1:{s:4:\"read\";a:1:{s:1:\"*\";s:1:\"*\";}}s:6:\"layout\";a:1:{s:1:\"*\";a:1:{s:1:\"*\";s:1:\"*\";}}s:12:\"notification\";a:2:{s:12:\"administrate\";a:1:{s:1:\"*\";s:1:\"*\";}s:3:\"use\";a:1:{s:1:\"*\";s:1:\"*\";}}s:7:\"package\";a:8:{s:6:\"create\";a:1:{s:1:\"*\";s:1:\"*\";}s:4:\"edit\";a:1:{s:1:\"*\";s:1:\"*\";}s:6:\"export\";a:1:{s:1:\"*\";s:1:\"*\";}s:6:\"import\";a:1:{s:1:\"*\";s:1:\"*\";}s:7:\"install\";a:1:{s:1:\"*\";s:1:\"*\";}s:4:\"list\";a:1:{s:1:\"*\";s:1:\"*\";}s:4:\"read\";a:1:{s:1:\"*\";s:1:\"*\";}s:6:\"remove\";a:1:{s:1:\"*\";s:1:\"*\";}}s:3:\"pdf\";a:2:{s:6:\"create\";a:1:{s:1:\"*\";s:1:\"*\";}s:4:\"edit\";a:1:{s:1:\"*\";s:1:\"*\";}}s:4:\"role\";a:1:{s:1:\"*\";a:1:{s:1:\"*\";s:1:\"*\";}}s:3:\"rss\";a:2:{s:4:\"edit\";a:1:{s:1:\"*\";s:1:\"*\";}s:4:\"feed\";a:1:{s:1:\"*\";s:1:\"*\";}}s:6:\"search\";a:1:{s:1:\"*\";a:1:{s:1:\"*\";s:1:\"*\";}}s:7:\"section\";a:3:{s:6:\"assign\";a:1:{s:1:\"*\";s:1:\"*\";}s:4:\"edit\";a:1:{s:1:\"*\";s:1:\"*\";}s:4:\"view\";a:1:{s:1:\"*\";s:1:\"*\";}}s:8:\"settings\";a:1:{s:1:\"*\";a:1:{s:1:\"*\";s:1:\"*\";}}s:5:\"setup\";a:5:{s:12:\"administrate\";a:1:{s:1:\"*\";s:1:\"*\";}s:7:\"install\";a:1:{s:1:\"*\";s:1:\"*\";}s:11:\"managecache\";a:1:{s:1:\"*\";s:1:\"*\";}s:5:\"setup\";a:1:{s:1:\"*\";s:1:\"*\";}s:11:\"system_info\";a:1:{s:1:\"*\";s:1:\"*\";}}s:4:\"shop\";a:5:{s:12:\"administrate\";a:1:{s:1:\"*\";s:1:\"*\";}s:3:\"buy\";a:1:{s:1:\"*\";s:1:\"*\";}s:11:\"edit_status\";a:1:{s:1:\"*\";s:1:\"*\";}s:9:\"setstatus\";a:1:{s:1:\"*\";s:1:\"*\";}s:5:\"setup\";a:1:{s:1:\"*\";s:1:\"*\";}}s:5:\"state\";a:2:{s:12:\"administrate\";a:1:{s:1:\"*\";s:1:\"*\";}s:6:\"assign\";a:1:{s:1:\"*\";s:1:\"*\";}}s:7:\"trigger\";a:1:{s:1:\"*\";a:1:{s:1:\"*\";s:1:\"*\";}}s:3:\"url\";a:1:{s:1:\"*\";a:1:{s:1:\"*\";s:1:\"*\";}}s:4:\"user\";a:5:{s:5:\"login\";a:1:{s:1:\"*\";s:1:\"*\";}s:8:\"password\";a:1:{s:1:\"*\";s:1:\"*\";}s:11:\"preferences\";a:1:{s:1:\"*\";s:1:\"*\";}s:8:\"register\";a:1:{s:1:\"*\";s:1:\"*\";}s:8:\"selfedit\";a:1:{s:1:\"*\";s:1:\"*\";}}s:6:\"visual\";a:1:{s:1:\"*\";a:1:{s:1:\"*\";s:1:\"*\";}}s:8:\"workflow\";a:1:{s:1:\"*\";a:1:{s:1:\"*\";s:1:\"*\";}}s:14:\"switchlanguage\";a:1:{s:1:\"*\";a:1:{s:1:\"*\";s:1:\"*\";}}s:13:\"ezmultiupload\";a:1:{s:1:\"*\";a:1:{s:1:\"*\";s:1:\"*\";}}s:5:\"ezodf\";a:2:{s:6:\"export\";a:1:{s:1:\"*\";s:1:\"*\";}s:6:\"import\";a:1:{s:1:\"*\";s:1:\"*\";}}s:4:\"ezoe\";a:4:{s:6:\"browse\";a:1:{s:1:\"*\";s:1:\"*\";}s:6:\"editor\";a:1:{s:1:\"*\";s:1:\"*\";}s:9:\"relations\";a:1:{s:1:\"*\";s:1:\"*\";}s:6:\"search\";a:1:{s:1:\"*\";s:1:\"*\";}}s:14:\"websitetoolbar\";a:1:{s:3:\"use\";a:1:{s:1:\"*\";s:1:\"*\";}}s:6:\"ezflow\";a:4:{s:4:\"call\";a:1:{s:1:\"*\";s:1:\"*\";}s:12:\"changelayout\";a:1:{s:1:\"*\";s:1:\"*\";}s:4:\"edit\";a:1:{s:1:\"*\";s:1:\"*\";}s:8:\"timeline\";a:1:{s:1:\"*\";s:1:\"*\";}}s:5:\"flash\";a:1:{s:1:\"*\";a:1:{s:1:\"*\";s:1:\"*\";}}s:6:\"survey\";a:2:{s:14:\"administration\";a:1:{s:1:\"*\";s:1:\"*\";}s:7:\"filling\";a:1:{s:1:\"*\";s:1:\"*\";}}s:20:\"objectrelationbrowse\";a:1:{s:1:\"*\";a:1:{s:1:\"*\";s:1:\"*\";}}s:8:\"ezjscore\";a:2:{s:4:\"call\";a:1:{s:1:\"*\";s:1:\"*\";}s:3:\"run\";a:1:{s:1:\"*\";s:1:\"*\";}}s:8:\"calendar\";a:1:{s:1:\"*\";a:1:{s:1:\"*\";s:1:\"*\";}}s:12:\"ticketsystem\";a:1:{s:1:\"*\";a:1:{s:1:\"*\";s:1:\"*\";}}}eZUserLoggedInID|s:2:\"14\";eZUserInfoCache|a:1:{i:14;a:5:{s:16:\"contentobject_id\";s:2:\"14\";s:5:\"login\";s:5:\"admin\";s:5:\"email\";s:16:\"mosarg@gmail.com\";s:13:\"password_hash\";s:32:\"601ff46e32cfc28211388850e15fc138\";s:18:\"password_hash_type\";s:1:\"2\";}}eZUserGroupsCache|a:2:{i:0;s:2:\"12\";i:1;s:1:\"4\";}eZRoleIDList|a:1:{i:0;s:1:\"2\";}eZRoleLimitationValueList|a:1:{i:0;s:0:\"\";}eZPreferences|a:1:{s:21:\"admin_clearcache_type\";b:0;}',1265813112,'dfe0b6b39005f3f7477415ab5945066d','a2e4822a98337283e39f7b60acf85ec9',14),('eZUserInfoCache_Timestamp|i:1263419814;eZUserGroupsCache_Timestamp|i:1263419814;AccessArrayTimestamp|i:1263421554;eZGlobalSection|a:1:{s:2:\"id\";s:1:\"1\";}eZRoleIDList_Timestamp|i:1263419814;eZRoleLimitationValueList_Timestamp|i:1263419814;LastAccessedModifyingURI|s:12:\"/Equitazione\";force_logout|i:1;LastAccessesURI|s:12:\"/Equitazione\";AccessArray|a:33:{s:5:\"class\";a:1:{s:1:\"*\";a:1:{s:1:\"*\";s:1:\"*\";}}s:13:\"collaboration\";a:1:{s:1:\"*\";a:1:{s:1:\"*\";s:1:\"*\";}}s:7:\"content\";a:21:{s:8:\"bookmark\";a:1:{s:1:\"*\";s:1:\"*\";}s:10:\"cleantrash\";a:1:{s:1:\"*\";s:1:\"*\";}s:6:\"create\";a:1:{s:1:\"*\";s:1:\"*\";}s:4:\"diff\";a:1:{s:1:\"*\";s:1:\"*\";}s:4:\"edit\";a:1:{s:1:\"*\";a:1:{s:18:\"StateGroup_ez_lock\";a:1:{i:0;s:1:\"1\";}}}s:4:\"hide\";a:1:{s:1:\"*\";s:1:\"*\";}s:16:\"manage_locations\";a:1:{s:1:\"*\";s:1:\"*\";}s:4:\"move\";a:1:{s:1:\"*\";s:1:\"*\";}s:3:\"pdf\";a:1:{s:1:\"*\";s:1:\"*\";}s:11:\"pendinglist\";a:1:{s:1:\"*\";s:1:\"*\";}s:4:\"read\";a:1:{s:1:\"*\";s:1:\"*\";}s:6:\"remove\";a:1:{s:1:\"*\";a:1:{s:18:\"StateGroup_ez_lock\";a:1:{i:0;s:1:\"1\";}}}s:7:\"restore\";a:1:{s:1:\"*\";s:1:\"*\";}s:18:\"reverserelatedlist\";a:1:{s:1:\"*\";s:1:\"*\";}s:10:\"tipafriend\";a:1:{s:1:\"*\";s:1:\"*\";}s:9:\"translate\";a:1:{s:1:\"*\";s:1:\"*\";}s:12:\"translations\";a:1:{s:1:\"*\";s:1:\"*\";}s:13:\"urltranslator\";a:1:{s:1:\"*\";s:1:\"*\";}s:11:\"versionread\";a:1:{s:1:\"*\";s:1:\"*\";}s:13:\"versionremove\";a:1:{s:1:\"*\";s:1:\"*\";}s:10:\"view_embed\";a:1:{s:1:\"*\";s:1:\"*\";}}s:5:\"error\";a:1:{s:1:\"*\";a:1:{s:1:\"*\";s:1:\"*\";}}s:6:\"ezinfo\";a:1:{s:4:\"read\";a:1:{s:1:\"*\";s:1:\"*\";}}s:13:\"infocollector\";a:1:{s:4:\"read\";a:1:{s:1:\"*\";s:1:\"*\";}}s:6:\"layout\";a:1:{s:1:\"*\";a:1:{s:1:\"*\";s:1:\"*\";}}s:12:\"notification\";a:2:{s:12:\"administrate\";a:1:{s:1:\"*\";s:1:\"*\";}s:3:\"use\";a:1:{s:1:\"*\";s:1:\"*\";}}s:7:\"package\";a:8:{s:6:\"create\";a:1:{s:1:\"*\";s:1:\"*\";}s:4:\"edit\";a:1:{s:1:\"*\";s:1:\"*\";}s:6:\"export\";a:1:{s:1:\"*\";s:1:\"*\";}s:6:\"import\";a:1:{s:1:\"*\";s:1:\"*\";}s:7:\"install\";a:1:{s:1:\"*\";s:1:\"*\";}s:4:\"list\";a:1:{s:1:\"*\";s:1:\"*\";}s:4:\"read\";a:1:{s:1:\"*\";s:1:\"*\";}s:6:\"remove\";a:1:{s:1:\"*\";s:1:\"*\";}}s:3:\"pdf\";a:2:{s:6:\"create\";a:1:{s:1:\"*\";s:1:\"*\";}s:4:\"edit\";a:1:{s:1:\"*\";s:1:\"*\";}}s:4:\"role\";a:1:{s:1:\"*\";a:1:{s:1:\"*\";s:1:\"*\";}}s:3:\"rss\";a:2:{s:4:\"edit\";a:1:{s:1:\"*\";s:1:\"*\";}s:4:\"feed\";a:1:{s:1:\"*\";s:1:\"*\";}}s:6:\"search\";a:1:{s:1:\"*\";a:1:{s:1:\"*\";s:1:\"*\";}}s:7:\"section\";a:3:{s:6:\"assign\";a:1:{s:1:\"*\";s:1:\"*\";}s:4:\"edit\";a:1:{s:1:\"*\";s:1:\"*\";}s:4:\"view\";a:1:{s:1:\"*\";s:1:\"*\";}}s:8:\"settings\";a:1:{s:1:\"*\";a:1:{s:1:\"*\";s:1:\"*\";}}s:5:\"setup\";a:5:{s:12:\"administrate\";a:1:{s:1:\"*\";s:1:\"*\";}s:7:\"install\";a:1:{s:1:\"*\";s:1:\"*\";}s:11:\"managecache\";a:1:{s:1:\"*\";s:1:\"*\";}s:5:\"setup\";a:1:{s:1:\"*\";s:1:\"*\";}s:11:\"system_info\";a:1:{s:1:\"*\";s:1:\"*\";}}s:4:\"shop\";a:5:{s:12:\"administrate\";a:1:{s:1:\"*\";s:1:\"*\";}s:3:\"buy\";a:1:{s:1:\"*\";s:1:\"*\";}s:11:\"edit_status\";a:1:{s:1:\"*\";s:1:\"*\";}s:9:\"setstatus\";a:1:{s:1:\"*\";s:1:\"*\";}s:5:\"setup\";a:1:{s:1:\"*\";s:1:\"*\";}}s:5:\"state\";a:2:{s:12:\"administrate\";a:1:{s:1:\"*\";s:1:\"*\";}s:6:\"assign\";a:1:{s:1:\"*\";s:1:\"*\";}}s:7:\"trigger\";a:1:{s:1:\"*\";a:1:{s:1:\"*\";s:1:\"*\";}}s:3:\"url\";a:1:{s:1:\"*\";a:1:{s:1:\"*\";s:1:\"*\";}}s:4:\"user\";a:5:{s:5:\"login\";a:1:{s:1:\"*\";s:1:\"*\";}s:8:\"password\";a:1:{s:1:\"*\";s:1:\"*\";}s:11:\"preferences\";a:1:{s:1:\"*\";s:1:\"*\";}s:8:\"register\";a:1:{s:1:\"*\";s:1:\"*\";}s:8:\"selfedit\";a:1:{s:1:\"*\";s:1:\"*\";}}s:6:\"visual\";a:1:{s:1:\"*\";a:1:{s:1:\"*\";s:1:\"*\";}}s:8:\"workflow\";a:1:{s:1:\"*\";a:1:{s:1:\"*\";s:1:\"*\";}}s:14:\"switchlanguage\";a:1:{s:1:\"*\";a:1:{s:1:\"*\";s:1:\"*\";}}s:13:\"ezmultiupload\";a:1:{s:1:\"*\";a:1:{s:1:\"*\";s:1:\"*\";}}s:5:\"ezodf\";a:2:{s:6:\"export\";a:1:{s:1:\"*\";s:1:\"*\";}s:6:\"import\";a:1:{s:1:\"*\";s:1:\"*\";}}s:4:\"ezoe\";a:4:{s:6:\"browse\";a:1:{s:1:\"*\";s:1:\"*\";}s:6:\"editor\";a:1:{s:1:\"*\";s:1:\"*\";}s:9:\"relations\";a:1:{s:1:\"*\";s:1:\"*\";}s:6:\"search\";a:1:{s:1:\"*\";s:1:\"*\";}}s:14:\"websitetoolbar\";a:1:{s:3:\"use\";a:1:{s:1:\"*\";s:1:\"*\";}}s:6:\"ezflow\";a:4:{s:4:\"call\";a:1:{s:1:\"*\";s:1:\"*\";}s:12:\"changelayout\";a:1:{s:1:\"*\";s:1:\"*\";}s:4:\"edit\";a:1:{s:1:\"*\";s:1:\"*\";}s:8:\"timeline\";a:1:{s:1:\"*\";s:1:\"*\";}}s:5:\"flash\";a:1:{s:1:\"*\";a:1:{s:1:\"*\";s:1:\"*\";}}s:20:\"objectrelationbrowse\";a:1:{s:1:\"*\";a:1:{s:1:\"*\";s:1:\"*\";}}s:8:\"ezjscore\";a:2:{s:4:\"call\";a:1:{s:1:\"*\";s:1:\"*\";}s:3:\"run\";a:1:{s:1:\"*\";s:1:\"*\";}}s:8:\"calendar\";a:1:{s:1:\"*\";a:1:{s:1:\"*\";s:1:\"*\";}}}eZUserLoggedInID|s:2:\"14\";eZUserInfoCache|a:1:{i:14;a:5:{s:16:\"contentobject_id\";s:2:\"14\";s:5:\"login\";s:5:\"admin\";s:5:\"email\";s:16:\"mosarg@gmail.com\";s:13:\"password_hash\";s:32:\"601ff46e32cfc28211388850e15fc138\";s:18:\"password_hash_type\";s:1:\"2\";}}eZUserGroupsCache|a:2:{i:0;s:2:\"12\";i:1;s:1:\"4\";}eZRoleIDList|a:1:{i:0;s:1:\"2\";}eZRoleLimitationValueList|a:1:{i:0;s:0:\"\";}eZPreferences|a:1:{s:21:\"admin_clearcache_type\";b:0;}DiscardObjectID|s:2:\"63\";DiscardObjectVersion|s:1:\"4\";DiscardObjectLanguage|s:6:\"ita-IT\";DiscardConfirm|s:1:\"0\";',1263681538,'e108974b774cc3a56bccef75430e348a','a2e4822a98337283e39f7b60acf85ec9',14),('eZLoginHandlerStep|i:2;eZLoginHandlerLastCheckRedirect|a:2:{s:6:\"module\";s:4:\"user\";s:8:\"function\";s:5:\"login\";}eZUserLoggedInID|i:10;eZUserInfoCache_Timestamp|i:1269594166;eZUserInfoCache|a:1:{i:10;a:5:{s:16:\"contentobject_id\";s:2:\"10\";s:5:\"login\";s:9:\"anonymous\";s:5:\"email\";s:12:\"nospam@ez.no\";s:13:\"password_hash\";s:32:\"4e6f6184135228ccd45f8233d72a0363\";s:18:\"password_hash_type\";s:1:\"2\";}}eZLoginHandlerLastHandlerName|s:8:\"standard\";',1269856454,'e45d6ca0d6ae21ea320f23b70040170d','a2e4822a98337283e39f7b60acf85ec9',10),('eZUserInfoCache_Timestamp|i:1263930792;AccessArrayTimestamp|i:1263930793;eZGlobalSection|a:1:{s:2:\"id\";s:1:\"1\";}eZRoleIDList_Timestamp|i:1263930793;eZUserGroupsCache_Timestamp|i:1263930793;eZRoleLimitationValueList_Timestamp|i:1263930793;LastAccessesURI|s:5:\"/Foto\";LastAccessedModifyingURI|s:5:\"/Foto\";force_logout|i:1;eZUserLoggedInID|i:10;CurrentViewMode|s:4:\"full\";ContentNodeID|s:2:\"64\";ContentObjectID|s:2:\"64\";HideRemoveConfirmation|b:0;DeleteIDArray|a:1:{i:0;s:2:\"65\";}RedirectURIAfterRemove|b:0;RedirectIfCancel|b:0;userRedirectURIReverseRelatedList|s:21:\"/content/removeobject\";eZUserInfoCache|a:1:{i:10;a:5:{s:16:\"contentobject_id\";s:2:\"10\";s:5:\"login\";s:9:\"anonymous\";s:5:\"email\";s:12:\"nospam@ez.no\";s:13:\"password_hash\";s:32:\"4e6f6184135228ccd45f8233d72a0363\";s:18:\"password_hash_type\";s:1:\"2\";}}eZUserGroupsCache|a:2:{i:0;s:2:\"42\";i:1;s:1:\"4\";}AccessArray|a:3:{s:7:\"content\";a:2:{s:4:\"read\";a:2:{s:5:\"p_374\";a:1:{s:7:\"Section\";a:1:{i:0;s:1:\"1\";}}s:5:\"p_379\";a:2:{s:5:\"Class\";a:6:{i:0;s:2:\"29\";i:1;s:2:\"33\";i:2;s:2:\"35\";i:3;s:2:\"36\";i:4;s:2:\"37\";i:5;s:2:\"45\";}s:7:\"Section\";a:1:{i:0;s:1:\"3\";}}}s:3:\"pdf\";a:1:{s:5:\"p_375\";a:1:{s:7:\"Section\";a:1:{i:0;s:1:\"1\";}}}}s:3:\"rss\";a:1:{s:4:\"feed\";a:1:{s:1:\"*\";s:1:\"*\";}}s:4:\"user\";a:1:{s:5:\"login\";a:1:{s:5:\"p_377\";a:1:{s:10:\"SiteAccess\";a:1:{i:0;s:10:\"1512209704\";}}}}}eZRoleIDList|a:1:{i:0;s:1:\"1\";}eZRoleLimitationValueList|a:1:{i:0;s:0:\"\";}',1264201082,'e45fc5abc472caa4e6857476b42f56e9','a2e4822a98337283e39f7b60acf85ec9',10),('eZUserLoggedInID|i:10;eZUserInfoCache_Timestamp|i:1271026954;eZUserInfoCache|a:1:{i:10;a:5:{s:16:\"contentobject_id\";s:2:\"10\";s:5:\"login\";s:9:\"anonymous\";s:5:\"email\";s:12:\"nospam@ez.no\";s:13:\"password_hash\";s:32:\"4e6f6184135228ccd45f8233d72a0363\";s:18:\"password_hash_type\";s:1:\"2\";}}AccessArray|a:5:{s:7:\"content\";a:2:{s:4:\"read\";a:2:{s:5:\"p_445\";a:1:{s:7:\"Section\";a:1:{i:0;s:1:\"1\";}}s:5:\"p_449\";a:2:{s:5:\"Class\";a:6:{i:0;s:2:\"29\";i:1;s:2:\"33\";i:2;s:2:\"35\";i:3;s:2:\"36\";i:4;s:2:\"37\";i:5;s:2:\"45\";}s:7:\"Section\";a:1:{i:0;s:1:\"3\";}}}s:3:\"pdf\";a:1:{s:5:\"p_446\";a:1:{s:7:\"Section\";a:1:{i:0;s:1:\"1\";}}}}s:3:\"rss\";a:1:{s:4:\"feed\";a:1:{s:1:\"*\";s:1:\"*\";}}s:4:\"user\";a:1:{s:5:\"login\";a:1:{s:5:\"p_448\";a:1:{s:10:\"SiteAccess\";a:1:{i:0;s:10:\"1512209704\";}}}}s:8:\"ezjscore\";a:2:{s:4:\"call\";a:1:{s:1:\"*\";s:1:\"*\";}s:3:\"run\";a:1:{s:1:\"*\";s:1:\"*\";}}s:7:\"comment\";a:1:{s:4:\"read\";a:1:{s:1:\"*\";s:1:\"*\";}}}AccessArrayTimestamp|i:1271026954;eZGlobalSection|a:1:{s:2:\"id\";s:1:\"1\";}eZRoleIDList_Timestamp|i:1271026955;eZUserGroupsCache_Timestamp|i:1271026955;eZUserGroupsCache|a:2:{i:0;s:2:\"42\";i:1;s:1:\"4\";}eZRoleIDList|a:1:{i:0;s:1:\"1\";}eZRoleLimitationValueList_Timestamp|i:1271026955;eZRoleLimitationValueList|a:1:{i:0;s:0:\"\";}LastAccessesURI|s:0:\"\";LastAccessedModifyingURI|s:0:\"\";',1271286886,'e973f91f361d9a900d23cd2ce1854d58','a2e4822a98337283e39f7b60acf85ec9',10),('eZUserLoggedInID|i:10;eZUserInfoCache_Timestamp|i:1270072860;eZUserInfoCache|a:1:{i:10;a:5:{s:16:\"contentobject_id\";s:2:\"10\";s:5:\"login\";s:9:\"anonymous\";s:5:\"email\";s:12:\"nospam@ez.no\";s:13:\"password_hash\";s:32:\"4e6f6184135228ccd45f8233d72a0363\";s:18:\"password_hash_type\";s:1:\"2\";}}AccessArray|a:3:{s:7:\"content\";a:2:{s:4:\"read\";a:2:{s:5:\"p_374\";a:1:{s:7:\"Section\";a:1:{i:0;s:1:\"1\";}}s:5:\"p_379\";a:2:{s:5:\"Class\";a:6:{i:0;s:2:\"29\";i:1;s:2:\"33\";i:2;s:2:\"35\";i:3;s:2:\"36\";i:4;s:2:\"37\";i:5;s:2:\"45\";}s:7:\"Section\";a:1:{i:0;s:1:\"3\";}}}s:3:\"pdf\";a:1:{s:5:\"p_375\";a:1:{s:7:\"Section\";a:1:{i:0;s:1:\"1\";}}}}s:3:\"rss\";a:1:{s:4:\"feed\";a:1:{s:1:\"*\";s:1:\"*\";}}s:4:\"user\";a:1:{s:5:\"login\";a:1:{s:5:\"p_377\";a:1:{s:10:\"SiteAccess\";a:1:{i:0;s:10:\"1512209704\";}}}}}AccessArrayTimestamp|i:1270072860;',1270332060,'ebab4168aa48f9f58f42f9e0e2c54836','a2e4822a98337283e39f7b60acf85ec9',10),('eZUserInfoCache_Timestamp|i:1270824520;AccessArrayTimestamp|i:1270824520;eZGlobalSection|a:1:{s:2:\"id\";s:1:\"1\";}eZRoleIDList_Timestamp|i:1270824520;eZUserGroupsCache_Timestamp|i:1270824520;eZRoleLimitationValueList_Timestamp|i:1270824520;LastAccessedModifyingURI|s:0:\"\";LastAccessesURI|s:0:\"\";DiscardObjectID|s:3:\"134\";DiscardObjectVersion|s:1:\"3\";DiscardObjectLanguage|s:6:\"ita-IT\";DiscardConfirm|s:1:\"0\";RedirectIfCancel|b:0;RedirectURIAfterPublish|s:12:\"/Equitazione\";RedirectIfDiscarded|s:12:\"/Equitazione\";force_logout|i:1;eZUserLoggedInID|i:10;eZUserInfoCache|a:1:{i:10;a:5:{s:16:\"contentobject_id\";s:2:\"10\";s:5:\"login\";s:9:\"anonymous\";s:5:\"email\";s:12:\"nospam@ez.no\";s:13:\"password_hash\";s:32:\"4e6f6184135228ccd45f8233d72a0363\";s:18:\"password_hash_type\";s:1:\"2\";}}AccessArray|a:4:{s:7:\"content\";a:2:{s:4:\"read\";a:2:{s:5:\"p_380\";a:1:{s:7:\"Section\";a:1:{i:0;s:1:\"1\";}}s:5:\"p_384\";a:2:{s:5:\"Class\";a:6:{i:0;s:2:\"29\";i:1;s:2:\"33\";i:2;s:2:\"35\";i:3;s:2:\"36\";i:4;s:2:\"37\";i:5;s:2:\"45\";}s:7:\"Section\";a:1:{i:0;s:1:\"3\";}}}s:3:\"pdf\";a:1:{s:5:\"p_381\";a:1:{s:7:\"Section\";a:1:{i:0;s:1:\"1\";}}}}s:3:\"rss\";a:1:{s:4:\"feed\";a:1:{s:1:\"*\";s:1:\"*\";}}s:4:\"user\";a:1:{s:5:\"login\";a:1:{s:5:\"p_383\";a:1:{s:10:\"SiteAccess\";a:1:{i:0;s:10:\"1512209704\";}}}}s:8:\"ezjscore\";a:2:{s:4:\"call\";a:1:{s:1:\"*\";s:1:\"*\";}s:3:\"run\";a:1:{s:1:\"*\";s:1:\"*\";}}}eZUserGroupsCache|a:2:{i:0;s:2:\"42\";i:1;s:1:\"4\";}eZRoleIDList|a:1:{i:0;s:1:\"1\";}eZRoleLimitationValueList|a:1:{i:0;s:0:\"\";}',1271092995,'eca1b2cec4e9781177486af55c4332cb','a2e4822a98337283e39f7b60acf85ec9',10),('eZUserInfoCache_Timestamp|i:1269129663;AccessArrayTimestamp|i:1269129664;eZGlobalSection|a:1:{s:2:\"id\";s:1:\"1\";}eZRoleIDList_Timestamp|i:1269129663;eZUserGroupsCache_Timestamp|i:1269129663;eZRoleLimitationValueList_Timestamp|i:1269129663;LastAccessesURI|s:17:\"/Foto/Panini/Test\";LastAccessedModifyingURI|s:17:\"/Foto/Panini/Test\";eZUserLoggedInID|i:10;force_logout|i:1;eZUserInfoCache|a:1:{i:10;a:5:{s:16:\"contentobject_id\";s:2:\"10\";s:5:\"login\";s:9:\"anonymous\";s:5:\"email\";s:12:\"nospam@ez.no\";s:13:\"password_hash\";s:32:\"4e6f6184135228ccd45f8233d72a0363\";s:18:\"password_hash_type\";s:1:\"2\";}}AccessArray|a:3:{s:7:\"content\";a:2:{s:4:\"read\";a:2:{s:5:\"p_374\";a:1:{s:7:\"Section\";a:1:{i:0;s:1:\"1\";}}s:5:\"p_379\";a:2:{s:5:\"Class\";a:6:{i:0;s:2:\"29\";i:1;s:2:\"33\";i:2;s:2:\"35\";i:3;s:2:\"36\";i:4;s:2:\"37\";i:5;s:2:\"45\";}s:7:\"Section\";a:1:{i:0;s:1:\"3\";}}}s:3:\"pdf\";a:1:{s:5:\"p_375\";a:1:{s:7:\"Section\";a:1:{i:0;s:1:\"1\";}}}}s:3:\"rss\";a:1:{s:4:\"feed\";a:1:{s:1:\"*\";s:1:\"*\";}}s:4:\"user\";a:1:{s:5:\"login\";a:1:{s:5:\"p_377\";a:1:{s:10:\"SiteAccess\";a:1:{i:0;s:10:\"1512209704\";}}}}}eZUserGroupsCache|a:2:{i:0;s:2:\"42\";i:1;s:1:\"4\";}eZRoleIDList|a:1:{i:0;s:1:\"1\";}eZRoleLimitationValueList|a:1:{i:0;s:0:\"\";}eZPreferences|a:1:{s:20:\"ObjectCreationIDList\";s:16:\"a:1:{i:0;i:111;}\";}RegisterUserID|i:111;',1269388957,'ee1779021a05ad1444589b8fc105a3ea','a2e4822a98337283e39f7b60acf85ec9',10),('eZUserLoggedInID|i:10;eZUserInfoCache_Timestamp|i:1270165720;eZUserInfoCache|a:1:{i:10;a:5:{s:16:\"contentobject_id\";s:2:\"10\";s:5:\"login\";s:9:\"anonymous\";s:5:\"email\";s:12:\"nospam@ez.no\";s:13:\"password_hash\";s:32:\"4e6f6184135228ccd45f8233d72a0363\";s:18:\"password_hash_type\";s:1:\"2\";}}AccessArray|a:4:{s:7:\"content\";a:2:{s:4:\"read\";a:2:{s:5:\"p_380\";a:1:{s:7:\"Section\";a:1:{i:0;s:1:\"1\";}}s:5:\"p_384\";a:2:{s:5:\"Class\";a:6:{i:0;s:2:\"29\";i:1;s:2:\"33\";i:2;s:2:\"35\";i:3;s:2:\"36\";i:4;s:2:\"37\";i:5;s:2:\"45\";}s:7:\"Section\";a:1:{i:0;s:1:\"3\";}}}s:3:\"pdf\";a:1:{s:5:\"p_381\";a:1:{s:7:\"Section\";a:1:{i:0;s:1:\"1\";}}}}s:3:\"rss\";a:1:{s:4:\"feed\";a:1:{s:1:\"*\";s:1:\"*\";}}s:4:\"user\";a:1:{s:5:\"login\";a:1:{s:5:\"p_383\";a:1:{s:10:\"SiteAccess\";a:1:{i:0;s:10:\"1512209704\";}}}}s:8:\"ezjscore\";a:2:{s:4:\"call\";a:1:{s:1:\"*\";s:1:\"*\";}s:3:\"run\";a:1:{s:1:\"*\";s:1:\"*\";}}}AccessArrayTimestamp|i:1270165720;eZGlobalSection|a:1:{s:2:\"id\";s:1:\"1\";}eZRoleIDList_Timestamp|i:1270165711;eZUserGroupsCache_Timestamp|i:1270165711;eZUserGroupsCache|a:2:{i:0;s:2:\"42\";i:1;s:1:\"4\";}eZRoleIDList|a:1:{i:0;s:1:\"1\";}eZRoleLimitationValueList_Timestamp|i:1270165711;eZRoleLimitationValueList|a:1:{i:0;s:0:\"\";}eZPreferences|a:1:{s:20:\"ObjectCreationIDList\";s:16:\"a:1:{i:0;i:152;}\";}RegisterUserID|i:152;LastAccessedModifyingURI|s:14:\"/user/register\";',1270424921,'ee2031da9797dd2012da16e716d7853e','a2e4822a98337283e39f7b60acf85ec9',10),('eZUserLoggedInID|i:10;eZUserInfoCache_Timestamp|i:1270047530;eZUserInfoCache|a:1:{i:10;a:5:{s:16:\"contentobject_id\";s:2:\"10\";s:5:\"login\";s:9:\"anonymous\";s:5:\"email\";s:12:\"nospam@ez.no\";s:13:\"password_hash\";s:32:\"4e6f6184135228ccd45f8233d72a0363\";s:18:\"password_hash_type\";s:1:\"2\";}}AccessArray|a:3:{s:7:\"content\";a:2:{s:4:\"read\";a:2:{s:5:\"p_374\";a:1:{s:7:\"Section\";a:1:{i:0;s:1:\"1\";}}s:5:\"p_379\";a:2:{s:5:\"Class\";a:6:{i:0;s:2:\"29\";i:1;s:2:\"33\";i:2;s:2:\"35\";i:3;s:2:\"36\";i:4;s:2:\"37\";i:5;s:2:\"45\";}s:7:\"Section\";a:1:{i:0;s:1:\"3\";}}}s:3:\"pdf\";a:1:{s:5:\"p_375\";a:1:{s:7:\"Section\";a:1:{i:0;s:1:\"1\";}}}}s:3:\"rss\";a:1:{s:4:\"feed\";a:1:{s:1:\"*\";s:1:\"*\";}}s:4:\"user\";a:1:{s:5:\"login\";a:1:{s:5:\"p_377\";a:1:{s:10:\"SiteAccess\";a:1:{i:0;s:10:\"1512209704\";}}}}}AccessArrayTimestamp|i:1270047530;',1270306730,'ee462eccabc4404276599e69eb07a28f','a2e4822a98337283e39f7b60acf85ec9',10),('eZUserLoggedInID|i:10;eZUserInfoCache_Timestamp|i:1270048478;eZUserInfoCache|a:1:{i:10;a:5:{s:16:\"contentobject_id\";s:2:\"10\";s:5:\"login\";s:9:\"anonymous\";s:5:\"email\";s:12:\"nospam@ez.no\";s:13:\"password_hash\";s:32:\"4e6f6184135228ccd45f8233d72a0363\";s:18:\"password_hash_type\";s:1:\"2\";}}AccessArray|a:3:{s:7:\"content\";a:2:{s:4:\"read\";a:2:{s:5:\"p_374\";a:1:{s:7:\"Section\";a:1:{i:0;s:1:\"1\";}}s:5:\"p_379\";a:2:{s:5:\"Class\";a:6:{i:0;s:2:\"29\";i:1;s:2:\"33\";i:2;s:2:\"35\";i:3;s:2:\"36\";i:4;s:2:\"37\";i:5;s:2:\"45\";}s:7:\"Section\";a:1:{i:0;s:1:\"3\";}}}s:3:\"pdf\";a:1:{s:5:\"p_375\";a:1:{s:7:\"Section\";a:1:{i:0;s:1:\"1\";}}}}s:3:\"rss\";a:1:{s:4:\"feed\";a:1:{s:1:\"*\";s:1:\"*\";}}s:4:\"user\";a:1:{s:5:\"login\";a:1:{s:5:\"p_377\";a:1:{s:10:\"SiteAccess\";a:1:{i:0;s:10:\"1512209704\";}}}}}AccessArrayTimestamp|i:1270048478;',1270307678,'ef2943fae06641e9adf60961f8c80759','a2e4822a98337283e39f7b60acf85ec9',10),('eZUserInfoCache_Timestamp|i:1270763712;eZUserGroupsCache_Timestamp|i:1270763711;eZRoleIDList_Timestamp|i:1270763713;eZRoleLimitationValueList_Timestamp|i:1270763713;eZUserGroupsCache|a:2:{i:0;s:2:\"12\";i:1;s:1:\"4\";}AccessArray|a:35:{s:5:\"class\";a:1:{s:1:\"*\";a:1:{s:1:\"*\";s:1:\"*\";}}s:13:\"collaboration\";a:1:{s:1:\"*\";a:1:{s:1:\"*\";s:1:\"*\";}}s:7:\"content\";a:21:{s:8:\"bookmark\";a:1:{s:1:\"*\";s:1:\"*\";}s:10:\"cleantrash\";a:1:{s:1:\"*\";s:1:\"*\";}s:6:\"create\";a:1:{s:1:\"*\";s:1:\"*\";}s:4:\"diff\";a:1:{s:1:\"*\";s:1:\"*\";}s:4:\"edit\";a:1:{s:1:\"*\";a:1:{s:18:\"StateGroup_ez_lock\";a:1:{i:0;s:1:\"1\";}}}s:4:\"hide\";a:1:{s:1:\"*\";s:1:\"*\";}s:16:\"manage_locations\";a:1:{s:1:\"*\";s:1:\"*\";}s:4:\"move\";a:1:{s:1:\"*\";s:1:\"*\";}s:3:\"pdf\";a:1:{s:1:\"*\";s:1:\"*\";}s:11:\"pendinglist\";a:1:{s:1:\"*\";s:1:\"*\";}s:4:\"read\";a:1:{s:1:\"*\";s:1:\"*\";}s:6:\"remove\";a:1:{s:1:\"*\";a:1:{s:18:\"StateGroup_ez_lock\";a:1:{i:0;s:1:\"1\";}}}s:7:\"restore\";a:1:{s:1:\"*\";s:1:\"*\";}s:18:\"reverserelatedlist\";a:1:{s:1:\"*\";s:1:\"*\";}s:10:\"tipafriend\";a:1:{s:1:\"*\";s:1:\"*\";}s:9:\"translate\";a:1:{s:1:\"*\";s:1:\"*\";}s:12:\"translations\";a:1:{s:1:\"*\";s:1:\"*\";}s:13:\"urltranslator\";a:1:{s:1:\"*\";s:1:\"*\";}s:11:\"versionread\";a:1:{s:1:\"*\";s:1:\"*\";}s:13:\"versionremove\";a:1:{s:1:\"*\";s:1:\"*\";}s:10:\"view_embed\";a:1:{s:1:\"*\";s:1:\"*\";}}s:5:\"error\";a:1:{s:1:\"*\";a:1:{s:1:\"*\";s:1:\"*\";}}s:6:\"ezinfo\";a:1:{s:4:\"read\";a:1:{s:1:\"*\";s:1:\"*\";}}s:13:\"infocollector\";a:1:{s:4:\"read\";a:1:{s:1:\"*\";s:1:\"*\";}}s:6:\"layout\";a:1:{s:1:\"*\";a:1:{s:1:\"*\";s:1:\"*\";}}s:12:\"notification\";a:2:{s:12:\"administrate\";a:1:{s:1:\"*\";s:1:\"*\";}s:3:\"use\";a:1:{s:1:\"*\";s:1:\"*\";}}s:7:\"package\";a:8:{s:6:\"create\";a:1:{s:1:\"*\";s:1:\"*\";}s:4:\"edit\";a:1:{s:1:\"*\";s:1:\"*\";}s:6:\"export\";a:1:{s:1:\"*\";s:1:\"*\";}s:6:\"import\";a:1:{s:1:\"*\";s:1:\"*\";}s:7:\"install\";a:1:{s:1:\"*\";s:1:\"*\";}s:4:\"list\";a:1:{s:1:\"*\";s:1:\"*\";}s:4:\"read\";a:1:{s:1:\"*\";s:1:\"*\";}s:6:\"remove\";a:1:{s:1:\"*\";s:1:\"*\";}}s:3:\"pdf\";a:2:{s:6:\"create\";a:1:{s:1:\"*\";s:1:\"*\";}s:4:\"edit\";a:1:{s:1:\"*\";s:1:\"*\";}}s:4:\"role\";a:1:{s:1:\"*\";a:1:{s:1:\"*\";s:1:\"*\";}}s:3:\"rss\";a:2:{s:4:\"edit\";a:1:{s:1:\"*\";s:1:\"*\";}s:4:\"feed\";a:1:{s:1:\"*\";s:1:\"*\";}}s:6:\"search\";a:1:{s:1:\"*\";a:1:{s:1:\"*\";s:1:\"*\";}}s:7:\"section\";a:3:{s:6:\"assign\";a:1:{s:1:\"*\";s:1:\"*\";}s:4:\"edit\";a:1:{s:1:\"*\";s:1:\"*\";}s:4:\"view\";a:1:{s:1:\"*\";s:1:\"*\";}}s:8:\"settings\";a:1:{s:1:\"*\";a:1:{s:1:\"*\";s:1:\"*\";}}s:5:\"setup\";a:5:{s:12:\"administrate\";a:1:{s:1:\"*\";s:1:\"*\";}s:7:\"install\";a:1:{s:1:\"*\";s:1:\"*\";}s:11:\"managecache\";a:1:{s:1:\"*\";s:1:\"*\";}s:5:\"setup\";a:1:{s:1:\"*\";s:1:\"*\";}s:11:\"system_info\";a:1:{s:1:\"*\";s:1:\"*\";}}s:4:\"shop\";a:5:{s:12:\"administrate\";a:1:{s:1:\"*\";s:1:\"*\";}s:3:\"buy\";a:1:{s:1:\"*\";s:1:\"*\";}s:11:\"edit_status\";a:1:{s:1:\"*\";s:1:\"*\";}s:9:\"setstatus\";a:1:{s:1:\"*\";s:1:\"*\";}s:5:\"setup\";a:1:{s:1:\"*\";s:1:\"*\";}}s:5:\"state\";a:2:{s:12:\"administrate\";a:1:{s:1:\"*\";s:1:\"*\";}s:6:\"assign\";a:1:{s:1:\"*\";s:1:\"*\";}}s:7:\"trigger\";a:1:{s:1:\"*\";a:1:{s:1:\"*\";s:1:\"*\";}}s:3:\"url\";a:1:{s:1:\"*\";a:1:{s:1:\"*\";s:1:\"*\";}}s:4:\"user\";a:5:{s:5:\"login\";a:1:{s:1:\"*\";s:1:\"*\";}s:8:\"password\";a:1:{s:1:\"*\";s:1:\"*\";}s:11:\"preferences\";a:1:{s:1:\"*\";s:1:\"*\";}s:8:\"register\";a:1:{s:1:\"*\";s:1:\"*\";}s:8:\"selfedit\";a:1:{s:1:\"*\";s:1:\"*\";}}s:6:\"visual\";a:1:{s:1:\"*\";a:1:{s:1:\"*\";s:1:\"*\";}}s:8:\"workflow\";a:1:{s:1:\"*\";a:1:{s:1:\"*\";s:1:\"*\";}}s:14:\"switchlanguage\";a:1:{s:1:\"*\";a:1:{s:1:\"*\";s:1:\"*\";}}s:5:\"ezodf\";a:2:{s:6:\"export\";a:1:{s:1:\"*\";s:1:\"*\";}s:6:\"import\";a:1:{s:1:\"*\";s:1:\"*\";}}s:4:\"ezoe\";a:4:{s:6:\"browse\";a:1:{s:1:\"*\";s:1:\"*\";}s:6:\"editor\";a:1:{s:1:\"*\";s:1:\"*\";}s:9:\"relations\";a:1:{s:1:\"*\";s:1:\"*\";}s:6:\"search\";a:1:{s:1:\"*\";s:1:\"*\";}}s:14:\"websitetoolbar\";a:1:{s:3:\"use\";a:1:{s:1:\"*\";s:1:\"*\";}}s:13:\"ezmultiupload\";a:1:{s:1:\"*\";a:1:{s:1:\"*\";s:1:\"*\";}}s:6:\"ezflow\";a:4:{s:4:\"call\";a:1:{s:1:\"*\";s:1:\"*\";}s:12:\"changelayout\";a:1:{s:1:\"*\";s:1:\"*\";}s:4:\"edit\";a:1:{s:1:\"*\";s:1:\"*\";}s:8:\"timeline\";a:1:{s:1:\"*\";s:1:\"*\";}}s:5:\"flash\";a:1:{s:1:\"*\";a:1:{s:1:\"*\";s:1:\"*\";}}s:6:\"survey\";a:2:{s:14:\"administration\";a:1:{s:1:\"*\";s:1:\"*\";}s:7:\"filling\";a:1:{s:1:\"*\";s:1:\"*\";}}s:20:\"objectrelationbrowse\";a:1:{s:1:\"*\";a:1:{s:1:\"*\";s:1:\"*\";}}s:8:\"ezjscore\";a:2:{s:4:\"call\";a:1:{s:1:\"*\";s:1:\"*\";}s:3:\"run\";a:1:{s:1:\"*\";s:1:\"*\";}}s:8:\"calendar\";a:1:{s:1:\"*\";a:1:{s:1:\"*\";s:1:\"*\";}}s:12:\"ticketsystem\";a:1:{s:1:\"*\";a:1:{s:1:\"*\";s:1:\"*\";}}}AccessArrayTimestamp|i:1270763712;eZUserLoggedInID|s:2:\"14\";eZUserInfoCache|a:1:{i:14;a:5:{s:16:\"contentobject_id\";s:2:\"14\";s:5:\"login\";s:5:\"admin\";s:5:\"email\";s:16:\"mosarg@gmail.com\";s:13:\"password_hash\";s:32:\"601ff46e32cfc28211388850e15fc138\";s:18:\"password_hash_type\";s:1:\"2\";}}eZGlobalSection|a:1:{s:2:\"id\";s:1:\"1\";}eZPreferences|a:17:{s:24:\"admin_navigation_content\";s:1:\"1\";s:24:\"admin_navigation_details\";b:0;s:29:\"admin_navigation_translations\";b:0;s:26:\"admin_navigation_locations\";b:0;s:26:\"admin_navigation_relations\";b:0;s:23:\"admin_navigation_states\";b:0;s:16:\"admin_list_limit\";s:1:\"2\";s:23:\"admin_children_viewmode\";b:0;s:19:\"admin_bookmark_menu\";s:1:\"1\";s:21:\"admin_clearcache_menu\";b:0;s:24:\"admin_quicksettings_menu\";s:1:\"1\";s:30:\"admin_quicksettings_siteaccess\";s:12:\"mondelli_ita\";s:21:\"admin_left_menu_width\";b:0;s:14:\"admin_treemenu\";s:1:\"1\";s:29:\"admin_navigation_class_groups\";b:0;s:31:\"admin_navigation_class_temlates\";b:0;s:35:\"admin_navigation_class_translations\";b:0;}eZRoleIDList|a:1:{i:0;s:1:\"2\";}eZRoleLimitationValueList|a:1:{i:0;s:0:\"\";}LastAccessedModifyingURI|s:13:\"/class/view/4\";LastAccessesURI|s:13:\"/class/view/4\";FromGroupID|s:1:\"2\";',1271022931,'f237a6c636a65a85a39cea98e36ee530','a2e4822a98337283e39f7b60acf85ec9',14),('eZUserLoggedInID|i:10;eZUserInfoCache_Timestamp|i:1270074118;eZUserInfoCache|a:1:{i:10;a:5:{s:16:\"contentobject_id\";s:2:\"10\";s:5:\"login\";s:9:\"anonymous\";s:5:\"email\";s:12:\"nospam@ez.no\";s:13:\"password_hash\";s:32:\"4e6f6184135228ccd45f8233d72a0363\";s:18:\"password_hash_type\";s:1:\"2\";}}AccessArray|a:3:{s:7:\"content\";a:2:{s:4:\"read\";a:2:{s:5:\"p_374\";a:1:{s:7:\"Section\";a:1:{i:0;s:1:\"1\";}}s:5:\"p_379\";a:2:{s:5:\"Class\";a:6:{i:0;s:2:\"29\";i:1;s:2:\"33\";i:2;s:2:\"35\";i:3;s:2:\"36\";i:4;s:2:\"37\";i:5;s:2:\"45\";}s:7:\"Section\";a:1:{i:0;s:1:\"3\";}}}s:3:\"pdf\";a:1:{s:5:\"p_375\";a:1:{s:7:\"Section\";a:1:{i:0;s:1:\"1\";}}}}s:3:\"rss\";a:1:{s:4:\"feed\";a:1:{s:1:\"*\";s:1:\"*\";}}s:4:\"user\";a:1:{s:5:\"login\";a:1:{s:5:\"p_377\";a:1:{s:10:\"SiteAccess\";a:1:{i:0;s:10:\"1512209704\";}}}}}AccessArrayTimestamp|i:1270074118;',1270333318,'f25c5bce8b54c6d85b60493e2a3b757f','a2e4822a98337283e39f7b60acf85ec9',10),('eZUserLoggedInID|i:10;eZUserInfoCache_Timestamp|i:1271016040;eZUserInfoCache|a:1:{i:10;a:5:{s:16:\"contentobject_id\";s:2:\"10\";s:5:\"login\";s:9:\"anonymous\";s:5:\"email\";s:12:\"nospam@ez.no\";s:13:\"password_hash\";s:32:\"4e6f6184135228ccd45f8233d72a0363\";s:18:\"password_hash_type\";s:1:\"2\";}}eZUserGroupsCache_Timestamp|i:1271016040;eZUserGroupsCache|a:2:{i:0;s:2:\"42\";i:1;s:1:\"4\";}AccessArray|a:5:{s:7:\"content\";a:2:{s:4:\"read\";a:2:{s:5:\"p_445\";a:1:{s:7:\"Section\";a:1:{i:0;s:1:\"1\";}}s:5:\"p_449\";a:2:{s:5:\"Class\";a:6:{i:0;s:2:\"29\";i:1;s:2:\"33\";i:2;s:2:\"35\";i:3;s:2:\"36\";i:4;s:2:\"37\";i:5;s:2:\"45\";}s:7:\"Section\";a:1:{i:0;s:1:\"3\";}}}s:3:\"pdf\";a:1:{s:5:\"p_446\";a:1:{s:7:\"Section\";a:1:{i:0;s:1:\"1\";}}}}s:3:\"rss\";a:1:{s:4:\"feed\";a:1:{s:1:\"*\";s:1:\"*\";}}s:4:\"user\";a:1:{s:5:\"login\";a:1:{s:5:\"p_448\";a:1:{s:10:\"SiteAccess\";a:1:{i:0;s:10:\"1512209704\";}}}}s:8:\"ezjscore\";a:2:{s:4:\"call\";a:1:{s:1:\"*\";s:1:\"*\";}s:3:\"run\";a:1:{s:1:\"*\";s:1:\"*\";}}s:7:\"comment\";a:1:{s:4:\"read\";a:1:{s:1:\"*\";s:1:\"*\";}}}AccessArrayTimestamp|i:1271016040;eZGlobalSection|a:1:{s:2:\"id\";s:1:\"1\";}eZRoleIDList_Timestamp|i:1271016040;eZRoleIDList|a:1:{i:0;s:1:\"1\";}eZRoleLimitationValueList_Timestamp|i:1271016040;eZRoleLimitationValueList|a:1:{i:0;s:0:\"\";}LastAccessesURI|s:20:\"/Equitazione/Cavalli\";LastAccessedModifyingURI|s:20:\"/Equitazione/Cavalli\";',1271286039,'f38b1c6ada4041afa6a413f1a0a7ec6e','a2e4822a98337283e39f7b60acf85ec9',10),('eZUserInfoCache_Timestamp|i:1270545424;eZUserGroupsCache_Timestamp|i:1270545426;eZRoleIDList_Timestamp|i:1270545426;eZRoleLimitationValueList_Timestamp|i:1270545426;AccessArray|a:35:{s:5:\"class\";a:1:{s:1:\"*\";a:1:{s:1:\"*\";s:1:\"*\";}}s:13:\"collaboration\";a:1:{s:1:\"*\";a:1:{s:1:\"*\";s:1:\"*\";}}s:7:\"content\";a:21:{s:8:\"bookmark\";a:1:{s:1:\"*\";s:1:\"*\";}s:10:\"cleantrash\";a:1:{s:1:\"*\";s:1:\"*\";}s:6:\"create\";a:1:{s:1:\"*\";s:1:\"*\";}s:4:\"diff\";a:1:{s:1:\"*\";s:1:\"*\";}s:4:\"edit\";a:1:{s:1:\"*\";a:1:{s:18:\"StateGroup_ez_lock\";a:1:{i:0;s:1:\"1\";}}}s:4:\"hide\";a:1:{s:1:\"*\";s:1:\"*\";}s:16:\"manage_locations\";a:1:{s:1:\"*\";s:1:\"*\";}s:4:\"move\";a:1:{s:1:\"*\";s:1:\"*\";}s:3:\"pdf\";a:1:{s:1:\"*\";s:1:\"*\";}s:11:\"pendinglist\";a:1:{s:1:\"*\";s:1:\"*\";}s:4:\"read\";a:1:{s:1:\"*\";s:1:\"*\";}s:6:\"remove\";a:1:{s:1:\"*\";a:1:{s:18:\"StateGroup_ez_lock\";a:1:{i:0;s:1:\"1\";}}}s:7:\"restore\";a:1:{s:1:\"*\";s:1:\"*\";}s:18:\"reverserelatedlist\";a:1:{s:1:\"*\";s:1:\"*\";}s:10:\"tipafriend\";a:1:{s:1:\"*\";s:1:\"*\";}s:9:\"translate\";a:1:{s:1:\"*\";s:1:\"*\";}s:12:\"translations\";a:1:{s:1:\"*\";s:1:\"*\";}s:13:\"urltranslator\";a:1:{s:1:\"*\";s:1:\"*\";}s:11:\"versionread\";a:1:{s:1:\"*\";s:1:\"*\";}s:13:\"versionremove\";a:1:{s:1:\"*\";s:1:\"*\";}s:10:\"view_embed\";a:1:{s:1:\"*\";s:1:\"*\";}}s:5:\"error\";a:1:{s:1:\"*\";a:1:{s:1:\"*\";s:1:\"*\";}}s:6:\"ezinfo\";a:1:{s:4:\"read\";a:1:{s:1:\"*\";s:1:\"*\";}}s:13:\"infocollector\";a:1:{s:4:\"read\";a:1:{s:1:\"*\";s:1:\"*\";}}s:6:\"layout\";a:1:{s:1:\"*\";a:1:{s:1:\"*\";s:1:\"*\";}}s:12:\"notification\";a:2:{s:12:\"administrate\";a:1:{s:1:\"*\";s:1:\"*\";}s:3:\"use\";a:1:{s:1:\"*\";s:1:\"*\";}}s:7:\"package\";a:8:{s:6:\"create\";a:1:{s:1:\"*\";s:1:\"*\";}s:4:\"edit\";a:1:{s:1:\"*\";s:1:\"*\";}s:6:\"export\";a:1:{s:1:\"*\";s:1:\"*\";}s:6:\"import\";a:1:{s:1:\"*\";s:1:\"*\";}s:7:\"install\";a:1:{s:1:\"*\";s:1:\"*\";}s:4:\"list\";a:1:{s:1:\"*\";s:1:\"*\";}s:4:\"read\";a:1:{s:1:\"*\";s:1:\"*\";}s:6:\"remove\";a:1:{s:1:\"*\";s:1:\"*\";}}s:3:\"pdf\";a:2:{s:6:\"create\";a:1:{s:1:\"*\";s:1:\"*\";}s:4:\"edit\";a:1:{s:1:\"*\";s:1:\"*\";}}s:4:\"role\";a:1:{s:1:\"*\";a:1:{s:1:\"*\";s:1:\"*\";}}s:3:\"rss\";a:2:{s:4:\"edit\";a:1:{s:1:\"*\";s:1:\"*\";}s:4:\"feed\";a:1:{s:1:\"*\";s:1:\"*\";}}s:6:\"search\";a:1:{s:1:\"*\";a:1:{s:1:\"*\";s:1:\"*\";}}s:7:\"section\";a:3:{s:6:\"assign\";a:1:{s:1:\"*\";s:1:\"*\";}s:4:\"edit\";a:1:{s:1:\"*\";s:1:\"*\";}s:4:\"view\";a:1:{s:1:\"*\";s:1:\"*\";}}s:8:\"settings\";a:1:{s:1:\"*\";a:1:{s:1:\"*\";s:1:\"*\";}}s:5:\"setup\";a:5:{s:12:\"administrate\";a:1:{s:1:\"*\";s:1:\"*\";}s:7:\"install\";a:1:{s:1:\"*\";s:1:\"*\";}s:11:\"managecache\";a:1:{s:1:\"*\";s:1:\"*\";}s:5:\"setup\";a:1:{s:1:\"*\";s:1:\"*\";}s:11:\"system_info\";a:1:{s:1:\"*\";s:1:\"*\";}}s:4:\"shop\";a:5:{s:12:\"administrate\";a:1:{s:1:\"*\";s:1:\"*\";}s:3:\"buy\";a:1:{s:1:\"*\";s:1:\"*\";}s:11:\"edit_status\";a:1:{s:1:\"*\";s:1:\"*\";}s:9:\"setstatus\";a:1:{s:1:\"*\";s:1:\"*\";}s:5:\"setup\";a:1:{s:1:\"*\";s:1:\"*\";}}s:5:\"state\";a:2:{s:12:\"administrate\";a:1:{s:1:\"*\";s:1:\"*\";}s:6:\"assign\";a:1:{s:1:\"*\";s:1:\"*\";}}s:7:\"trigger\";a:1:{s:1:\"*\";a:1:{s:1:\"*\";s:1:\"*\";}}s:3:\"url\";a:1:{s:1:\"*\";a:1:{s:1:\"*\";s:1:\"*\";}}s:4:\"user\";a:5:{s:5:\"login\";a:1:{s:1:\"*\";s:1:\"*\";}s:8:\"password\";a:1:{s:1:\"*\";s:1:\"*\";}s:11:\"preferences\";a:1:{s:1:\"*\";s:1:\"*\";}s:8:\"register\";a:1:{s:1:\"*\";s:1:\"*\";}s:8:\"selfedit\";a:1:{s:1:\"*\";s:1:\"*\";}}s:6:\"visual\";a:1:{s:1:\"*\";a:1:{s:1:\"*\";s:1:\"*\";}}s:8:\"workflow\";a:1:{s:1:\"*\";a:1:{s:1:\"*\";s:1:\"*\";}}s:14:\"switchlanguage\";a:1:{s:1:\"*\";a:1:{s:1:\"*\";s:1:\"*\";}}s:5:\"ezodf\";a:2:{s:6:\"export\";a:1:{s:1:\"*\";s:1:\"*\";}s:6:\"import\";a:1:{s:1:\"*\";s:1:\"*\";}}s:4:\"ezoe\";a:4:{s:6:\"browse\";a:1:{s:1:\"*\";s:1:\"*\";}s:6:\"editor\";a:1:{s:1:\"*\";s:1:\"*\";}s:9:\"relations\";a:1:{s:1:\"*\";s:1:\"*\";}s:6:\"search\";a:1:{s:1:\"*\";s:1:\"*\";}}s:14:\"websitetoolbar\";a:1:{s:3:\"use\";a:1:{s:1:\"*\";s:1:\"*\";}}s:13:\"ezmultiupload\";a:1:{s:1:\"*\";a:1:{s:1:\"*\";s:1:\"*\";}}s:6:\"ezflow\";a:4:{s:4:\"call\";a:1:{s:1:\"*\";s:1:\"*\";}s:12:\"changelayout\";a:1:{s:1:\"*\";s:1:\"*\";}s:4:\"edit\";a:1:{s:1:\"*\";s:1:\"*\";}s:8:\"timeline\";a:1:{s:1:\"*\";s:1:\"*\";}}s:5:\"flash\";a:1:{s:1:\"*\";a:1:{s:1:\"*\";s:1:\"*\";}}s:6:\"survey\";a:2:{s:14:\"administration\";a:1:{s:1:\"*\";s:1:\"*\";}s:7:\"filling\";a:1:{s:1:\"*\";s:1:\"*\";}}s:20:\"objectrelationbrowse\";a:1:{s:1:\"*\";a:1:{s:1:\"*\";s:1:\"*\";}}s:8:\"ezjscore\";a:2:{s:4:\"call\";a:1:{s:1:\"*\";s:1:\"*\";}s:3:\"run\";a:1:{s:1:\"*\";s:1:\"*\";}}s:8:\"calendar\";a:1:{s:1:\"*\";a:1:{s:1:\"*\";s:1:\"*\";}}s:12:\"ticketsystem\";a:1:{s:1:\"*\";a:1:{s:1:\"*\";s:1:\"*\";}}}AccessArrayTimestamp|i:1270564395;eZUserLoggedInID|s:2:\"14\";eZUserInfoCache|a:1:{i:14;a:5:{s:16:\"contentobject_id\";s:2:\"14\";s:5:\"login\";s:5:\"admin\";s:5:\"email\";s:16:\"mosarg@gmail.com\";s:13:\"password_hash\";s:32:\"601ff46e32cfc28211388850e15fc138\";s:18:\"password_hash_type\";s:1:\"2\";}}eZGlobalSection|a:1:{s:2:\"id\";s:1:\"2\";}eZPreferences|a:17:{s:24:\"admin_navigation_content\";s:1:\"1\";s:24:\"admin_navigation_details\";b:0;s:29:\"admin_navigation_translations\";b:0;s:26:\"admin_navigation_locations\";b:0;s:26:\"admin_navigation_relations\";b:0;s:23:\"admin_navigation_states\";b:0;s:16:\"admin_list_limit\";s:1:\"2\";s:23:\"admin_children_viewmode\";b:0;s:19:\"admin_bookmark_menu\";s:1:\"1\";s:21:\"admin_clearcache_menu\";b:0;s:24:\"admin_quicksettings_menu\";s:1:\"1\";s:30:\"admin_quicksettings_siteaccess\";s:12:\"mondelli_ita\";s:21:\"admin_left_menu_width\";b:0;s:14:\"admin_treemenu\";s:1:\"1\";s:22:\"admin_navigation_roles\";s:1:\"1\";s:25:\"admin_navigation_policies\";s:1:\"1\";s:21:\"admin_role_list_limit\";b:0;}eZUserGroupsCache|a:2:{i:0;s:2:\"12\";i:1;s:1:\"4\";}eZRoleIDList|a:1:{i:0;s:1:\"2\";}eZRoleLimitationValueList|a:1:{i:0;s:0:\"\";}LastAccessesURI|s:10:\"/role/list\";LastAccessedModifyingURI|s:10:\"/role/list\";',1270823660,'f491c30c946dbbdeaf9fc651c08cc04c','a2e4822a98337283e39f7b60acf85ec9',14),('eZUserLoggedInID|i:10;eZUserInfoCache_Timestamp|i:1270207054;eZUserInfoCache|a:1:{i:10;a:5:{s:16:\"contentobject_id\";s:2:\"10\";s:5:\"login\";s:9:\"anonymous\";s:5:\"email\";s:12:\"nospam@ez.no\";s:13:\"password_hash\";s:32:\"4e6f6184135228ccd45f8233d72a0363\";s:18:\"password_hash_type\";s:1:\"2\";}}AccessArray|a:4:{s:7:\"content\";a:2:{s:4:\"read\";a:2:{s:5:\"p_380\";a:1:{s:7:\"Section\";a:1:{i:0;s:1:\"1\";}}s:5:\"p_384\";a:2:{s:5:\"Class\";a:6:{i:0;s:2:\"29\";i:1;s:2:\"33\";i:2;s:2:\"35\";i:3;s:2:\"36\";i:4;s:2:\"37\";i:5;s:2:\"45\";}s:7:\"Section\";a:1:{i:0;s:1:\"3\";}}}s:3:\"pdf\";a:1:{s:5:\"p_381\";a:1:{s:7:\"Section\";a:1:{i:0;s:1:\"1\";}}}}s:3:\"rss\";a:1:{s:4:\"feed\";a:1:{s:1:\"*\";s:1:\"*\";}}s:4:\"user\";a:1:{s:5:\"login\";a:1:{s:5:\"p_383\";a:1:{s:10:\"SiteAccess\";a:1:{i:0;s:10:\"1512209704\";}}}}s:8:\"ezjscore\";a:2:{s:4:\"call\";a:1:{s:1:\"*\";s:1:\"*\";}s:3:\"run\";a:1:{s:1:\"*\";s:1:\"*\";}}}AccessArrayTimestamp|i:1270216222;eZGlobalSection|a:1:{s:2:\"id\";s:1:\"1\";}eZRoleIDList_Timestamp|i:1270207054;eZUserGroupsCache_Timestamp|i:1270207054;eZUserGroupsCache|a:2:{i:0;s:2:\"42\";i:1;s:1:\"4\";}eZRoleIDList|a:1:{i:0;s:1:\"1\";}eZRoleLimitationValueList_Timestamp|i:1270207054;eZRoleLimitationValueList|a:1:{i:0;s:0:\"\";}',1270475424,'f66f1bacec5f62c0c9263f669cb2c72e','a2e4822a98337283e39f7b60acf85ec9',10),('eZUserLoggedInID|i:10;eZUserInfoCache_Timestamp|i:1270163070;eZUserInfoCache|a:1:{i:10;a:5:{s:16:\"contentobject_id\";s:2:\"10\";s:5:\"login\";s:9:\"anonymous\";s:5:\"email\";s:12:\"nospam@ez.no\";s:13:\"password_hash\";s:32:\"4e6f6184135228ccd45f8233d72a0363\";s:18:\"password_hash_type\";s:1:\"2\";}}AccessArray|a:4:{s:7:\"content\";a:2:{s:4:\"read\";a:2:{s:5:\"p_380\";a:1:{s:7:\"Section\";a:1:{i:0;s:1:\"1\";}}s:5:\"p_384\";a:2:{s:5:\"Class\";a:6:{i:0;s:2:\"29\";i:1;s:2:\"33\";i:2;s:2:\"35\";i:3;s:2:\"36\";i:4;s:2:\"37\";i:5;s:2:\"45\";}s:7:\"Section\";a:1:{i:0;s:1:\"3\";}}}s:3:\"pdf\";a:1:{s:5:\"p_381\";a:1:{s:7:\"Section\";a:1:{i:0;s:1:\"1\";}}}}s:3:\"rss\";a:1:{s:4:\"feed\";a:1:{s:1:\"*\";s:1:\"*\";}}s:4:\"user\";a:1:{s:5:\"login\";a:1:{s:5:\"p_383\";a:1:{s:10:\"SiteAccess\";a:1:{i:0;s:10:\"1512209704\";}}}}s:8:\"ezjscore\";a:2:{s:4:\"call\";a:1:{s:1:\"*\";s:1:\"*\";}s:3:\"run\";a:1:{s:1:\"*\";s:1:\"*\";}}}AccessArrayTimestamp|i:1270163070;',1270422270,'f919c9880546730336fc857f906548b4','a2e4822a98337283e39f7b60acf85ec9',10),('eZUserLoggedInID|i:10;eZUserInfoCache_Timestamp|i:1270163056;eZUserInfoCache|a:1:{i:10;a:5:{s:16:\"contentobject_id\";s:2:\"10\";s:5:\"login\";s:9:\"anonymous\";s:5:\"email\";s:12:\"nospam@ez.no\";s:13:\"password_hash\";s:32:\"4e6f6184135228ccd45f8233d72a0363\";s:18:\"password_hash_type\";s:1:\"2\";}}AccessArray|a:4:{s:7:\"content\";a:2:{s:4:\"read\";a:2:{s:5:\"p_380\";a:1:{s:7:\"Section\";a:1:{i:0;s:1:\"1\";}}s:5:\"p_384\";a:2:{s:5:\"Class\";a:6:{i:0;s:2:\"29\";i:1;s:2:\"33\";i:2;s:2:\"35\";i:3;s:2:\"36\";i:4;s:2:\"37\";i:5;s:2:\"45\";}s:7:\"Section\";a:1:{i:0;s:1:\"3\";}}}s:3:\"pdf\";a:1:{s:5:\"p_381\";a:1:{s:7:\"Section\";a:1:{i:0;s:1:\"1\";}}}}s:3:\"rss\";a:1:{s:4:\"feed\";a:1:{s:1:\"*\";s:1:\"*\";}}s:4:\"user\";a:1:{s:5:\"login\";a:1:{s:5:\"p_383\";a:1:{s:10:\"SiteAccess\";a:1:{i:0;s:10:\"1512209704\";}}}}s:8:\"ezjscore\";a:2:{s:4:\"call\";a:1:{s:1:\"*\";s:1:\"*\";}s:3:\"run\";a:1:{s:1:\"*\";s:1:\"*\";}}}AccessArrayTimestamp|i:1270163056;eZGlobalSection|a:1:{s:2:\"id\";s:1:\"1\";}eZRoleIDList_Timestamp|i:1270163056;eZUserGroupsCache_Timestamp|i:1270163056;eZUserGroupsCache|a:2:{i:0;s:2:\"42\";i:1;s:1:\"4\";}eZRoleIDList|a:1:{i:0;s:1:\"1\";}eZRoleLimitationValueList_Timestamp|i:1270163056;eZRoleLimitationValueList|a:1:{i:0;s:0:\"\";}',1270422257,'faae60acd79ee3f04a303a6e37f6ff1b','a2e4822a98337283e39f7b60acf85ec9',10),('eZUserLoggedInID|i:10;eZUserInfoCache_Timestamp|i:1271003884;eZUserInfoCache|a:1:{i:10;a:5:{s:16:\"contentobject_id\";s:2:\"10\";s:5:\"login\";s:9:\"anonymous\";s:5:\"email\";s:12:\"nospam@ez.no\";s:13:\"password_hash\";s:32:\"4e6f6184135228ccd45f8233d72a0363\";s:18:\"password_hash_type\";s:1:\"2\";}}eZUserGroupsCache_Timestamp|i:1271003884;eZUserGroupsCache|a:2:{i:0;s:2:\"42\";i:1;s:1:\"4\";}AccessArray|a:5:{s:7:\"content\";a:2:{s:4:\"read\";a:2:{s:5:\"p_445\";a:1:{s:7:\"Section\";a:1:{i:0;s:1:\"1\";}}s:5:\"p_449\";a:2:{s:5:\"Class\";a:6:{i:0;s:2:\"29\";i:1;s:2:\"33\";i:2;s:2:\"35\";i:3;s:2:\"36\";i:4;s:2:\"37\";i:5;s:2:\"45\";}s:7:\"Section\";a:1:{i:0;s:1:\"3\";}}}s:3:\"pdf\";a:1:{s:5:\"p_446\";a:1:{s:7:\"Section\";a:1:{i:0;s:1:\"1\";}}}}s:3:\"rss\";a:1:{s:4:\"feed\";a:1:{s:1:\"*\";s:1:\"*\";}}s:4:\"user\";a:1:{s:5:\"login\";a:1:{s:5:\"p_448\";a:1:{s:10:\"SiteAccess\";a:1:{i:0;s:10:\"1512209704\";}}}}s:8:\"ezjscore\";a:2:{s:4:\"call\";a:1:{s:1:\"*\";s:1:\"*\";}s:3:\"run\";a:1:{s:1:\"*\";s:1:\"*\";}}s:7:\"comment\";a:1:{s:4:\"read\";a:1:{s:1:\"*\";s:1:\"*\";}}}AccessArrayTimestamp|i:1271003884;eZGlobalSection|a:1:{s:2:\"id\";s:1:\"1\";}eZRoleIDList_Timestamp|i:1271003884;eZRoleIDList|a:1:{i:0;s:1:\"1\";}eZRoleLimitationValueList_Timestamp|i:1271003884;eZRoleLimitationValueList|a:1:{i:0;s:0:\"\";}',1271263090,'fac744b95894345c1d6ecb64a290cb71','a2e4822a98337283e39f7b60acf85ec9',10),('eZUserInfoCache_Timestamp|i:1269852896;eZUserGroupsCache_Timestamp|i:1269852895;eZRoleIDList_Timestamp|i:1269852898;eZRoleLimitationValueList_Timestamp|i:1269852898;eZUserGroupsCache|a:2:{i:0;s:2:\"12\";i:1;s:1:\"4\";}AccessArray|a:35:{s:5:\"class\";a:1:{s:1:\"*\";a:1:{s:1:\"*\";s:1:\"*\";}}s:13:\"collaboration\";a:1:{s:1:\"*\";a:1:{s:1:\"*\";s:1:\"*\";}}s:7:\"content\";a:21:{s:8:\"bookmark\";a:1:{s:1:\"*\";s:1:\"*\";}s:10:\"cleantrash\";a:1:{s:1:\"*\";s:1:\"*\";}s:6:\"create\";a:1:{s:1:\"*\";s:1:\"*\";}s:4:\"diff\";a:1:{s:1:\"*\";s:1:\"*\";}s:4:\"edit\";a:1:{s:1:\"*\";a:1:{s:18:\"StateGroup_ez_lock\";a:1:{i:0;s:1:\"1\";}}}s:4:\"hide\";a:1:{s:1:\"*\";s:1:\"*\";}s:16:\"manage_locations\";a:1:{s:1:\"*\";s:1:\"*\";}s:4:\"move\";a:1:{s:1:\"*\";s:1:\"*\";}s:3:\"pdf\";a:1:{s:1:\"*\";s:1:\"*\";}s:11:\"pendinglist\";a:1:{s:1:\"*\";s:1:\"*\";}s:4:\"read\";a:1:{s:1:\"*\";s:1:\"*\";}s:6:\"remove\";a:1:{s:1:\"*\";a:1:{s:18:\"StateGroup_ez_lock\";a:1:{i:0;s:1:\"1\";}}}s:7:\"restore\";a:1:{s:1:\"*\";s:1:\"*\";}s:18:\"reverserelatedlist\";a:1:{s:1:\"*\";s:1:\"*\";}s:10:\"tipafriend\";a:1:{s:1:\"*\";s:1:\"*\";}s:9:\"translate\";a:1:{s:1:\"*\";s:1:\"*\";}s:12:\"translations\";a:1:{s:1:\"*\";s:1:\"*\";}s:13:\"urltranslator\";a:1:{s:1:\"*\";s:1:\"*\";}s:11:\"versionread\";a:1:{s:1:\"*\";s:1:\"*\";}s:13:\"versionremove\";a:1:{s:1:\"*\";s:1:\"*\";}s:10:\"view_embed\";a:1:{s:1:\"*\";s:1:\"*\";}}s:5:\"error\";a:1:{s:1:\"*\";a:1:{s:1:\"*\";s:1:\"*\";}}s:6:\"ezinfo\";a:1:{s:4:\"read\";a:1:{s:1:\"*\";s:1:\"*\";}}s:13:\"infocollector\";a:1:{s:4:\"read\";a:1:{s:1:\"*\";s:1:\"*\";}}s:6:\"layout\";a:1:{s:1:\"*\";a:1:{s:1:\"*\";s:1:\"*\";}}s:12:\"notification\";a:2:{s:12:\"administrate\";a:1:{s:1:\"*\";s:1:\"*\";}s:3:\"use\";a:1:{s:1:\"*\";s:1:\"*\";}}s:7:\"package\";a:8:{s:6:\"create\";a:1:{s:1:\"*\";s:1:\"*\";}s:4:\"edit\";a:1:{s:1:\"*\";s:1:\"*\";}s:6:\"export\";a:1:{s:1:\"*\";s:1:\"*\";}s:6:\"import\";a:1:{s:1:\"*\";s:1:\"*\";}s:7:\"install\";a:1:{s:1:\"*\";s:1:\"*\";}s:4:\"list\";a:1:{s:1:\"*\";s:1:\"*\";}s:4:\"read\";a:1:{s:1:\"*\";s:1:\"*\";}s:6:\"remove\";a:1:{s:1:\"*\";s:1:\"*\";}}s:3:\"pdf\";a:2:{s:6:\"create\";a:1:{s:1:\"*\";s:1:\"*\";}s:4:\"edit\";a:1:{s:1:\"*\";s:1:\"*\";}}s:4:\"role\";a:1:{s:1:\"*\";a:1:{s:1:\"*\";s:1:\"*\";}}s:3:\"rss\";a:2:{s:4:\"edit\";a:1:{s:1:\"*\";s:1:\"*\";}s:4:\"feed\";a:1:{s:1:\"*\";s:1:\"*\";}}s:6:\"search\";a:1:{s:1:\"*\";a:1:{s:1:\"*\";s:1:\"*\";}}s:7:\"section\";a:3:{s:6:\"assign\";a:1:{s:1:\"*\";s:1:\"*\";}s:4:\"edit\";a:1:{s:1:\"*\";s:1:\"*\";}s:4:\"view\";a:1:{s:1:\"*\";s:1:\"*\";}}s:8:\"settings\";a:1:{s:1:\"*\";a:1:{s:1:\"*\";s:1:\"*\";}}s:5:\"setup\";a:5:{s:12:\"administrate\";a:1:{s:1:\"*\";s:1:\"*\";}s:7:\"install\";a:1:{s:1:\"*\";s:1:\"*\";}s:11:\"managecache\";a:1:{s:1:\"*\";s:1:\"*\";}s:5:\"setup\";a:1:{s:1:\"*\";s:1:\"*\";}s:11:\"system_info\";a:1:{s:1:\"*\";s:1:\"*\";}}s:4:\"shop\";a:5:{s:12:\"administrate\";a:1:{s:1:\"*\";s:1:\"*\";}s:3:\"buy\";a:1:{s:1:\"*\";s:1:\"*\";}s:11:\"edit_status\";a:1:{s:1:\"*\";s:1:\"*\";}s:9:\"setstatus\";a:1:{s:1:\"*\";s:1:\"*\";}s:5:\"setup\";a:1:{s:1:\"*\";s:1:\"*\";}}s:5:\"state\";a:2:{s:12:\"administrate\";a:1:{s:1:\"*\";s:1:\"*\";}s:6:\"assign\";a:1:{s:1:\"*\";s:1:\"*\";}}s:7:\"trigger\";a:1:{s:1:\"*\";a:1:{s:1:\"*\";s:1:\"*\";}}s:3:\"url\";a:1:{s:1:\"*\";a:1:{s:1:\"*\";s:1:\"*\";}}s:4:\"user\";a:5:{s:5:\"login\";a:1:{s:1:\"*\";s:1:\"*\";}s:8:\"password\";a:1:{s:1:\"*\";s:1:\"*\";}s:11:\"preferences\";a:1:{s:1:\"*\";s:1:\"*\";}s:8:\"register\";a:1:{s:1:\"*\";s:1:\"*\";}s:8:\"selfedit\";a:1:{s:1:\"*\";s:1:\"*\";}}s:6:\"visual\";a:1:{s:1:\"*\";a:1:{s:1:\"*\";s:1:\"*\";}}s:8:\"workflow\";a:1:{s:1:\"*\";a:1:{s:1:\"*\";s:1:\"*\";}}s:14:\"switchlanguage\";a:1:{s:1:\"*\";a:1:{s:1:\"*\";s:1:\"*\";}}s:5:\"ezodf\";a:2:{s:6:\"export\";a:1:{s:1:\"*\";s:1:\"*\";}s:6:\"import\";a:1:{s:1:\"*\";s:1:\"*\";}}s:4:\"ezoe\";a:4:{s:6:\"browse\";a:1:{s:1:\"*\";s:1:\"*\";}s:6:\"editor\";a:1:{s:1:\"*\";s:1:\"*\";}s:9:\"relations\";a:1:{s:1:\"*\";s:1:\"*\";}s:6:\"search\";a:1:{s:1:\"*\";s:1:\"*\";}}s:14:\"websitetoolbar\";a:1:{s:3:\"use\";a:1:{s:1:\"*\";s:1:\"*\";}}s:13:\"ezmultiupload\";a:1:{s:1:\"*\";a:1:{s:1:\"*\";s:1:\"*\";}}s:6:\"ezflow\";a:4:{s:4:\"call\";a:1:{s:1:\"*\";s:1:\"*\";}s:12:\"changelayout\";a:1:{s:1:\"*\";s:1:\"*\";}s:4:\"edit\";a:1:{s:1:\"*\";s:1:\"*\";}s:8:\"timeline\";a:1:{s:1:\"*\";s:1:\"*\";}}s:5:\"flash\";a:1:{s:1:\"*\";a:1:{s:1:\"*\";s:1:\"*\";}}s:6:\"survey\";a:2:{s:14:\"administration\";a:1:{s:1:\"*\";s:1:\"*\";}s:7:\"filling\";a:1:{s:1:\"*\";s:1:\"*\";}}s:20:\"objectrelationbrowse\";a:1:{s:1:\"*\";a:1:{s:1:\"*\";s:1:\"*\";}}s:8:\"ezjscore\";a:2:{s:4:\"call\";a:1:{s:1:\"*\";s:1:\"*\";}s:3:\"run\";a:1:{s:1:\"*\";s:1:\"*\";}}s:8:\"calendar\";a:1:{s:1:\"*\";a:1:{s:1:\"*\";s:1:\"*\";}}s:12:\"ticketsystem\";a:1:{s:1:\"*\";a:1:{s:1:\"*\";s:1:\"*\";}}}AccessArrayTimestamp|i:1269853101;eZUserLoggedInID|s:2:\"14\";eZUserInfoCache|a:1:{i:14;a:5:{s:16:\"contentobject_id\";s:2:\"14\";s:5:\"login\";s:5:\"admin\";s:5:\"email\";s:16:\"mosarg@gmail.com\";s:13:\"password_hash\";s:32:\"601ff46e32cfc28211388850e15fc138\";s:18:\"password_hash_type\";s:1:\"2\";}}eZGlobalSection|a:1:{s:2:\"id\";s:1:\"1\";}eZPreferences|a:14:{s:24:\"admin_navigation_content\";s:1:\"1\";s:24:\"admin_navigation_details\";b:0;s:29:\"admin_navigation_translations\";b:0;s:26:\"admin_navigation_locations\";b:0;s:26:\"admin_navigation_relations\";b:0;s:23:\"admin_navigation_states\";b:0;s:16:\"admin_list_limit\";s:1:\"2\";s:23:\"admin_children_viewmode\";b:0;s:19:\"admin_bookmark_menu\";s:1:\"1\";s:21:\"admin_clearcache_menu\";b:0;s:24:\"admin_quicksettings_menu\";s:1:\"1\";s:30:\"admin_quicksettings_siteaccess\";s:12:\"mondelli_ita\";s:21:\"admin_left_menu_width\";b:0;s:14:\"admin_treemenu\";s:1:\"1\";}eZRoleIDList|a:1:{i:0;s:1:\"2\";}eZRoleLimitationValueList|a:1:{i:0;s:0:\"\";}LastAccessedModifyingURI|N;',1270112303,'fb0e577374fa63338474a1f9113a8151','a2e4822a98337283e39f7b60acf85ec9',14),('eZUserInfoCache_Timestamp|i:1265492195;AccessArrayTimestamp|i:1265492195;eZGlobalSection|a:1:{s:2:\"id\";s:1:\"1\";}eZRoleIDList_Timestamp|i:1265492196;eZUserGroupsCache_Timestamp|i:1265492195;eZRoleLimitationValueList_Timestamp|i:1265492196;LastAccessedModifyingURI|s:0:\"\";eZUserLoggedInID|i:10;LastAccessesURI|s:0:\"\";BrowseParameters|a:17:{s:11:\"class_array\";b:0;s:11:\"action_name\";s:15:\"AddNewBlockItem\";s:20:\"browse_custom_action\";a:2:{s:4:\"name\";s:36:\"CustomActionButton[201_new_item-1-0]\";s:5:\"value\";s:3:\"201\";}s:9:\"from_page\";s:26:\"/content/edit/57/3/ita-IT/\";s:11:\"cancel_page\";s:26:\"/content/edit/57/3/ita-IT/\";s:15:\"persistent_data\";a:1:{s:14:\"HasObjectInput\";i:0;}s:4:\"type\";s:15:\"AddNewBlockItem\";s:9:\"selection\";s:8:\"multiple\";s:11:\"return_type\";s:8:\"ObjectID\";s:18:\"custom_action_data\";b:0;s:20:\"description_template\";b:0;s:10:\"start_node\";s:2:\"64\";s:19:\"ignore_nodes_select\";a:0:{}s:27:\"ignore_nodes_select_subtree\";a:0:{}s:18:\"ignore_nodes_click\";a:0:{}s:10:\"permission\";b:0;s:15:\"top_level_nodes\";a:4:{i:0;s:1:\"2\";i:1;s:1:\"5\";i:2;s:2:\"43\";i:3;s:2:\"48\";}}force_logout|i:1;eZUserInfoCache|a:1:{i:10;a:5:{s:16:\"contentobject_id\";s:2:\"10\";s:5:\"login\";s:9:\"anonymous\";s:5:\"email\";s:12:\"nospam@ez.no\";s:13:\"password_hash\";s:32:\"4e6f6184135228ccd45f8233d72a0363\";s:18:\"password_hash_type\";s:1:\"2\";}}eZUserGroupsCache|a:2:{i:0;s:2:\"42\";i:1;s:1:\"4\";}AccessArray|a:3:{s:7:\"content\";a:2:{s:4:\"read\";a:2:{s:5:\"p_374\";a:1:{s:7:\"Section\";a:1:{i:0;s:1:\"1\";}}s:5:\"p_379\";a:2:{s:5:\"Class\";a:6:{i:0;s:2:\"29\";i:1;s:2:\"33\";i:2;s:2:\"35\";i:3;s:2:\"36\";i:4;s:2:\"37\";i:5;s:2:\"45\";}s:7:\"Section\";a:1:{i:0;s:1:\"3\";}}}s:3:\"pdf\";a:1:{s:5:\"p_375\";a:1:{s:7:\"Section\";a:1:{i:0;s:1:\"1\";}}}}s:3:\"rss\";a:1:{s:4:\"feed\";a:1:{s:1:\"*\";s:1:\"*\";}}s:4:\"user\";a:1:{s:5:\"login\";a:1:{s:5:\"p_377\";a:1:{s:10:\"SiteAccess\";a:1:{i:0;s:10:\"1512209704\";}}}}}eZRoleIDList|a:1:{i:0;s:1:\"1\";}eZRoleLimitationValueList|a:1:{i:0;s:0:\"\";}',1265751812,'fcb1d6a4a2de13c73f31df586e896ed3','a2e4822a98337283e39f7b60acf85ec9',10),('eZUserLoggedInID|i:10;eZUserInfoCache_Timestamp|i:1270071630;eZUserInfoCache|a:1:{i:10;a:5:{s:16:\"contentobject_id\";s:2:\"10\";s:5:\"login\";s:9:\"anonymous\";s:5:\"email\";s:12:\"nospam@ez.no\";s:13:\"password_hash\";s:32:\"4e6f6184135228ccd45f8233d72a0363\";s:18:\"password_hash_type\";s:1:\"2\";}}AccessArray|a:3:{s:7:\"content\";a:2:{s:4:\"read\";a:2:{s:5:\"p_374\";a:1:{s:7:\"Section\";a:1:{i:0;s:1:\"1\";}}s:5:\"p_379\";a:2:{s:5:\"Class\";a:6:{i:0;s:2:\"29\";i:1;s:2:\"33\";i:2;s:2:\"35\";i:3;s:2:\"36\";i:4;s:2:\"37\";i:5;s:2:\"45\";}s:7:\"Section\";a:1:{i:0;s:1:\"3\";}}}s:3:\"pdf\";a:1:{s:5:\"p_375\";a:1:{s:7:\"Section\";a:1:{i:0;s:1:\"1\";}}}}s:3:\"rss\";a:1:{s:4:\"feed\";a:1:{s:1:\"*\";s:1:\"*\";}}s:4:\"user\";a:1:{s:5:\"login\";a:1:{s:5:\"p_377\";a:1:{s:10:\"SiteAccess\";a:1:{i:0;s:10:\"1512209704\";}}}}}AccessArrayTimestamp|i:1270071630;',1270330830,'fd0e6abf471a56ceda0e8a19866b2636','a2e4822a98337283e39f7b60acf85ec9',10),('eZUserLoggedInID|i:10;eZUserInfoCache_Timestamp|i:1270767749;AccessArrayTimestamp|i:1270767746;eZGlobalSection|a:1:{s:2:\"id\";s:1:\"1\";}eZRoleIDList_Timestamp|i:1270767922;eZUserGroupsCache_Timestamp|i:1270767922;eZRoleLimitationValueList_Timestamp|i:1270767922;LastAccessedModifyingURI|s:7:\"/Cucina\";LastAccessesURI|s:7:\"/Cucina\";eZUserInfoCache|a:1:{i:10;a:5:{s:16:\"contentobject_id\";s:2:\"10\";s:5:\"login\";s:9:\"anonymous\";s:5:\"email\";s:12:\"nospam@ez.no\";s:13:\"password_hash\";s:32:\"4e6f6184135228ccd45f8233d72a0363\";s:18:\"password_hash_type\";s:1:\"2\";}}eZUserGroupsCache|a:2:{i:0;s:2:\"42\";i:1;s:1:\"4\";}eZRoleIDList|a:1:{i:0;s:1:\"1\";}eZRoleLimitationValueList|a:1:{i:0;s:0:\"\";}AccessArray|a:4:{s:7:\"content\";a:2:{s:4:\"read\";a:2:{s:5:\"p_380\";a:1:{s:7:\"Section\";a:1:{i:0;s:1:\"1\";}}s:5:\"p_384\";a:2:{s:5:\"Class\";a:6:{i:0;s:2:\"29\";i:1;s:2:\"33\";i:2;s:2:\"35\";i:3;s:2:\"36\";i:4;s:2:\"37\";i:5;s:2:\"45\";}s:7:\"Section\";a:1:{i:0;s:1:\"3\";}}}s:3:\"pdf\";a:1:{s:5:\"p_381\";a:1:{s:7:\"Section\";a:1:{i:0;s:1:\"1\";}}}}s:3:\"rss\";a:1:{s:4:\"feed\";a:1:{s:1:\"*\";s:1:\"*\";}}s:4:\"user\";a:1:{s:5:\"login\";a:1:{s:5:\"p_383\";a:1:{s:10:\"SiteAccess\";a:1:{i:0;s:10:\"1512209704\";}}}}s:8:\"ezjscore\";a:2:{s:4:\"call\";a:1:{s:1:\"*\";s:1:\"*\";}s:3:\"run\";a:1:{s:1:\"*\";s:1:\"*\";}}}eZPreferences|a:1:{s:20:\"ObjectCreationIDList\";s:56:\"a:5:{i:0;i:250;i:1;i:251;i:2;i:252;i:3;i:253;i:4;i:254;}\";}',1271028223,'feb60af13c78de5f0b68b32140673d44','a2e4822a98337283e39f7b60acf85ec9',10);
/*!40000 ALTER TABLE `ezsession` ENABLE KEYS */;
UNLOCK TABLES;

--
-- Table structure for table `ezsite_data`
--

DROP TABLE IF EXISTS `ezsite_data`;
/*!40101 SET @saved_cs_client     = @@character_set_client */;
/*!40101 SET character_set_client = utf8 */;
CREATE TABLE `ezsite_data` (
  `name` varchar(60) NOT NULL DEFAULT '',
  `value` longtext NOT NULL,
  PRIMARY KEY (`name`)
) ENGINE=InnoDB DEFAULT CHARSET=utf8;
/*!40101 SET character_set_client = @saved_cs_client */;

--
-- Dumping data for table `ezsite_data`
--

LOCK TABLES `ezsite_data` WRITE;
/*!40000 ALTER TABLE `ezsite_data` DISABLE KEYS */;
INSERT INTO `ezsite_data` VALUES ('ezflow','2.0'),('ezpublish-release','1'),('ezpublish-version','4.2.0');
/*!40000 ALTER TABLE `ezsite_data` ENABLE KEYS */;
UNLOCK TABLES;

--
-- Table structure for table `ezstarrating`
--

DROP TABLE IF EXISTS `ezstarrating`;
/*!40101 SET @saved_cs_client     = @@character_set_client */;
/*!40101 SET character_set_client = utf8 */;
CREATE TABLE `ezstarrating` (
  `contentobject_id` int(11) NOT NULL,
  `contentobject_attribute_id` int(11) NOT NULL,
  `rating_average` float NOT NULL,
  `rating_count` int(11) NOT NULL,
  PRIMARY KEY (`contentobject_id`,`contentobject_attribute_id`)
) ENGINE=InnoDB DEFAULT CHARSET=utf8;
/*!40101 SET character_set_client = @saved_cs_client */;

--
-- Dumping data for table `ezstarrating`
--

LOCK TABLES `ezstarrating` WRITE;
/*!40000 ALTER TABLE `ezstarrating` DISABLE KEYS */;
/*!40000 ALTER TABLE `ezstarrating` ENABLE KEYS */;
UNLOCK TABLES;

--
-- Table structure for table `ezstarrating_data`
--

DROP TABLE IF EXISTS `ezstarrating_data`;
/*!40101 SET @saved_cs_client     = @@character_set_client */;
/*!40101 SET character_set_client = utf8 */;
CREATE TABLE `ezstarrating_data` (
  `id` int(11) NOT NULL AUTO_INCREMENT,
  `created_at` int(11) NOT NULL,
  `user_id` int(11) NOT NULL,
  `session_key` varchar(32) NOT NULL,
  `rating` float NOT NULL,
  `contentobject_id` int(11) NOT NULL,
  `contentobject_attribute_id` int(11) NOT NULL,
  PRIMARY KEY (`id`),
  KEY `user_id_session_key` (`user_id`,`session_key`),
  KEY `contentobject_id_contentobject_attribute_id` (`contentobject_id`,`contentobject_attribute_id`)
) ENGINE=InnoDB DEFAULT CHARSET=utf8;
/*!40101 SET character_set_client = @saved_cs_client */;

--
-- Dumping data for table `ezstarrating_data`
--

LOCK TABLES `ezstarrating_data` WRITE;
/*!40000 ALTER TABLE `ezstarrating_data` DISABLE KEYS */;
/*!40000 ALTER TABLE `ezstarrating_data` ENABLE KEYS */;
UNLOCK TABLES;

--
-- Table structure for table `ezsubtree_notification_rule`
--

DROP TABLE IF EXISTS `ezsubtree_notification_rule`;
/*!40101 SET @saved_cs_client     = @@character_set_client */;
/*!40101 SET character_set_client = utf8 */;
CREATE TABLE `ezsubtree_notification_rule` (
  `id` int(11) NOT NULL AUTO_INCREMENT,
  `node_id` int(11) NOT NULL DEFAULT '0',
  `use_digest` int(11) DEFAULT '0',
  `user_id` int(11) NOT NULL DEFAULT '0',
  PRIMARY KEY (`id`),
  KEY `ezsubtree_notification_rule_user_id` (`user_id`)
) ENGINE=InnoDB DEFAULT CHARSET=utf8;
/*!40101 SET character_set_client = @saved_cs_client */;

--
-- Dumping data for table `ezsubtree_notification_rule`
--

LOCK TABLES `ezsubtree_notification_rule` WRITE;
/*!40000 ALTER TABLE `ezsubtree_notification_rule` DISABLE KEYS */;
/*!40000 ALTER TABLE `ezsubtree_notification_rule` ENABLE KEYS */;
UNLOCK TABLES;

--
-- Table structure for table `eztipafriend_counter`
--

DROP TABLE IF EXISTS `eztipafriend_counter`;
/*!40101 SET @saved_cs_client     = @@character_set_client */;
/*!40101 SET character_set_client = utf8 */;
CREATE TABLE `eztipafriend_counter` (
  `count` int(11) NOT NULL DEFAULT '0',
  `node_id` int(11) NOT NULL DEFAULT '0',
  `requested` int(11) NOT NULL DEFAULT '0',
  PRIMARY KEY (`node_id`,`requested`)
) ENGINE=InnoDB DEFAULT CHARSET=utf8;
/*!40101 SET character_set_client = @saved_cs_client */;

--
-- Dumping data for table `eztipafriend_counter`
--

LOCK TABLES `eztipafriend_counter` WRITE;
/*!40000 ALTER TABLE `eztipafriend_counter` DISABLE KEYS */;
/*!40000 ALTER TABLE `eztipafriend_counter` ENABLE KEYS */;
UNLOCK TABLES;

--
-- Table structure for table `eztipafriend_request`
--

DROP TABLE IF EXISTS `eztipafriend_request`;
/*!40101 SET @saved_cs_client     = @@character_set_client */;
/*!40101 SET character_set_client = utf8 */;
CREATE TABLE `eztipafriend_request` (
  `created` int(11) NOT NULL DEFAULT '0',
  `email_receiver` varchar(100) NOT NULL DEFAULT '',
  KEY `eztipafriend_request_created` (`created`),
  KEY `eztipafriend_request_email_rec` (`email_receiver`)
) ENGINE=InnoDB DEFAULT CHARSET=utf8;
/*!40101 SET character_set_client = @saved_cs_client */;

--
-- Dumping data for table `eztipafriend_request`
--

LOCK TABLES `eztipafriend_request` WRITE;
/*!40000 ALTER TABLE `eztipafriend_request` DISABLE KEYS */;
/*!40000 ALTER TABLE `eztipafriend_request` ENABLE KEYS */;
UNLOCK TABLES;

--
-- Table structure for table `eztrigger`
--

DROP TABLE IF EXISTS `eztrigger`;
/*!40101 SET @saved_cs_client     = @@character_set_client */;
/*!40101 SET character_set_client = utf8 */;
CREATE TABLE `eztrigger` (
  `connect_type` char(1) NOT NULL DEFAULT '',
  `function_name` varchar(200) NOT NULL DEFAULT '',
  `id` int(11) NOT NULL AUTO_INCREMENT,
  `module_name` varchar(200) NOT NULL DEFAULT '',
  `name` varchar(255) DEFAULT NULL,
  `workflow_id` int(11) DEFAULT NULL,
  PRIMARY KEY (`id`),
  UNIQUE KEY `eztrigger_def_id` (`module_name`(50),`function_name`(50),`connect_type`),
  KEY `eztrigger_fetch` (`name`(25),`module_name`(50),`function_name`(50))
) ENGINE=InnoDB DEFAULT CHARSET=utf8;
/*!40101 SET character_set_client = @saved_cs_client */;

--
-- Dumping data for table `eztrigger`
--

LOCK TABLES `eztrigger` WRITE;
/*!40000 ALTER TABLE `eztrigger` DISABLE KEYS */;
/*!40000 ALTER TABLE `eztrigger` ENABLE KEYS */;
UNLOCK TABLES;

--
-- Table structure for table `ezurl`
--

DROP TABLE IF EXISTS `ezurl`;
/*!40101 SET @saved_cs_client     = @@character_set_client */;
/*!40101 SET character_set_client = utf8 */;
CREATE TABLE `ezurl` (
  `created` int(11) NOT NULL DEFAULT '0',
  `id` int(11) NOT NULL AUTO_INCREMENT,
  `is_valid` int(11) NOT NULL DEFAULT '1',
  `last_checked` int(11) NOT NULL DEFAULT '0',
  `modified` int(11) NOT NULL DEFAULT '0',
  `original_url_md5` varchar(32) NOT NULL DEFAULT '',
  `url` longtext,
  PRIMARY KEY (`id`),
  KEY `ezurl_url` (`url`(255))
) ENGINE=InnoDB AUTO_INCREMENT=11 DEFAULT CHARSET=utf8;
/*!40101 SET character_set_client = @saved_cs_client */;

--
-- Dumping data for table `ezurl`
--

LOCK TABLES `ezurl` WRITE;
/*!40000 ALTER TABLE `ezurl` DISABLE KEYS */;
INSERT INTO `ezurl` VALUES (1262689289,9,1,0,1262689289,'9b492048041e95b32de08bafc86d759b','/content/view/sitemap/2'),(1262689289,10,1,0,1262689289,'c86bcb109d8e70f9db65c803baafd550','/content/view/tagcloud/2');
/*!40000 ALTER TABLE `ezurl` ENABLE KEYS */;
UNLOCK TABLES;

--
-- Table structure for table `ezurl_object_link`
--

DROP TABLE IF EXISTS `ezurl_object_link`;
/*!40101 SET @saved_cs_client     = @@character_set_client */;
/*!40101 SET character_set_client = utf8 */;
CREATE TABLE `ezurl_object_link` (
  `contentobject_attribute_id` int(11) NOT NULL DEFAULT '0',
  `contentobject_attribute_version` int(11) NOT NULL DEFAULT '0',
  `url_id` int(11) NOT NULL DEFAULT '0',
  KEY `ezurl_ol_coa_id` (`contentobject_attribute_id`),
  KEY `ezurl_ol_coa_version` (`contentobject_attribute_version`),
  KEY `ezurl_ol_url_id` (`url_id`)
) ENGINE=InnoDB DEFAULT CHARSET=utf8;
/*!40101 SET character_set_client = @saved_cs_client */;

--
-- Dumping data for table `ezurl_object_link`
--

LOCK TABLES `ezurl_object_link` WRITE;
/*!40000 ALTER TABLE `ezurl_object_link` DISABLE KEYS */;
INSERT INTO `ezurl_object_link` VALUES (203,1,9),(204,1,10),(203,2,9),(204,2,10);
/*!40000 ALTER TABLE `ezurl_object_link` ENABLE KEYS */;
UNLOCK TABLES;

--
-- Table structure for table `ezurlalias`
--

DROP TABLE IF EXISTS `ezurlalias`;
/*!40101 SET @saved_cs_client     = @@character_set_client */;
/*!40101 SET character_set_client = utf8 */;
CREATE TABLE `ezurlalias` (
  `destination_url` longtext NOT NULL,
  `forward_to_id` int(11) NOT NULL DEFAULT '0',
  `id` int(11) NOT NULL AUTO_INCREMENT,
  `is_imported` int(11) NOT NULL DEFAULT '0',
  `is_internal` int(11) NOT NULL DEFAULT '1',
  `is_wildcard` int(11) NOT NULL DEFAULT '0',
  `source_md5` varchar(32) DEFAULT NULL,
  `source_url` longtext NOT NULL,
  PRIMARY KEY (`id`),
  KEY `ezurlalias_desturl` (`destination_url`(200)),
  KEY `ezurlalias_forward_to_id` (`forward_to_id`),
  KEY `ezurlalias_imp_wcard_fwd` (`is_imported`,`is_wildcard`,`forward_to_id`),
  KEY `ezurlalias_source_md5` (`source_md5`),
  KEY `ezurlalias_source_url` (`source_url`(255)),
  KEY `ezurlalias_wcard_fwd` (`is_wildcard`,`forward_to_id`)
) ENGINE=InnoDB AUTO_INCREMENT=34 DEFAULT CHARSET=utf8;
/*!40101 SET character_set_client = @saved_cs_client */;

--
-- Dumping data for table `ezurlalias`
--

LOCK TABLES `ezurlalias` WRITE;
/*!40000 ALTER TABLE `ezurlalias` DISABLE KEYS */;
INSERT INTO `ezurlalias` VALUES ('content/view/full/2',0,12,1,1,0,'d41d8cd98f00b204e9800998ecf8427e',''),('content/view/full/5',0,13,1,1,0,'9bc65c2abec141778ffaa729489f3e87','users'),('content/view/full/12',0,15,1,1,0,'02d4e844e3a660857a3f81585995ffe1','users/guest_accounts'),('content/view/full/13',0,16,1,1,0,'1b1d79c16700fd6003ea7be233e754ba','users/administrator_users'),('content/view/full/14',0,17,1,1,0,'0bb9dd665c96bbc1cf36b79180786dea','users/editors'),('content/view/full/15',0,18,1,1,0,'f1305ac5f327a19b451d82719e0c3f5d','users/administrator_users/administrator_user'),('content/view/full/43',0,20,1,1,0,'62933a2951ef01f4eafd9bdf4d3cd2f0','media'),('content/view/full/44',0,21,1,1,0,'3ae1aac958e1c82013689d917d34967a','users/anonymous_users'),('content/view/full/45',0,22,1,1,0,'aad93975f09371695ba08292fd9698db','users/anonymous_users/anonymous_user'),('content/view/full/48',0,25,1,1,0,'a0f848942ce863cf53c0fa6cc684007d','setup'),('content/view/full/50',0,27,1,1,0,'c60212835de76414f9bfd21eecb8f221','foo_bar_folder/images/vbanner'),('content/view/full/51',0,28,1,1,0,'38985339d4a5aadfc41ab292b4527046','media/images'),('content/view/full/52',0,29,1,1,0,'ad5a8c6f6aac3b1b9df267fe22e7aef6','media/files'),('content/view/full/53',0,30,1,1,0,'562a0ac498571c6c3529173184a2657c','media/multimedia'),('content/view/full/54',0,31,1,1,0,'e501fe6c81ed14a5af2b322d248102d8','setup/common_ini_settings'),('content/view/full/56',0,32,1,1,0,'2dd3db5dc7122ea5f3ee539bb18fe97d','design/ez_publish'),('content/view/full/58',0,33,1,1,0,'31c13f47ad87dd7baa2d558a91e0fbb9','design');
/*!40000 ALTER TABLE `ezurlalias` ENABLE KEYS */;
UNLOCK TABLES;

--
-- Table structure for table `ezurlalias_ml`
--

DROP TABLE IF EXISTS `ezurlalias_ml`;
/*!40101 SET @saved_cs_client     = @@character_set_client */;
/*!40101 SET character_set_client = utf8 */;
CREATE TABLE `ezurlalias_ml` (
  `action` longtext NOT NULL,
  `action_type` varchar(32) NOT NULL DEFAULT '',
  `alias_redirects` int(11) NOT NULL DEFAULT '1',
  `id` int(11) NOT NULL DEFAULT '0',
  `is_alias` int(11) NOT NULL DEFAULT '0',
  `is_original` int(11) NOT NULL DEFAULT '0',
  `lang_mask` int(11) NOT NULL DEFAULT '0',
  `link` int(11) NOT NULL DEFAULT '0',
  `parent` int(11) NOT NULL DEFAULT '0',
  `text` longtext NOT NULL,
  `text_md5` varchar(32) NOT NULL DEFAULT '',
  PRIMARY KEY (`parent`,`text_md5`),
  KEY `ezurlalias_ml_act_org` (`action`(32),`is_original`),
  KEY `ezurlalias_ml_action` (`action`(32),`id`,`link`),
  KEY `ezurlalias_ml_actt` (`action_type`),
  KEY `ezurlalias_ml_actt_org_al` (`action_type`,`is_original`,`is_alias`),
  KEY `ezurlalias_ml_id` (`id`),
  KEY `ezurlalias_ml_par_act_id_lnk` (`parent`,`action`(32),`id`,`link`),
  KEY `ezurlalias_ml_par_lnk_txt` (`parent`,`link`,`text`(32)),
  KEY `ezurlalias_ml_par_txt` (`parent`,`text`(32)),
  KEY `ezurlalias_ml_text` (`text`(32),`id`,`link`),
  KEY `ezurlalias_ml_text_lang` (`text`(32),`lang_mask`,`parent`)
) ENGINE=InnoDB DEFAULT CHARSET=utf8;
/*!40101 SET character_set_client = @saved_cs_client */;

--
-- Dumping data for table `ezurlalias_ml`
--

LOCK TABLES `ezurlalias_ml` WRITE;
/*!40000 ALTER TABLE `ezurlalias_ml` DISABLE KEYS */;
INSERT INTO `ezurlalias_ml` VALUES ('nop:','nop',1,14,0,0,1,14,0,'foo_bar_folder','0288b6883046492fa92e4a84eb67acc9'),('eznode:59','eznode',1,37,0,0,3,36,0,'Home','106a6c241b8797f52e1e77317b96a201'),('eznode:59','eznode',1,36,0,1,3,36,0,'eZ-Publish','10e4c3cb527fb9963258469986c16240'),('eznode:58','eznode',1,25,0,1,3,25,0,'Design','31c13f47ad87dd7baa2d558a91e0fbb9'),('eznode:64','eznode',1,44,0,0,2,43,0,'Cucina2','36f10f9ec201b4173b75facaceb5b047'),('eznode:62','eznode',1,41,0,1,2,41,0,'Equitazione','401588735989669fc4a82647a739486a'),('eznode:48','eznode',1,13,0,1,3,13,0,'Setup2','475e97c0146bfb1c490339546d9e72ee'),('eznode:63','eznode',1,42,0,1,2,42,0,'Cucina','4e4ddd04a4a56f8acaaa21b0a79cb4c4'),('nop:','nop',1,17,0,0,1,17,0,'media2','50e2736330de124f6edea9b008556fe6'),('eznode:64','eznode',1,43,0,1,2,43,0,'Eventi','5da0a6897209ec2a72436e02d7c3f64d'),('eznode:43','eznode',1,9,0,1,3,9,0,'Media','62933a2951ef01f4eafd9bdf4d3cd2f0'),('eznode:61','eznode',1,40,0,1,2,40,0,'Foto','66c9eed121277d8be2df09ce25c4687a'),('nop:','nop',1,21,0,0,1,21,0,'setup3','732cefcf28bf4547540609fb1a786a30'),('nop:','nop',1,3,0,0,1,3,0,'users2','86425c35a33507d479f71ade53a669aa'),('eznode:5','eznode',1,2,0,1,3,2,0,'Users','9bc65c2abec141778ffaa729489f3e87'),('eznode:2','eznode',1,1,0,1,3,1,0,'','d41d8cd98f00b204e9800998ecf8427e'),('eznode:174','eznode',1,156,0,1,3,156,2,'Editor-limitato','4804d22b25b294ca6ab9a1c4dceec2d0'),('eznode:60','eznode',1,38,0,1,3,38,2,'Partners','7896f8fa69398c56d86a65357615c41f'),('eznode:14','eznode',1,6,0,1,3,6,2,'Editors','a147e136bfa717592f2bd70bd4b53b17'),('eznode:44','eznode',1,10,0,1,3,10,2,'Anonymous-Users','c2803c3fa1b0b5423237b4e018cae755'),('eznode:12','eznode',1,4,0,1,3,4,2,'Members','d2e3083420929d8bfae81f58fa4594cb'),('eznode:12','eznode',1,39,0,0,3,4,2,'Guest-accounts','e57843d836e3af8ab611fde9e2139b3a'),('eznode:13','eznode',1,5,0,1,3,5,2,'Administrator-users','f89fad7f8a3abc8c09e1deb46a420007'),('nop:','nop',1,11,0,0,1,11,3,'anonymous_users2','505e93077a6dde9034ad97a14ab022b1'),('eznode:12','eznode',1,26,0,0,0,4,3,'guest_accounts','70bb992820e73638731aa8de79b3329e'),('eznode:14','eznode',1,29,0,0,1,6,3,'editors','a147e136bfa717592f2bd70bd4b53b17'),('nop:','nop',1,7,0,0,1,7,3,'administrator_users2','a7da338c20bf65f9f789c87296379c2a'),('eznode:13','eznode',1,27,0,0,1,5,3,'administrator_users','aeb8609aa933b0899aa012c71139c58c'),('eznode:44','eznode',1,30,0,0,1,10,3,'anonymous_users','e9e5ad0c05ee1a43715572e5cc545926'),('eznode:172','eznode',1,154,0,1,3,154,4,'Guglielmo-Marconi','65ea5c5d9c60e6db58da4d4bcb268bdf'),('eznode:171','eznode',1,153,0,1,3,153,4,'cane-rognoso','a38accf2f81b0bd32e0cf05ce837123c'),('eznode:173','eznode',1,155,0,1,3,155,4,'antonio-astolfi','c3c43ce098534e13a1e60c3ac588907a'),('eznode:168','eznode',1,150,0,1,3,150,4,'mosarg-mosarg','d5322b39bbd4c093c6dbb58fcdc96910'),('eznode:15','eznode',1,8,0,1,3,8,5,'Administrator-User','5a9d7b0ec93173ef4fedee023209cb61'),('eznode:15','eznode',1,28,0,0,0,8,7,'administrator_user','a3cca2de936df1e2f805710399989971'),('eznode:53','eznode',1,20,0,1,3,20,9,'Multimedia','2e5bc8831f7ae6a29530e7f1bbf2de9c'),('eznode:52','eznode',1,19,0,1,3,19,9,'Files','45b963397aa40d4a0063e0d85e4fe7a1'),('eznode:51','eznode',1,18,0,1,3,18,9,'Images','59b514174bffe4ae402b3d63aad79fe0'),('eznode:45','eznode',1,12,0,1,3,12,10,'Anonymous-User','ccb62ebca03a31272430bc414bd5cd5b'),('eznode:45','eznode',1,31,0,0,1,12,11,'anonymous_user','c593ec85293ecb0e02d50d4c5c6c20eb'),('eznode:54','eznode',1,22,0,1,2,22,13,'Common-INI-settings','4434993ac013ae4d54bb1f51034d6401'),('nop:','nop',1,15,0,0,1,15,14,'images','59b514174bffe4ae402b3d63aad79fe0'),('eznode:50','eznode',1,16,0,1,2,16,15,'vbanner','c54e2d1b93642e280bdc5d99eab2827d'),('eznode:53','eznode',1,34,0,0,1,20,17,'multimedia','2e5bc8831f7ae6a29530e7f1bbf2de9c'),('eznode:52','eznode',1,33,0,0,1,19,17,'files','45b963397aa40d4a0063e0d85e4fe7a1'),('eznode:51','eznode',1,32,0,0,1,18,17,'images','59b514174bffe4ae402b3d63aad79fe0'),('eznode:145','eznode',1,127,0,1,2,127,18,'Death','2e8d6dbf9112a879d4ceb15403d10a78'),('eznode:147','eznode',1,129,0,1,2,129,18,'good_morning_by_marazmuser','4d018f3876594b82226664270b5a4c07'),('eznode:166','eznode',1,148,0,1,2,148,18,'Exile_by_KatiBear','899c26bcdd09aef71c91d431245f7071'),('eznode:75','eznode',1,56,0,1,2,56,18,'P5250041','8dba51a6d455737b50fbeaf248f55050'),('eznode:146','eznode',1,128,0,1,2,128,18,'octopussy_II_by_kunkka','ef78033de1a175d64c556da49bc25860'),('eznode:54','eznode',1,35,0,0,1,22,21,'common_ini_settings','e59d6834e86cee752ed841f9cd8d5baf'),('eznode:56','eznode',1,45,0,0,2,24,25,'eZ-publish','10e4c3cb527fb9963258469986c16240'),('eznode:56','eznode',1,24,0,1,2,24,25,'Mondelli-Stable','55f3c7b5dd201d8c062a7e9bed1b0b00'),('eznode:134','eznode',1,116,0,1,3,116,40,'Arrosticini','7125bb6689c797ba297e5bc415cd6058'),('eznode:69','eznode',1,50,0,1,3,50,40,'Panini','85bc853a75b9bf0bbc395abd10040ab8'),('eznode:136','eznode',1,118,0,1,3,118,40,'Zamponi','dcdad093f294e74be5c9d080e9d35bdf'),('eznode:140','eznode',1,122,0,1,3,122,40,'Bomboloni','f7b2e12f9c6cb627958a30cd08b2e0e2'),('eznode:68','eznode',1,49,0,1,3,49,41,'Cavalli','cafb718411530415fcb734457e48cb58'),('eznode:67','eznode',1,48,0,1,3,48,42,'Manicaretti','650bb9f26c347ce4d33c88adee47b2df'),('eznode:66','eznode',1,47,0,1,2,47,43,'Calendario','c80c7d5e801ff686643a20b33710d3ec'),('eznode:70','eznode',1,51,0,1,3,51,43,'Musica','ddc88111e7c6437760bf9c1e7f267b47'),('eznode:165','eznode',1,147,0,1,2,147,47,'New-Event5','0817b2ff8258bda4705d6dbb24957cf7'),('eznode:110','eznode',1,91,0,1,2,91,47,'New-Event3','110f4e8d679931d587ea9db53c43c807'),('eznode:71','eznode',1,52,0,1,2,52,47,'Prova','189bbbb00c5f1fb7fba9ad9285f193d1'),('eznode:73','eznode',1,54,0,1,2,54,47,'New-Event','59db958765565bc828db6dfe145d1618'),('eznode:170','eznode',1,152,0,1,2,152,47,'Secondo-evento-del-giorno','5a088cb43bf119c6aec7e0c24cb7b825'),('eznode:169','eznode',1,151,0,1,2,151,47,'Evento-di-test','62101d98015920a18a74050fe5e02f85'),('eznode:74','eznode',1,55,0,1,2,55,47,'New-Event2','67b45fcde852ae7de9a73a261f428d63'),('eznode:72','eznode',1,53,0,1,2,53,47,'Patatine','968da7c7169e724262160d766edb0cf8'),('eznode:167','eznode',1,149,0,1,2,149,47,'Santi-Licheri','ac1b93fc51b028f5df2e60dd9028ec4a'),('eznode:111','eznode',1,92,0,1,2,92,47,'New-Event4','c02d16983fe0496ac9080533185ab10f'),('eznode:157','eznode',1,139,0,1,2,139,47,'New-Eventaaa','f23b4fd4a8d3b4742304d8979f85aee5'),('eznode:149','eznode',1,131,0,1,2,131,49,'Il-paradiso-degli-stolti','081d7651a7699117cd5ade8b1c9bcb57'),('eznode:144','eznode',1,126,0,1,2,126,49,'La-tana-dei-tori','6fa469f3b1a2588d0d1a1c1ea3a852ad'),('eznode:112','eznode',1,93,0,1,3,93,50,'Hot-Dog','0436f61ef06b601a2c16827ecb7fd272'),('eznode:150','eznode',1,132,0,1,2,132,50,'Strane-foto','0be6b5a0749ce14ecfd034ac72b45c65'),('eznode:113','eznode',1,94,0,1,3,94,50,'Hamburger','140d3ea2b0c7a720b8fcc236deedd04f'),('eznode:114','eznode',1,95,0,1,3,95,50,'Bistecche','789ba5f7a787ddc73fdd8e3f6da876b5'),('eznode:115','eznode',1,96,0,1,3,96,50,'Lubianske','b9c94b4e7b52ed11ffa40d0409d28215'),('eznode:135','eznode',1,117,0,1,3,117,116,'Agnello','7ddb22089518569092a8ce65428dd569'),('eznode:148','eznode',1,130,0,1,3,130,117,'Pelosi','70a6874bd1696afd9644750b51036120'),('eznode:143','eznode',1,125,0,1,3,125,117,'Spellati','c19ffe23afad92389375a112239826a2'),('eznode:138','eznode',1,120,0,1,3,120,118,'Morti','56bc06c59763380b27f3873295e5bf8f'),('eznode:137','eznode',1,119,0,1,3,119,118,'Vivi','c3bb6f719742fd1e5768d6d1361cfb49'),('eznode:139','eznode',1,121,0,1,3,121,118,'Moribondi','e7ce3b28cb150bd5590f01990b805095'),('eznode:142','eznode',1,124,0,1,3,124,122,'Kiffel','5023297122cf74a66d06f50361f49c4f'),('eznode:141','eznode',1,123,0,1,3,123,122,'Krapfen','c1e95ef11231b08ef14765a032237e0c'),('eznode:188','eznode',1,171,0,1,2,171,132,'5913-Kitsh_sunset','167e9d6acaa525ca7b291a770a561c20'),('eznode:183','eznode',1,166,0,1,2,166,132,'6964-Unwetterhimmel','26d6910e5aa7868854ed009c97823523'),('eznode:178','eznode',1,160,0,1,2,160,132,'Frills_4_by_Goldfishdreams_stock','3bf4409a7d10d71f056ba28fd147b260'),('eznode:179','eznode',1,161,0,1,2,161,132,'fractalFlowers_30_by_love1008','418fb934ef7d6c9d40ddaed9e12fcd72'),('eznode:187','eznode',1,170,0,1,2,170,132,'7000-Gulvial','4b9ca70ce44f223e38bb0c32076459f3'),('eznode:182','eznode',1,165,0,1,2,165,132,'6533-2','5b92db8fb19980deef589dbcc7423fe5'),('eznode:185','eznode',1,168,0,1,2,168,132,'7007-Renfana','5e03a29a0ab07459da1f8ad353d53066'),('eznode:184','eznode',1,167,0,1,2,167,132,'6947-Midsommarblomma','86f271a858c09062bdd8321149820dd7'),('eznode:180','eznode',1,162,0,1,2,162,132,'Exile_by_KatiBear','899c26bcdd09aef71c91d431245f7071'),('eznode:176','eznode',1,158,0,1,2,158,132,'Imagination','9a003f819c75bd91b0dc5ca5a22ec7f6'),('eznode:177','eznode',1,159,0,1,2,159,132,'difference_by_baspunk','9f6679c1004c8fa2ccb3f0119579af88'),('eznode:181','eznode',1,163,0,1,2,163,132,'Dawn_On_The_Deck_by_l8','aa3abf25944f1542b709ba79220a9f96'),('eznode:186','eznode',1,169,0,1,2,169,132,'4561-Misato','c4d2e829542f96a9385b2b01a975be90'),('eznode:176','eznode',1,164,0,0,2,158,132,'dans_l__imagination_by_armawolf','c715a83469d9161ffe586f2fba57a080'),('eznode:175','eznode',1,157,0,1,3,157,156,'enzo-enzo','0dc159c2e01dc2a60395e845b27366c4');
/*!40000 ALTER TABLE `ezurlalias_ml` ENABLE KEYS */;
UNLOCK TABLES;

--
-- Table structure for table `ezurlalias_ml_incr`
--

DROP TABLE IF EXISTS `ezurlalias_ml_incr`;
/*!40101 SET @saved_cs_client     = @@character_set_client */;
/*!40101 SET character_set_client = utf8 */;
CREATE TABLE `ezurlalias_ml_incr` (
  `id` int(11) NOT NULL AUTO_INCREMENT,
  PRIMARY KEY (`id`)
) ENGINE=InnoDB AUTO_INCREMENT=172 DEFAULT CHARSET=utf8;
/*!40101 SET character_set_client = @saved_cs_client */;

--
-- Dumping data for table `ezurlalias_ml_incr`
--

LOCK TABLES `ezurlalias_ml_incr` WRITE;
/*!40000 ALTER TABLE `ezurlalias_ml_incr` DISABLE KEYS */;
INSERT INTO `ezurlalias_ml_incr` VALUES (1),(2),(3),(4),(5),(6),(7),(8),(9),(10),(11),(12),(13),(14),(15),(16),(17),(18),(19),(20),(21),(22),(24),(25),(26),(27),(28),(29),(30),(31),(32),(33),(34),(35),(36),(37),(38),(39),(40),(41),(42),(43),(44),(45),(46),(47),(48),(49),(50),(51),(52),(53),(54),(55),(56),(57),(58),(59),(60),(61),(62),(63),(64),(65),(66),(67),(68),(69),(70),(71),(72),(73),(74),(75),(76),(77),(78),(79),(80),(81),(82),(83),(84),(85),(86),(87),(88),(89),(90),(91),(92),(93),(94),(95),(96),(97),(98),(99),(100),(101),(102),(103),(104),(105),(106),(107),(108),(109),(110),(111),(112),(113),(114),(115),(116),(117),(118),(119),(120),(121),(122),(123),(124),(125),(126),(127),(128),(129),(130),(131),(132),(133),(134),(135),(136),(137),(138),(139),(140),(141),(142),(143),(144),(145),(146),(147),(148),(149),(150),(151),(152),(153),(154),(155),(156),(157),(158),(159),(160),(161),(162),(163),(164),(165),(166),(167),(168),(169),(170),(171);
/*!40000 ALTER TABLE `ezurlalias_ml_incr` ENABLE KEYS */;
UNLOCK TABLES;

--
-- Table structure for table `ezurlwildcard`
--

DROP TABLE IF EXISTS `ezurlwildcard`;
/*!40101 SET @saved_cs_client     = @@character_set_client */;
/*!40101 SET character_set_client = utf8 */;
CREATE TABLE `ezurlwildcard` (
  `destination_url` longtext NOT NULL,
  `id` int(11) NOT NULL AUTO_INCREMENT,
  `source_url` longtext NOT NULL,
  `type` int(11) NOT NULL DEFAULT '0',
  PRIMARY KEY (`id`)
) ENGINE=InnoDB DEFAULT CHARSET=utf8;
/*!40101 SET character_set_client = @saved_cs_client */;

--
-- Dumping data for table `ezurlwildcard`
--

LOCK TABLES `ezurlwildcard` WRITE;
/*!40000 ALTER TABLE `ezurlwildcard` DISABLE KEYS */;
/*!40000 ALTER TABLE `ezurlwildcard` ENABLE KEYS */;
UNLOCK TABLES;

--
-- Table structure for table `ezuser`
--

DROP TABLE IF EXISTS `ezuser`;
/*!40101 SET @saved_cs_client     = @@character_set_client */;
/*!40101 SET character_set_client = utf8 */;
CREATE TABLE `ezuser` (
  `contentobject_id` int(11) NOT NULL DEFAULT '0',
  `email` varchar(150) NOT NULL DEFAULT '',
  `login` varchar(150) NOT NULL DEFAULT '',
  `password_hash` varchar(50) DEFAULT NULL,
  `password_hash_type` int(11) NOT NULL DEFAULT '1',
  PRIMARY KEY (`contentobject_id`)
) ENGINE=InnoDB DEFAULT CHARSET=utf8;
/*!40101 SET character_set_client = @saved_cs_client */;

--
-- Dumping data for table `ezuser`
--

LOCK TABLES `ezuser` WRITE;
/*!40000 ALTER TABLE `ezuser` DISABLE KEYS */;
INSERT INTO `ezuser` VALUES (10,'nospam@ez.no','anonymous','4e6f6184135228ccd45f8233d72a0363',2),(14,'mosarg@gmail.com','admin','601ff46e32cfc28211388850e15fc138',2),(169,'snt@dr.com','mosarg','7c481911bfb8a0e12f0b9877621d9b79',2),(205,'mosardff@cdc.com','mergoso','eb7159263440c8aef66b1a331993c046',2),(249,'sdsdn@cdcd.com','marconi','18ea125ec4a3ee0f20d94dff4df041ca',2),(261,'dcd@ute.com','culolfi','5d985dc61756c3a06ed871d3d3da9bb1',2),(263,'enzo@enzo.com','enzo','fbc56b3b9e88afa10f584e6811b2ca1d',2);
/*!40000 ALTER TABLE `ezuser` ENABLE KEYS */;
UNLOCK TABLES;

--
-- Table structure for table `ezuser_accountkey`
--

DROP TABLE IF EXISTS `ezuser_accountkey`;
/*!40101 SET @saved_cs_client     = @@character_set_client */;
/*!40101 SET character_set_client = utf8 */;
CREATE TABLE `ezuser_accountkey` (
  `hash_key` varchar(32) NOT NULL DEFAULT '',
  `id` int(11) NOT NULL AUTO_INCREMENT,
  `time` int(11) NOT NULL DEFAULT '0',
  `user_id` int(11) NOT NULL DEFAULT '0',
  PRIMARY KEY (`id`),
  KEY `hash_key` (`hash_key`)
) ENGINE=InnoDB AUTO_INCREMENT=5 DEFAULT CHARSET=utf8;
/*!40101 SET character_set_client = @saved_cs_client */;

--
-- Dumping data for table `ezuser_accountkey`
--

LOCK TABLES `ezuser_accountkey` WRITE;
/*!40000 ALTER TABLE `ezuser_accountkey` DISABLE KEYS */;
INSERT INTO `ezuser_accountkey` VALUES ('8afc90138ecc06f4ccf601167f4e9546',1,1270652626,169),('55649ce7b7b075564168094fa525650a',2,1270746443,205),('d7b1d0c4584ae86b7b85a6a4c6014e4c',3,1270767027,249),('7ab4420fc226b5bd36c9ca8bc11369fc',4,1270798498,261);
/*!40000 ALTER TABLE `ezuser_accountkey` ENABLE KEYS */;
UNLOCK TABLES;

--
-- Table structure for table `ezuser_discountrule`
--

DROP TABLE IF EXISTS `ezuser_discountrule`;
/*!40101 SET @saved_cs_client     = @@character_set_client */;
/*!40101 SET character_set_client = utf8 */;
CREATE TABLE `ezuser_discountrule` (
  `contentobject_id` int(11) DEFAULT NULL,
  `discountrule_id` int(11) DEFAULT NULL,
  `id` int(11) NOT NULL AUTO_INCREMENT,
  `name` varchar(255) NOT NULL DEFAULT '',
  PRIMARY KEY (`id`)
) ENGINE=InnoDB DEFAULT CHARSET=utf8;
/*!40101 SET character_set_client = @saved_cs_client */;

--
-- Dumping data for table `ezuser_discountrule`
--

LOCK TABLES `ezuser_discountrule` WRITE;
/*!40000 ALTER TABLE `ezuser_discountrule` DISABLE KEYS */;
/*!40000 ALTER TABLE `ezuser_discountrule` ENABLE KEYS */;
UNLOCK TABLES;

--
-- Table structure for table `ezuser_role`
--

DROP TABLE IF EXISTS `ezuser_role`;
/*!40101 SET @saved_cs_client     = @@character_set_client */;
/*!40101 SET character_set_client = utf8 */;
CREATE TABLE `ezuser_role` (
  `contentobject_id` int(11) DEFAULT NULL,
  `id` int(11) NOT NULL AUTO_INCREMENT,
  `limit_identifier` varchar(255) DEFAULT '',
  `limit_value` varchar(255) DEFAULT '',
  `role_id` int(11) DEFAULT NULL,
  PRIMARY KEY (`id`),
  KEY `ezuser_role_contentobject_id` (`contentobject_id`),
  KEY `ezuser_role_role_id` (`role_id`)
) ENGINE=InnoDB AUTO_INCREMENT=42 DEFAULT CHARSET=utf8;
/*!40101 SET character_set_client = @saved_cs_client */;

--
-- Dumping data for table `ezuser_role`
--

LOCK TABLES `ezuser_role` WRITE;
/*!40000 ALTER TABLE `ezuser_role` DISABLE KEYS */;
INSERT INTO `ezuser_role` VALUES (12,25,'','',2),(11,28,'','',1),(42,31,'','',1),(13,32,'Subtree','/1/2/',3),(13,33,'Subtree','/1/43/',3),(11,34,'','',5),(58,35,'','',4),(58,36,'','',5),(58,37,'','',1),(13,38,'','',5),(262,39,'','',6),(262,40,'','',1),(262,41,'','',5);
/*!40000 ALTER TABLE `ezuser_role` ENABLE KEYS */;
UNLOCK TABLES;

--
-- Table structure for table `ezuser_setting`
--

DROP TABLE IF EXISTS `ezuser_setting`;
/*!40101 SET @saved_cs_client     = @@character_set_client */;
/*!40101 SET character_set_client = utf8 */;
CREATE TABLE `ezuser_setting` (
  `is_enabled` int(11) NOT NULL DEFAULT '0',
  `max_login` int(11) DEFAULT NULL,
  `user_id` int(11) NOT NULL DEFAULT '0',
  PRIMARY KEY (`user_id`)
) ENGINE=InnoDB DEFAULT CHARSET=utf8;
/*!40101 SET character_set_client = @saved_cs_client */;

--
-- Dumping data for table `ezuser_setting`
--

LOCK TABLES `ezuser_setting` WRITE;
/*!40000 ALTER TABLE `ezuser_setting` DISABLE KEYS */;
INSERT INTO `ezuser_setting` VALUES (1,1000,10),(1,10,14),(0,0,169),(0,0,205),(0,0,249),(0,0,261),(1,0,263);
/*!40000 ALTER TABLE `ezuser_setting` ENABLE KEYS */;
UNLOCK TABLES;

--
-- Table structure for table `ezuservisit`
--

DROP TABLE IF EXISTS `ezuservisit`;
/*!40101 SET @saved_cs_client     = @@character_set_client */;
/*!40101 SET character_set_client = utf8 */;
CREATE TABLE `ezuservisit` (
  `current_visit_timestamp` int(11) NOT NULL DEFAULT '0',
  `failed_login_attempts` int(11) NOT NULL DEFAULT '0',
  `last_visit_timestamp` int(11) NOT NULL DEFAULT '0',
  `login_count` int(11) NOT NULL DEFAULT '0',
  `user_id` int(11) NOT NULL DEFAULT '0',
  PRIMARY KEY (`user_id`),
  KEY `ezuservisit_co_visit_count` (`current_visit_timestamp`,`login_count`)
) ENGINE=InnoDB DEFAULT CHARSET=utf8;
/*!40101 SET character_set_client = @saved_cs_client */;

--
-- Dumping data for table `ezuservisit`
--

LOCK TABLES `ezuservisit` WRITE;
/*!40000 ALTER TABLE `ezuservisit` DISABLE KEYS */;
INSERT INTO `ezuservisit` VALUES (1271078586,0,1271078305,78,14),(1271072009,0,1271057509,15,263);
/*!40000 ALTER TABLE `ezuservisit` ENABLE KEYS */;
UNLOCK TABLES;

--
-- Table structure for table `ezvatrule`
--

DROP TABLE IF EXISTS `ezvatrule`;
/*!40101 SET @saved_cs_client     = @@character_set_client */;
/*!40101 SET character_set_client = utf8 */;
CREATE TABLE `ezvatrule` (
  `country_code` varchar(255) NOT NULL DEFAULT '',
  `id` int(11) NOT NULL AUTO_INCREMENT,
  `vat_type` int(11) NOT NULL DEFAULT '0',
  PRIMARY KEY (`id`)
) ENGINE=InnoDB DEFAULT CHARSET=utf8;
/*!40101 SET character_set_client = @saved_cs_client */;

--
-- Dumping data for table `ezvatrule`
--

LOCK TABLES `ezvatrule` WRITE;
/*!40000 ALTER TABLE `ezvatrule` DISABLE KEYS */;
/*!40000 ALTER TABLE `ezvatrule` ENABLE KEYS */;
UNLOCK TABLES;

--
-- Table structure for table `ezvatrule_product_category`
--

DROP TABLE IF EXISTS `ezvatrule_product_category`;
/*!40101 SET @saved_cs_client     = @@character_set_client */;
/*!40101 SET character_set_client = utf8 */;
CREATE TABLE `ezvatrule_product_category` (
  `product_category_id` int(11) NOT NULL DEFAULT '0',
  `vatrule_id` int(11) NOT NULL DEFAULT '0',
  PRIMARY KEY (`vatrule_id`,`product_category_id`)
) ENGINE=InnoDB DEFAULT CHARSET=utf8;
/*!40101 SET character_set_client = @saved_cs_client */;

--
-- Dumping data for table `ezvatrule_product_category`
--

LOCK TABLES `ezvatrule_product_category` WRITE;
/*!40000 ALTER TABLE `ezvatrule_product_category` DISABLE KEYS */;
/*!40000 ALTER TABLE `ezvatrule_product_category` ENABLE KEYS */;
UNLOCK TABLES;

--
-- Table structure for table `ezvattype`
--

DROP TABLE IF EXISTS `ezvattype`;
/*!40101 SET @saved_cs_client     = @@character_set_client */;
/*!40101 SET character_set_client = utf8 */;
CREATE TABLE `ezvattype` (
  `id` int(11) NOT NULL AUTO_INCREMENT,
  `name` varchar(255) NOT NULL DEFAULT '',
  `percentage` float DEFAULT NULL,
  PRIMARY KEY (`id`)
) ENGINE=InnoDB AUTO_INCREMENT=2 DEFAULT CHARSET=utf8;
/*!40101 SET character_set_client = @saved_cs_client */;

--
-- Dumping data for table `ezvattype`
--

LOCK TABLES `ezvattype` WRITE;
/*!40000 ALTER TABLE `ezvattype` DISABLE KEYS */;
INSERT INTO `ezvattype` VALUES (1,'Std',0);
/*!40000 ALTER TABLE `ezvattype` ENABLE KEYS */;
UNLOCK TABLES;

--
-- Table structure for table `ezview_counter`
--

DROP TABLE IF EXISTS `ezview_counter`;
/*!40101 SET @saved_cs_client     = @@character_set_client */;
/*!40101 SET character_set_client = utf8 */;
CREATE TABLE `ezview_counter` (
  `count` int(11) NOT NULL DEFAULT '0',
  `node_id` int(11) NOT NULL DEFAULT '0',
  PRIMARY KEY (`node_id`)
) ENGINE=InnoDB DEFAULT CHARSET=utf8;
/*!40101 SET character_set_client = @saved_cs_client */;

--
-- Dumping data for table `ezview_counter`
--

LOCK TABLES `ezview_counter` WRITE;
/*!40000 ALTER TABLE `ezview_counter` DISABLE KEYS */;
/*!40000 ALTER TABLE `ezview_counter` ENABLE KEYS */;
UNLOCK TABLES;

--
-- Table structure for table `ezwaituntildatevalue`
--

DROP TABLE IF EXISTS `ezwaituntildatevalue`;
/*!40101 SET @saved_cs_client     = @@character_set_client */;
/*!40101 SET character_set_client = utf8 */;
CREATE TABLE `ezwaituntildatevalue` (
  `contentclass_attribute_id` int(11) NOT NULL DEFAULT '0',
  `contentclass_id` int(11) NOT NULL DEFAULT '0',
  `id` int(11) NOT NULL AUTO_INCREMENT,
  `workflow_event_id` int(11) NOT NULL DEFAULT '0',
  `workflow_event_version` int(11) NOT NULL DEFAULT '0',
  PRIMARY KEY (`id`,`workflow_event_id`,`workflow_event_version`),
  KEY `ezwaituntildateevalue_wf_ev_id_wf_ver` (`workflow_event_id`,`workflow_event_version`)
) ENGINE=InnoDB DEFAULT CHARSET=utf8;
/*!40101 SET character_set_client = @saved_cs_client */;

--
-- Dumping data for table `ezwaituntildatevalue`
--

LOCK TABLES `ezwaituntildatevalue` WRITE;
/*!40000 ALTER TABLE `ezwaituntildatevalue` DISABLE KEYS */;
/*!40000 ALTER TABLE `ezwaituntildatevalue` ENABLE KEYS */;
UNLOCK TABLES;

--
-- Table structure for table `ezwishlist`
--

DROP TABLE IF EXISTS `ezwishlist`;
/*!40101 SET @saved_cs_client     = @@character_set_client */;
/*!40101 SET character_set_client = utf8 */;
CREATE TABLE `ezwishlist` (
  `id` int(11) NOT NULL AUTO_INCREMENT,
  `productcollection_id` int(11) NOT NULL DEFAULT '0',
  `user_id` int(11) NOT NULL DEFAULT '0',
  PRIMARY KEY (`id`)
) ENGINE=InnoDB DEFAULT CHARSET=utf8;
/*!40101 SET character_set_client = @saved_cs_client */;

--
-- Dumping data for table `ezwishlist`
--

LOCK TABLES `ezwishlist` WRITE;
/*!40000 ALTER TABLE `ezwishlist` DISABLE KEYS */;
/*!40000 ALTER TABLE `ezwishlist` ENABLE KEYS */;
UNLOCK TABLES;

--
-- Table structure for table `ezworkflow`
--

DROP TABLE IF EXISTS `ezworkflow`;
/*!40101 SET @saved_cs_client     = @@character_set_client */;
/*!40101 SET character_set_client = utf8 */;
CREATE TABLE `ezworkflow` (
  `created` int(11) NOT NULL DEFAULT '0',
  `creator_id` int(11) NOT NULL DEFAULT '0',
  `id` int(11) NOT NULL AUTO_INCREMENT,
  `is_enabled` int(11) NOT NULL DEFAULT '0',
  `modified` int(11) NOT NULL DEFAULT '0',
  `modifier_id` int(11) NOT NULL DEFAULT '0',
  `name` varchar(255) NOT NULL DEFAULT '',
  `version` int(11) NOT NULL DEFAULT '0',
  `workflow_type_string` varchar(50) NOT NULL DEFAULT '',
  PRIMARY KEY (`id`,`version`)
) ENGINE=InnoDB DEFAULT CHARSET=utf8;
/*!40101 SET character_set_client = @saved_cs_client */;

--
-- Dumping data for table `ezworkflow`
--

LOCK TABLES `ezworkflow` WRITE;
/*!40000 ALTER TABLE `ezworkflow` DISABLE KEYS */;
/*!40000 ALTER TABLE `ezworkflow` ENABLE KEYS */;
UNLOCK TABLES;

--
-- Table structure for table `ezworkflow_assign`
--

DROP TABLE IF EXISTS `ezworkflow_assign`;
/*!40101 SET @saved_cs_client     = @@character_set_client */;
/*!40101 SET character_set_client = utf8 */;
CREATE TABLE `ezworkflow_assign` (
  `access_type` int(11) NOT NULL DEFAULT '0',
  `as_tree` int(11) NOT NULL DEFAULT '0',
  `id` int(11) NOT NULL AUTO_INCREMENT,
  `node_id` int(11) NOT NULL DEFAULT '0',
  `workflow_id` int(11) NOT NULL DEFAULT '0',
  PRIMARY KEY (`id`)
) ENGINE=InnoDB DEFAULT CHARSET=utf8;
/*!40101 SET character_set_client = @saved_cs_client */;

--
-- Dumping data for table `ezworkflow_assign`
--

LOCK TABLES `ezworkflow_assign` WRITE;
/*!40000 ALTER TABLE `ezworkflow_assign` DISABLE KEYS */;
/*!40000 ALTER TABLE `ezworkflow_assign` ENABLE KEYS */;
UNLOCK TABLES;

--
-- Table structure for table `ezworkflow_event`
--

DROP TABLE IF EXISTS `ezworkflow_event`;
/*!40101 SET @saved_cs_client     = @@character_set_client */;
/*!40101 SET character_set_client = utf8 */;
CREATE TABLE `ezworkflow_event` (
  `data_int1` int(11) DEFAULT NULL,
  `data_int2` int(11) DEFAULT NULL,
  `data_int3` int(11) DEFAULT NULL,
  `data_int4` int(11) DEFAULT NULL,
  `data_text1` varchar(255) DEFAULT NULL,
  `data_text2` varchar(255) DEFAULT NULL,
  `data_text3` varchar(255) DEFAULT NULL,
  `data_text4` varchar(255) DEFAULT NULL,
  `data_text5` longtext,
  `description` varchar(50) NOT NULL DEFAULT '',
  `id` int(11) NOT NULL AUTO_INCREMENT,
  `placement` int(11) NOT NULL DEFAULT '0',
  `version` int(11) NOT NULL DEFAULT '0',
  `workflow_id` int(11) NOT NULL DEFAULT '0',
  `workflow_type_string` varchar(50) NOT NULL DEFAULT '',
  PRIMARY KEY (`id`,`version`),
  KEY `wid_version_placement` (`workflow_id`,`version`,`placement`)
) ENGINE=InnoDB DEFAULT CHARSET=utf8;
/*!40101 SET character_set_client = @saved_cs_client */;

--
-- Dumping data for table `ezworkflow_event`
--

LOCK TABLES `ezworkflow_event` WRITE;
/*!40000 ALTER TABLE `ezworkflow_event` DISABLE KEYS */;
/*!40000 ALTER TABLE `ezworkflow_event` ENABLE KEYS */;
UNLOCK TABLES;

--
-- Table structure for table `ezworkflow_group`
--

DROP TABLE IF EXISTS `ezworkflow_group`;
/*!40101 SET @saved_cs_client     = @@character_set_client */;
/*!40101 SET character_set_client = utf8 */;
CREATE TABLE `ezworkflow_group` (
  `created` int(11) NOT NULL DEFAULT '0',
  `creator_id` int(11) NOT NULL DEFAULT '0',
  `id` int(11) NOT NULL AUTO_INCREMENT,
  `modified` int(11) NOT NULL DEFAULT '0',
  `modifier_id` int(11) NOT NULL DEFAULT '0',
  `name` varchar(255) NOT NULL DEFAULT '',
  PRIMARY KEY (`id`)
) ENGINE=InnoDB AUTO_INCREMENT=2 DEFAULT CHARSET=utf8;
/*!40101 SET character_set_client = @saved_cs_client */;

--
-- Dumping data for table `ezworkflow_group`
--

LOCK TABLES `ezworkflow_group` WRITE;
/*!40000 ALTER TABLE `ezworkflow_group` DISABLE KEYS */;
INSERT INTO `ezworkflow_group` VALUES (1024392098,14,1,1024392098,14,'Standard');
/*!40000 ALTER TABLE `ezworkflow_group` ENABLE KEYS */;
UNLOCK TABLES;

--
-- Table structure for table `ezworkflow_group_link`
--

DROP TABLE IF EXISTS `ezworkflow_group_link`;
/*!40101 SET @saved_cs_client     = @@character_set_client */;
/*!40101 SET character_set_client = utf8 */;
CREATE TABLE `ezworkflow_group_link` (
  `group_id` int(11) NOT NULL DEFAULT '0',
  `group_name` varchar(255) DEFAULT NULL,
  `workflow_id` int(11) NOT NULL DEFAULT '0',
  `workflow_version` int(11) NOT NULL DEFAULT '0',
  PRIMARY KEY (`workflow_id`,`group_id`,`workflow_version`)
) ENGINE=InnoDB DEFAULT CHARSET=utf8;
/*!40101 SET character_set_client = @saved_cs_client */;

--
-- Dumping data for table `ezworkflow_group_link`
--

LOCK TABLES `ezworkflow_group_link` WRITE;
/*!40000 ALTER TABLE `ezworkflow_group_link` DISABLE KEYS */;
/*!40000 ALTER TABLE `ezworkflow_group_link` ENABLE KEYS */;
UNLOCK TABLES;

--
-- Table structure for table `ezworkflow_process`
--

DROP TABLE IF EXISTS `ezworkflow_process`;
/*!40101 SET @saved_cs_client     = @@character_set_client */;
/*!40101 SET character_set_client = utf8 */;
CREATE TABLE `ezworkflow_process` (
  `activation_date` int(11) DEFAULT NULL,
  `content_id` int(11) NOT NULL DEFAULT '0',
  `content_version` int(11) NOT NULL DEFAULT '0',
  `created` int(11) NOT NULL DEFAULT '0',
  `event_id` int(11) NOT NULL DEFAULT '0',
  `event_position` int(11) NOT NULL DEFAULT '0',
  `event_state` int(11) DEFAULT NULL,
  `event_status` int(11) NOT NULL DEFAULT '0',
  `id` int(11) NOT NULL AUTO_INCREMENT,
  `last_event_id` int(11) NOT NULL DEFAULT '0',
  `last_event_position` int(11) NOT NULL DEFAULT '0',
  `last_event_status` int(11) NOT NULL DEFAULT '0',
  `memento_key` varchar(32) DEFAULT NULL,
  `modified` int(11) NOT NULL DEFAULT '0',
  `node_id` int(11) NOT NULL DEFAULT '0',
  `parameters` longtext,
  `process_key` varchar(32) NOT NULL DEFAULT '',
  `session_key` varchar(32) NOT NULL DEFAULT '0',
  `status` int(11) DEFAULT NULL,
  `user_id` int(11) NOT NULL DEFAULT '0',
  `workflow_id` int(11) NOT NULL DEFAULT '0',
  PRIMARY KEY (`id`),
  KEY `ezworkflow_process_process_key` (`process_key`)
) ENGINE=InnoDB DEFAULT CHARSET=utf8;
/*!40101 SET character_set_client = @saved_cs_client */;

--
-- Dumping data for table `ezworkflow_process`
--

LOCK TABLES `ezworkflow_process` WRITE;
/*!40000 ALTER TABLE `ezworkflow_process` DISABLE KEYS */;
/*!40000 ALTER TABLE `ezworkflow_process` ENABLE KEYS */;
UNLOCK TABLES;
/*!40103 SET TIME_ZONE=@OLD_TIME_ZONE */;

/*!40101 SET SQL_MODE=@OLD_SQL_MODE */;
/*!40014 SET FOREIGN_KEY_CHECKS=@OLD_FOREIGN_KEY_CHECKS */;
/*!40014 SET UNIQUE_CHECKS=@OLD_UNIQUE_CHECKS */;
/*!40101 SET CHARACTER_SET_CLIENT=@OLD_CHARACTER_SET_CLIENT */;
/*!40101 SET CHARACTER_SET_RESULTS=@OLD_CHARACTER_SET_RESULTS */;
/*!40101 SET COLLATION_CONNECTION=@OLD_COLLATION_CONNECTION */;
/*!40111 SET SQL_NOTES=@OLD_SQL_NOTES */;

-- Dump completed on 2010-04-12 15:51:07
